from,to,type
jungenationalisten:4699,jn_th:1204,forward
jungenationalisten:4697,heimat2023:1551,forward
jungenationalisten:4696,schmidtkeswelt:2567,forward
jungenationalisten:4695,dortmundsrechte:4764,forward
jungenationalisten:4694,heimat2023:1541,forward
jungenationalisten:4690,jn_sachsen_anhalt:479,forward
jungenationalisten:4689,pcrecords:7528,forward
jungenationalisten:4685,niederlausitzinfo:1697,forward
jungenationalisten:4680,braunschweigverteidigen:172,forward
jungenationalisten:4679,jn_mup:29,forward
jungenationalisten:4669,widerstandinaktion:739,forward
jungenationalisten:4665,sturmzeichen:8181,forward
jungenationalisten:4664,jn_mup:24,forward
jungenationalisten:4663,jn_mup:23,forward
jungenationalisten:4661,widerstandinaktion:693,forward
jungenationalisten:4653,jn_mup:14,forward
jungenationalisten:4642,jn_th:1178,forward
jungenationalisten:4641,jnhessen:133,forward
jungenationalisten:4626,harzverteidigen:461,forward
jungenationalisten:4616,heimatsachsenanhalt:1027,forward
jungenationalisten:4609,hermanns_heide:338,forward
jungenationalisten:4602,widerstandinaktion:723,forward
jungenationalisten:4601,jn_mup:13,forward
jungenationalisten:4600,widerstandinaktion:721,forward
jungenationalisten:4597,unetenucleonacional:602,forward
jungenationalisten:4595,widerstandinaktion:719,forward
jungenationalisten:4593,jn_th:1171,forward
jungenationalisten:4592,jn_mup:6,forward
jungenationalisten:4591,sturmzeichen:7993,forward
jungenationalisten:4588,jn_th:1167,forward
jungenationalisten:4587,frontdienst:680,forward
jungenationalisten:4586,jn_westverband:249,forward
jungenationalisten:4585,jn_th:1165,forward
jungenationalisten:4584,athenscene:828,forward
jungenationalisten:4583,jn_th:1164,forward
jungenationalisten:4573,frontdienst:677,forward
jungenationalisten:4572,jn_th:1162,forward
jungenationalisten:4571,gegenstrom:409,forward
jungenationalisten:4570,heimat2023:1443,forward
jungenationalisten:4558,jn_th:1161,forward
jungenationalisten:4557,widerstandinaktion:697,forward
jungenationalisten:4556,frontdienst:675,forward
jungenationalisten:4554,harzverteidigen:415,forward
jungenationalisten:4552,widerstandinaktion:693,forward
jungenationalisten:4549,frontdienst:671,forward
jungenationalisten:4548,jn_th:1155,forward
jungenationalisten:4538,jn_westverband:211,forward
jungenationalisten:4537,frontdienst:668,forward
jungenationalisten:4533,rossmueller:2972,forward
jungenationalisten:4532,widerstandinaktion:684,forward
jungenationalisten:4531,jn_westverband:210,forward
jungenationalisten:4530,jn_th:1147,forward
jungenationalisten:4525,jn_sachsen_anhalt:411,forward
jungenationalisten:4524,wie_gesagt:153,forward
jungenationalisten:4523,jn_th:1144,forward
jungenationalisten:4521,jn_th:1121,forward
jungenationalisten:4517,jn_th:1138,forward
jungenationalisten:4515,frontdienst:658,forward
jungenationalisten:4514,dortmundsrechte:4708,forward
jungenationalisten:4509,widerstandinaktion:664,forward
jungenationalisten:4508,jn_th:1136,forward
jungenationalisten:4507,sicherheitshinweise:1428,forward
jungenationalisten:4486,widerstandinaktion:653,forward
jungenationalisten:4485,heimat2023:1377,forward
jungenationalisten:4484,dortmundsrechte:4707,forward
jungenationalisten:4483,widerstandinaktion:650,forward
jungenationalisten:4474,frontdienst:530,forward
jungenationalisten:4473,jn_th:1124,forward
jungenationalisten:4472,widerstandinaktion:648,forward
jungenationalisten:4468,jn_th:1121,forward
jungenationalisten:4467,widerstandinaktion:643,forward
jungenationalisten:4462,jn_sachsen_anhalt:379,forward
jungenationalisten:4461,heimatnrw:486,forward
jungenationalisten:4457,heimat2023:1340,forward
jungenationalisten:4448,widerstandinaktion:630,forward
jungenationalisten:4447,jn_westverband:190,forward
jungenationalisten:4446,jn_th:1115,forward
jungenationalisten:4445,jn_westverband:192,forward
jungenationalisten:4444,jn_th:1114,forward
jungenationalisten:4443,widerstandinaktion:626,forward
jungenationalisten:4442,frontdienst:645,forward
jungenationalisten:4439,dortmundsrechte:4664,forward
jungenationalisten:4438,heimat2023:1336,forward
jungenationalisten:4434,heimatnrw:460,forward
jungenationalisten:4433,jn_th:1107,forward
jungenationalisten:4432,sicherheitshinweise:1425,forward
jungenationalisten:4430,widerstandinaktion:622,forward
jungenationalisten:4428,frontdienst:642,forward
jungenationalisten:4426,dortmundsrechte:4652,forward
jungenationalisten:4405,braunschweigverteidigen:128,forward
jungenationalisten:4404,jungenationalisten:4403,reply
jungenationalisten:4403,jungenationalisten:4402,reply
jungenationalisten:4402,jungenationalisten:4374,forward
jungenationalisten:4397,jn_sachsen_anhalt:328,forward
jungenationalisten:4396,jnhessen:88,forward
jungenationalisten:4387,jn_sachsen_anhalt:333,forward
jungenationalisten:4377,frontdienst:639,forward
jungenationalisten:4372,jn_th:1077,forward
jn_th:1201,schmidtkeswelt:2567,forward
jn_th:1200,heimat2023:1544,forward
jn_th:1197,heimat_th:108,forward
jn_th:1190,sturmzeichen:8181,forward
jn_th:1176,jn_th:1164,forward
jn_th:1173,heimat_th:92,forward
jn_th:1170,jn_mup:5,forward
jn_th:1168,heimat2023:1460,forward
jn_th:1158,harzverteidigen:415,forward
jn_th:1156,jungenationalisten:4553,forward
jn_th:1154,heimat_th:77,forward
jn_th:1152,frontdienst:668,forward
jn_th:1149,heimat2023:1418,forward
jn_th:1148,frontdienst:662,forward
jn_th:1146,wie_gesagt:153,forward
jn_th:1143,gefangenenhilfe:1012,forward
jn_th:1142,jn_th:1121,forward
jn_th:1141,jungenationalisten:4520,forward
jn_th:1137,sicherheitshinweise:1428,forward
jn_th:1126,jungenationalisten:4496,forward
jn_th:1125,heimat_th:57,forward
jn_th:1123,jn_th:1107,forward
jn_th:1117,jn_sachsen_anhalt:379,forward
jn_th:1113,heimat2023:1345,forward
jn_th:1111,heimat_th:47,forward
jn_th:1109,deutscheswarenhaus:574,forward
jn_th:1108,deutscheswarenhaus:573,forward
jn_th:1106,heimat_th:43,forward
jn_th:1105,sicherheitshinweise:1425,forward
jn_th:1104,heimat_th:42,forward
jn_th:1103,jn_th:1084,forward
jn_th:1090,jungenationalisten:4406,forward
jn_th:1089,jungenationalisten:4404,forward
jn_th:1087,jungenationalisten:4403,forward
jn_th:1085,jungenationalisten:4374,forward
jn_th:1080,rossmueller:2821,forward
jn_th:1079,jungenationalisten:4374,forward
jn_th:1063,sicherheitshinweise:1417,forward
jn_th:1061,kdn2013:1676,forward
jn_th:1054,heimat_th:17,forward
jn_th:1042,heimat_th:8,forward
jn_th:1039,jn_th:1020,forward
jn_th:1036,heimat_th:3,forward
jn_th:1024,jn_th:1010,forward
jn_th:1012,jnhessen:53,forward
jn_th:997,widerstandinaktion:463,forward
jn_th:995,jn_th:930,forward
jn_th:950,derappell:52,forward
jn_th:947,wie_gesagt:144,forward
jn_th:931,gefangenenhilfe:885,forward
jn_th:928,frontdienst:518,forward
jn_th:909,gefangenenhilfe:821,link
heimat2023:1557,rossmueller:3094,forward
heimat2023:1556,aufgewachtonline:2272,forward
heimat2023:1554,widerstandinaktion:756,forward
heimat2023:1547,jnhessen:136,forward
heimat2023:1546,aufgewachtonline:2253,forward
heimat2023:1545,peterschreiber:3528,forward
heimat2023:1543,aufgewachtonline:2249,forward
heimat2023:1542,heimathessen:1571,forward
heimat2023:1540,deutschestimmemagazin:5731,forward
heimat2023:1538,freiesachsen:11611,forward
heimat2023:1537,aufgewachtonline:2239,forward
heimat2023:1529,deutschestimmemagazin:5721,forward
heimat2023:1525,deutschestimmemagazin:5718,forward
heimat2023:1523,deutschestimmemagazin:5715,forward
heimat2023:1522,aufgewachtonline:2231,forward
heimat2023:1515,widerstandinaktion:730,forward
heimat2023:1514,aufgewachtonline:2227,forward
heimat2023:1513,heimathessen:1546,forward
heimat2023:1509,aufgewachtonline:2223,forward
heimat2023:1505,freiesachsen:11553,forward
heimat2023:1491,rossmueller:3048,forward
heimat2023:1490,deutschestimmemagazin:5692,forward
heimat2023:1488,deutschestimmemagazin:5691,forward
heimat2023:1487,aufgewachtonline:2203,forward
heimat2023:1484,heimatsachsenanhalt:1019,forward
heimat2023:1481,heimat_th:92,forward
heimat2023:1478,peterschreiber:3458,forward
heimat2023:1475,aufgewachtonline:2186,forward
heimat2023:1470,sturmzeichen:7997,forward
heimat2023:1467,aufgewachtonline:2177,forward
heimat2023:1465,sturmzeichen:7993,forward
heimat2023:1464,deutschestimmemagazin:5671,forward
heimat2023:1463,deutschestimmemagazin:5671,forward
heimat2023:1462,deutschestimmemagazin:5671,forward
heimat2023:1461,benediktkaiser:2002,forward
heimat2023:1459,aufgewachtonline:2171,forward
heimat2023:1458,aufgewachtonline:2168,forward
heimat2023:1456,ein_prozent:3409,link
heimat2023:1456,aufgewachtonline:2164,forward
heimat2023:1454,heimathessen:1523,forward
heimat2023:1453,peterschreiber:3439,forward
heimat2023:1452,deutschestimmemagazin:5656,forward
heimat2023:1450,heimatsachsen:3178,forward
heimat2023:1448,rossmueller:3015,forward
heimat2023:1447,harzverteidigen:428,forward
heimat2023:1440,rossmueller:3005,forward
heimat2023:1436,deutschestimmemagazin:5637,forward
heimat2023:1433,michaelbrueck90:408,forward
heimat2023:1429,heimatsachsenanhalt:988,forward
heimat2023:1428,harzverteidigen:413,forward
heimat2023:1423,rossmueller:2970,forward
heimat2023:1422,schmidtkeswelt:2458,forward
heimat2023:1416,aufgewachtonline:2099,forward
heimat2023:1412,aufgewachtonline:2090,forward
heimat2023:1406,peterschreiber:3396,forward
heimat2023:1405,deutschestimmemagazin:5577,forward
heimat2023:1404,deutschestimmemagazin:5576,forward
heimat2023:1402,rossmueller:2940,forward
heimat2023:1401,jungenationalisten:4520,forward
heimat2023:1400,schmidtkeswelt:2443,forward
heimat2023:1386,widerstandinaktion:671,forward
heimat2023:1383,freiesachsenmeissen:1430,forward
heimat2023:1381,rossmueller:2929,forward
heimat2023:1375,widerstandinaktion:650,forward
heimat2023:1373,freiesachsenmeissen:1429,forward
heimat2023:1372,rossmueller:2914,forward
heimat2023:1369,freiesachsenmeissen:1427,forward
heimat2023:1367,aufgewachtonline:2041,forward
heimat2023:1364,deutschedd:4053,forward
heimat2023:1363,aufgewachtonline:2023,forward
heimat2023:1362,aufgewachtonline:2020,forward
heimat2023:1361,joergdornau:1606,link
heimat2023:1360,aufgewachtonline:2013,forward
heimat2023:1359,deutschestimmemagazin:5513,forward
heimat2023:1358,aufgewachtonline:2000,forward
heimat2023:1357,aufgewachtonline:1998,forward
heimat2023:1352,aufgewachtonline:1979,forward
heimat2023:1351,aufgewachtonline:1977,forward
heimat2023:1344,deutschestimmemagazin:5484,forward
heimat2023:1339,heimat_th:47,forward
heimat2023:1333,heimatnrw:458,forward
heimat2023:1321,jungenationalisten:4406,forward
heimat2023:1311,jungenationalisten:4416,forward
heimat2023:1304,rossmueller:2833,forward
heimat2023:1301,jungenationalisten:4374,forward
heimat2023:1298,peterschreiber:3313,forward
heimat2023:1296,peterschreiber:3312,forward
heimat2023:1293,clauscremernrw:1980,forward
heimat2023:1290,rossmueller:2821,forward
heimat2023:1279,widerstandinaktion:584,forward
heimat2023:1270,heimatnrw:427,forward
schmidtkeswelt:2559,freiesachsen:11615,forward
schmidtkeswelt:2552,freiesachsen:11604,forward
schmidtkeswelt:2551,ein_prozent:3417,forward
schmidtkeswelt:2550,ein_prozent:3416,forward
schmidtkeswelt:2534,freilichmagazin:13340,forward
schmidtkeswelt:2513,aufgewachtonline:2203,forward
schmidtkeswelt:2508,seitenwechsel:36,forward
schmidtkeswelt:2495,jungeuropa:3188,forward
schmidtkeswelt:2492,ein_prozent:3409,forward
schmidtkeswelt:2472,ein_prozent:3403,forward
schmidtkeswelt:2444,mayrhofer_raphael:196,forward
schmidtkeswelt:2426,ein_prozent:3393,forward
schmidtkeswelt:2382,balaclavagraphics:6507,forward
schmidtkeswelt:2362,ein_prozent:3371,forward
schmidtkeswelt:2357,ein_prozent:3370,forward
schmidtkeswelt:2353,jungeuropa:2989,forward
schmidtkeswelt:2352,gefangenenhilfe:958,forward
schmidtkeswelt:2345,ein_prozent:3364,forward
schmidtkeswelt:2336,hermannsland:2783,forward
schmidtkeswelt:2321,derdritteblickwinkel:4648,forward
schmidtkeswelt:2298,ein_prozent:3358,forward
schmidtkeswelt:2285,herrenzimmer:435,forward
schmidtkeswelt:2274,ein_prozent:3356,forward
dortmundsrechte:4777,dortmundsrechte:4774,link
dortmundsrechte:4777,dortmundsrechte:4640,link
dortmundsrechte:4769,dortmundsrechte:4746,link
dortmundsrechte:4742,harzverteidigen:437,forward
dortmundsrechte:4740,michaelbrueck90:408,link
dortmundsrechte:4740,michaelbrueck90:409,forward
dortmundsrechte:4739,harzverteidigen:421,forward
dortmundsrechte:4737,michaelbrueck90:408,forward
dortmundsrechte:4734,harzverteidigen:398,forward
dortmundsrechte:4731,jn_westverband:210,forward
dortmundsrechte:4728,wie_gesagt:153,forward
dortmundsrechte:4726,harzverteidigen:392,forward
dortmundsrechte:4725,wie_gesagt:152,forward
dortmundsrechte:4717,aufgewachtonline:2074,forward
dortmundsrechte:4716,michaelbrueck90:406,forward
dortmundsrechte:4710,michaelbrueck90:405,forward
dortmundsrechte:4709,aufgewachtonline:2068,forward
dortmundsrechte:4699,dortmundsrechte:4599,link
dortmundsrechte:4698,weichreitekanal:1033,forward
dortmundsrechte:4697,heimatnrw:486,forward
dortmundsrechte:4685,heimatnrw:475,forward
dortmundsrechte:4675,heimatnrw:473,forward
dortmundsrechte:4671,jn_westverband:192,forward
dortmundsrechte:4669,dortmundsrechte:4666,link
dortmundsrechte:4669,dortmundsrechte:4640,link
dortmundsrechte:4662,dortmundsrechte:4640,link
dortmundsrechte:4657,heimatnrw:460,forward
dortmundsrechte:4656,heimatnrw:458,forward
dortmundsrechte:4648,heimatnrw:450,forward
dortmundsrechte:4646,wie_gesagt:151,forward
dortmundsrechte:4644,clauscremernrw:1980,forward
dortmundsrechte:4643,wie_gesagt:149,forward
dortmundsrechte:4638,dortmundsrechte:4631,link
dortmundsrechte:4636,heimatnrw:431,forward
dortmundsrechte:4632,heimatnrw:427,forward
dortmundsrechte:4627,heimatnrw:417,forward
dortmundsrechte:4626,dortmundsrechte:4557,link
dortmundsrechte:4626,dortmundsrechte:4599,link
dortmundsrechte:4623,clauscremernrw:1961,forward
dortmundsrechte:4622,jn_westverband:108,forward
dortmundsrechte:4618,clauscremernrw:1959,forward
dortmundsrechte:4612,kdn2013:1672,forward
dortmundsrechte:4599,dortmundsrechte:4557,link
dortmundsrechte:4596,dortmundsrechte:4578,link
dortmundsrechte:4590,dortmundsrechte:4589,link
dortmundsrechte:4589,heimatnrw:400,forward
dortmundsrechte:4586,dortmundsrechte:4579,link
dortmundsrechte:4585,jndortmund:207,forward
dortmundsrechte:4581,heimatnrw:396,forward
dortmundsrechte:4579,dortmundsrechte:4576,link
dortmundsrechte:4578,dortmundsrechte:4576,link
dortmundsrechte:4570,jn_westverband:72,forward
dortmundsrechte:4568,heimatnrw:392,forward
dortmundsrechte:4566,harzverteidigen:295,forward
dortmundsrechte:4554,blickpunkttv:1293,forward
dortmundsrechte:4537,michaelbrueck90:400,forward
dortmundsrechte:4533,heimatnrw:382,forward
dortmundsrechte:4532,michaelbrueck90:399,forward
dortmundsrechte:4524,widerstandinaktion:463,forward
dortmundsrechte:4523,kdn2013:1636,forward
dortmundsrechte:4518,jn_westverband:15,forward
dortmundsrechte:4515,heimatnrw:365,forward
dortmundsrechte:4513,heimatnrw:358,forward
dortmundsrechte:4467,jn_westverband:8,forward
dortmundsrechte:4465,wie_gesagt:147,forward
dortmundsrechte:4462,wie_gesagt:145,forward
dortmundsrechte:4461,jn_westverband:6,forward
jn_sachsen_anhalt:484,aufgewachtonline:2272,forward
jn_sachsen_anhalt:483,jn_mup:38,forward
jn_sachsen_anhalt:482,heimat2023:1544,forward
jn_sachsen_anhalt:478,widerstandinaktion:750,forward
jn_sachsen_anhalt:477,braunschweigverteidigen:172,forward
jn_sachsen_anhalt:467,widerstandinaktion:739,forward
jn_sachsen_anhalt:454,heimatsachsenanhalt:1027,forward
jn_sachsen_anhalt:452,heimatsachsenanhalt:1019,forward
jn_sachsen_anhalt:448,heimatsachsenanhalt:1015,forward
jn_sachsen_anhalt:447,harzverteidigen:441,forward
jn_sachsen_anhalt:443,sturmzeichen:7997,forward
jn_sachsen_anhalt:442,jn_mup:5,forward
jn_sachsen_anhalt:441,sturmzeichen:7993,forward
jn_sachsen_anhalt:440,heimatsachsenanhalt:1013,forward
jn_sachsen_anhalt:439,harzverteidigen:437,forward
jn_sachsen_anhalt:438,jn_th:1167,forward
jn_sachsen_anhalt:437,frontdienst:680,forward
jn_sachsen_anhalt:429,jungenationalisten:4575,forward
jn_sachsen_anhalt:428,heimatsachsenanhalt:1005,forward
jn_sachsen_anhalt:427,harzverteidigen:421,forward
jn_sachsen_anhalt:426,heimatsachsenanhalt:999,forward
jn_sachsen_anhalt:425,heimatsachsenanhalt:998,forward
jn_sachsen_anhalt:423,harzverteidigen:415,forward
jn_sachsen_anhalt:422,heimatsachsenanhalt:988,forward
jn_sachsen_anhalt:421,jungenationalisten:4553,forward
jn_sachsen_anhalt:416,frontdienst:668,forward
jn_sachsen_anhalt:405,wie_gesagt:153,forward
jn_sachsen_anhalt:404,jn_th:1144,forward
jn_sachsen_anhalt:403,jungenationalisten:4520,forward
jn_sachsen_anhalt:400,jn_th:1138,forward
jn_sachsen_anhalt:398,frontdienst:658,forward
jn_sachsen_anhalt:388,jungenationalisten:4496,forward
jn_sachsen_anhalt:387,deutschedd:4079,forward
jn_sachsen_anhalt:386,heimat2023:1377,forward
jn_sachsen_anhalt:385,widerstandinaktion:648,forward
jn_sachsen_anhalt:375,dortmundsrechte:4687,forward
jn_sachsen_anhalt:374,gefangenenhilfe:989,forward
jn_sachsen_anhalt:373,heimat2023:1345,forward
jn_sachsen_anhalt:372,harzverteidigen:351,forward
jn_sachsen_anhalt:367,widerstandinaktion:622,forward
jn_sachsen_anhalt:357,irmhild_bossdorf:309,forward
jn_sachsen_anhalt:356,ijzerwake:263,forward
jn_sachsen_anhalt:346,jungenationalisten:4406,forward
jn_sachsen_anhalt:344,jungenationalisten:4404,forward
jn_sachsen_anhalt:342,jungenationalisten:4403,forward
jn_sachsen_anhalt:327,harzverteidigen:324,forward
jn_sachsen_anhalt:315,widerstandinaktion:564,forward
jn_sachsen_anhalt:314,ein_prozent:3370,forward
jn_sachsen_anhalt:311,deutschedd:3997,forward
jn_sachsen_anhalt:309,sicherheitshinweise:1414,forward
jn_sachsen_anhalt:302,dortmundsrechte:4562,forward
jn_sachsen_anhalt:297,dortmundsrechte:4557,forward
jn_sachsen_anhalt:295,jn_th:1031,forward
jn_sachsen_anhalt:291,heimatsachsenanhalt:902,forward
jn_sachsen_anhalt:289,wie_gesagt:148,forward
jn_sachsen_anhalt:286,kgxpr:14,forward
jn_sachsen_anhalt:271,harzverteidigen:258,forward
jn_sachsen_anhalt:270,deutschedd:3917,forward
jn_sachsen_anhalt:267,harzverteidigen:253,forward
jn_sachsen_anhalt:259,tanzfilmvorhaben:48,forward
jn_sachsen_anhalt:256,frontdienst:563,forward
jn_sachsen_anhalt:255,widerstandinaktion:463,forward
jn_sachsen_anhalt:254,stefantrautmanndl:814,forward
jn_sachsen_anhalt:253,jnhessen:48,forward
jn_sachsen_anhalt:248,jungetat:582,forward
jn_sachsen_anhalt:242,sicherheitshinweise:1394,forward
jn_sachsen_anhalt:241,frontdienst:555,forward
jn_sachsen_anhalt:222,jn_th:953,forward
jn_sachsen_anhalt:214,jn_th:924,forward
jn_sachsen_anhalt:200,heimatsachsenanhalt:841,forward
jn_sachsen_anhalt:199,braunschweigverteidigen:81,forward
jn_sachsen_anhalt:173,hermanns_heide:167,forward
jn_sachsen_anhalt:172,heimatsachsenanhalt:832,forward
heimatsachsenanhalt:1056,rossmueller:3094,forward
heimatsachsenanhalt:1055,aufgewachtonline:2272,forward
heimatsachsenanhalt:1054,heimatnrw:506,forward
heimatsachsenanhalt:1053,harzverteidigen:489,forward
heimatsachsenanhalt:1052,heimat2023:1544,forward
heimatsachsenanhalt:1051,harzverteidigen:487,forward
heimatsachsenanhalt:1050,freiesachsen:11615,forward
heimatsachsenanhalt:1049,freiesachsen:11611,forward
heimatsachsenanhalt:1046,jn_sachsen_anhalt:479,forward
heimatsachsenanhalt:1045,widerstandinaktion:750,forward
heimatsachsenanhalt:1044,heimat2023:1527,forward
heimatsachsenanhalt:1043,harzverteidigen:483,forward
heimatsachsenanhalt:1042,heimat2023:1526,forward
heimatsachsenanhalt:1041,heimat2023:1524,forward
heimatsachsenanhalt:1040,schmidtkeswelt:2532,forward
heimatsachsenanhalt:1026,harzverteidigen:459,forward
heimatsachsenanhalt:1022,freiesachsen:11553,forward
heimatsachsenanhalt:1020,deutschestimmemagazin:5691,forward
heimatsachsenanhalt:1014,harzverteidigen:441,forward
heimatsachsenanhalt:1012,ein_prozent:3409,forward
heimatsachsenanhalt:1010,heimat2023:1451,forward
heimatsachsenanhalt:1008,harzverteidigen:428,forward
heimatsachsenanhalt:1006,ein_prozent:3407,forward
heimatsachsenanhalt:1003,harzverteidigen:421,forward
heimatsachsenanhalt:994,deutschestimmemagazin:5637,forward
heimatsachsenanhalt:993,heimat2023:1435,forward
heimatsachsenanhalt:990,harzverteidigen:413,link
heimatsachsenanhalt:990,harzverteidigen:416,forward
heimatsachsenanhalt:989,harzverteidigen:415,forward
heimatsachsenanhalt:987,harzverteidigen:413,forward
heimatsachsenanhalt:984,jn_sachsen_anhalt:417,forward
heimatsachsenanhalt:982,harzverteidigen:396,forward
heimatsachsenanhalt:970,jungenationalisten:4496,forward
heimatsachsenanhalt:969,heimat2023:1377,forward
heimatsachsenanhalt:963,jn_sachsen_anhalt:379,forward
heimatsachsenanhalt:958,jn_sachsen_anhalt:378,forward
heimatsachsenanhalt:955,dortmundsrechte:4687,forward
heimatsachsenanhalt:954,heimat2023:1345,forward
heimatsachsenanhalt:953,harzverteidigen:351,forward
heimatsachsenanhalt:948,harzverteidigen:341,forward
heimatsachsenanhalt:938,jungenationalisten:4406,forward
heimatsachsenanhalt:937,jungenationalisten:4403,forward
heimatsachsenanhalt:927,jn_sachsen_anhalt:333,forward
heimatsachsenanhalt:922,jn_sachsen_anhalt:328,forward
heimatsachsenanhalt:921,harzverteidigen:324,forward
heimatsachsenanhalt:915,sicherheitshinweise:1414,forward
heimatsachsenanhalt:913,harzverteidigen:302,forward
heimatsachsenanhalt:910,harzverteidigen:301,forward
heimatsachsenanhalt:908,dortmundsrechte:4562,forward
heimatsachsenanhalt:903,dortmundsrechte:4557,forward
heimatsachsenanhalt:890,jn_sachsen_anhalt:278,forward
heimatsachsenanhalt:887,harzverteidigen:253,forward
heimatsachsenanhalt:884,jn_sachsen_anhalt:251,forward
heimatsachsenanhalt:879,jn_sachsen_anhalt:246,forward
heimatsachsenanhalt:875,sicherheitshinweise:1394,forward
heimatsachsenanhalt:870,harzverteidigen:226,forward
heimatsachsenanhalt:868,jn_sachsen_anhalt:240,forward
heimatsachsenanhalt:862,jn_sachsen_anhalt:223,forward
heimatsachsenanhalt:853,harzverteidigen:188,forward
heimatsachsenanhalt:851,harzverteidigen:186,forward
heimatsachsenanhalt:844,jn_th:924,forward
heimatsachsenanhalt:839,jn_sachsen_anhalt:196,forward
heimatsachsenanhalt:836,jn_sachsen_anhalt:192,forward
heimatsachsenanhalt:831,dresden_gedenken:288,forward
heimatsachsenanhalt:823,heimatsachsenanhalt:822,reply
heimatsachsenanhalt:802,frontdienst:458,forward
heimatsachsenanhalt:799,dresden_gedenken:238,forward
heimatsachsenanhalt:793,dresden_gedenken:236,forward
heimatsachsenanhalt:784,sicherheitshinweise:1359,forward
theresia_brand:61,balaclavagraphics:6825,forward
theresia_brand:60,pcrecords:7528,forward
theresia_brand:58,sturmzeichen:8205,forward
theresia_brand:52,sturmzeichen:8181,forward
theresia_brand:49,dortmundsrechte:4745,forward
theresia_brand:36,dortmundsrechte:4744,forward
theresia_brand:35,kdn2013:1710,forward
theresia_brand:33,sturmzeichen:8052,forward
theresia_brand:30,kdn2013:1705,forward
theresia_brand:25,sturmzeichen:7968,forward
theresia_brand:24,mayrhofer_raphael:219,forward
theresia_brand:23,kdn2013:1706,forward
theresia_brand:22,kdn2013:1701,forward
kdn2013:1729,sicherheitshinweise:1446,link
kdn2013:1726,pcrecords:7528,forward
kdn2013:1719,theresia_brand:51,forward
kdn2013:1712,theresia_brand:43,forward
kdn2013:1711,pcrecords:7496,forward
kdn2013:1707,pcrecords:7471,forward
kdn2013:1704,unetenucleonacional:574,forward
kdn2013:1693,schmierfink_streetart:198,forward
kdn2013:1690,king_of_the_streets:2892,forward
kdn2013:1685,inczebelalegionarius:370,forward
kdn2013:1682,dortmundsrechte:4619,forward
kdn2013:1680,dortmundsrechte:4616,forward
kdn2013:1671,wilhelmkachel:1327,forward
kdn2013:1666,pcrecords2:15,forward
kdn2013:1663,dortmundsrechte:4567,forward
kdn2013:1661,unvergessenehelden:5998,forward
kdn2013:1657,derdrittewegvogtland:922,forward
kdn2013:1617,hermanns_heide:201,forward
kdn2013:1614,gefangenenhilfe:885,forward
kdn2013:1573,dresden_gedenken:288,forward
kdn2013:1570,frankkraemer:2847,forward
kdn2013:1569,frankkraemer:2846,forward
kdn2013:1559,deutscheswarenhaus:511,link
kdn2013:1533,blklgnwear:732,forward
kdn2013:1515,blklgnwear:729,forward
kdn2013:1509,lebensart_survival:2283,forward
kdn2013:1501,blklgnwear:727,forward
kdn2013:1491,blklgnwear:723,link
kdn2013:1483,sicherheitshinweise:1337,link
kdn2013:1478,sicherheitshinweise:1332,link
kdn2013:1435,jndortmund:45,forward
pcrecords:7546,sicherheitshinweise:1446,forward
pcrecords:7545,balaclavagraphics:6825,forward
pcrecords:7542,eb_official:225,forward
pcrecords:7541,eb_official:226,forward
pcrecords:7539,balaclavagraphics:6817,forward
pcrecords:7536,kdn2013:1727,forward
pcrecords:7532,sturmzeichen:8223,forward
pcrecords:7531,sicherheitshinweise:1444,forward
pcrecords:7530,freiesachsen:11615,link
pcrecords:7530,sicherheitshinweise:1443,forward
pcrecords:7527,ein_prozent:3416,forward
pcrecords:7526,theresia_brand:56,forward
pcrecords:7525,schmidtkeswelt:2549,forward
pcrecords:7520,fsnrev:6882,forward
pcrecords:7519,freiesachsen:11583,forward
pcrecords:7515,sturmzeichen:8181,forward
pcrecords:7514,theresia_brand:51,forward
pcrecords:7512,schreiberklagtan:1092,forward
pcrecords:7511,heimat2023:1524,forward
pcrecords:7507,balaclavagraphics:6774,forward
pcrecords:7504,deutschedd:4157,forward
pcrecords:7498,theresia_brand:43,forward
pcrecords:7497,freilichmagazin:13318,forward
pcrecords:7494,kdn2013:1710,forward
pcrecords:7492,sturmzeichen:8052,forward
pcrecords:7491,schreiberklagtan:1087,forward
pcrecords:7490,michaelbrueck90:411,forward
pcrecords:7485,fsnrev:6841,forward
pcrecords:7481,sturmzeichen:8002,forward
pcrecords:7474,kdn2013:1705,forward
pcrecords:7473,freiesachsen_leisnig:454,forward
pcrecords:7465,fsnrev:6817,forward
pcrecords:7464,balaclavagraphics:6678,forward
pcrecords:7461,schreiberklagtan:1083,forward
pcrecords:7460,kdn2013:1706,forward
pcrecords:7457,sturmzeichen:7962,forward
pcrecords:7456,miesenews:13385,forward
pcrecords:7454,fsnrev:6806,forward
pcrecords:7453,ein_prozent:3405,forward
pcrecords:7449,balaclavagraphics:6667,forward
pcrecords:7448,ein_prozent:3404,forward
pcrecords:7446,fsnrev:6803,forward
pcrecords:7444,fsnrev:6801,forward
pcrecords:7440,kdn2013:1705,forward
pcrecords:7435,freiesachsen_leisnig:442,forward
pcrecords:7434,heimat2023:1425,forward
pcrecords:7433,ein_prozent:3402,forward
pcrecords:7430,gefangenenhilfe:1019,forward
pcrecords:7428,schmidtkeswelt:2462,forward
pcrecords:7424,balaclavagraphics:6626,forward
pcrecords:7417,jungeuropa:3133,forward
pcrecords:7404,sicherheitshinweise:1430,forward
pcrecords:7386,wie_gesagt:153,forward
pcrecords:7385,wie_gesagt:152,forward
eb_official:228,pcrecords:7528,forward
eb_official:215,eb_official:191,forward
frontdienst:684,pcrecords:7528,forward
frontdienst:676,widerstandinaktion:697,forward
frontdienst:667,heimat2023:1421,forward
frontdienst:648,frontdienst:530,forward
frontdienst:646,widerstandinaktion:626,forward
frontdienst:640,jungenationalisten:4374,forward
frontdienst:637,frontdienst:599,forward
frontdienst:632,widerstandinaktion:577,forward
frontdienst:621,widerstandinaktion:564,forward
frontdienst:619,frontdienst:514,forward
frontdienst:615,frontdienst:571,forward
frontdienst:610,frontdienst:502,forward
frontdienst:608,frontdienst:602,forward
frontdienst:607,frontdienst:379,forward
frontdienst:603,widerstandinaktion:521,forward
frontdienst:586,frontdienst:530,forward
frontdienst:573,frontdienst:492,forward
frontdienst:562,widerstandinaktion:463,forward
frontdienst:561,stefantrautmanndl:814,forward
frontdienst:543,braunschweigverteidigen:98,forward
frontdienst:474,stefantrautmanndl:724,forward
frontdienst:371,derappell:60,forward
frontdienst:370,derappell:12,link
frontdienst:370,derappell:13,link
frontdienst:370,derappell:15,link
frontdienst:370,derappell:18,link
frontdienst:370,derappell:19,link
frontdienst:370,derappell:22,link
frontdienst:370,derappell:25,link
frontdienst:370,derappell:26,link
frontdienst:370,derappell:27,link
frontdienst:370,derappell:28,link
frontdienst:370,derappell:29,link
frontdienst:370,derappell:30,link
frontdienst:370,derappell:31,link
frontdienst:370,derappell:33,link
frontdienst:370,derappell:34,link
frontdienst:370,derappell:35,link
frontdienst:370,derappell:36,link
frontdienst:370,derappell:37,link
frontdienst:370,derappell:38,link
frontdienst:370,derappell:39,link
frontdienst:370,derappell:41,link
frontdienst:370,derappell:42,link
frontdienst:370,derappell:43,link
frontdienst:370,derappell:46,link
frontdienst:370,derappell:47,link
frontdienst:370,derappell:49,link
frontdienst:370,derappell:50,link
frontdienst:370,derappell:51,link
frontdienst:370,derappell:52,link
frontdienst:370,derappell:55,link
frontdienst:370,derappell:57,forward
frontdienst:365,derappell:49,forward
fsnrev:6907,pcrecords:7528,forward
fsnrev:6903,balaclavagraphics:6825,forward
fsnrev:6901,balaclavagraphics:6817,forward
fsnrev:6894,schmidtkeswelt:2567,forward
fsnrev:6890,pcrecords:7528,forward
fsnrev:6874,balaclavagraphics:6774,forward
fsnrev:6873,balaclavagraphics:6773,forward
fsnrev:6867,balaclavagraphics:6771,forward
fsnrev:6852,balaclavagraphics:6715,forward
fsnrev:6846,schmidtkeswelt:2511,forward
fsnrev:6827,balaclavagraphics:6690,forward
fsnrev:6822,kgxpr:20,forward
fsnrev:6778,balaclavagraphics:6626,forward
fsnrev:6753,balaclavagraphics:6556,forward
fsnrev:6746,balaclavagraphics:6552,forward
fsnrev:6726,balaclavagraphics:6539,forward
fsnrev:6668,wie_gesagt:151,forward
fsnrev:6622,kdn2013:1678,forward
balaclavagraphics:6827,pcrecords:7528,forward
balaclavagraphics:6811,schmidtkeswelt:2562,forward
balaclavagraphics:6809,sicherheitshinweise:1444,forward
balaclavagraphics:6795,pcrecords:7528,forward
balaclavagraphics:6792,fsnrev:6882,forward
balaclavagraphics:6776,theresia_brand:51,forward
balaclavagraphics:6741,pcrecords:7495,forward
balaclavagraphics:6708,fsnrev:6841,forward
balaclavagraphics:6702,sturmzeichen:8002,forward
balaclavagraphics:6700,michaelbrueck90:410,forward
balaclavagraphics:6700,sturmzeichen:7993,link
balaclavagraphics:6689,kdn2013:1705,forward
balaclavagraphics:6685,pcrecords:7467,forward
balaclavagraphics:6679,fsnrev:6817,forward
balaclavagraphics:6676,pcrecords:7463,forward
balaclavagraphics:6675,schreiberklagtan:1083,forward
balaclavagraphics:6674,mayrhofer_raphael:219,forward
balaclavagraphics:6673,sturmzeichen:7962,forward
balaclavagraphics:6672,fsnrev:6806,forward
balaclavagraphics:6666,fsnrev:6803,forward
balaclavagraphics:6665,pcrecords:7445,forward
balaclavagraphics:6664,fsnrev:6801,forward
balaclavagraphics:6663,pcrecords:7442,forward
balaclavagraphics:6660,kdn2013:1705,forward
balaclavagraphics:6628,sicherheitshinweise:1432,forward
balaclavagraphics:6624,freie_mittelsachsen:3985,link
balaclavagraphics:6624,freiesachsen_leisnig:436,forward
balaclavagraphics:6623,sicherheitshinweise:1430,forward
balaclavagraphics:6612,wie_gesagt:152,forward
balaclavagraphics:6610,kdn2013:1701,forward
balaclavagraphics:6608,gefangenenhilfe:1012,forward
balaclavagraphics:6603,rockhate:11916,forward
balaclavagraphics:6583,sicherheitshinweise:1428,forward
balaclavagraphics:6580,schmidtkeswelt:2438,forward
balaclavagraphics:6554,pcrecords2:24,forward
balaclavagraphics:6551,joergdornau:1606,link
balaclavagraphics:6546,aufgewachtonline:1998,forward
balaclavagraphics:6538,kdn2013:1691,forward
niederlausitzinfo:1659,deutschestimmemagazin:5671,forward
niederlausitzinfo:1658,heimat2023:1446,forward
niederlausitzinfo:1656,unvergessenehelden:6207,forward
niederlausitzinfo:1639,frontdienst:678,forward
niederlausitzinfo:1547,jungenationalisten:4553,forward
niederlausitzinfo:1541,niederlausitzinfo:1539,forward
niederlausitzinfo:1538,frontdienst:668,forward
niederlausitzinfo:1537,niederlausitzinfo:1488,forward
niederlausitzinfo:1536,heimat2023:1421,forward
niederlausitzinfo:1535,niederlausitzinfo:1505,forward
niederlausitzinfo:1534,niederlausitzinfo:1488,forward
niederlausitzinfo:1516,jungenationalisten:4496,forward
niederlausitzinfo:1515,niederlausitzinfo:1488,forward
niederlausitzinfo:1501,stefantrautmanndl:898,forward
niederlausitzinfo:1500,heimat2023:1370,forward
niederlausitzinfo:1487,heimat2023:1345,forward
niederlausitzinfo:1485,widerstandinaktion:626,forward
niederlausitzinfo:1482,balaclavagraphics:6524,forward
niederlausitzinfo:1480,frontdienst:642,forward
niederlausitzinfo:1470,jungenationalisten:4406,forward
niederlausitzinfo:1458,widerstandinaktion:588,forward
niederlausitzinfo:1457,jn_sachsen_anhalt:326,forward
niederlausitzinfo:1455,widerstandinaktion:577,forward
niederlausitzinfo:1444,widerstandinaktion:564,forward
niederlausitzinfo:1441,jn_th:1066,forward
niederlausitzinfo:1438,widerstandinaktion:544,forward
niederlausitzinfo:1434,schreiberklagtan:1021,forward
niederlausitzinfo:1433,schreiberklagtan:1012,forward
niederlausitzinfo:1432,sicherheitshinweise:1404,forward
braunschweigverteidigen:176,braunschweigverteidigen:175,reply
braunschweigverteidigen:171,jnhessen:133,forward
braunschweigverteidigen:163,harzverteidigen:461,forward
braunschweigverteidigen:156,hermanns_heide:338,forward
braunschweigverteidigen:155,harzverteidigen:441,forward
braunschweigverteidigen:151,mayrhofer_raphael:219,forward
braunschweigverteidigen:150,braunschweigverteidigen:149,reply
braunschweigverteidigen:149,harzverteidigen:421,forward
braunschweigverteidigen:148,harzverteidigen:415,forward
braunschweigverteidigen:147,jungenationalisten:4553,forward
braunschweigverteidigen:146,prototelegram:1844,forward
braunschweigverteidigen:144,deutschedd:4084,forward
braunschweigverteidigen:142,braunschweigverteidigen:141,reply
braunschweigverteidigen:141,harzverteidigen:377,forward
braunschweigverteidigen:131,jungenationalisten:4496,forward
braunschweigverteidigen:129,jungenationalisten:4470,forward
braunschweigverteidigen:127,michaelbrueck90:403,forward
braunschweigverteidigen:126,jungenationalisten:4404,forward
braunschweigverteidigen:125,jungenationalisten:4403,forward
braunschweigverteidigen:124,jungenationalisten:4374,forward
braunschweigverteidigen:123,harzverteidigen:329,forward
braunschweigverteidigen:122,sicherheitshinweise:1417,forward
braunschweigverteidigen:94,braunschweigverteidigen:93,reply
braunschweigverteidigen:83,jn_sachsen_anhalt:196,forward
braunschweigverteidigen:68,lebensart_survival:2413,forward
braunschweigverteidigen:54,hermanns_heide:161,forward
jn_mup:35,schmidtkeswelt:2567,forward
jn_mup:34,heimat2023:1544,forward
jn_mup:25,sturmzeichen:8181,forward
widerstandinaktion:757,stefantrautmanndl:974,forward
widerstandinaktion:755,heimat2023:1551,forward
widerstandinaktion:754,frontdienst:686,forward
widerstandinaktion:751,stefantrautmanndl:971,forward
widerstandinaktion:749,freiesachsen:11605,forward
widerstandinaktion:738,widerstandinaktion:693,forward
widerstandinaktion:720,freie_mittelsachsen:4030,forward
widerstandinaktion:718,freie_mittelsachsen:4027,forward
widerstandinaktion:717,freie_mittelsachsen:4026,forward
widerstandinaktion:715,stefantrautmanndl:948,forward
widerstandinaktion:714,stefantrautmanndl:947,forward
widerstandinaktion:709,frontdienst:680,forward
widerstandinaktion:700,jungenationalisten:4575,forward
widerstandinaktion:698,freie_mittelsachsen:4008,forward
widerstandinaktion:696,stefantrautmanndl:940,forward
widerstandinaktion:695,gefangenenhilfe:1019,forward
widerstandinaktion:694,jungenationalisten:4553,forward
widerstandinaktion:689,frontdienst:671,forward
widerstandinaktion:688,freie_mittelsachsen:3991,forward
widerstandinaktion:687,schreiberklagtan:1074,forward
widerstandinaktion:686,frontdienst:668,forward
widerstandinaktion:685,stefantrautmanndl:935,forward
widerstandinaktion:680,stefantrautmanndl:930,forward
widerstandinaktion:679,gefangenenhilfe:1012,forward
widerstandinaktion:678,stefantrautmanndl:929,forward
widerstandinaktion:669,heimat2023:1384,forward
widerstandinaktion:663,frontdienst:658,forward
widerstandinaktion:652,stefantrautmanndl:904,forward
widerstandinaktion:651,stefantrautmanndl:903,forward
widerstandinaktion:640,stefantrautmanndl:892,forward
widerstandinaktion:628,stefantrautmanndl:889,forward
widerstandinaktion:612,jungenationalisten:4416,forward
widerstandinaktion:602,jungenationalisten:4406,forward
widerstandinaktion:575,stefantrautmanndl:868,forward
widerstandinaktion:563,sicherheitshinweise:1418,forward
widerstandinaktion:545,stefantrautmanndl:858,forward
widerstandinaktion:541,schreiberklagtan:1012,forward
widerstandinaktion:536,stefantrautmanndl:853,forward
widerstandinaktion:528,stefantrautmanndl:845,forward
widerstandinaktion:527,stefantrautmanndl:844,forward
widerstandinaktion:499,stefantrautmanndl:838,forward
widerstandinaktion:497,michaelbrueck90:399,forward
widerstandinaktion:490,elblandrevolte:135,forward
widerstandinaktion:467,stefantrautmanndl:816,forward
widerstandinaktion:465,frontdienst:568,forward
widerstandinaktion:462,stefantrautmanndl:814,forward
widerstandinaktion:461,frontdienst:560,forward
widerstandinaktion:460,stefantrautmanndl:812,forward
widerstandinaktion:458,stefantrautmanndl:808,forward
widerstandinaktion:456,stefantrautmanndl:807,forward
sturmzeichen:8245,auf1tv:16931,forward
sturmzeichen:8243,aufgewachtonline:2272,forward
sturmzeichen:8227,heimat2023:1544,forward
sturmzeichen:8226,schmidtkeswelt:2562,forward
sturmzeichen:8219,aufgewachtonline:2246,forward
sturmzeichen:8217,freiesachsen:11615,forward
sturmzeichen:8215,aufgewachtonline:2243,forward
sturmzeichen:8208,sicherheitshinweise:1441,forward
sturmzeichen:8206,freiesachsen:11605,forward
sturmzeichen:8191,martinsellnerib:25329,forward
sturmzeichen:8189,schmidtkeswelt:2540,forward
sturmzeichen:8172,heimat2023:1524,forward
sturmzeichen:8169,schmidtkeswelt:2532,forward
sturmzeichen:8168,freiesachsen:11571,forward
sturmzeichen:8160,dortmundsrechte:4758,forward
sturmzeichen:8143,widerstandinaktion:730,forward
sturmzeichen:8141,heimathessen:1546,forward
sturmzeichen:8130,heimatsachsenanhalt:1027,forward
sturmzeichen:8128,balaclavagraphics:6771,forward
sturmzeichen:8114,harzverteidigen:461,forward
sturmzeichen:8107,widerstandinaktion:723,forward
sturmzeichen:8106,schmidtkeswelt:2522,forward
sturmzeichen:8105,dortmundsrechte:4755,forward
sturmzeichen:8099,dortmundsrechte:4749,forward
sturmzeichen:8092,hermanns_heide:338,forward
sturmzeichen:8091,dortmundsrechte:4748,forward
sturmzeichen:8089,dortmundsrechte:4746,forward
sturmzeichen:8088,balaclavagraphics:6764,forward
sturmzeichen:8078,jn_mup:13,forward
sturmzeichen:8069,heimat2023:1492,forward
sturmzeichen:8063,theresia_brand:43,forward
sturmzeichen:8062,derdritteblickwinkel:4710,forward
sturmzeichen:8059,schmidtkeswelt:2516,forward
sturmzeichen:8055,sicherheitshinweise:1439,forward
sturmzeichen:8054,ein_prozent:3414,forward
sturmzeichen:8051,widerstandinaktion:721,forward
sturmzeichen:8045,pcrecords:7487,forward
sturmzeichen:8044,mayrhofer_raphael:230,forward
sturmzeichen:8040,schmidtkeswelt:2511,forward
sturmzeichen:8038,schmidtkeswelt:2510,forward
sturmzeichen:8035,miesenews:13487,forward
sturmzeichen:8029,balaclavagraphics:6706,forward
sturmzeichen:8028,harzverteidigen:444,forward
sturmzeichen:8027,schmidtkeswelt:2506,forward
sturmzeichen:8017,heimat2023:1479,forward
sturmzeichen:8012,aufgewachtonline:2186,forward
sturmzeichen:8006,deutschedd:4146,forward
sturmzeichen:8005,balaclavagraphics:6703,forward
sturmzeichen:8003,schmidtkeswelt:2502,forward
sturmzeichen:8001,mayrhofer_raphael:224,forward
sturmzeichen:7995,michaelbrueck90:410,forward
sturmzeichen:7995,sturmzeichen:7993,link
sturmzeichen:7987,kdn2013:1705,forward
sturmzeichen:7986,dortmundsrechte:4743,forward
sturmzeichen:7983,ein_prozent:3409,forward
sturmzeichen:7980,deutschedd:4131,forward
sturmzeichen:7966,mayrhofer_raphael:219,forward
dieheimatmv:157,jn_mup:9,forward
dieheimatmv:156,widerstandinaktion:721,forward
dieheimatmv:139,michaelbrueck90:274,forward
jnhessen:141,aufgewachtonline:2272,forward
jnhessen:135,heimathessen:1572,forward
jnhessen:125,heimathessen:1540,forward
jnhessen:124,heimathessen:1538,forward
jnhessen:123,heimathessen:1536,forward
jnhessen:122,michaelbrueck90:410,forward
jnhessen:122,sturmzeichen:7993,link
jnhessen:120,frontdienst:680,forward
jnhessen:118,heimathessen:1523,forward
jnhessen:117,jn_th:1161,forward
jnhessen:116,jungenationalisten:4553,forward
jnhessen:115,heimat2023:1418,forward
jnhessen:114,jungenationalisten:4520,forward
jnhessen:112,frontdienst:658,forward
jnhessen:111,jn_th:1136,forward
jnhessen:101,jungenationalisten:4496,forward
jnhessen:100,heimathessen:1475,forward
jnhessen:96,heimathessen:1442,forward
jnhessen:95,heimathessen:1436,forward
jnhessen:94,deutscheswarenhaus:574,forward
jnhessen:93,heimat2023:1336,forward
jnhessen:92,heimathessen:1413,forward
jnhessen:91,frontdienst:639,forward
jnhessen:89,widerstandinaktion:585,forward
jnhessen:85,heimathessen:1382,forward
jnhessen:82,heimathessen:1375,forward
jnhessen:75,heimathessen:1352,forward
jnhessen:69,heimathessen:1325,forward
jnhessen:64,heimathessen:1311,forward
jnhessen:62,kgxpr:14,forward
jnhessen:61,heimathessen:1307,forward
jnhessen:57,frontdienst:599,forward
jnhessen:51,frontdienst:563,forward
jnhessen:50,widerstandinaktion:463,forward
jnhessen:49,stefantrautmanndl:814,forward
jnhessen:44,jn_westverband:15,forward
jnhessen:33,widerstandinaktion:446,forward
jnhessen:32,jn_th:965,forward
jnhessen:5,frontdienst:434,forward
harzverteidigen:486,sicherheitshinweise:1441,forward
harzverteidigen:484,braunschweigverteidigen:172,forward
harzverteidigen:481,schmidtkeswelt:2532,forward
harzverteidigen:471,heimatsachsenanhalt:1027,forward
harzverteidigen:458,dortmundsrechte:4745,forward
harzverteidigen:454,sturmzeichen:8050,forward
harzverteidigen:449,schmidtkeswelt:2506,forward
harzverteidigen:443,weichreitekanal:1119,forward
harzverteidigen:440,sturmzeichen:8002,forward
harzverteidigen:439,michaelbrueck90:410,forward
harzverteidigen:439,sturmzeichen:7993,link
harzverteidigen:436,ein_prozent:3409,forward
harzverteidigen:435,sicherheitshinweise:1438,forward
harzverteidigen:430,harzverteidigen:428,link
harzverteidigen:429,ein_prozent:3407,forward
harzverteidigen:422,mayrhofer_raphael:219,forward
harzverteidigen:419,wilhelmkachel:1408,forward
harzverteidigen:416,harzverteidigen:413,link
harzverteidigen:399,clauscremernrw:2036,forward
harzverteidigen:393,wie_gesagt:153,forward
harzverteidigen:386,dortmundsrechte:4719,forward
harzverteidigen:378,schmidtkeswelt:2440,forward
harzverteidigen:375,sicherheitshinweise:1428,forward
harzverteidigen:373,braunschweigverteidigen:130,forward
harzverteidigen:350,deutscheswarenhaus:572,forward
harzverteidigen:333,michaelbrueck90:403,forward
harzverteidigen:330,jungenationalisten:4403,forward
harzverteidigen:327,wie_gesagt:151,forward
harzverteidigen:322,widerstandinaktion:598,forward
harzverteidigen:315,ein_prozent:3371,forward
harzverteidigen:309,gefangenenhilfe:958,forward
harzverteidigen:308,sicherheitshinweise:1417,forward
harzverteidigen:304,kdn2013:1672,forward
harzverteidigen:294,dortmundsrechte:4564,forward
harzverteidigen:284,weichreitekanal:972,forward
harzverteidigen:277,dortmundsrechte:4546,forward
harzverteidigen:274,wie_gesagt:148,forward
harzverteidigen:267,dortmundsrechte:4531,forward
harzverteidigen:248,ein_prozent:3341,forward
harzverteidigen:239,michaelbrueck90:396,forward
harzverteidigen:236,jungetat:582,forward
harzverteidigen:223,wie_gesagt:147,forward
harzverteidigen:222,michaelbrueck90:394,forward
harzverteidigen:203,hermanns_heide:201,forward
harzverteidigen:201,sicherheitshinweise:1389,forward
hermanns_heide:360,sicherheitshinweise:1441,forward
hermanns_heide:359,braunschweigverteidigen:172,forward
hermanns_heide:351,harzverteidigen:461,forward
hermanns_heide:345,dortmundsrechte:4749,forward
hermanns_heide:337,sturmzeichen:7993,forward
hermanns_heide:329,jungenationalisten:4575,forward
hermanns_heide:327,jungenationalisten:4553,forward
hermanns_heide:326,jungenationalisten:4520,forward
hermanns_heide:325,jn_th:1136,forward
hermanns_heide:315,jungenationalisten:4496,forward
hermanns_heide:314,heimat2023:1377,forward
hermanns_heide:304,jungenationalisten:4406,forward
hermanns_heide:303,jungenationalisten:4403,forward
hermanns_heide:294,jn_sachsen_anhalt:333,forward
hermanns_heide:293,dortmundsrechte:4640,forward
hermanns_heide:291,dortmundsrechte:4631,forward
hermanns_heide:281,widerstandinaktion:564,forward
hermanns_heide:280,widerstandinaktion:562,forward
hermanns_heide:275,heimatnrw:396,forward
hermanns_heide:272,braunschweigverteidigen:118,forward
hermanns_heide:269,clauscremernrw:1898,forward
hermanns_heide:267,jnhessen:56,forward
hermanns_heide:257,widerstandinaktion:480,forward
hermanns_heide:256,tanzfilmvorhaben:59,forward
hermanns_heide:256,tanzfilmvorhaben:59,link
hermanns_heide:248,tanzfilmvorhaben:48,forward
hermanns_heide:247,frontdienst:563,forward
hermanns_heide:245,widerstandinaktion:463,forward
hermanns_heide:244,stefantrautmanndl:814,forward
hermanns_heide:243,jn_sachsen_anhalt:251,forward
hermanns_heide:237,comitedu9mai:380,forward
hermanns_heide:235,frontdienst:555,forward
hermanns_heide:221,jn_westverband:4,forward
hermanns_heide:221,heimatnrw:347,link
hermanns_heide:217,jn_th:963,forward
hermanns_heide:214,jn_sachsen_anhalt:223,forward
hermanns_heide:198,heimatnrw:324,forward
hermanns_heide:195,braunschweigverteidigen:81,forward
hermanns_heide:190,frontdienst:488,forward
hermanns_heide:153,lukovmarch:75,forward
hermanns_heide:150,dresden_gedenken:270,link
hermanns_heide:149,sicherheitshinweise:1366,forward
hermanns_heide:130,frontdienst:471,forward
hermanns_heide:114,dresden_gedenken:261,forward
hermanns_heide:100,frontdienst:464,forward
hermanns_heide:99,frontdienst:461,forward
hermanns_heide:88,lebensart_survival:2335,forward
hermanns_heide:74,frontdienst:458,forward
freiesachsen:11637,aufgewachtonline:2270,forward
freiesachsen:11633,aufgewachtonline:2266,forward
freiesachsen:11629,freiesachsen:11565,link
freiesachsen:11626,aufgewachtonline:2262,forward
freiesachsen:11624,dresden_spaziert:1891,forward
freiesachsen:11623,freiesachsen:11610,link
freiesachsen:11616,aufgewachtonline:2239,forward
freiesachsen:11609,aufgewachtonline:2237,forward
freiesachsen:11594,mr_marcus_fuchs:3705,forward
freiesachsen:11562,freiesachsen_kreisleipzig:1499,forward
freiesachsen:11561,aufgewachtonline:2228,forward
unetenucleonacional:616,unetenucleonacional:615,reply
unetenucleonacional:527,unetenucleonacional:525,reply
unetenucleonacional:492,unetenucleonacional:490,forward
unetenucleonacional:353,unetenucleonacional:351,reply
jn_westverband:254,dortmundsrechte:4764,forward
jn_westverband:253,dortmundsrechte:4745,forward
jn_westverband:248,harzverteidigen:421,forward
jn_westverband:209,jungenationalisten:4520,forward
jn_westverband:197,jungenationalisten:4496,forward
jn_westverband:194,dortmundsrechte:4687,forward
jn_westverband:186,heimatnrw:466,forward
jn_westverband:185,dortmundsrechte:4640,link
jn_westverband:185,dortmundsrechte:4662,forward
jn_westverband:179,heimatnrw:458,forward
jn_westverband:158,dortmundsrechte:4652,forward
jn_westverband:155,harzverteidigen:341,forward
jn_westverband:145,jungenationalisten:4406,forward
jn_westverband:137,heimatnrw:446,forward
jn_westverband:134,rossmueller:2821,forward
jn_westverband:117,dortmundsrechte:4631,link
jn_westverband:117,dortmundsrechte:4638,forward
jn_westverband:115,heimatnrw:431,forward
jn_westverband:111,heimatnrw:427,forward
jn_westverband:103,heimatnrw:405,forward
jn_westverband:101,dortmundsrechte:4610,forward
jn_westverband:100,clauscremernrw:1936,forward
jn_westverband:98,dortmundsrechte:4591,forward
jn_westverband:82,dortmundsrechte:4576,forward
jn_westverband:81,jndortmund:207,forward
jn_westverband:33,heimatnrw:392,forward
jn_westverband:32,dortmundsrechte:4539,forward
jn_westverband:31,dortmundsrechte:4531,forward
jn_westverband:21,dortmundsrechte:4526,forward
jn_westverband:10,dortmundsrechte:4471,forward
jn_westverband:4,heimatnrw:347,link
athenscene:752,comitedu9mai:380,forward
athenscene:597,athenscene:580,forward
heimat_th:113,schmidtkeswelt:2567,forward
heimat_th:111,heimat2023:1544,forward
heimat_th:110,jn_th:1199,forward
heimat_th:107,heimat_th:71,forward
heimat_th:101,sturmzeichen:8181,forward
heimat_th:100,jn_th:1189,forward
heimat_th:97,jn_th:1164,forward
heimat_th:96,heimathessen:1540,forward
heimat_th:95,heimathessen:1538,forward
heimat_th:90,heimat2023:1460,forward
heimat_th:86,jn_th:1164,forward
heimat_th:85,jn_th:1162,forward
heimat_th:80,jn_th:1159,forward
heimat_th:79,harzverteidigen:415,forward
heimat_th:78,jn_th:1155,forward
heimat_th:75,heimat2023:1418,forward
heimat_th:74,jn_th:1147,forward
heimat_th:72,gefangenenhilfe:1012,forward
heimat_th:70,heimat_th:53,forward
heimat_th:69,jungenationalisten:4520,forward
heimat_th:58,jungenationalisten:4496,forward
heimat_th:55,jn_th:1107,forward
heimat_th:48,heimat2023:1345,forward
heimat_th:46,deutscheswarenhaus:574,forward
heimat_th:45,deutscheswarenhaus:573,forward
heimat_th:44,jn_th:1107,forward
heimat_th:41,heimat_th:37,forward
heimat_th:39,jn_th:1100,forward
heimat_th:33,rossmueller:2821,forward
heimat_th:32,jn_th:1077,forward
heimat_th:30,jn_th:1074,forward
heimat_th:25,jn_th:1068,forward
heimat_th:24,jn_th:1067,forward
heimat_th:13,jn_th:1050,forward
heimat_th:4,jn_th:1037,forward
jungenationalisten :4699,jn_th:1204,forward
jungenationalisten :4697,heimat2023:1551,forward
jungenationalisten :4696,schmidtkeswelt:2567,forward
jungenationalisten :4695,dortmundsrechte:4764,forward
jungenationalisten :4694,heimat2023:1541,forward
jungenationalisten :4690,jn_sachsen_anhalt:479,forward
jungenationalisten :4689,pcrecords:7528,forward
jungenationalisten :4685,niederlausitzinfo:1697,forward
jungenationalisten :4680,braunschweigverteidigen:172,forward
jungenationalisten :4679,jn_mup:29,forward
jungenationalisten :4669,widerstandinaktion:739,forward
jungenationalisten :4665,sturmzeichen:8181,forward
jungenationalisten :4664,jn_mup:24,forward
jungenationalisten :4663,jn_mup:23,forward
jungenationalisten :4661,widerstandinaktion:693,forward
jungenationalisten :4653,jn_mup:14,forward
jungenationalisten :4642,jn_th:1178,forward
jungenationalisten :4641,jnhessen:133,forward
jungenationalisten :4626,harzverteidigen:461,forward
jungenationalisten :4616,heimatsachsenanhalt:1027,forward
jungenationalisten :4609,hermanns_heide:338,forward
jungenationalisten :4602,widerstandinaktion:723,forward
jungenationalisten :4601,jn_mup:13,forward
jungenationalisten :4600,widerstandinaktion:721,forward
jungenationalisten :4597,unetenucleonacional:602,forward
jungenationalisten :4595,widerstandinaktion:719,forward
jungenationalisten :4593,jn_th:1171,forward
jungenationalisten :4592,jn_mup:6,forward
jungenationalisten :4591,sturmzeichen:7993,forward
jungenationalisten :4588,jn_th:1167,forward
jungenationalisten :4587,frontdienst:680,forward
jungenationalisten :4586,jn_westverband:249,forward
jungenationalisten :4585,jn_th:1165,forward
jungenationalisten :4584,athenscene:828,forward
jungenationalisten :4583,jn_th:1164,forward
jungenationalisten :4573,frontdienst:677,forward
jungenationalisten :4572,jn_th:1162,forward
jungenationalisten :4571,gegenstrom:409,forward
jungenationalisten :4570,heimat2023:1443,forward
jungenationalisten :4558,jn_th:1161,forward
jungenationalisten :4557,widerstandinaktion:697,forward
jungenationalisten :4556,frontdienst:675,forward
jungenationalisten :4554,harzverteidigen:415,forward
jungenationalisten :4552,widerstandinaktion:693,forward
jungenationalisten :4549,frontdienst:671,forward
jungenationalisten :4548,jn_th:1155,forward
jungenationalisten :4538,jn_westverband:211,forward
jungenationalisten :4537,frontdienst:668,forward
jungenationalisten :4533,rossmueller:2972,forward
jungenationalisten :4532,widerstandinaktion:684,forward
jungenationalisten :4531,jn_westverband:210,forward
jungenationalisten :4530,jn_th:1147,forward
jungenationalisten :4525,jn_sachsen_anhalt:411,forward
jungenationalisten :4524,wie_gesagt:153,forward
jungenationalisten :4523,jn_th:1144,forward
jungenationalisten :4521,jn_th:1121,forward
jungenationalisten :4517,jn_th:1138,forward
jungenationalisten :4515,frontdienst:658,forward
jungenationalisten :4514,dortmundsrechte:4708,forward
jungenationalisten :4509,widerstandinaktion:664,forward
jungenationalisten :4508,jn_th:1136,forward
jungenationalisten :4507,sicherheitshinweise:1428,forward
jungenationalisten :4486,widerstandinaktion:653,forward
jungenationalisten :4485,heimat2023:1377,forward
jungenationalisten :4484,dortmundsrechte:4707,forward
jungenationalisten :4483,widerstandinaktion:650,forward
jungenationalisten :4474,frontdienst:530,forward
jungenationalisten :4473,jn_th:1124,forward
jungenationalisten :4472,widerstandinaktion:648,forward
jungenationalisten :4468,jn_th:1121,forward
jungenationalisten :4467,widerstandinaktion:643,forward
jungenationalisten :4462,jn_sachsen_anhalt:379,forward
jungenationalisten :4461,heimatnrw:486,forward
jungenationalisten :4457,heimat2023:1340,forward
jungenationalisten :4448,widerstandinaktion:630,forward
jungenationalisten :4447,jn_westverband:190,forward
jungenationalisten :4446,jn_th:1115,forward
jungenationalisten :4445,jn_westverband:192,forward
jungenationalisten :4444,jn_th:1114,forward
jungenationalisten :4443,widerstandinaktion:626,forward
jungenationalisten :4442,frontdienst:645,forward
jungenationalisten :4439,dortmundsrechte:4664,forward
jungenationalisten :4438,heimat2023:1336,forward
jungenationalisten :4434,heimatnrw:460,forward
jungenationalisten :4433,jn_th:1107,forward
jungenationalisten :4432,sicherheitshinweise:1425,forward
jungenationalisten :4430,widerstandinaktion:622,forward
jungenationalisten :4428,frontdienst:642,forward
jungenationalisten :4426,dortmundsrechte:4652,forward
jungenationalisten :4405,braunschweigverteidigen:128,forward
jungenationalisten :4404,jungenationalisten :4403,reply
jungenationalisten :4403,jungenationalisten :4402,reply
jungenationalisten :4402,jungenationalisten:4374,forward
jungenationalisten :4397,jn_sachsen_anhalt:328,forward
jungenationalisten :4396,jnhessen:88,forward
jungenationalisten :4387,jn_sachsen_anhalt:333,forward
jungenationalisten :4377,frontdienst:639,forward
jungenationalisten :4372,jn_th:1077,forward
gegenstrom:419,derdritteblickwinkel:4712,forward
gegenstrom:370,derdritteblickwinkel:4468,forward
gegenstrom:369,gegenstrom:368,reply
widerstandinaktion :757,stefantrautmanndl:974,forward
widerstandinaktion :755,heimat2023:1551,forward
widerstandinaktion :754,frontdienst:686,forward
widerstandinaktion :751,stefantrautmanndl:971,forward
widerstandinaktion :749,freiesachsen:11605,forward
widerstandinaktion :738,widerstandinaktion:693,forward
widerstandinaktion :720,freie_mittelsachsen:4030,forward
widerstandinaktion :718,freie_mittelsachsen:4027,forward
widerstandinaktion :717,freie_mittelsachsen:4026,forward
widerstandinaktion :715,stefantrautmanndl:948,forward
widerstandinaktion :714,stefantrautmanndl:947,forward
widerstandinaktion :709,frontdienst:680,forward
widerstandinaktion :700,jungenationalisten:4575,forward
widerstandinaktion :698,freie_mittelsachsen:4008,forward
widerstandinaktion :696,stefantrautmanndl:940,forward
widerstandinaktion :695,gefangenenhilfe:1019,forward
widerstandinaktion :694,jungenationalisten:4553,forward
widerstandinaktion :689,frontdienst:671,forward
widerstandinaktion :688,freie_mittelsachsen:3991,forward
widerstandinaktion :687,schreiberklagtan:1074,forward
widerstandinaktion :686,frontdienst:668,forward
widerstandinaktion :685,stefantrautmanndl:935,forward
widerstandinaktion :680,stefantrautmanndl:930,forward
widerstandinaktion :679,gefangenenhilfe:1012,forward
widerstandinaktion :678,stefantrautmanndl:929,forward
widerstandinaktion :669,heimat2023:1384,forward
widerstandinaktion :663,frontdienst:658,forward
widerstandinaktion :652,stefantrautmanndl:904,forward
widerstandinaktion :651,stefantrautmanndl:903,forward
widerstandinaktion :640,stefantrautmanndl:892,forward
widerstandinaktion :628,stefantrautmanndl:889,forward
widerstandinaktion :612,jungenationalisten:4416,forward
widerstandinaktion :602,jungenationalisten:4406,forward
widerstandinaktion :575,stefantrautmanndl:868,forward
widerstandinaktion :563,sicherheitshinweise:1418,forward
widerstandinaktion :545,stefantrautmanndl:858,forward
widerstandinaktion :541,schreiberklagtan:1012,forward
widerstandinaktion :536,stefantrautmanndl:853,forward
widerstandinaktion :528,stefantrautmanndl:845,forward
widerstandinaktion :527,stefantrautmanndl:844,forward
widerstandinaktion :499,stefantrautmanndl:838,forward
widerstandinaktion :497,michaelbrueck90:399,forward
widerstandinaktion :490,elblandrevolte:135,forward
widerstandinaktion :467,stefantrautmanndl:816,forward
widerstandinaktion :465,frontdienst:568,forward
widerstandinaktion :462,stefantrautmanndl:814,forward
widerstandinaktion :461,frontdienst:560,forward
widerstandinaktion :460,stefantrautmanndl:812,forward
widerstandinaktion :458,stefantrautmanndl:808,forward
widerstandinaktion :456,stefantrautmanndl:807,forward
rossmueller:3095,aufgewachtonline:2278,forward
rossmueller:3084,martinsellnerib:25368,forward
rossmueller:3077,freiesachsen:11611,forward
rossmueller:3068,deutschestimmemagazin:5721,forward
rossmueller:3063,heimat2023:1526,forward
rossmueller:3043,heimat2023:1485,forward
rossmueller:3039,heimat2023:1480,forward
rossmueller:3035,aufgewachtonline:2175,forward
rossmueller:3029,ein_prozent:3409,link
rossmueller:3029,aufgewachtonline:2164,forward
rossmueller:3024,aufgewachtonline:2158,forward
rossmueller:3022,heimat2023:1451,forward
rossmueller:3003,heimat2023:1435,forward
rossmueller:2989,heimat2023:1426,forward
rossmueller:2958,heimat2023:1418,forward
rossmueller:2947,heimat2023:1415,forward
rossmueller:2926,mayrhofer_raphael:188,forward
rossmueller:2925,heimat2023:1380,forward
rossmueller:2912,heimat2023:1370,forward
rossmueller:2891,aufgewachtonline:1998,forward
rossmueller:2885,heimat2023:1353,forward
rossmueller:2875,aufgewachtonline:1969,forward
rossmueller:2869,heimat2023:1340,forward
rossmueller:2854,heimat2023:1334,forward
rossmueller:2829,heimat2023:1300,forward
rossmueller:2826,peterschreiber:3312,forward
wie_gesagt:139,dresden_gedenken:277,forward
wie_gesagt:120,kdn2013:1454,forward
sicherheitshinweise:1443,freiesachsen:11615,link
sicherheitshinweise:1380,gefangenenhilfe:861,link
sicherheitshinweise:1380,gefangenenhilfe:867,forward
sicherheitshinweise:1361,herrenzimmer:398,link
sicherheitshinweise:1358,sicherheitshinweise:1235,link
sicherheitshinweise:1353,sicherheitshinweise:1132,link
sicherheitshinweise:1301,sicherheitshinweise:1299,link
sicherheitshinweise:1301,sicherheitshinweise:1300,link
sicherheitshinweise:1268,sicherheitshinweise:1257,link
sicherheitshinweise:1253,sicherheitshinweise:1249,link
sicherheitshinweise:1188,sicherheitshinweise:1162,link
sicherheitshinweise:1188,sicherheitshinweise:1163,link
sicherheitshinweise:1188,sicherheitshinweise:1167,link
sicherheitshinweise:1181,sicherheitshinweise:1162,link
sicherheitshinweise:1181,sicherheitshinweise:1167,link
sicherheitshinweise:1181,sicherheitshinweise:1163,link
sicherheitshinweise:1172,sicherheitshinweise:1171,link
sicherheitshinweise:1169,sicherheitshinweise:1162,link
sicherheitshinweise:1169,sicherheitshinweise:1163,link
sicherheitshinweise:1169,sicherheitshinweise:1167,link
sicherheitshinweise:1165,sicherheitshinweise:1153,link
heimatnrw:507,jn_westverband:255,forward
heimatnrw:505,heimat2023:1551,forward
heimatnrw:503,clauscremernrw:2108,forward
heimatnrw:499,clauscremernrw:2092,forward
heimatnrw:498,jungenationalisten:4520,forward
heimatnrw:488,jungenationalisten:4496,forward
heimatnrw:487,aufgewachtonline:2041,forward
heimatnrw:477,dortmundsrechte:4687,forward
heimatnrw:474,jn_westverband:192,forward
heimatnrw:455,dortmundsrechte:4652,forward
heimatnrw:442,jn_westverband:130,forward
heimatnrw:423,jndortmund:228,forward
heimatnrw:421,jn_westverband:110,forward
heimatnrw:416,heimat2023:1258,forward
heimatnrw:414,clauscremernrw:1961,forward
heimatnrw:413,jn_westverband:108,forward
heimatnrw:411,clauscremernrw:1959,forward
heimatnrw:408,jn_westverband:105,forward
heimatnrw:389,dortmundsrechte:4564,forward
heimatnrw:375,widerstandinaktion:463,forward
heimatnrw:370,jn_westverband:15,forward
heimatnrw:349,jn_westverband:8,forward
heimatnrw:272,derdritteblickwinkel:4500,forward
heimatnrw:261,frontdienst:458,forward
heimatnrw:220,ein_prozent:3144,forward
heimatnrw:215,jndortmund:42,forward
deutschestimmemagazin:5754,aufgewachtonline:2281,forward
deutschestimmemagazin:5753,heimat2023:1567,forward
deutschestimmemagazin:5751,aufgewachtonline:2278,forward
deutschestimmemagazin:5750,rossmueller:3094,forward
deutschestimmemagazin:5749,freiesachsen:11647,forward
deutschestimmemagazin:5748,aufgewachtonline:2272,forward
deutschestimmemagazin:5746,dortmundsrechte:4774,forward
deutschestimmemagazin:5745,aufgewachtonline:2270,forward
deutschestimmemagazin:5744,aufgewachtonline:2266,forward
deutschestimmemagazin:5743,aufgewachtonline:2264,forward
deutschestimmemagazin:5740,aufgewachtonline:2259,forward
deutschestimmemagazin:5739,aufgewachtonline:2258,forward
deutschestimmemagazin:5738,aufgewachtonline:2257,forward
deutschestimmemagazin:5737,aufgewachtonline:2256,forward
deutschestimmemagazin:5736,aufgewachtonline:2253,forward
deutschestimmemagazin:5735,peterschreiber:3528,forward
deutschestimmemagazin:5734,aufgewachtonline:2249,forward
deutschestimmemagazin:5733,aufgewachtonline:2248,forward
deutschestimmemagazin:5732,aufgewachtonline:2246,forward
deutschestimmemagazin:5730,freiesachsen:11615,forward
deutschestimmemagazin:5729,heimat2023:1539,forward
deutschestimmemagazin:5727,aufgewachtonline:2240,forward
deutschestimmemagazin:5726,freiesachsen:11611,forward
deutschestimmemagazin:5725,aufgewachtonline:2239,forward
deutschestimmemagazin:5724,ein_prozent:3416,forward
deutschestimmemagazin:5723,aufgewachtonline:2235,forward
deutschestimmemagazin:5722,aufgewachtonline:2234,forward
deutschestimmemagazin:5719,heimat2023:1526,forward
deutschestimmemagazin:5716,aufgewachtonline:2232,forward
deutschestimmemagazin:5714,aufgewachtonline:2231,forward
deutschestimmemagazin:5713,aufgewachtonline:2227,forward
deutschestimmemagazin:5709,aufgewachtonline:2223,forward
deutschestimmemagazin:5705,freiesachsen:11553,forward
deutschestimmemagazin:5694,rossmueller:3048,forward
deutschestimmemagazin:5693,aufgewachtonline:2209,forward
deutschestimmemagazin:5689,aufgewachtonline:2202,forward
deutschestimmemagazin:5688,aufgewachtonline:2200,forward
deutschestimmemagazin:5686,heimat2023:1485,forward
deutschestimmemagazin:5685,aufgewachtonline:2196,forward
deutschestimmemagazin:5679,peterschreiber:3458,forward
deutschestimmemagazin:5676,aufgewachtonline:2186,forward
deutschestimmemagazin:5672,aufgewachtonline:2177,forward
deutschestimmemagazin:5670,heimat2023:1460,forward
deutschestimmemagazin:5669,aufgewachtonline:2172,forward
deutschestimmemagazin:5668,aufgewachtonline:2171,forward
deutschestimmemagazin:5667,aufgewachtonline:2168,forward
deutschestimmemagazin:5666,hartungstefan:801,forward
deutschestimmemagazin:5665,aufgewachtonline:2166,forward
deutschestimmemagazin:5664,aufgewachtonline:2165,forward
deutschestimmemagazin:5663,aufgewachtonline:2163,forward
deutschestimmemagazin:5661,aufgewachtonline:2162,forward
deutschestimmemagazin:5660,aufgewachtonline:2161,forward
deutschestimmemagazin:5659,peterschreiber:3439,forward
deutschestimmemagazin:5655,aufgewachtonline:2158,forward
deutschestimmemagazin:5654,aufgewachtonline:2158,forward
deutschestimmemagazin:5653,aufgewachtonline:2156,forward
deutschestimmemagazin:5652,aufgewachtonline:2155,forward
deutschestimmemagazin:5651,aufgewachtonline:2154,forward
deutschestimmemagazin:5650,aufgewachtonline:2153,forward
deutschestimmemagazin:5649,aufgewachtonline:2152,forward
deutschestimmemagazin:5647,rossmueller:3015,forward
deutschestimmemagazin:5646,aufgewachtonline:2151,forward
deutschestimmemagazin:5645,harzverteidigen:428,forward
deutschestimmemagazin:5643,rossmueller:3005,forward
deutschestimmemagazin:5642,aufgewachtonline:2148,forward
deutschestimmemagazin:5641,aufgewachtonline:2147,forward
deutschestimmemagazin:5636,aufgewachtonline:2146,forward
deutschestimmemagazin:5635,heimat2023:1435,forward
deutschestimmemagazin:5634,aufgewachtonline:2145,forward
deutschestimmemagazin:5632,aufgewachtonline:2143,forward
deutschestimmemagazin:5631,aufgewachtonline:2142,forward
deutschestimmemagazin:5629,michaelbrueck90:408,forward
deutschestimmemagazin:5625,aufgewachtonline:2136,forward
deutschestimmemagazin:5624,harzverteidigen:413,forward
deutschestimmemagazin:5623,heimat2023:1426,forward
deutschestimmemagazin:5622,aufgewachtonline:2133,forward
deutschestimmemagazin:5621,aufgewachtonline:2132,forward
deutschestimmemagazin:5620,aufgewachtonline:2131,forward
deutschestimmemagazin:5619,aufgewachtonline:2130,forward
deutschestimmemagazin:5618,aufgewachtonline:2129,forward
deutschestimmemagazin:5617,aufgewachtonline:2127,forward
deutschestimmemagazin:5615,rossmueller:2970,forward
deutschestimmemagazin:5614,aufgewachtonline:2126,forward
deutschestimmemagazin:5613,aufgewachtonline:2121,forward
deutschestimmemagazin:5612,aufgewachtonline:2119,forward
deutschestimmemagazin:5611,aufgewachtonline:2117,forward
deutschestimmemagazin:5610,aufgewachtonline:2116,forward
deutschestimmemagazin:5609,aufgewachtonline:2114,forward
deutschestimmemagazin:5608,heimat2023:1418,forward
deutschestimmemagazin:5607,aufgewachtonline:2112,forward
deutschestimmemagazin:5606,heimat2023:1417,forward
deutschestimmemagazin:5599,aufgewachtonline:2105,forward
deutschestimmemagazin:5598,aufgewachtonline:2104,forward
deutschestimmemagazin:5596,aufgewachtonline:2102,forward
deutschestimmemagazin:5595,aufgewachtonline:2099,forward
deutschestimmemagazin:5594,aufgewachtonline:2098,forward
deutschestimmemagazin:5593,aufgewachtonline:2097,forward
deutschestimmemagazin:5592,aufgewachtonline:2094,forward
deutschestimmemagazin:5591,aufgewachtonline:2093,forward
deutschestimmemagazin:5590,aufgewachtonline:2092,forward
deutschestimmemagazin:5589,heimat2023:1415,forward
deutschestimmemagazin:5588,aufgewachtonline:2091,forward
deutschestimmemagazin:5587,aufgewachtonline:2090,forward
deutschestimmemagazin:5586,aufgewachtonline:2089,forward
deutschestimmemagazin:5583,heimat2023:1408,forward
deutschestimmemagazin:5582,aufgewachtonline:2088,forward
deutschestimmemagazin:5581,aufgewachtonline:2087,forward
deutschestimmemagazin:5580,rossmueller:2942,forward
deutschestimmemagazin:5578,peterschreiber:3396,forward
deutschestimmemagazin:5573,aufgewachtonline:2080,forward
deutschestimmemagazin:5572,aufgewachtonline:2079,forward
deutschestimmemagazin:5571,aufgewachtonline:2077,forward
deutschestimmemagazin:5570,aufgewachtonline:2076,forward
deutschestimmemagazin:5569,jungeuropa:3115,forward
deutschestimmemagazin:5568,aufgewachtonline:2074,forward
deutschestimmemagazin:5566,aufgewachtonline:2069,forward
deutschestimmemagazin:5565,aufgewachtonline:2068,forward
deutschestimmemagazin:5564,aufgewachtonline:2067,forward
deutschestimmemagazin:5560,aufgewachtonline:2063,forward
deutschestimmemagazin:5558,heimat2023:1384,forward
deutschestimmemagazin:5557,aufgewachtonline:2061,forward
deutschestimmemagazin:5555,rossmueller:2929,forward
deutschestimmemagazin:5554,heimat2023:1380,forward
deutschestimmemagazin:5553,aufgewachtonline:2060,forward
deutschestimmemagazin:5552,aufgewachtonline:2059,forward
deutschestimmemagazin:5551,aufgewachtonline:2058,forward
deutschestimmemagazin:5550,aufgewachtonline:2057,forward
deutschestimmemagazin:5548,aufgewachtonline:2056,forward
deutschestimmemagazin:5547,aufgewachtonline:2055,forward
deutschestimmemagazin:5546,aufgewachtonline:2053,forward
deutschestimmemagazin:5545,aufgewachtonline:2052,forward
deutschestimmemagazin:5544,aufgewachtonline:2050,forward
deutschestimmemagazin:5543,aufgewachtonline:2049,forward
deutschestimmemagazin:5542,freiesachsenmeissen:1429,forward
deutschestimmemagazin:5541,rossmueller:2914,forward
deutschestimmemagazin:5540,aufgewachtonline:2047,forward
deutschestimmemagazin:5539,aufgewachtonline:2045,forward
deutschestimmemagazin:5538,aufgewachtonline:2044,forward
deutschestimmemagazin:5537,heimat2023:1370,forward
deutschestimmemagazin:5536,aufgewachtonline:2043,forward
deutschestimmemagazin:5535,freiesachsenmeissen:1427,forward
deutschestimmemagazin:5534,aufgewachtonline:2041,forward
deutschestimmemagazin:5531,deutschedd:4053,forward
deutschestimmemagazin:5530,aufgewachtonline:2038,forward
deutschestimmemagazin:5529,aufgewachtonline:2034,forward
deutschestimmemagazin:5528,aufgewachtonline:2033,forward
deutschestimmemagazin:5527,aufgewachtonline:2027,forward
deutschestimmemagazin:5526,aufgewachtonline:2025,forward
deutschestimmemagazin:5525,aufgewachtonline:2023,forward
deutschestimmemagazin:5524,aufgewachtonline:2020,forward
deutschestimmemagazin:5523,aufgewachtonline:2018,forward
deutschestimmemagazin:5521,aufgewachtonline:2017,forward
deutschestimmemagazin:5520,joergdornau:1606,link
deutschestimmemagazin:5518,aufgewachtonline:2014,forward
deutschestimmemagazin:5517,aufgewachtonline:2013,forward
deutschestimmemagazin:5515,aufgewachtonline:2011,forward
deutschestimmemagazin:5514,aufgewachtonline:2010,forward
deutschestimmemagazin:5512,aufgewachtonline:2004,forward
deutschestimmemagazin:5510,aufgewachtonline:2001,forward
deutschestimmemagazin:5509,aufgewachtonline:2000,forward
deutschestimmemagazin:5508,aufgewachtonline:1998,forward
deutschestimmemagazin:5507,aufgewachtonline:1995,forward
deutschestimmemagazin:5505,heimat2023:1356,forward
deutschestimmemagazin:5504,aufgewachtonline:1994,forward
deutschestimmemagazin:5502,aufgewachtonline:1992,forward
deutschestimmemagazin:5501,heimat2023:1353,forward
deutschestimmemagazin:5500,aufgewachtonline:1991,forward
deutschestimmemagazin:5499,aufgewachtonline:1990,forward
deutschestimmemagazin:5496,aufgewachtonline:1986,forward
deutschestimmemagazin:5492,aufgewachtonline:1982,forward
deutschestimmemagazin:5491,aufgewachtonline:1981,forward
deutschestimmemagazin:5490,aufgewachtonline:1979,forward
deutschestimmemagazin:5489,aufgewachtonline:1978,forward
deutschestimmemagazin:5488,aufgewachtonline:1977,forward
deutschestimmemagazin:5487,aufgewachtonline:1976,forward
deutschestimmemagazin:5486,aufgewachtonline:1972,forward
deutschestimmemagazin:5485,aufgewachtonline:1971,forward
deutschestimmemagazin:5483,aufgewachtonline:1968,forward
deutschestimmemagazin:5479,heimat2023:1340,forward
deutschestimmemagazin:5468,heimat2023:1336,forward
deutschestimmemagazin:5464,heimat2023:1334,forward
deutschestimmemagazin:5456,rossmueller:2845,forward
tommyfrenck:16761,freiesachsen:11596,forward
tommyfrenck:16752,auf1tv:16871,forward
gefangenenhilfe:1043,sturmzeichen:8250,forward
gefangenenhilfe:1042,auf1tv:16931,forward
gefangenenhilfe:1041,balaclavagraphics:6813,forward
gefangenenhilfe:1036,sturmzeichen:8181,forward
gefangenenhilfe:1029,sturmzeichen:8008,forward
gefangenenhilfe:1027,stimme_der_wahrheit:3283,forward
gefangenenhilfe:1024,kdn2013:1706,forward
gefangenenhilfe:1023,mayrhofer_raphael:219,forward
gefangenenhilfe:1022,sturmzeichen:7954,forward
gefangenenhilfe:1021,sicherheitshinweise:1435,forward
gefangenenhilfe:1018,infodeutschoesterreich:2769,forward
gefangenenhilfe:1014,kdn2013:1701,forward
gefangenenhilfe:1011,infodeutschoesterreich:2750,forward
gefangenenhilfe:1010,mayrhofer_raphael:59,forward
gefangenenhilfe:1009,mayrhofer_raphael:191,forward
gefangenenhilfe:1007,gefangenenhilfe:1005,reply
gefangenenhilfe:1005,gefangenenhilfe:1004,reply
gefangenenhilfe:1004,gefangenenhilfe:1003,reply
gefangenenhilfe:1003,gefangenenhilfe:989,reply
gefangenenhilfe:1000,infodeutschoesterreich:2729,forward
gefangenenhilfe:997,pcrecords2:25,forward
gefangenenhilfe:996,pcrecords2:24,forward
gefangenenhilfe:994,gefangenenhilfe:976,link
gefangenenhilfe:991,balaclavagraphics:6544,forward
gefangenenhilfe:989,gefangenenhilfe:988,reply
gefangenenhilfe:983,deutschedd:4055,forward
gefangenenhilfe:979,sicherheitshinweise:1425,forward
gefangenenhilfe:978,schmierfink_streetart:196,forward
gefangenenhilfe:973,infodeutschoesterreich:2688,forward
gefangenenhilfe:970,gefangenenhilfe:831,link
gefangenenhilfe:966,infodeutschoesterreich:2659,forward
gefangenenhilfe:965,sicherheitshinweise:1419,forward
gefangenenhilfe:964,infodeutschoesterreich:2654,forward
gefangenenhilfe:963,sicherheitshinweise:1418,forward
gefangenenhilfe:959,wolfpmsoffiziell:1481,forward
gefangenenhilfe:957,sicherheitshinweise:1417,forward
gefangenenhilfe:956,kdn2013:1676,link
gefangenenhilfe:956,gefangenenhilfe:954,reply
gefangenenhilfe:954,kdn2013:1672,forward
gefangenenhilfe:949,infodeutschoesterreich:2607,forward
gefangenenhilfe:948,sicherheitshinweise:1410,forward
gefangenenhilfe:941,dortmundsrechte:4543,forward
gefangenenhilfe:940,deutschedd:3945,forward
gefangenenhilfe:938,sicherheitshinweise:1404,forward
gefangenenhilfe:936,gefangenenhilfe:907,link
gefangenenhilfe:935,deutschedd:3931,forward
gefangenenhilfe:934,ein_prozent:3352,forward
gefangenenhilfe:933,infodeutschoesterreich:2575,forward
gefangenenhilfe:930,infodeutschoesterreich:2558,forward
gefangenenhilfe:927,widerstandinaktion:463,forward
gefangenenhilfe:924,michaelbrueck90:395,forward
gefangenenhilfe:923,sicherheitshinweise:1398,forward
gefangenenhilfe:922,sicherheitshinweise:1397,forward
gefangenenhilfe:919,sicherheitshinweise:1393,forward
gefangenenhilfe:918,schmierfink_streetart:167,forward
gefangenenhilfe:916,schmierfink_streetart:162,forward
gefangenenhilfe:907,gefangenenhilfe:905,reply
gefangenenhilfe:903,blklgnwear:755,forward
gefangenenhilfe:896,frontdienst:539,forward
gefangenenhilfe:892,wie_gesagt:144,forward
gefangenenhilfe:891,wie_gesagt:143,forward
gefangenenhilfe:879,sicherheitshinweise:1384,forward
gefangenenhilfe:876,gefangenenhilfe:821,link
gefangenenhilfe:876,gefangenenhilfe:816,link
gefangenenhilfe:876,gefangenenhilfe:819,link
gefangenenhilfe:875,gefangenenhilfe:821,link
gefangenenhilfe:867,gefangenenhilfe:861,link
gefangenenhilfe:863,sicherheitshinweise:1378,forward
gefangenenhilfe:856,homefrontsince2021:696,forward
gefangenenhilfe:855,kgxpr:6,forward
gefangenenhilfe:852,gefangenenhilfe:844,forward
gefangenenhilfe:846,michaelbrueck90:391,forward
gefangenenhilfe:841,sicherheitshinweise:1366,forward
gefangenenhilfe:840,homefrontsince2021:696,forward
gefangenenhilfe:837,herrenzimmer:419,forward
gefangenenhilfe:823,agjugend:589,forward
gefangenenhilfe:818,kdn2013:1552,forward
gefangenenhilfe:816,gefangenenhilfe:787,link
gefangenenhilfe:815,gefangenenhilfe:814,reply
gefangenenhilfe:805,schmierfink_streetart:103,forward
gefangenenhilfe:802,gefangenenhilfe:799,reply
gefangenenhilfe:801,blklgnwear:732,forward
gefangenenhilfe:795,schmierfink_streetart:96,forward
gefangenenhilfe:792,michaelbrueck90:365,forward
gefangenenhilfe:791,michaelbrueck90:364,forward
gefangenenhilfe:788,sicherheitshinweise:1352,forward
gefangenenhilfe:778,sicherheitshinweise:1348,forward
gefangenenhilfe:758,sicherheitshinweise:1339,forward
gefangenenhilfe:756,sicherheitshinweise:1337,forward
gefangenenhilfe:751,sicherheitshinweise:1329,forward
gefangenenhilfe:742,sicherheitshinweise:1323,forward
gefangenenhilfe:736,sicherheitshinweise:1317,forward
gefangenenhilfe:725,sicherheitshinweise:1314,forward
deutscheswarenhaus:588,martinsellnerib:25409,forward
deutscheswarenhaus:562,kdn2013:1672,forward
deutscheswarenhaus:525,dresden_gedenken:288,forward
deutscheswarenhaus:524,wie_gesagt:140,forward
deutscheswarenhaus:520,dresden_gedenken:274,forward
deutscheswarenhaus:519,flakdieband:902,forward
deutscheswarenhaus:516,deutscheswarenhaus:511,link
deutscheswarenhaus:516,kdn2013:1559,forward
deutscheswarenhaus:515,dresden_gedenken:263,forward
deutscheswarenhaus:498,frontdienst:458,forward
deutscheswarenhaus:484,ein_prozent:3215,forward
deutscheswarenhaus:479,blklgnwear:724,forward
deutscheswarenhaus:478,ein_prozent:3190,forward
deutscheswarenhaus:473,gefangenenhilfe:760,forward
deutscheswarenhaus:370,sicherheitshinweise:1247,forward
deutscheswarenhaus:306,sicherheitshinweise:1154,forward
deutscheswarenhaus:301,dresden_gedenken:164,forward
deutscheswarenhaus:297,wie_gesagt:46,forward
deutscheswarenhaus:294,wie_gesagt:41,forward
aufgewachtonline:2277,freiesachsen:11647,forward
aufgewachtonline:2276,martinsellnerib:25409,forward
aufgewachtonline:2275,martinsellnerib:25408,forward
aufgewachtonline:2271,dortmundsrechte:4774,forward
aufgewachtonline:2269,freiesachsen:11632,forward
aufgewachtonline:2255,auf1tv:16856,forward
aufgewachtonline:2252,peterschreiber:3528,forward
aufgewachtonline:2251,martinsellnerib:25368,forward
aufgewachtonline:2245,freiesachsen:11615,forward
aufgewachtonline:2242,rossmueller:3070,forward
aufgewachtonline:2236,ein_prozent:3416,forward
aufgewachtonline:2219,freiesachsen:11553,forward
aufgewachtonline:2205,mr_marcus_fuchs:3683,forward
aufgewachtonline:2201,schmidtkeswelt:2511,forward
aufgewachtonline:2189,peterschreiber:3458,forward
aufgewachtonline:2174,benediktkaiser:2002,forward
aufgewachtonline:2167,hartungstefan:801,forward
aufgewachtonline:2164,ein_prozent:3409,link
aufgewachtonline:2115,rossmueller:2961,forward
aufgewachtonline:2113,irmhild_bossdorf:394,forward
aufgewachtonline:2075,jungeuropa:3115,forward
aufgewachtonline:2072,michaelbrueck90:406,forward
aufgewachtonline:2048,rossmueller:2914,forward
aufgewachtonline:2026,jungeuropa:3065,forward
aufgewachtonline:1967,schreiberklagtan:1056,forward
derappell:75,stefantrautmanndl:680,forward
derappell:74,derappell:28,forward
derappell:57,derappell:12,link
derappell:57,derappell:13,link
derappell:57,derappell:15,link
derappell:57,derappell:18,link
derappell:57,derappell:19,link
derappell:57,derappell:22,link
derappell:57,derappell:25,link
derappell:57,derappell:26,link
derappell:57,derappell:27,link
derappell:57,derappell:28,link
derappell:57,derappell:29,link
derappell:57,derappell:30,link
derappell:57,derappell:31,link
derappell:57,derappell:33,link
derappell:57,derappell:34,link
derappell:57,derappell:35,link
derappell:57,derappell:36,link
derappell:57,derappell:37,link
derappell:57,derappell:38,link
derappell:57,derappell:39,link
derappell:57,derappell:41,link
derappell:57,derappell:42,link
derappell:57,derappell:43,link
derappell:57,derappell:46,link
derappell:57,derappell:47,link
derappell:57,derappell:49,link
derappell:57,derappell:50,link
derappell:57,derappell:51,link
derappell:57,derappell:52,link
derappell:57,derappell:55,link
derappell:57,derappell:64,link
peterschreiber:3544,heimat2023:1567,forward
peterschreiber:3534,freilichmagazin:13451,forward
peterschreiber:3533,rossmueller:3094,forward
peterschreiber:3532,aufgewachtonline:2272,forward
peterschreiber:3531,aufgewachtonline:2272,forward
peterschreiber:3530,heimat2023:1553,forward
peterschreiber:3529,aufgewachtonline:2253,forward
peterschreiber:3527,aufgewachtonline:2249,forward
peterschreiber:3526,heimat2023:1541,forward
peterschreiber:3525,deutschestimmemagazin:5731,forward
peterschreiber:3524,heimat2023:1539,forward
peterschreiber:3523,freiesachsen:11611,forward
peterschreiber:3522,heimat_th:108,forward
peterschreiber:3521,deutschestimmemagazin:5721,forward
peterschreiber:3520,heimat2023:1527,forward
peterschreiber:3510,widerstandinaktion:739,forward
peterschreiber:3509,freiesachsen:11585,forward
peterschreiber:3508,heimat2023:1526,forward
peterschreiber:3507,deutschestimmemagazin:5718,forward
peterschreiber:3506,deutschestimmemagazin:5715,forward
peterschreiber:3505,aufgewachtonline:2231,forward
peterschreiber:3498,widerstandinaktion:730,forward
peterschreiber:3497,aufgewachtonline:2227,forward
peterschreiber:3496,heimathessen:1546,forward
peterschreiber:3484,widerstandinaktion:723,forward
peterschreiber:3480,aufgewachtonline:2223,forward
peterschreiber:3476,freiesachsen:11553,forward
peterschreiber:3470,rossmueller:3048,forward
peterschreiber:3469,deutschestimmemagazin:5692,forward
peterschreiber:3468,heimat2023:1489,forward
peterschreiber:3467,deutschestimmemagazin:5691,forward
peterschreiber:3466,michaelbrueck90:411,forward
peterschreiber:3465,aufgewachtonline:2203,forward
peterschreiber:3463,heimat2023:1485,forward
peterschreiber:3462,heimatsachsenanhalt:1019,forward
peterschreiber:3459,heimat2023:1480,forward
peterschreiber:3455,aufgewachtonline:2186,forward
peterschreiber:3450,sturmzeichen:7997,forward
peterschreiber:3449,heimat2023:1466,forward
peterschreiber:3448,sturmzeichen:7993,forward
peterschreiber:3447,deutschestimmemagazin:5671,forward
peterschreiber:3446,deutschestimmemagazin:5671,forward
peterschreiber:3445,benediktkaiser:2002,forward
peterschreiber:3444,heimat2023:1460,forward
peterschreiber:3443,aufgewachtonline:2171,forward
peterschreiber:3442,aufgewachtonline:2166,forward
peterschreiber:3441,heimat2023:1457,forward
peterschreiber:3440,ein_prozent:3409,link
peterschreiber:3440,aufgewachtonline:2164,forward
peterschreiber:3438,deutschestimmemagazin:5656,forward
peterschreiber:3437,heimatsachsen:3178,forward
peterschreiber:3435,rossmueller:3015,forward
peterschreiber:3434,harzverteidigen:428,forward
peterschreiber:3429,heimat2023:1443,forward
peterschreiber:3428,heimat2023:1441,forward
peterschreiber:3427,rossmueller:3005,forward
peterschreiber:3426,aufgewachtonline:2148,forward
peterschreiber:3422,deutschestimmemagazin:5637,forward
peterschreiber:3421,widerstandinaktion:697,forward
peterschreiber:3420,heimat2023:1435,forward
peterschreiber:3419,freiesachsenmeissen:1450,forward
peterschreiber:3417,freiesachsenmeissen:1449,forward
peterschreiber:3416,michaelbrueck90:408,forward
peterschreiber:3412,harzverteidigen:413,forward
peterschreiber:3411,heimat2023:1425,forward
peterschreiber:3410,heimat2023:1426,forward
peterschreiber:3409,aufgewachtonline:2131,forward
peterschreiber:3408,freie_mittelsachsen:3991,forward
peterschreiber:3405,heimat2023:1418,forward
peterschreiber:3404,heimat2023:1417,forward
peterschreiber:3403,aufgewachtonline:2099,forward
peterschreiber:3402,heimat2023:1415,forward
peterschreiber:3401,aufgewachtonline:2090,forward
peterschreiber:3398,heimat2023:1408,forward
peterschreiber:3395,deutschestimmemagazin:5577,forward
peterschreiber:3394,deutschestimmemagazin:5576,forward
peterschreiber:3392,rossmueller:2940,forward
peterschreiber:3391,jungenationalisten:4520,forward
peterschreiber:3390,schmidtkeswelt:2443,forward
peterschreiber:3376,widerstandinaktion:671,forward
peterschreiber:3374,heimat2023:1384,forward
peterschreiber:3373,freiesachsenmeissen:1430,forward
peterschreiber:3371,rossmueller:2929,forward
peterschreiber:3369,mayrhofer_raphael:188,forward
peterschreiber:3368,heimat2023:1380,forward
peterschreiber:3367,aufgewachtonline:2060,forward
peterschreiber:3364,heimat2023:1377,forward
peterschreiber:3362,widerstandinaktion:650,forward
peterschreiber:3360,freiesachsenmeissen:1429,forward
peterschreiber:3359,rossmueller:2914,forward
peterschreiber:3357,freiesachsenmeissen:1428,forward
peterschreiber:3356,heimat2023:1370,forward
peterschreiber:3354,freiesachsenmeissen:1427,forward
peterschreiber:3352,aufgewachtonline:2041,forward
peterschreiber:3348,deutschedd:4053,forward
peterschreiber:3347,aufgewachtonline:2023,forward
peterschreiber:3344,widerstandinaktion:644,forward
peterschreiber:3343,aufgewachtonline:2020,forward
peterschreiber:3341,joergdornau:1606,link
peterschreiber:3340,aufgewachtonline:2013,forward
peterschreiber:3339,deutschestimmemagazin:5513,forward
peterschreiber:3338,heimat2023:1356,forward
peterschreiber:3337,stefantrautmanndl:889,forward
peterschreiber:3336,heimat2023:1353,forward
peterschreiber:3335,aufgewachtonline:1979,forward
peterschreiber:3334,aufgewachtonline:1977,forward
peterschreiber:3333,heimat2023:1345,forward
peterschreiber:3332,deutschestimmemagazin:5484,forward
peterschreiber:3329,heimat2023:1340,forward
peterschreiber:3328,heimat_th:47,forward
peterschreiber:3326,heimat2023:1336,forward
peterschreiber:3324,heimat2023:1334,forward
peterschreiber:3315,heimat2023:1300,forward
peterschreiber:3309,clauscremernrw:1980,forward
peterschreiber:3306,rossmueller:2821,forward
peterschreiber:3298,heimat2023:1283,forward
peterschreiber:3286,widerstandinaktion:588,forward
peterschreiber:3283,widerstandinaktion:584,forward
peterschreiber:3273,schreiberklagtan:1040,forward
peterschreiber:3270,heimat2023:1263,forward
peterschreiber:3269,heimat2023:1259,forward
peterschreiber:3268,heimat2023:1258,forward
peterschreiber:3266,clauscremernrw:1961,forward
peterschreiber:3241,heimat_th:22,forward
peterschreiber:3240,heimathessen:1383,forward
heimathessen:1588,heimat2023:1567,forward
heimathessen:1585,schmidtkeswelt:2580,forward
heimathessen:1578,aufgewachtonline:2254,forward
heimathessen:1574,jnhessen:136,forward
heimathessen:1569,freiesachsen:11611,forward
heimathessen:1567,deutschestimmemagazin:5721,forward
heimathessen:1557,freilichmagazin:13340,forward
heimathessen:1547,jnhessen:133,forward
heimathessen:1539,deutschestimmemagazin:5671,forward
heimathessen:1537,aufgewachtonline:2203,forward
heimathessen:1535,heimat2023:1480,forward
heimathessen:1532,aufgewachtonline:2186,forward
heimathessen:1529,heimat2023:1460,forward
heimathessen:1528,sturmzeichen:7993,forward
heimathessen:1525,heimat2023:1457,forward
heimathessen:1521,rossmueller:3010,forward
heimathessen:1520,widerstandinaktion:697,forward
heimathessen:1519,heimat2023:1435,forward
heimathessen:1516,jungenationalisten:4553,forward
heimathessen:1511,rossmueller:2972,forward
heimathessen:1508,schmidtkeswelt:2458,forward
heimathessen:1503,aufgewachtonline:2093,forward
heimathessen:1502,heimat2023:1417,forward
heimathessen:1500,michaelbrueck90:407,forward
heimathessen:1499,heimat2023:1415,forward
heimathessen:1498,schmidtkeswelt:2442,forward
heimathessen:1494,heimat2023:1408,forward
heimathessen:1491,jungenationalisten:4520,forward
heimathessen:1477,jungenationalisten:4496,forward
heimathessen:1468,jnhessen:98,forward
heimathessen:1460,aufgewachtonline:1998,forward
heimathessen:1450,heimat2023:1345,forward
heimathessen:1446,aufgewachtonline:1969,forward
heimathessen:1428,heimat2023:1336,forward
heimathessen:1410,rossmueller:2833,forward
heimathessen:1409,frontdienst:639,forward
heimathessen:1403,heimat2023:1259,forward
heimathessen:1402,heimat2023:1258,forward
heimathessen:1394,jn_th:1066,forward
heimathessen:1384,frontdienst:612,forward
heimathessen:1351,jnhessen:74,forward
heimathessen:1332,jnhessen:71,forward
heimathessen:1330,frontdienst:611,forward
heimathessen:1308,kgxpr:14,forward
heimathessen:1304,jnhessen:59,forward
heimathessen:1294,jnhessen:56,forward
benediktkaiser:2104,freilichmagazin:13457,forward
benediktkaiser:2103,freilichmagazin:13451,forward
benediktkaiser:2099,irmhild_bossdorf:496,forward
benediktkaiser:2093,jungeuropa:3245,forward
benediktkaiser:2090,freilichmagazin:13423,forward
benediktkaiser:2089,jungeuropa:3242,forward
benediktkaiser:2079,irmhild_bossdorf:491,forward
benediktkaiser:2076,jungeuropa:3234,forward
benediktkaiser:2075,jungeuropa:3232,forward
benediktkaiser:2068,irmhild_bossdorf:476,forward
benediktkaiser:2058,irmhild_bossdorf:462,forward
benediktkaiser:2053,freilichmagazin:13318,forward
benediktkaiser:2039,irmhild_bossdorf:452,forward
benediktkaiser:2026,jungeuropa:3209,forward
benediktkaiser:2019,freilichmagazin:13264,forward
benediktkaiser:2016,jungeuropa:3196,forward
benediktkaiser:2011,jungeuropa:3194,forward
benediktkaiser:2010,irmhild_bossdorf:447,forward
benediktkaiser:2003,jungeuropa:3190,forward
benediktkaiser:1999,freilichmagazin:13221,forward
benediktkaiser:1996,jungeuropa:3166,forward
benediktkaiser:1992,jungeuropa:3163,forward
benediktkaiser:1984,irmhild_bossdorf:412,forward
benediktkaiser:1976,jungeuropa:3140,forward
benediktkaiser:1971,jungeuropa:3132,forward
benediktkaiser:1969,irmhild_bossdorf:394,forward
benediktkaiser:1967,jungeuropa:3128,forward
benediktkaiser:1964,irmhild_bossdorf:387,forward
benediktkaiser:1961,jungeuropa:3115,forward
benediktkaiser:1959,jungeuropa:3114,forward
benediktkaiser:1937,irmhild_bossdorf:368,forward
benediktkaiser:1914,irmhild_bossdorf:367,forward
benediktkaiser:1897,jungeuropa:3064,forward
benediktkaiser:1889,jungeuropa:3057,forward
benediktkaiser:1888,irmhild_bossdorf:354,forward
benediktkaiser:1879,jungeuropa:3037,forward
benediktkaiser:1865,irmhild_bossdorf:309,forward
benediktkaiser:1857,irmhild_bossdorf:296,forward
benediktkaiser:1855,jungeuropa:3004,forward
benediktkaiser:1852,jungeuropa:3001,forward
benediktkaiser:1851,jungeuropa:3000,forward
benediktkaiser:1848,jungeuropa:2996,forward
benediktkaiser:1846,jungeuropa:2990,forward
benediktkaiser:1845,jungeuropa:2985,forward
benediktkaiser:1828,ein_prozent:3364,forward
benediktkaiser:1825,jungeuropa:2966,forward
benediktkaiser:1824,irmhild_bossdorf:280,forward
benediktkaiser:1821,jungeuropa:2957,forward
benediktkaiser:1820,irmhild_bossdorf:277,forward
benediktkaiser:1815,irmhild_bossdorf:276,forward
benediktkaiser:1787,irmhild_bossdorf:257,forward
benediktkaiser:1779,ein_prozent:3350,forward
benediktkaiser:1777,irmhild_bossdorf:228,forward
benediktkaiser:1773,irmhild_bossdorf:220,forward
ein_prozent:3235,wolfpmsoffiziell:1378,forward
heimatsachsen:3267,heimat2023:1567,forward
heimatsachsen:3266,freilichmagazin:13451,forward
heimatsachsen:3265,rossmueller:3094,forward
heimatsachsen:3264,aufgewachtonline:2272,forward
heimatsachsen:3262,aufgewachtonline:2253,forward
heimatsachsen:3261,peterschreiber:3528,forward
heimatsachsen:3260,aufgewachtonline:2249,forward
heimatsachsen:3259,deutschestimmemagazin:5731,forward
heimatsachsen:3258,heimat2023:1539,forward
heimatsachsen:3257,freiesachsen:11611,forward
heimatsachsen:3256,aufgewachtonline:2239,forward
heimatsachsen:3255,deutschestimmemagazin:5721,forward
heimatsachsen:3245,widerstandinaktion:739,forward
heimatsachsen:3244,freiesachsen:11585,forward
heimatsachsen:3243,heimat2023:1526,forward
heimatsachsen:3242,deutschestimmemagazin:5718,forward
heimatsachsen:3241,deutschestimmemagazin:5715,forward
heimatsachsen:3240,aufgewachtonline:2231,forward
heimatsachsen:3233,widerstandinaktion:730,forward
heimatsachsen:3232,aufgewachtonline:2227,forward
heimatsachsen:3227,peterschreiber:3491,forward
heimatsachsen:3220,widerstandinaktion:723,forward
heimatsachsen:3216,aufgewachtonline:2223,forward
heimatsachsen:3212,freiesachsen:11553,forward
heimatsachsen:3206,rossmueller:3048,forward
heimatsachsen:3205,deutschestimmemagazin:5692,forward
heimatsachsen:3204,deutschestimmemagazin:5691,forward
heimatsachsen:3203,michaelbrueck90:411,forward
heimatsachsen:3202,aufgewachtonline:2203,forward
heimatsachsen:3200,heimat2023:1485,forward
heimatsachsen:3197,freie_mittelsachsen:4030,forward
heimatsachsen:3196,peterschreiber:3458,forward
heimatsachsen:3195,freie_mittelsachsen:4027,forward
heimatsachsen:3192,aufgewachtonline:2186,forward
heimatsachsen:3190,freie_mittelsachsen:4026,forward
heimatsachsen:3189,stefantrautmanndl:948,forward
heimatsachsen:3188,sturmzeichen:7993,forward
heimatsachsen:3187,deutschestimmemagazin:5671,forward
heimatsachsen:3186,deutschestimmemagazin:5671,forward
heimatsachsen:3185,benediktkaiser:2002,forward
heimatsachsen:3184,heimat2023:1460,forward
heimatsachsen:3183,aufgewachtonline:2171,forward
heimatsachsen:3182,aufgewachtonline:2168,forward
heimatsachsen:3181,aufgewachtonline:2166,forward
heimatsachsen:3180,ein_prozent:3409,link
heimatsachsen:3180,aufgewachtonline:2164,forward
heimatsachsen:3179,peterschreiber:3439,forward
heimatsachsen:3175,rossmueller:3015,forward
heimatsachsen:3170,heimat2023:1442,forward
heimatsachsen:3169,heimat2023:1441,forward
heimatsachsen:3165,deutschestimmemagazin:5637,forward
heimatsachsen:3164,widerstandinaktion:697,forward
heimatsachsen:3163,heimat2023:1435,forward
heimatsachsen:3162,freiesachsenmeissen:1450,forward
heimatsachsen:3160,freiesachsenmeissen:1449,forward
heimatsachsen:3158,heimat2023:1426,forward
heimatsachsen:3157,aufgewachtonline:2131,forward
heimatsachsen:3156,freie_mittelsachsen:3991,forward
heimatsachsen:3155,frontdienst:668,forward
heimatsachsen:3154,widerstandinaktion:684,forward
heimatsachsen:3151,heimat2023:1418,forward
heimatsachsen:3150,heimat2023:1417,forward
heimatsachsen:3145,stefantrautmanndl:930,forward
heimatsachsen:3144,heimat2023:1415,forward
heimatsachsen:3141,heimat2023:1408,forward
heimatsachsen:3139,peterschreiber:3396,forward
heimatsachsen:3138,deutschestimmemagazin:5577,forward
heimatsachsen:3137,deutschestimmemagazin:5576,forward
heimatsachsen:3134,rossmueller:2940,forward
heimatsachsen:3133,jungenationalisten:4520,forward
heimatsachsen:3132,schmidtkeswelt:2443,forward
heimatsachsen:3124,widerstandinaktion:671,forward
heimatsachsen:3119,widerstandinaktion:664,forward
heimatsachsen:3117,heimat2023:1384,forward
heimatsachsen:3116,freiesachsenmeissen:1430,forward
heimatsachsen:3111,widerstandinaktion:664,forward
heimatsachsen:3109,rossmueller:2929,forward
heimatsachsen:3099,jungenationalisten:4496,forward
heimatsachsen:3098,heimat2023:1380,forward
heimatsachsen:3095,freie_mittelsachsen:3957,forward
heimatsachsen:3094,heimat2023:1377,forward
heimatsachsen:3092,widerstandinaktion:650,forward
heimatsachsen:3091,freiesachsenmeissen:1429,forward
heimatsachsen:3090,rossmueller:2914,forward
heimatsachsen:3088,freiesachsenmeissen:1428,forward
heimatsachsen:3087,widerstandinaktion:648,forward
heimatsachsen:3085,freie_mittelsachsen:3943,forward
heimatsachsen:3084,freiesachsenmeissen:1427,forward
heimatsachsen:3082,aufgewachtonline:2041,forward
heimatsachsen:3078,deutschedd:4053,forward
heimatsachsen:3077,freie_mittelsachsen:3942,forward
heimatsachsen:3076,aufgewachtonline:2023,forward
heimatsachsen:3073,widerstandinaktion:644,forward
heimatsachsen:3070,stefantrautmanndl:892,forward
heimatsachsen:3067,joergdornau:1606,link
heimatsachsen:3066,aufgewachtonline:2013,forward
heimatsachsen:3065,deutschestimmemagazin:5513,forward
heimatsachsen:3056,widerstandinaktion:630,forward
heimatsachsen:3054,heimat2023:1356,forward
heimatsachsen:3053,stefantrautmanndl:889,forward
heimatsachsen:3052,heimat2023:1353,forward
heimatsachsen:3051,aufgewachtonline:1979,forward
heimatsachsen:3050,aufgewachtonline:1977,forward
heimatsachsen:3049,heimat2023:1345,forward
heimatsachsen:3048,widerstandinaktion:626,forward
heimatsachsen:3047,deutschestimmemagazin:5484,forward
heimatsachsen:3043,heimat2023:1340,forward
heimatsachsen:3042,heimat_th:47,forward
heimatsachsen:3041,heimat2023:1336,forward
heimatsachsen:3028,jungenationalisten:4406,forward
heimatsachsen:3018,jungenationalisten:4416,forward
heimatsachsen:3011,heimat2023:1300,forward
heimatsachsen:3009,peterschreiber:3313,forward
heimatsachsen:3007,peterschreiber:3312,forward
heimatsachsen:3003,rossmueller:2821,forward
heimatsachsen:2998,heimat2023:1283,forward
heimatsachsen:2986,widerstandinaktion:588,forward
heimatsachsen:2982,widerstandinaktion:584,forward
heimatsachsen:2974,schreiberklagtan:1040,forward
heimatsachsen:2971,heimat2023:1263,forward
heimatsachsen:2970,heimat2023:1259,forward
heimatsachsen:2969,heimat2023:1258,forward
michaelbrueck90:410,sturmzeichen:7993,link
michaelbrueck90:409,michaelbrueck90:408,link
michaelbrueck90:402,schmidtkeswelt:2319,forward
michaelbrueck90:369,michaelbrueck90:363,link
michaelbrueck90:367,michaelbrueck90:366,link
michaelbrueck90:348,michaelbrueck90:347,link
michaelbrueck90:340,michaelbrueck90:223,link
michaelbrueck90:336,michaelbrueck90:286,link
michaelbrueck90:331,michaelbrueck90:329,link
michaelbrueck90:265,michaelbrueck90:216,link
michaelbrueck90:225,michaelbrueck90:216,link
michaelbrueck90:161,michaelbrueck90:151,link
auf1tv:16940,auf1tv:16931,link
auf1tv:16934,auf1tv:16907,link
auf1tv:16929,auf1tv:16907,link
auf1tv:16922,auf1tv:16907,link
auf1tv:16900,auf1tv:16872,link
auf1tv:16897,auf1tv:16872,link
auf1tv:16872,auf1tv:16871,link
auf1tv:16870,auf1tv:16856,link
freiesachsenmeissen:1451,peterschreiber:3491,forward
freiesachsenmeissen:1431,widerstandinaktion:671,forward
freiesachsenmeissen:1424,aufgewachtonline:1978,forward
freiesachsenmeissen:1422,peterschreiber:3313,forward
freiesth:29497,dekurier:17542,forward
freiesth:29474,auf1tv:16857,forward
freiesth:29388,jungeuropa:3232,forward
martinsellnerib:25405,martinsellnerib:25397,reply
martinsellnerib:25340,martinsellnerib:25338,reply
joergdornau:1689,joergdornau:1678,link
joergdornau:1587,joergdornau:1584,forward
joergdornau:1576,joergdornau:1547,forward
joergdornau:1560,joergdornau:1547,forward
joergdornau:1507,joergdornau:1494,forward
joergdornau:1501,joergdornau:1494,forward
joergdornau:1485,joergdornau:1473,forward
joergdornau:1452,joergdornau:1448,link
clauscremernrw:2086,dortmundsrechte:4745,forward
clauscremernrw:2069,heimat2023:1480,forward
clauscremernrw:2062,jn_westverband:249,forward
clauscremernrw:2051,jn_westverband:223,forward
clauscremernrw:2050,heimat2023:1443,forward
clauscremernrw:2047,jn_westverband:221,forward
clauscremernrw:2037,jn_westverband:211,forward
clauscremernrw:2033,jungenationalisten:4520,forward
clauscremernrw:2023,jungenationalisten:4496,forward
clauscremernrw:2021,aufgewachtonline:2041,forward
clauscremernrw:2016,heimatnrw:486,forward
clauscremernrw:2005,heimat2023:1347,forward
clauscremernrw:2004,heimatnrw:465,forward
clauscremernrw:2000,heimatnrw:460,forward
clauscremernrw:1998,dortmundsrechte:4652,forward
clauscremernrw:1992,heimatnrw:450,forward
clauscremernrw:1984,heimatnrw:446,forward
clauscremernrw:1978,heimatnrw:440,forward
clauscremernrw:1973,heimatnrw:436,forward
clauscremernrw:1972,heimatnrw:435,forward
clauscremernrw:1968,heimatnrw:431,forward
clauscremernrw:1964,heimatnrw:427,forward
clauscremernrw:1963,heimat2023:1258,forward
clauscremernrw:1960,jn_westverband:108,forward
clauscremernrw:1956,jn_westverband:105,forward
clauscremernrw:1955,heimatnrw:407,forward
clauscremernrw:1953,heimatnrw:403,forward
clauscremernrw:1933,heimatnrw:400,forward
clauscremernrw:1929,heimatnrw:396,forward
clauscremernrw:1928,heimatnrw:394,forward
clauscremernrw:1926,heimatnrw:392,forward
clauscremernrw:1924,heimatnrw:390,forward
clauscremernrw:1921,dortmundsrechte:4564,forward
clauscremernrw:1917,blickpunkttv:1307,forward
clauscremernrw:1908,dortmundsrechte:4543,forward
clauscremernrw:1906,heimatnrw:385,forward
clauscremernrw:1901,dortmundsrechte:4535,forward
clauscremernrw:1899,heimatnrw:382,forward
clauscremernrw:1897,dortmundsrechte:4531,forward
clauscremernrw:1895,heimatnrw:380,forward
clauscremernrw:1894,jn_westverband:30,forward
clauscremernrw:1890,widerstandinaktion:463,forward
clauscremernrw:1882,jn_westverband:15,forward
clauscremernrw:1860,blickpunkttv:1266,forward
clauscremernrw:1855,blickpunkttv:1259,forward
clauscremernrw:1848,blickpunkttv:1256,forward
clauscremernrw:1847,blickpunkttv:1252,forward
clauscremernrw:1846,blickpunkttv:1251,forward
clauscremernrw:1844,blickpunkttv:1248,forward
clauscremernrw:1843,blickpunkttv:1240,forward
clauscremernrw:1839,blickpunkttv:1223,forward
clauscremernrw:1838,blickpunkttv:1222,forward
clauscremernrw:1829,dortmundsrechte:4514,forward
clauscremernrw:1828,heimatnrw:361,forward
clauscremernrw:1826,heimatnrw:359,forward
clauscremernrw:1825,heimatnrw:358,forward
clauscremernrw:1823,heimatnrw:356,forward
clauscremernrw:1818,heimatnrw:352,forward
clauscremernrw:1816,heimatnrw:350,forward
clauscremernrw:1814,jn_westverband:6,forward
clauscremernrw:1813,jn_westverband:5,forward
clauscremernrw:1812,jn_westverband:4,forward
clauscremernrw:1812,heimatnrw:347,link
clauscremernrw:1810,heimatnrw:347,forward
freilichmagazin:13316,freilichmagazin:13295,reply
jungeuropa:3252,benediktkaiser:2100,forward
jungeuropa:3251,irmhild_bossdorf:496,forward
jungeuropa:3246,benediktkaiser:2094,forward
jungeuropa:3240,wolfpmsoffiziell:1549,forward
jungeuropa:3231,benediktkaiser:2074,forward
jungeuropa:3215,benediktkaiser:2054,forward
jungeuropa:3212,benediktkaiser:2051,forward
jungeuropa:3205,benediktkaiser:2023,forward
jungeuropa:3201,benediktkaiser:2017,forward
jungeuropa:3189,benediktkaiser:2002,forward
jungeuropa:3161,benediktkaiser:1991,forward
jungeuropa:3153,benediktkaiser:1988,forward
jungeuropa:3148,irmhild_bossdorf:412,forward
jungeuropa:3143,benediktkaiser:1979,forward
jungeuropa:3142,benediktkaiser:1977,forward
jungeuropa:3108,ein_prozent:3398,forward
jungeuropa:3100,benediktkaiser:1948,forward
jungeuropa:3070,benediktkaiser:1900,forward
jungeuropa:3054,irmhild_bossdorf:354,forward
jungeuropa:3053,benediktkaiser:1887,forward
jungeuropa:3043,wolfpmsoffiziell:1523,forward
jungeuropa:3040,benediktkaiser:1882,forward
jungeuropa:3020,ein_prozent:3381,forward
jungeuropa:3016,benediktkaiser:1861,forward
jungeuropa:3007,ein_prozent:3376,forward
jungeuropa:2983,ein_prozent:3367,forward
jungeuropa:2972,wolfpmsoffiziell:1476,forward
schmidtkeswelt :2559,freiesachsen:11615,forward
schmidtkeswelt :2552,freiesachsen:11604,forward
schmidtkeswelt :2551,ein_prozent:3417,forward
schmidtkeswelt :2550,ein_prozent:3416,forward
schmidtkeswelt :2534,freilichmagazin:13340,forward
schmidtkeswelt :2513,aufgewachtonline:2203,forward
schmidtkeswelt :2508,seitenwechsel:36,forward
schmidtkeswelt :2495,jungeuropa:3188,forward
schmidtkeswelt :2492,ein_prozent:3409,forward
schmidtkeswelt :2472,ein_prozent:3403,forward
schmidtkeswelt :2444,mayrhofer_raphael:196,forward
schmidtkeswelt :2426,ein_prozent:3393,forward
schmidtkeswelt :2382,balaclavagraphics:6507,forward
schmidtkeswelt :2362,ein_prozent:3371,forward
schmidtkeswelt :2357,ein_prozent:3370,forward
schmidtkeswelt :2353,jungeuropa:2989,forward
schmidtkeswelt :2352,gefangenenhilfe:958,forward
schmidtkeswelt :2345,ein_prozent:3364,forward
schmidtkeswelt :2336,hermannsland:2783,forward
schmidtkeswelt :2321,derdritteblickwinkel:4648,forward
schmidtkeswelt :2298,ein_prozent:3358,forward
schmidtkeswelt :2285,herrenzimmer:435,forward
schmidtkeswelt :2274,ein_prozent:3356,forward
mayrhofer_raphael:195,mayrhofer_raphael:59,forward
mayrhofer_raphael:170,mayrhofer_raphael:169,reply
mayrhofer_raphael:47,mayrhofer_raphael:46,reply
hermannsland:2854,sturmzeichen:8181,forward
hermannsland:2800,gefangenenhilfe:1012,forward
hermannsland:2775,sicherheitshinweise:1404,forward
hermannsland:2774,pcrecords2:7,forward
hermannsland:2771,pcrecords2:6,forward
hermannsland:2770,gefangenenhilfe:885,forward
hermannsland:2767,dresden_gedenken:292,forward
hermannsland:2766,dresden_gedenken:288,forward
hermannsland:2765,dresden_gedenken:274,forward
hermannsland:2762,dresden_gedenken:270,link
hermannsland:2762,dresden_gedenken:271,forward
hermannsland:2755,dresden_gedenken:261,forward
hermannsland:2744,frontdienst:458,forward
hermannsland:2743,dresden_gedenken:238,forward
hermannsland:2738,dresden_gedenken:236,forward
hermannsland:2725,gefangenenhilfe:780,forward
hermannsland:2723,gefangenenhilfe:772,forward
hermannsland:2633,sicherheitshinweise:1247,forward
hermannsland:2619,hermannsland:2609,reply
derdritteblickwinkel:4720,sicherheitshinweise:1441,forward
derdritteblickwinkel:4708,schmidtkeswelt:2511,forward
derdritteblickwinkel:4706,sturmzeichen:8016,forward
derdritteblickwinkel:4702,sturmzeichen:7997,forward
derdritteblickwinkel:4701,sturmzeichen:7993,forward
derdritteblickwinkel:4684,derdritteblickwinkel:4681,reply
derdritteblickwinkel:4683,wie_gesagt:152,forward
derdritteblickwinkel:4681,gegenstrom:407,forward
derdritteblickwinkel:4680,mayrhofer_raphael:191,forward
derdritteblickwinkel:4675,rossmueller:2886,forward
derdritteblickwinkel:4645,frankkraemer:2887,forward
derdritteblickwinkel:4629,schmidtkeswelt:2287,forward
derdritteblickwinkel:4622,widerstandinaktion:463,forward
derdritteblickwinkel:4586,wie_gesagt:143,forward
derdritteblickwinkel:4567,wie_gesagt:142,forward
derdritteblickwinkel:4566,wie_gesagt:141,forward
derdritteblickwinkel:4551,derdritteblickwinkel:4550,reply
derdritteblickwinkel:4547,dresden_gedenken:291,forward
derdritteblickwinkel:4545,dresden_gedenken:289,forward
derdritteblickwinkel:4505,dresden_gedenken:261,forward
derdritteblickwinkel:4492,frankkraemer:2835,forward
derdritteblickwinkel:4439,lebensart_survival:2279,forward
herrenzimmer:453,pcrecords:7442,forward
herrenzimmer:447,pcrecords2:24,forward
herrenzimmer:441,pcrecords2:19,forward
herrenzimmer:434,kdn2013:1653,forward
herrenzimmer:429,pcrecords2:6,forward
herrenzimmer:412,dresden_gedenken:263,forward
herrenzimmer:410,dresden_gedenken:261,forward
herrenzimmer:391,dresden_gedenken:237,forward
herrenzimmer:390,dresden_gedenken:238,forward
herrenzimmer:378,dresden_gedenken:236,forward
herrenzimmer:358,wie_gesagt:125,forward
herrenzimmer:357,wie_gesagt:124,forward
herrenzimmer:351,michaelbrueck90:334,forward
herrenzimmer:316,ein_prozent:3124,forward
herrenzimmer:315,ein_prozent:3123,forward
herrenzimmer:314,ein_prozent:3122,link
herrenzimmer:313,michaelbrueck90:314,forward
miesenews:13638,balaclavagraphics:6813,forward
miesenews:13633,sturmzeichen:8234,forward
miesenews:13632,mayrhofer_raphael:246,forward
miesenews:13631,mayrhofer_raphael:245,forward
miesenews:13629,frontmagazin:6450,forward
miesenews:13626,sturmzeichen:8224,forward
miesenews:13625,sturmzeichen:8223,forward
miesenews:13622,rockhate:12113,forward
miesenews:13618,sicherheitshinweise:1444,forward
miesenews:13617,sturmzeichen:8220,forward
miesenews:13616,aufgewachtonline:2246,forward
miesenews:13610,deutschedd:4172,forward
miesenews:13609,sturmzeichen:8216,forward
miesenews:13608,sicherheitshinweise:1442,forward
miesenews:13607,sicherheitshinweise:1441,forward
miesenews:13604,ein_prozent:3417,forward
miesenews:13603,ein_prozent:3416,forward
miesenews:13602,sturmzeichen:8201,forward
miesenews:13601,sturmzeichen:8205,forward
miesenews:13593,schmidtkeswelt:2545,forward
miesenews:13592,deutschedd:4169,forward
miesenews:13585,sturmzeichen:8181,forward
miesenews:13581,deutschedd:4163,forward
miesenews:13577,balaclavagraphics:6774,forward
miesenews:13576,sicherheitshinweise:1440,forward
miesenews:13575,frontmagazin:6424,forward
miesenews:13572,deutschedd:4161,forward
miesenews:13568,sturmzeichen:8158,forward
miesenews:13567,sturmzeichen:8157,forward
miesenews:13566,mayrhofer_raphael:234,forward
miesenews:13565,sturmzeichen:8156,forward
miesenews:13564,mayrhofer_raphael:233,forward
miesenews:13562,balaclavagraphics:6771,forward
miesenews:13554,schmidtkeswelt:2522,forward
miesenews:13553,dortmundsrechte:4748,forward
miesenews:13551,dortmundsrechte:4746,forward
miesenews:13550,schmidtkeswelt:2521,forward
miesenews:13548,balaclavagraphics:6764,forward
miesenews:13534,harzverteidigen:459,forward
miesenews:13533,unvergessenehelden:6225,forward
miesenews:13531,deutschedd:4157,forward
miesenews:13530,dortmundsrechte:4745,forward
miesenews:13524,theresia_brand:43,forward
miesenews:13523,derdritteblickwinkel:4710,forward
miesenews:13522,unvergessenehelden:6222,forward
miesenews:13521,deutschedd:4156,forward
miesenews:13517,sturmzeichen:8061,forward
miesenews:13513,schmidtkeswelt:2517,forward
miesenews:13508,sturmzeichen:8052,forward
miesenews:13507,sicherheitshinweise:1439,forward
miesenews:13506,sturmzeichen:8050,forward
miesenews:13505,mayrhofer_raphael:231,forward
miesenews:13499,deutschedd:4152,forward
miesenews:13498,frontmagazin:6380,forward
miesenews:13494,sturmzeichen:8039,forward
miesenews:13493,schmidtkeswelt:2511,forward
miesenews:13492,deutschedd:4151,forward
miesenews:13490,sturmzeichen:8036,forward
miesenews:13485,sturmzeichen:8033,forward
miesenews:13484,sturmzeichen:8032,forward
miesenews:13483,rockhate:12052,forward
miesenews:13482,deutschedd:4150,forward
miesenews:13481,schmidtkeswelt:2506,forward
miesenews:13480,sturmzeichen:8016,forward
miesenews:13468,sturmzeichen:8008,forward
miesenews:13462,sturmzeichen:8007,forward
miesenews:13461,deutschedd:4146,forward
miesenews:13457,sturmzeichen:8004,forward
miesenews:13456,schmidtkeswelt:2502,forward
miesenews:13454,sturmzeichen:8002,forward
miesenews:13453,mayrhofer_raphael:224,forward
miesenews:13449,sturmzeichen:7997,forward
miesenews:13443,unvergessenehelden:6209,forward
miesenews:13442,sturmzeichen:7993,forward
miesenews:13435,dortmundsrechte:4743,forward
miesenews:13423,rockhate:12027,forward
miesenews:13422,kgxpr:20,forward
miesenews:13421,deutschedd:4135,forward
miesenews:13403,deutschedd:4131,forward
miesenews:13401,sturmzeichen:7978,forward
miesenews:13397,mayrhofer_raphael:219,forward
miesenews:13393,sturmzeichen:7965,forward
miesenews:13391,sturmzeichen:7963,forward
miesenews:13390,infodeutschoesterreich:2785,forward
miesenews:13388,mayrhofer_raphael:218,forward
miesenews:13386,sturmzeichen:7954,forward
miesenews:13371,deutschedd:4120,forward
miesenews:13365,mayrhofer_raphael:215,forward
miesenews:13361,balaclavagraphics:6667,forward
miesenews:13358,pcrecords:7447,forward
miesenews:13354,sicherheitshinweise:1435,forward
miesenews:13353,dortmundsrechte:4738,forward
miesenews:13346,pcrecords:7442,forward
weichreitekanal:1071,weichreitekanal:1070,reply
weichreitekanal:1065,weichreitekanal:1064,reply
weichreitekanal:1039,weichreitekanal:1038,reply
weichreitekanal:986,weichreitekanal:985,reply
weichreitekanal:985,weichreitekanal:984,reply
weichreitekanal:894,weichreitekanal:889,reply
wwbrex:2128,pcrecords:7528,forward
wwbrex:2127,sicherheitshinweise:1446,forward
wwbrex:2125,balaclavagraphics:6817,forward
wwbrex:2120,sicherheitshinweise:1444,forward
wwbrex:2118,rockhate:12113,forward
wwbrex:2117,wilhelmkachel:1437,forward
wwbrex:2115,sicherheitshinweise:1442,forward
wwbrex:2112,fsnrev:6882,forward
wwbrex:2106,sturmzeichen:8181,forward
wwbrex:2088,harzverteidigen:469,forward
wwbrex:2080,harzverteidigen:461,forward
wwbrex:2079,unvergessenehelden:6222,forward
wwbrex:2070,kdn2013:1710,forward
wwbrex:2062,balaclavagraphics:6715,forward
wwbrex:2057,schmidtkeswelt:2511,forward
wwbrex:2056,harzverteidigen:453,forward
wwbrex:2055,blklgnwear:772,forward
wwbrex:2052,rockhate:12044,forward
wwbrex:2050,pcrecords:7471,forward
wwbrex:463,dresden_gedenken:145,forward
wwbrex:449,wie_gesagt:37,forward
wwbrex:422,wie_gesagt:26,forward
wwbrex:254,dresden_gedenken:108,forward
mjoellnir_soehnegermaniens:24,nordglanz_1488:24,forward
mjoellnir_soehnegermaniens:17,nordglanz_1488:18,forward
jndortmund:313,michaelbrueck90:408,link
jndortmund:313,michaelbrueck90:409,forward
jndortmund:312,braunschweigverteidigen:150,forward
jndortmund:302,jn_westverband:223,forward
jndortmund:292,jn_westverband:211,forward
jndortmund:291,michaelbrueck90:406,forward
jndortmund:281,jungenationalisten:4496,forward
jndortmund:278,heimatnrw:473,forward
jndortmund:277,dortmundsrechte:4640,link
jndortmund:277,dortmundsrechte:4662,forward
jndortmund:272,heimatnrw:460,forward
jndortmund:271,heimatnrw:458,forward
jndortmund:261,jn_westverband:160,forward
jndortmund:259,dortmundsrechte:4652,forward
jndortmund:249,jungenationalisten:4406,forward
jndortmund:248,dortmundsrechte:4640,forward
jndortmund:238,jn_westverband:118,forward
jndortmund:237,dortmundsrechte:4631,link
jndortmund:237,dortmundsrechte:4638,forward
jndortmund:232,heimatnrw:427,forward
jndortmund:221,dortmundsrechte:4557,link
jndortmund:221,dortmundsrechte:4599,link
jndortmund:221,dortmundsrechte:4626,forward
jndortmund:219,jn_westverband:108,forward
jndortmund:216,jn_westverband:105,forward
jndortmund:214,heimatnrw:405,forward
jndortmund:212,dortmundsrechte:4610,forward
jndortmund:208,heimatnrw:400,forward
jndortmund:203,heimatnrw:396,forward
jndortmund:202,dortmundsrechte:4576,link
jndortmund:202,dortmundsrechte:4579,forward
jndortmund:201,dortmundsrechte:4576,forward
jndortmund:191,jn_westverband:41,forward
jndortmund:184,jn_westverband:72,forward
jndortmund:183,dortmundsrechte:4567,forward
jndortmund:181,heimatnrw:390,forward
jndortmund:179,dortmundsrechte:4550,forward
jndortmund:178,wie_gesagt:148,forward
jndortmund:171,jn_westverband:30,forward
jndortmund:162,dortmundsrechte:4526,forward
jndortmund:161,widerstandinaktion:463,forward
jndortmund:160,jn_westverband:7,forward
jndortmund:159,jn_westverband:6,forward
jndortmund:150,hermanns_heide:201,forward
jndortmund:142,heimatnrw:309,forward
jndortmund:141,heimatnrw:308,forward
jndortmund:134,heimatnrw:292,forward
jndortmund:119,lukovmarch:75,forward
jndortmund:108,jndortmund:107,reply
jndortmund:47,elblandrevolte:39,forward
stimme_der_wahrheit:3536,sturmzeichen:8250,forward
stimme_der_wahrheit:3480,stimme_der_wahrheit:3289,link
stimme_der_wahrheit:3436,infodeutschoesterreich:2830,forward
stimme_der_wahrheit:3414,stimme_der_wahrheit:3413,reply
stimme_der_wahrheit:3411,unvergessenehelden:6235,forward
stimme_der_wahrheit:3394,unvergessenehelden:6233,forward
stimme_der_wahrheit:3393,unvergessenehelden:6232,forward
stimme_der_wahrheit:3387,unvergessenehelden:6229,forward
stimme_der_wahrheit:3380,unvergessenehelden:6225,forward
stimme_der_wahrheit:3379,deutschedd:4157,forward
stimme_der_wahrheit:3375,unvergessenehelden:6222,forward
stimme_der_wahrheit:3374,infodeutschoesterreich:2815,forward
stimme_der_wahrheit:3366,stimme_der_wahrheit:3295,reply
stimme_der_wahrheit:3359,unvergessenehelden:6219,forward
stimme_der_wahrheit:3351,unvergessenehelden:6218,forward
stimme_der_wahrheit:3336,stimme_der_wahrheit:3335,reply
stimme_der_wahrheit:3335,miesenews:13491,forward
stimme_der_wahrheit:3313,unvergessenehelden:6215,forward
stimme_der_wahrheit:3312,unvergessenehelden:6214,forward
stimme_der_wahrheit:3307,balaclavagraphics:6704,forward
stimme_der_wahrheit:3302,infodeutschoesterreich:2801,forward
stimme_der_wahrheit:3288,unvergessenehelden:6209,forward
stimme_der_wahrheit:3269,infodeutschoesterreich:2654,forward
stimme_der_wahrheit:3268,infodeutschoesterreich:2798,forward
stimme_der_wahrheit:3257,deutschedd:4135,forward
stimme_der_wahrheit:3237,unvergessenehelden:6204,forward
ausvstheagenda:3305,ausvstheagenda:3300,forward
irmhild_bossdorf:408,benediktkaiser:1977,forward
irmhild_bossdorf:407,jungeuropa:3140,forward
irmhild_bossdorf:386,wilhelmkachel:1383,forward
irmhild_bossdorf:304,ijzerwake:191,forward
tanzfilmvorhaben:59,tanzfilmvorhaben:59,link
tanzfilmvorhaben:37,tanzfilmvorhaben:35,link
tanzfilmvorhaben:36,tanzfilmvorhaben:36,link
tanzfilmvorhaben:35,tanzfilmvorhaben:35,link
tanzfilmvorhaben:34,tanzfilmvorhaben:34,link
tanzfilmvorhaben:33,tanzfilmvorhaben:33,link
tanzfilmvorhaben:31,tanzfilmvorhaben:29,reply
tanzfilmvorhaben:27,tanzfilmvorhaben:27,link
stefantrautmanndl:961,widerstandinaktion:739,forward
stefantrautmanndl:960,freie_mittelsachsen:4043,forward
stefantrautmanndl:953,widerstandinaktion:723,forward
stefantrautmanndl:951,freie_mittelsachsen:4030,forward
stefantrautmanndl:950,widerstandinaktion:719,forward
stefantrautmanndl:949,freie_mittelsachsen:4027,forward
stefantrautmanndl:941,widerstandinaktion:697,forward
stefantrautmanndl:939,widerstandinaktion:693,forward
stefantrautmanndl:938,freie_mittelsachsen:3991,forward
stefantrautmanndl:933,freie_mittelsachsen:3984,forward
stefantrautmanndl:916,jungenationalisten:4496,forward
stefantrautmanndl:906,widerstandinaktion:653,forward
stefantrautmanndl:905,heimat2023:1377,forward
stefantrautmanndl:902,widerstandinaktion:650,forward
stefantrautmanndl:897,widerstandinaktion:648,forward
stefantrautmanndl:895,freie_mittelsachsen:3943,forward
stefantrautmanndl:890,stefantrautmanndl:889,forward
stefantrautmanndl:888,widerstandinaktion:626,forward
stefantrautmanndl:877,jungenationalisten:4416,forward
stefantrautmanndl:870,widerstandinaktion:585,forward
stefantrautmanndl:866,widerstandinaktion:562,forward
stefantrautmanndl:864,freiesachsen_leisnig:376,forward
stefantrautmanndl:863,widerstandinaktion:559,forward
stefantrautmanndl:862,widerstandinaktion:558,forward
stefantrautmanndl:857,widerstandinaktion:544,forward
stefantrautmanndl:840,widerstandinaktion:521,forward
stefantrautmanndl:824,widerstandinaktion:480,forward
stefantrautmanndl:815,widerstandinaktion:463,forward
stefantrautmanndl:739,stefantrautmanndl:693,link
stefantrautmanndl:700,stefantrautmanndl:693,link
stefantrautmanndl:697,frontdienst:458,forward
stefantrautmanndl:678,freiesachsen_leisnig:222,forward
stefantrautmanndl:673,stefantrautmanndl:670,link
schwarzekreuze:480,leisnig:3640,forward
schwarzekreuze:421,derdritteblickwinkel:4587,forward
dresden_spaziert:1837,dresden_spaziert:1834,forward
dresden_spaziert:1603,dresden_gedenken:292,forward
dresden_gedenken:271,dresden_gedenken:270,link
dresden_gedenken:258,frontdienst:468,forward
dresden_gedenken:239,frontdienst:458,forward
dresden_gedenken:47,dresden_gedenken:46,reply
nordglanz_1488:32,mjoellnir_soehnegermaniens:28,forward
schmierfink_streetart:184,infodeutschoesterreich:2564,forward
inczebelalegionarius:412,inczebelalegionarius:407,link
inczebelalegionarius:411,inczebelalegionarius:407,link
inczebelalegionarius:410,inczebelalegionarius:407,link
inczebelalegionarius:409,inczebelalegionarius:407,link
inczebelalegionarius:408,inczebelalegionarius:407,link
inczebelalegionarius:405,inczebelalegionarius:395,link
inczebelalegionarius:400,inczebelalegionarius:395,link
inczebelalegionarius:335,inczebelalegionarius:299,link
inczebelalegionarius:266,inczebelalegionarius:265,link
inczebelalegionarius:265,inczebelalegionarius:264,link
inczebelalegionarius:265,inczebelalegionarius:266,link
inczebelalegionarius:243,inczebelalegionarius:242,link
inczebelalegionarius:144,inczebelalegionarius:143,link
inczebelalegionarius:143,inczebelalegionarius:144,link
inczebelalegionarius:89,inczebelalegionarius:86,link
inczebelalegionarius:89,inczebelalegionarius:87,link
inczebelalegionarius:89,inczebelalegionarius:88,link
inczebelalegionarius:88,inczebelalegionarius:86,link
inczebelalegionarius:88,inczebelalegionarius:87,link
inczebelalegionarius:88,inczebelalegionarius:89,link
inczebelalegionarius:87,inczebelalegionarius:86,link
inczebelalegionarius:87,inczebelalegionarius:88,link
inczebelalegionarius:87,inczebelalegionarius:89,link
inczebelalegionarius:86,inczebelalegionarius:87,link
inczebelalegionarius:86,inczebelalegionarius:88,link
inczebelalegionarius:86,inczebelalegionarius:89,link
inczebelalegionarius:75,inczebelalegionarius:72,link
inczebelalegionarius:50,inczebelalegionarius:49,link
inczebelalegionarius:49,inczebelalegionarius:50,link
inczebelalegionarius:44,inczebelalegionarius:43,link
inczebelalegionarius:43,inczebelalegionarius:44,link
inczebelalegionarius:17,inczebelalegionarius:16,link
inczebelalegionarius:16,inczebelalegionarius:17,link
frontmagazin:6457,hermannsland:2858,forward
frontmagazin:6434,mjoellnir_soehnegermaniens:116,forward
frontmagazin:6433,sicherheitshinweise:1441,forward
frontmagazin:6359,miesenews:13455,forward
rockhate:12142,sicherheitshinweise:1446,forward
rockhate:12141,schmidtkeswelt:2582,forward
rockhate:12140,martinsellnerib:25409,forward
rockhate:12136,aufgewachtonline:2272,forward
rockhate:12134,schmidtkeswelt:2580,forward
rockhate:12131,wwbrex:2122,forward
rockhate:12127,fsnrev:6896,forward
rockhate:12121,schmidtkeswelt:2567,forward
rockhate:12120,weichreitekanal:1149,forward
rockhate:12109,sturmzeichen:8214,forward
rockhate:12107,pcrecords:7528,forward
rockhate:12105,sturmzeichen:8201,forward
rockhate:12104,homefrontsince2021:946,forward
rockhate:12098,fsnrev:6882,forward
rockhate:12092,pcrecords:7509,forward
rockhate:12091,schmidtkeswelt:2531,forward
rockhate:12090,fsnrev:6869,forward
rockhate:12089,mayrhofer_raphael:233,forward
rockhate:12086,wwbrex:2069,forward
rockhate:12078,wwbrex:2071,forward
rockhate:12077,sturmzeichen:8061,forward
rockhate:12070,pcrecords:7495,forward
rockhate:12064,mayrhofer_raphael:231,forward
rockhate:12061,pcrecords:7487,forward
rockhate:12059,mayrhofer_raphael:230,forward
rockhate:12058,schmidtkeswelt:2512,forward
rockhate:12057,schmidtkeswelt:2511,forward
rockhate:12056,fsnrev:6841,forward
rockhate:12055,sturmzeichen:8036,forward
rockhate:12053,homefrontsince2021:930,forward
rockhate:12050,heimat2023:1479,forward
rockhate:12039,miesenews:13437,forward
rockhate:12032,jn_westverband:249,forward
rockhate:12031,weichreitekanal:1113,forward
rockhate:12026,fsnrev:6817,forward
rockhate:12025,kgxpr:20,forward
rockhate:12020,sturmzeichen:7978,forward
rockhate:12019,homefrontsince2021:916,forward
rockhate:12014,sturmzeichen:7954,forward
rockhate:12011,heimat2023:1443,forward
rockhate:12007,fsnrev:6806,forward
rockhate:12001,fsnrev:6803,forward
rockhate:12000,sicherheitshinweise:1435,forward
rockhate:11998,fsnrev:6801,forward
rockhate:11985,heimat2023:1425,forward
rockhate:11982,homefrontsince2021:913,forward
rockhate:11979,pcrecords:7429,forward
rockhate:11969,jn_westverband:211,forward
rockhate:11964,pcrecords:7426,forward
rockhate:11960,weichreitekanal:1080,forward
rockhate:11949,homefrontsince2021:907,forward
rockhate:11940,sicherheitshinweise:1430,forward
rockhate:11910,jungenationalisten:4520,forward
rockhate:11907,homefrontsince2021:900,forward
rockhate:11906,schmidtkeswelt:2443,forward
rockhate:11904,prototelegram:1841,forward
rockhate:11890,homefrontsince2021:897,forward
rockhate:11887,schmidtkeswelt:2439,forward
rockhate:11885,schmidtkeswelt:2438,forward
rockhate:11880,homefrontsince2021:895,forward
rockhate:11879,schmidtkeswelt:2435,forward
rockhate:11878,schmidtkeswelt:2434,forward
rockhate:11867,schmidtkeswelt:2432,forward
rockhate:11865,homefrontsince2021:891,forward
rockhate:11860,schmidtkeswelt:2430,forward
rockhate:11857,weichreitekanal:1041,forward
rockhate:11845,pcrecords2:24,forward
rockhate:11844,schmidtkeswelt:2422,forward
rockhate:11839,aufgewachtonline:2025,forward
pcrecords2:23,herrenzimmer:443,forward
pcrecords2:20,herrenzimmer:442,forward
"pcrecords
:7546",sicherheitshinweise:1446,forward
"pcrecords
:7545",balaclavagraphics:6825,forward
"pcrecords
:7542",eb_official:225,forward
"pcrecords
:7541",eb_official:226,forward
"pcrecords
:7539",balaclavagraphics:6817,forward
"pcrecords
:7536",kdn2013:1727,forward
"pcrecords
:7532",sturmzeichen:8223,forward
"pcrecords
:7531",sicherheitshinweise:1444,forward
"pcrecords
:7530",freiesachsen:11615,link
"pcrecords
:7530",sicherheitshinweise:1443,forward
"pcrecords
:7527",ein_prozent:3416,forward
"pcrecords
:7526",theresia_brand:56,forward
"pcrecords
:7525",schmidtkeswelt:2549,forward
"pcrecords
:7520",fsnrev:6882,forward
"pcrecords
:7519",freiesachsen:11583,forward
"pcrecords
:7515",sturmzeichen:8181,forward
"pcrecords
:7514",theresia_brand:51,forward
"pcrecords
:7512",schreiberklagtan:1092,forward
"pcrecords
:7511",heimat2023:1524,forward
"pcrecords
:7507",balaclavagraphics:6774,forward
"pcrecords
:7504",deutschedd:4157,forward
"pcrecords
:7498",theresia_brand:43,forward
"pcrecords
:7497",freilichmagazin:13318,forward
"pcrecords
:7494",kdn2013:1710,forward
"pcrecords
:7492",sturmzeichen:8052,forward
"pcrecords
:7491",schreiberklagtan:1087,forward
"pcrecords
:7490",michaelbrueck90:411,forward
"pcrecords
:7485",fsnrev:6841,forward
"pcrecords
:7481",sturmzeichen:8002,forward
"pcrecords
:7474",kdn2013:1705,forward
"pcrecords
:7473",freiesachsen_leisnig:454,forward
"pcrecords
:7465",fsnrev:6817,forward
"pcrecords
:7464",balaclavagraphics:6678,forward
"pcrecords
:7461",schreiberklagtan:1083,forward
"pcrecords
:7460",kdn2013:1706,forward
"pcrecords
:7457",sturmzeichen:7962,forward
"pcrecords
:7456",miesenews:13385,forward
"pcrecords
:7454",fsnrev:6806,forward
"pcrecords
:7453",ein_prozent:3405,forward
"pcrecords
:7449",balaclavagraphics:6667,forward
"pcrecords
:7448",ein_prozent:3404,forward
"pcrecords
:7446",fsnrev:6803,forward
"pcrecords
:7444",fsnrev:6801,forward
"pcrecords
:7440",kdn2013:1705,forward
"pcrecords
:7435",freiesachsen_leisnig:442,forward
"pcrecords
:7434",heimat2023:1425,forward
"pcrecords
:7433",ein_prozent:3402,forward
"pcrecords
:7430",gefangenenhilfe:1019,forward
"pcrecords
:7428",schmidtkeswelt:2462,forward
"pcrecords
:7424",balaclavagraphics:6626,forward
"pcrecords
:7417",jungeuropa:3133,forward
"pcrecords
:7404",sicherheitshinweise:1430,forward
"pcrecords
:7386",wie_gesagt:153,forward
"balaclavagraphics
:6827",pcrecords:7528,forward
"balaclavagraphics
:6811",schmidtkeswelt:2562,forward
"balaclavagraphics
:6809",sicherheitshinweise:1444,forward
"balaclavagraphics
:6795",pcrecords:7528,forward
"balaclavagraphics
:6792",fsnrev:6882,forward
"balaclavagraphics
:6776",theresia_brand:51,forward
"balaclavagraphics
:6741",pcrecords:7495,forward
"balaclavagraphics
:6708",fsnrev:6841,forward
"balaclavagraphics
:6702",sturmzeichen:8002,forward
"balaclavagraphics
:6700",michaelbrueck90:410,forward
"balaclavagraphics
:6700",sturmzeichen:7993,link
"balaclavagraphics
:6689",kdn2013:1705,forward
"balaclavagraphics
:6685",pcrecords:7467,forward
"balaclavagraphics
:6679",fsnrev:6817,forward
"balaclavagraphics
:6676",pcrecords:7463,forward
"balaclavagraphics
:6675",schreiberklagtan:1083,forward
"balaclavagraphics
:6674",mayrhofer_raphael:219,forward
"balaclavagraphics
:6673",sturmzeichen:7962,forward
"balaclavagraphics
:6672",fsnrev:6806,forward
"balaclavagraphics
:6666",fsnrev:6803,forward
"balaclavagraphics
:6665",pcrecords:7445,forward
"balaclavagraphics
:6664",fsnrev:6801,forward
"balaclavagraphics
:6663",pcrecords:7442,forward
"balaclavagraphics
:6660",kdn2013:1705,forward
"balaclavagraphics
:6628",sicherheitshinweise:1432,forward
"balaclavagraphics
:6624",freie_mittelsachsen:3985,link
"balaclavagraphics
:6624",freiesachsen_leisnig:436,forward
"balaclavagraphics
:6623",sicherheitshinweise:1430,forward
"balaclavagraphics
:6612",wie_gesagt:152,forward
"balaclavagraphics
:6610",kdn2013:1701,forward
"balaclavagraphics
:6608",gefangenenhilfe:1012,forward
"balaclavagraphics
:6603",rockhate:11916,forward
"balaclavagraphics
:6583",sicherheitshinweise:1428,forward
"balaclavagraphics
:6580",schmidtkeswelt:2438,forward
"balaclavagraphics
:6554",pcrecords2:24,forward
"balaclavagraphics
:6551",joergdornau:1606,link
"balaclavagraphics
:6546",aufgewachtonline:1998,forward
"balaclavagraphics
:6538",kdn2013:1691,forward
"kdn2013
:1729",sicherheitshinweise:1446,link
"kdn2013
:1726",pcrecords:7528,forward
"kdn2013
:1719",theresia_brand:51,forward
"kdn2013
:1712",theresia_brand:43,forward
"kdn2013
:1711",pcrecords:7496,forward
"kdn2013
:1707",pcrecords:7471,forward
"kdn2013
:1704",unetenucleonacional:574,forward
"kdn2013
:1693",schmierfink_streetart:198,forward
"kdn2013
:1690",king_of_the_streets:2892,forward
"kdn2013
:1685",inczebelalegionarius:370,forward
"kdn2013
:1682",dortmundsrechte:4619,forward
"kdn2013
:1680",dortmundsrechte:4616,forward
"kdn2013
:1671",wilhelmkachel:1327,forward
"kdn2013
:1666",pcrecords2:15,forward
"kdn2013
:1663",dortmundsrechte:4567,forward
"kdn2013
:1661",unvergessenehelden:5998,forward
"kdn2013
:1657",derdrittewegvogtland:922,forward
"kdn2013
:1617",hermanns_heide:201,forward
"kdn2013
:1614",gefangenenhilfe:885,forward
"kdn2013
:1573",dresden_gedenken:288,forward
"kdn2013
:1570",frankkraemer:2847,forward
"kdn2013
:1569",frankkraemer:2846,forward
"kdn2013
:1559",deutscheswarenhaus:511,link
"kdn2013
:1533",blklgnwear:732,forward
"kdn2013
:1515",blklgnwear:729,forward
"kdn2013
:1509",lebensart_survival:2283,forward
"kdn2013
:1501",blklgnwear:727,forward
"kdn2013
:1491",blklgnwear:723,link
"kdn2013
:1483",sicherheitshinweise:1337,link
"kdn2013
:1478",sicherheitshinweise:1332,link
"kdn2013
:1435",jndortmund:45,forward
unvergessenehelden:6224,deutschedd:4157,forward
unvergessenehelden:6092,deutschedd:4084,forward
unvergessenehelden:6002,deutschedd:3968,link
derdrittewegvogtland:929,agjugend:734,forward
derdrittewegvogtland:920,agjugend:708,forward
derdrittewegvogtland:919,agjugend:695,forward
derdrittewegvogtland:892,agjugend:644,forward
derdrittewegvogtland:883,agjugend:599,forward
derdrittewegvogtland:878,agjugend:579,forward
derdrittewegvogtland:868,derdrittewegvogtland:867,forward
derdrittewegvogtland:860,agjugend:552,forward
derdrittewegvogtland:858,agjugend:542,forward
derdrittewegvogtland:857,agjugend:536,forward
derdrittewegvogtland:738,derdrittewegvogtland:735,forward
agjugend:791,derdrittewegvogtland:943,forward
agjugend:772,derdrittewegvogtland:938,forward
agjugend:770,schmierfink_streetart:199,forward
agjugend:754,derdrittewegvogtland:932,forward
agjugend:752,derdrittewegvogtland:931,forward
agjugend:732,schmierfink_streetart:192,forward
agjugend:730,derdrittewegvogtland:928,forward
agjugend:711,derdrittewegvogtland:922,forward
agjugend:705,schmierfink_streetart:185,forward
agjugend:676,schmierfink_streetart:157,forward
agjugend:663,derdrittewegvogtland:900,forward
agjugend:629,derdrittewegvogtland:888,forward
agjugend:624,schmierfink_streetart:131,forward
agjugend:614,derdrittewegvogtland:886,forward
agjugend:612,schmierfink_streetart:126,forward
agjugend:582,derdrittewegvogtland:877,forward
agjugend:516,derdrittewegvogtland:845,forward
agjugend:514,derdrittewegvogtland:844,forward
agjugend:513,derdrittewegvogtland:843,forward
wolfpmsoffiziell:1550,jungeuropa:3248,forward
wolfpmsoffiziell:1547,benediktkaiser:2002,forward
wolfpmsoffiziell:1545,ein_prozent:3409,forward
wolfpmsoffiziell:1543,benediktkaiser:1977,forward
wolfpmsoffiziell:1541,jungeuropa:3140,forward
wolfpmsoffiziell:1540,ein_prozent:3401,forward
wolfpmsoffiziell:1539,benediktkaiser:1963,forward
wolfpmsoffiziell:1538,jungeuropa:3115,forward
wolfpmsoffiziell:1531,ein_prozent:3393,forward
wolfpmsoffiziell:1512,irmhild_bossdorf:309,forward
wolfpmsoffiziell:1479,jungeuropa:2966,forward
wolfpmsoffiziell:1433,ein_prozent:3349,forward
wolfpmsoffiziell:1418,benediktkaiser:1763,forward
wolfpmsoffiziell:1415,ein_prozent:3261,forward
wolfpmsoffiziell:1403,jungetat:522,forward
wolfpmsoffiziell:1402,ein_prozent:3241,forward
wolfpmsoffiziell:1399,ein_prozent:3239,forward
wolfpmsoffiziell:1398,wolfpmsoffiziell:1378,forward
wolfpmsoffiziell:1377,ein_prozent:3233,forward
wolfpmsoffiziell:1375,wolfpmsoffiziell:1374,link
wolfpmsoffiziell:1372,ein_prozent:3218,forward
wolfpmsoffiziell:1350,ein_prozent:3198,forward
wolfpmsoffiziell:1348,ein_prozent:3192,forward
wolfpmsoffiziell:1341,ein_prozent:3189,forward
wolfpmsoffiziell:1328,ein_prozent:3170,forward
wolfpmsoffiziell:1308,ein_prozent:3164,forward
wolfpmsoffiziell:1301,ein_prozent:3151,forward
wolfpmsoffiziell:1299,ein_prozent:3150,forward
wolfpmsoffiziell:1298,ein_prozent:3149,forward
wolfpmsoffiziell:1294,ein_prozent:3147,forward
wolfpmsoffiziell:1275,jungetat:453,forward
wolfpmsoffiziell:1264,ein_prozent:3142,forward
wolfpmsoffiziell:1262,ein_prozent:3139,forward
wolfpmsoffiziell:1244,jungetat:445,forward
infodeutschoesterreich:2850,infodeutschoesterreich:2680,link
infodeutschoesterreich:2809,infodeutschoesterreich:2759,link
infodeutschoesterreich:2790,schmierfink_streetart:208,forward
infodeutschoesterreich:2776,gefangenenhilfe:1019,link
infodeutschoesterreich:2771,gefangenenhilfe:1019,forward
infodeutschoesterreich:2759,infodeutschoesterreich:2585,link
infodeutschoesterreich:2711,gefangenenhilfe:980,forward
infodeutschoesterreich:2696,schmierfink_streetart:196,forward
infodeutschoesterreich:2652,gefangenenhilfe:955,forward
infodeutschoesterreich:2605,infodeutschoesterreich:2568,link
infodeutschoesterreich:2599,infodeutschoesterreich:2587,link
infodeutschoesterreich:2589,gefangenenhilfe:907,link
infodeutschoesterreich:2589,gefangenenhilfe:936,forward
infodeutschoesterreich:2556,schmierfink_streetart:173,forward
homefrontsince2021:915,gefangenenhilfe:1019,forward
homefrontsince2021:899,rockhate:11905,forward
homefrontsince2021:847,dortmundsrechte:4616,forward
homefrontsince2021:845,gefangenenhilfe:958,forward
homefrontsince2021:813,dortmundsrechte:4567,forward
homefrontsince2021:768,kdn2013:1637,forward
homefrontsince2021:763,wilhelmkachel:1258,forward
homefrontsince2021:760,homefrontsince2021:732,forward
homefrontsince2021:750,kdn2013:1627,forward
realblaircottrell:6630,realblaircottrell:6627,reply
realblaircottrell:6604,realblaircottrell:6603,reply
realblaircottrell:6433,realblaircottrell:6432,reply
realblaircottrell:6382,realblaircottrell:6381,reply
realblaircottrell:6358,realblaircottrell:6357,reply
realblaircottrell:6318,realblaircottrell:6317,reply
realblaircottrell:6305,realblaircottrell:6304,reply
nsfronta:540,lukovmarch:152,forward
activeclubuncensored:3582,unetenucleonacional:605,forward
activeclubuncensored:3541,youthfront:972,forward
activeclubuncensored:3535,athenscene:868,forward
activeclubuncensored:3452,athenscene:851,forward
frankkraemer:2913,derdritteblickwinkel:4722,forward
frankkraemer:2908,derdritteblickwinkel:4692,forward
frankkraemer:2907,derdritteblickwinkel:4690,forward
frankkraemer:2904,derdritteblickwinkel:4687,forward
frankkraemer:2903,derdritteblickwinkel:4682,forward
frankkraemer:2902,gegenstrom:407,forward
frankkraemer:2901,derdritteblickwinkel:4679,forward
frankkraemer:2896,derdritteblickwinkel:4663,forward
frankkraemer:2895,derdritteblickwinkel:4662,forward
frankkraemer:2882,derdritteblickwinkel:4639,forward
frankkraemer:2879,derdritteblickwinkel:4624,forward
frankkraemer:2877,derdritteblickwinkel:4620,forward
frankkraemer:2876,derdritteblickwinkel:4618,forward
frankkraemer:2874,derdritteblickwinkel:4611,forward
frankkraemer:2871,derdritteblickwinkel:4606,forward
frankkraemer:2866,derdritteblickwinkel:4597,forward
frankkraemer:2865,derdritteblickwinkel:4596,forward
frankkraemer:2864,derdritteblickwinkel:4590,forward
frankkraemer:2863,derdritteblickwinkel:4588,forward
frankkraemer:2861,derdritteblickwinkel:4584,forward
frankkraemer:2859,derdritteblickwinkel:4577,forward
frankkraemer:2858,derdritteblickwinkel:4576,forward
frankkraemer:2853,derdritteblickwinkel:4561,forward
frankkraemer:2851,derdritteblickwinkel:4558,forward
frankkraemer:2850,derdritteblickwinkel:4550,forward
frankkraemer:2848,dresden_gedenken:289,forward
frankkraemer:2845,derdritteblickwinkel:4532,forward
frankkraemer:2844,derdritteblickwinkel:4531,forward
frankkraemer:2843,derdritteblickwinkel:4529,forward
frankkraemer:2839,derdritteblickwinkel:4516,forward
frankkraemer:2833,derdritteblickwinkel:4488,forward
frankkraemer:2828,derdritteblickwinkel:4479,forward
frankkraemer:2823,derdritteblickwinkel:4472,forward
frankkraemer:2818,derdritteblickwinkel:4462,forward
frankkraemer:2816,derdritteblickwinkel:4450,forward
frankkraemer:2814,derdritteblickwinkel:4448,forward
frankkraemer:2803,derdritteblickwinkel:4431,forward
frankkraemer:2730,frankkraemer:2718,reply
frankkraemer:2676,frankkraemer:2675,reply
blklgnwear:774,kdn2013:1722,forward
blklgnwear:771,mayrhofer_raphael:219,forward
blklgnwear:770,kdn2013:1703,forward
blklgnwear:769,kdn2013:1701,forward
blklgnwear:768,kdn2013:1691,forward
blklgnwear:767,kdn2013:1689,forward
blklgnwear:765,kdn2013:1681,forward
blklgnwear:763,kdn2013:1674,forward
blklgnwear:761,kdn2013:1676,forward
blklgnwear:760,kdn2013:1672,forward
blklgnwear:757,kdn2013:1630,forward
blklgnwear:748,dresden_gedenken:292,forward
blklgnwear:747,dresden_gedenken:288,forward
blklgnwear:745,kdn2013:1572,forward
blklgnwear:744,wie_gesagt:140,forward
blklgnwear:743,dresden_gedenken:278,forward
blklgnwear:741,frontdienst:458,forward
blklgnwear:738,kdn2013:1553,forward
blklgnwear:733,kdn2013:1546,forward
blklgnwear:730,dresden_gedenken:238,forward
blklgnwear:725,gefangenenhilfe:780,forward
blklgnwear:723,gefangenenhilfe:760,forward
blklgnwear:719,gefangenenhilfe:739,forward
blklgnwear:718,kdn2013:1434,forward
blklgnwear:711,deutscheswarenhaus:420,forward
blklgnwear:701,dresden_gedenken:209,forward
blklgnwear:700,dresden_gedenken:210,forward
blklgnwear:699,dresden_gedenken:211,forward
blklgnwear:697,dresden_gedenken:208,forward
blklgnwear:696,dresden_gedenken:207,forward
blklgnwear:664,sicherheitshinweise:1247,forward
blklgnwear:651,wie_gesagt:84,forward
blklgnwear:623,wie_gesagt:76,forward
blklgnwear:622,wie_gesagt:75,forward
blklgnwear:518,sicherheitshinweise:1154,forward
blklgnwear:517,dresden_gedenken:165,forward
blklgnwear:516,dresden_gedenken:164,forward
blklgnwear:515,sicherheitshinweise:1152,forward
blklgnwear:514,dresden_gedenken:158,forward
blklgnwear:513,dresden_gedenken:157,forward
blklgnwear:512,dresden_gedenken:155,forward
blklgnwear:511,dresden_gedenken:154,forward
lebensart_survival:2348,lebensart_survival:2346,forward
lebensart_survival:2278,lebensart_survival:2275,forward
lebensart_survival:2182,wolfpmsoffiziell:1273,forward
"homefrontsince2021
:915",gefangenenhilfe:1019,forward
"homefrontsince2021
:899",rockhate:11905,forward
"homefrontsince2021
:847",dortmundsrechte:4616,forward
"homefrontsince2021
:845",gefangenenhilfe:958,forward
"homefrontsince2021
:813",dortmundsrechte:4567,forward
"homefrontsince2021
:768",kdn2013:1637,forward
"homefrontsince2021
:763",wilhelmkachel:1258,forward
"homefrontsince2021
:760",homefrontsince2021:732,forward
"homefrontsince2021
:750",kdn2013:1627,forward
"sturmzeichen
:8245",auf1tv:16931,forward
"sturmzeichen
:8243",aufgewachtonline:2272,forward
"sturmzeichen
:8227",heimat2023:1544,forward
"sturmzeichen
:8226",schmidtkeswelt:2562,forward
"sturmzeichen
:8219",aufgewachtonline:2246,forward
"sturmzeichen
:8217",freiesachsen:11615,forward
"sturmzeichen
:8215",aufgewachtonline:2243,forward
"sturmzeichen
:8208",sicherheitshinweise:1441,forward
"sturmzeichen
:8206",freiesachsen:11605,forward
"sturmzeichen
:8191",martinsellnerib:25329,forward
"sturmzeichen
:8189",schmidtkeswelt:2540,forward
"sturmzeichen
:8172",heimat2023:1524,forward
"sturmzeichen
:8169",schmidtkeswelt:2532,forward
"sturmzeichen
:8168",freiesachsen:11571,forward
"sturmzeichen
:8160",dortmundsrechte:4758,forward
"sturmzeichen
:8143",widerstandinaktion:730,forward
"sturmzeichen
:8141",heimathessen:1546,forward
"sturmzeichen
:8130",heimatsachsenanhalt:1027,forward
"sturmzeichen
:8128",balaclavagraphics:6771,forward
"sturmzeichen
:8114",harzverteidigen:461,forward
"sturmzeichen
:8107",widerstandinaktion:723,forward
"sturmzeichen
:8106",schmidtkeswelt:2522,forward
"sturmzeichen
:8105",dortmundsrechte:4755,forward
"sturmzeichen
:8099",dortmundsrechte:4749,forward
"sturmzeichen
:8092",hermanns_heide:338,forward
"sturmzeichen
:8091",dortmundsrechte:4748,forward
"sturmzeichen
:8089",dortmundsrechte:4746,forward
"sturmzeichen
:8088",balaclavagraphics:6764,forward
"sturmzeichen
:8078",jn_mup:13,forward
"sturmzeichen
:8069",heimat2023:1492,forward
"sturmzeichen
:8063",theresia_brand:43,forward
"sturmzeichen
:8062",derdritteblickwinkel:4710,forward
"sturmzeichen
:8059",schmidtkeswelt:2516,forward
"sturmzeichen
:8055",sicherheitshinweise:1439,forward
"sturmzeichen
:8054",ein_prozent:3414,forward
"sturmzeichen
:8051",widerstandinaktion:721,forward
"sturmzeichen
:8045",pcrecords:7487,forward
"sturmzeichen
:8044",mayrhofer_raphael:230,forward
"sturmzeichen
:8040",schmidtkeswelt:2511,forward
"sturmzeichen
:8038",schmidtkeswelt:2510,forward
"sturmzeichen
:8035",miesenews:13487,forward
"sturmzeichen
:8029",balaclavagraphics:6706,forward
"sturmzeichen
:8028",harzverteidigen:444,forward
"sturmzeichen
:8027",schmidtkeswelt:2506,forward
"sturmzeichen
:8017",heimat2023:1479,forward
"sturmzeichen
:8012",aufgewachtonline:2186,forward
"sturmzeichen
:8006",deutschedd:4146,forward
"sturmzeichen
:8005",balaclavagraphics:6703,forward
"sturmzeichen
:8003",schmidtkeswelt:2502,forward
"sturmzeichen
:8001",mayrhofer_raphael:224,forward
"sturmzeichen
:7995",michaelbrueck90:410,forward
"sturmzeichen
:7995",sturmzeichen:7993,link
"sturmzeichen
:7987",kdn2013:1705,forward
"sturmzeichen
:7986",dortmundsrechte:4743,forward
"sturmzeichen
:7983",ein_prozent:3409,forward
"sturmzeichen
:7980",deutschedd:4131,forward
"sturmzeichen
:7966",mayrhofer_raphael:219,forward
jungenationalisten:5168,heimat2023:1928,forward
jungenationalisten:5167,jn_westverband:427,forward
jungenationalisten:5158,jn_aktioneuropa:63,forward
jungenationalisten:5150,dieheimatmv:217,forward
jungenationalisten:5144,comitedu9mai:451,forward
jungenationalisten:5140,frontdienst:725,forward
jungenationalisten:5132,balaclavagraphics:7285,forward
jungenationalisten:5131,dieheimatmv:203,forward
jungenationalisten:5128,jn_mup:214,forward
jungenationalisten:5126,dortmundsrechte:5001,forward
jungenationalisten:5125,sturmzeichen:9174,forward
jungenationalisten:5124,jn_mup:211,forward
jungenationalisten:5123,jn_mup:210,forward
jungenationalisten:5108,jn_mup:192,forward
jungenationalisten:5104,heimatnrw:618,forward
jungenationalisten:5099,heimatnrw:607,forward
jungenationalisten:5093,dortmundsrechte:4946,forward
jungenationalisten:5092,dortmundsrechte:4945,forward
jungenationalisten:5090,jn_mup:186,forward
jungenationalisten:5088,deutscheswarenhaus:628,forward
jungenationalisten:5084,freie_mittelsachsen:4206,forward
jungenationalisten:5083,heimatnrw:600,forward
jungenationalisten:5082,dortmundsrechte:4925,forward
jungenationalisten:5081,heimat2023:1834,forward
jungenationalisten:5077,jn_mup:178,forward
jungenationalisten:5076,jungenationalisten:5075,reply
jungenationalisten:5074,frontdienst:722,forward
jungenationalisten:5073,heimatnrw:594,forward
jungenationalisten:5072,eichsfeldrevolte:19,forward
jungenationalisten:5069,jn_mup:172,forward
jungenationalisten:5065,heimatnrw:586,forward
jungenationalisten:5064,frontdienst:720,forward
jungenationalisten:5063,derappell:12,link
jungenationalisten:5063,appell_jn:7,link
jungenationalisten:5063,appell_jn:8,link
jungenationalisten:5063,appell_jn:11,link
jungenationalisten:5063,appell_jn:14,link
jungenationalisten:5063,appell_jn:16,link
jungenationalisten:5063,appell_jn:18,link
jungenationalisten:5063,appell_jn:20,link
jungenationalisten:5063,appell_jn:21,link
jungenationalisten:5063,appell_jn:22,link
jungenationalisten:5063,appell_jn:23,link
jungenationalisten:5063,appell_jn:24,link
jungenationalisten:5063,appell_jn:25,link
jungenationalisten:5063,appell_jn:26,link
jungenationalisten:5063,appell_jn:27,link
jungenationalisten:5063,appell_jn:28,link
jungenationalisten:5063,appell_jn:29,link
jungenationalisten:5063,appell_jn:30,link
jungenationalisten:5063,appell_jn:31,link
jungenationalisten:5063,appell_jn:32,link
jungenationalisten:5063,appell_jn:33,link
jungenationalisten:5063,appell_jn:34,link
jungenationalisten:5063,appell_jn:35,link
jungenationalisten:5063,appell_jn:36,link
jungenationalisten:5063,appell_jn:37,link
jungenationalisten:5063,derappell:46,link
jungenationalisten:5063,appell_jn:38,link
jungenationalisten:5063,appell_jn:39,link
jungenationalisten:5063,appell_jn:40,link
jungenationalisten:5063,appell_jn:41,link
jungenationalisten:5063,appell_jn:42,link
jungenationalisten:5063,appell_jn:45,link
jungenationalisten:5063,derappell:55,link
jungenationalisten:5063,appell_jn:48,link
jungenationalisten:5063,appell_jn:3,forward
jungenationalisten:5057,wie_gesagt:167,forward
jungenationalisten:5055,jn_westverband:388,forward
jungenationalisten:5054,eichsfeldrevolte:18,forward
jungenationalisten:5052,jnhessen:196,forward
jungenationalisten:5051,jn_westverband:387,forward
jungenationalisten:5050,jungenationalisten:5014,forward
jungenationalisten:5049,heimat2023:1812,forward
jungenationalisten:5048,eichsfeldrevolte:17,forward
jungenationalisten:5035,jn_aktioneuropa:46,forward
jungenationalisten:5024,jn_aktioneuropa:36,forward
jungenationalisten:5023,jn_mup:145,forward
jungenationalisten:5021,rossmueller_dissident:2376,forward
jungenationalisten:5020,frontdienst:390,forward
jungenationalisten:5019,eichsfeldrevolte:6,forward
jungenationalisten:5018,jn_th:1308,forward
jungenationalisten:5017,jn_mup:143,forward
jungenationalisten:5016,frontdienst:715,forward
jungenationalisten:5015,gefangenenhilfe:1139,forward
jungenationalisten:5012,jn_mup:137,forward
jungenationalisten:5011,heimat2023:1793,forward
jungenationalisten:5008,heimat2023:1794,forward
jungenationalisten:5001,jn_mup:135,forward
jungenationalisten:4999,heimatnrw:561,forward
jungenationalisten:4997,frontdienst:711,forward
jungenationalisten:4995,jn_mup:134,forward
jungenationalisten:4994,frontdienst:709,forward
jungenationalisten:4993,jn_westverband:348,forward
jungenationalisten:4992,jn_mup:128,forward
jungenationalisten:4989,clauscremernrw:2235,forward
jungenationalisten:4986,jn_mup:127,forward
jungenationalisten:4985,widerstandinaktion:912,forward
jungenationalisten:4984,widerstandinaktion:910,forward
jungenationalisten:4972,dortmundsrechte:4866,forward
jungenationalisten:4967,widerstandinaktion:898,forward
jungenationalisten:4961,elblandrevolte:141,forward
jungenationalisten:4960,wie_gesagt:161,forward
jungenationalisten:4936,jn_westverband:320,forward
jungenationalisten:4935,jn_th:1289,forward
jungenationalisten:4931,freiesachsen_leisnig:520,link
jungenationalisten:4931,schreiberklagtan:1131,link
jungenationalisten:4931,dresden_gedenken:344,forward
jungenationalisten:4921,niederlausitzinfo:1832,forward
jungenationalisten:4920,widerstandinaktion:872,forward
jungenationalisten:4889,jn_sachsen_anhalt:570,forward
jungenationalisten:4884,harzverteidigen:582,forward
jungenationalisten:4882,widerstandinaktion:871,forward
jungenationalisten:4881,comitedu9mai:398,forward
jungenationalisten:4874,widerstandinaktion:863,forward
jungenationalisten:4873,dresden_gedenken:337,forward
jungenationalisten:4872,widerstandinaktion:862,forward
jungenationalisten:4871,jn_th:1279,forward
jungenationalisten:4869,jn_mup:107,forward
jungenationalisten:4866,widerstandinaktion:859,forward
jungenationalisten:4864,jn_mup:105,forward
jungenationalisten:4860,stefantrautmanndl:1013,forward
jungenationalisten:4858,jn_mup:102,forward
jungenationalisten:4857,flakdieband:1118,forward
jungenationalisten:4856,braunschweigverteidigen:219,forward
jungenationalisten:4855,jn_th:1276,forward
jungenationalisten:4854,dresden_gedenken:331,forward
jungenationalisten:4853,heimat2023:1718,forward
jungenationalisten:4852,jn_th:1275,forward
jungenationalisten:4850,heimatnrw:541,forward
jungenationalisten:4849,widerstandinaktion:851,forward
jungenationalisten:4847,frontdienst:701,forward
jungenationalisten:4845,widerstandinaktion:845,forward
jungenationalisten:4844,widerstandinaktion:842,forward
jungenationalisten:4843,jn_th:1273,forward
jungenationalisten:4842,lukovmarch:75,forward
jungenationalisten:4841,dresden_gedenken:324,forward
jungenationalisten:4840,jn_westverband:302,forward
activeclubuncensored:4037,natsquads:1873,forward
activeclubuncensored:4003,natsquads:1845,forward
activeclubuncensored:3968,inczebelalegionarius:453,forward
agjugend:839,derdrittewegvogtland:968,forward
agjugend:834,derdrittewegvogtland:967,forward
agjugend:825,derdrittewegvogtland:960,forward
agjugend:800,derdrittewegvogtland:947,forward
agjugend:795,derdrittewegvogtland:944,forward
athenscene:1064,comitedu9mai:451,forward
athenscene:1040,athenscene:1032,reply
athenscene:979,athenscene:978,reply
athenscene:975,athenscene:969,reply
aufgewachtonline:2958,rossmueller:3457,forward
aufgewachtonline:2953,apollonews_de:20432,forward
aufgewachtonline:2948,hartungstefan:879,forward
aufgewachtonline:2941,hartungstefan:874,forward
aufgewachtonline:2937,jungenationalisten:5142,forward
aufgewachtonline:2925,balaclavagraphics:7285,forward
aufgewachtonline:2924,rossmueller:3459,forward
aufgewachtonline:2922,schmidtkeswelt:2898,forward
aufgewachtonline:2916,heimat2023:1892,forward
aufgewachtonline:2912,clauscremernrw:2350,forward
aufgewachtonline:2888,benediktkaiser:2367,forward
aufgewachtonline:2883,heimatnrw:622,forward
aufgewachtonline:2866,dortmundsrechte:4946,forward
aufgewachtonline:2843,heimat2023:1837,forward
aufgewachtonline:2825,rossmueller:3402,forward
aufgewachtonline:2817,heimat2023:1824,forward
aufgewachtonline:2815,benediktkaiser:2320,forward
aufgewachtonline:2807,rossmueller:3383,forward
aufgewachtonline:2738,rossmueller:3330,forward
aufgewachtonline:2727,heimat2023:1793,forward
aufgewachtonline:2713,rossmueller:3309,forward
aufgewachtonline:2681,heimat2023:1768,forward
aufgewachtonline:2671,rossmueller:3266,forward
aufgewachtonline:2667,benediktkaiser:2228,forward
ausvstheagenda:3717,ausvstheagenda:3638,forward
ausvstheagenda:3689,ausvstheagenda:3642,forward
balaclavagraphics:7296,sturmzeichen:9215,forward
balaclavagraphics:7268,dresden_gedenken:380,forward
balaclavagraphics:7267,gefangenenhilfe:1163,forward
balaclavagraphics:7252,gefangenenhilfe:1153,forward
balaclavagraphics:7250,sicherheitshinweise:1474,forward
balaclavagraphics:7219,dresden_gedenken:379,forward
balaclavagraphics:7204,hartungstefan:852,forward
balaclavagraphics:7177,wie_gesagt:166,forward
balaclavagraphics:7162,sturmzeichen:8992,forward
balaclavagraphics:7160,eichsfeldrevolte:6,forward
balaclavagraphics:7158,schmidtkeswelt:2794,forward
balaclavagraphics:7149,dresden_gedenken:378,forward
balaclavagraphics:7138,schmidtkeswelt:2776,forward
balaclavagraphics:7084,gefangenenhilfe:1103,forward
balaclavagraphics:7083,gefangenenhilfe:1103,forward
balaclavagraphics:7071,freiesachsen_leisnig:520,link
balaclavagraphics:7071,schreiberklagtan:1131,link
balaclavagraphics:7071,dresden_gedenken:344,forward
balaclavagraphics:7042,dresden_gedenken:338,forward
balaclavagraphics:7041,dresden_gedenken:336,forward
balaclavagraphics:7039,gefangenenhilfe:1093,forward
balaclavagraphics:7039,gefangenenhilfe:1094,link
balaclavagraphics:7035,fsnrev:7089,forward
balaclavagraphics:7030,dresden_gedenken:331,forward
balaclavagraphics:7023,schmidtkeswelt:2716,forward
balaclavagraphics:7019,dresden_gedenken:326,forward
balaclavagraphics:7017,herrenzimmer:469,forward
balaclavagraphics:7003,dresden_gedenken:324,forward
balaclavagraphics:6988,dresden_gedenken:319,forward
balaclavagraphics:6987,dresden_gedenken:317,forward
benediktkaiser:2396,jungeuropa:3681,forward
benediktkaiser:2387,jungeuropa:3669,forward
benediktkaiser:2365,jungeuropa:3627,forward
benediktkaiser:2363,jungeuropa:3623,forward
benediktkaiser:2327,freilichmagazin:14215,forward
benediktkaiser:2324,jungeuropa:3587,forward
benediktkaiser:2320,benediktkaiser:2319,reply
benediktkaiser:2318,jungeuropa:3580,forward
benediktkaiser:2317,jungeuropa:3576,forward
benediktkaiser:2316,jungeuropa:3575,forward
benediktkaiser:2315,jungeuropa:3572,forward
benediktkaiser:2308,jungeuropa:3567,forward
benediktkaiser:2303,freilichmagazin:14179,forward
benediktkaiser:2300,jungeuropa:3563,forward
benediktkaiser:2295,jungeuropa:3556,forward
benediktkaiser:2289,jungeuropa:3554,forward
benediktkaiser:2284,jungeuropa:3549,forward
benediktkaiser:2281,jungeuropa:3537,forward
benediktkaiser:2261,jungeuropa:3522,forward
benediktkaiser:2252,jungeuropa:3501,forward
benediktkaiser:2250,jungeuropa:3499,forward
benediktkaiser:2232,jungeuropa:3482,forward
benediktkaiser:2227,jungeuropa:3470,forward
benediktkaiser:2224,jungeuropa:3464,forward
benediktkaiser:2220,jungeuropa:3461,forward
benediktkaiser:2218,jungeuropa:3454,forward
benediktkaiser:2216,jungeuropa:3451,forward
benediktkaiser:2214,jungeuropa:3444,forward
benediktkaiser:2211,jungeuropa:3441,forward
benediktkaiser:2209,jungeuropa:3440,forward
benediktkaiser:2206,jungeuropa:3438,forward
benediktkaiser:2118,irmhild_bossdorf:519,forward
benediktkaiser:2112,wolfpmsoffiziell:1552,forward
blklgnwear:811,kdn2013:1790,forward
blklgnwear:810,dresden_gedenken:380,forward
blklgnwear:809,kdn2013:1789,forward
blklgnwear:808,kdn2013:1787,forward
blklgnwear:807,gefangenenhilfe:1153,forward
blklgnwear:806,kdn2013:1779,forward
blklgnwear:800,dresden_gedenken:337,forward
blklgnwear:799,dresden_gedenken:319,forward
blklgnwear:788,gefangenenhilfe:1056,forward
blklgnwear:786,dresden_gedenken:299,forward
blklgnwear:784,kdn2013:1741,forward
braunschweigverteidigen:319,jn_aktioneuropa:63,forward
braunschweigverteidigen:318,jungenationalisten:5142,forward
braunschweigverteidigen:317,peterschreiber:3829,forward
braunschweigverteidigen:316,braunschweigverteidigen:315,reply
braunschweigverteidigen:315,jungenationalisten:5122,forward
braunschweigverteidigen:305,jungenationalisten:5109,forward
braunschweigverteidigen:304,jungenationalisten:5075,forward
braunschweigverteidigen:303,schmidtkeswelt:2847,forward
braunschweigverteidigen:302,dortmundsrechte:4916,forward
braunschweigverteidigen:301,dortmundsrechte:4915,forward
braunschweigverteidigen:300,frontdienst:720,forward
braunschweigverteidigen:299,gefangenenhilfe:1150,forward
braunschweigverteidigen:298,eichsfeldrevolte:18,forward
braunschweigverteidigen:266,jungenationalisten:5037,forward
braunschweigverteidigen:265,schmidtkeswelt:2799,forward
braunschweigverteidigen:263,eichsfeldrevolte:6,forward
braunschweigverteidigen:262,jn_th:1308,forward
braunschweigverteidigen:260,kdn2013:1769,forward
braunschweigverteidigen:256,eichsfeldrevolte:4,forward
braunschweigverteidigen:248,widerstandinaktion:898,forward
braunschweigverteidigen:247,mayrhofer_raphael:292,forward
braunschweigverteidigen:246,wie_gesagt:165,forward
braunschweigverteidigen:245,wie_gesagt:164,forward
braunschweigverteidigen:242,deutschedd:4307,forward
braunschweigverteidigen:223,jungenationalisten:4913,forward
braunschweigverteidigen:222,mayrhofer_raphael:286,forward
braunschweigverteidigen:220,dresden_gedenken:336,forward
braunschweigverteidigen:213,dresden_gedenken:319,forward
braunschweigverteidigen:206,jn_sachsen_anhalt:543,forward
braunschweigverteidigen:192,harzverteidigen:528,forward
braunschweigverteidigen:190,braunschweigverteidigen:189,reply
braunschweigverteidigen:189,harzverteidigen:526,forward
braunschweigverteidigen:187,harzverteidigen:522,forward
braunschweigverteidigen:180,hermanns_heide:372,forward
clauscremernrw:2377,jn_aktioneuropa:63,forward
clauscremernrw:2376,jn_westverband:427,forward
clauscremernrw:2369,heimat2023:1922,forward
clauscremernrw:2360,blickpunkttv:1470,forward
clauscremernrw:2354,blickpunkttv:1447,forward
clauscremernrw:2353,jungenationalisten:5122,forward
clauscremernrw:2352,aufgewachtonline:2911,forward
clauscremernrw:2338,jungenationalisten:5109,forward
clauscremernrw:2329,heimat2023:1872,forward
clauscremernrw:2328,heimat2023:1871,forward
clauscremernrw:2319,dortmundsrechte:4934,forward
clauscremernrw:2318,heimat2023:1841,forward
clauscremernrw:2316,heimat2023:1837,forward
clauscremernrw:2314,jungenationalisten:5075,forward
clauscremernrw:2311,heimatnrw:594,forward
clauscremernrw:2308,heimatnrw:591,forward
clauscremernrw:2307,heimat2023:1827,forward
clauscremernrw:2306,dortmundsrechte:4916,forward
clauscremernrw:2294,heimatnrw:586,forward
clauscremernrw:2293,heimat2023:1812,link
clauscremernrw:2291,jn_westverband:387,forward
clauscremernrw:2290,heimat2023:1814,forward
clauscremernrw:2289,rossmueller_dissident:2384,forward
clauscremernrw:2288,jn_aktioneuropa:46,forward
clauscremernrw:2278,jn_aktioneuropa:36,forward
clauscremernrw:2274,rossmueller_dissident:2376,forward
clauscremernrw:2267,jn_westverband:353,forward
clauscremernrw:2262,heimatnrw:567,forward
clauscremernrw:2255,dortmundsrechte:4898,forward
clauscremernrw:2254,rossmueller_dissident:2358,forward
clauscremernrw:2253,heimat2023:1796,forward
clauscremernrw:2241,heimatnrw:561,forward
clauscremernrw:2238,jn_westverband:348,forward
clauscremernrw:2232,heimatnrw:559,forward
clauscremernrw:2231,heimat2023:1771,forward
clauscremernrw:2226,dortmundsrechte:4866,forward
clauscremernrw:2214,heimat2023:1738,forward
clauscremernrw:2213,heimat2023:1736,forward
clauscremernrw:2200,heimat2023:1726,forward
clauscremernrw:2185,jungenationalisten:4895,forward
clauscremernrw:2176,jn_westverband:307,forward
clauscremernrw:2175,clauscremernrw:2174,reply
clauscremernrw:2160,rossmueller_dissident:2264,forward
clauscremernrw:2158,heimatnrw:541,forward
clauscremernrw:2157,dresden_gedenken:326,forward
clauscremernrw:2156,jn_westverband:302,forward
clauscremernrw:2154,dortmundsrechte:4820,forward
clauscremernrw:2153,dresden_gedenken:319,forward
clauscremernrw:2139,frontdienst:691,forward
clauscremernrw:2130,peterschreiber:3603,forward
clauscremernrw:2126,heimatsachsenanhalt:1086,forward
clauscremernrw:2124,heimatnrw:524,forward
clauscremernrw:2117,heimatnrw:517,forward
derdritteblickwinkel:4804,sturmzeichen:9215,forward
derdritteblickwinkel:4793,sturmzeichen:9087,forward
derdritteblickwinkel:4761,jungenationalisten:4895,forward
derdritteblickwinkel:4759,dresden_gedenken:338,forward
derdritteblickwinkel:4746,derdritteblickwinkel:4743,reply
derdritteblickwinkel:4735,gefangenenhilfe:1060,forward
derdritteblickwinkel:4732,dresden_gedenken:301,forward
derdritteblickwinkel:4726,schreiberklagtan:1092,forward
deutschestimmemagazin:6255,aufgewachtonline:2962,forward
deutschestimmemagazin:6254,aufgewachtonline:2961,forward
deutschestimmemagazin:6253,aufgewachtonline:2961,forward
deutschestimmemagazin:6252,peterschreiber:3840,forward
deutschestimmemagazin:6251,aufgewachtonline:2960,forward
deutschestimmemagazin:6250,aufgewachtonline:2959,forward
deutschestimmemagazin:6249,rossmueller:3457,forward
deutschestimmemagazin:6248,aufgewachtonline:2957,forward
deutschestimmemagazin:6246,aufgewachtonline:2955,forward
deutschestimmemagazin:6245,aufgewachtonline:2954,forward
deutschestimmemagazin:6244,apollonews_de:20432,forward
deutschestimmemagazin:6243,aufgewachtonline:2952,forward
deutschestimmemagazin:6241,aufgewachtonline:2950,forward
deutschestimmemagazin:6240,aufgewachtonline:2949,forward
deutschestimmemagazin:6239,hartungstefan:879,forward
deutschestimmemagazin:6238,aufgewachtonline:2947,forward
deutschestimmemagazin:6237,aufgewachtonline:2944,forward
deutschestimmemagazin:6233,hartungstefan:874,forward
deutschestimmemagazin:6232,aufgewachtonline:2940,forward
deutschestimmemagazin:6230,aufgewachtonline:2938,forward
deutschestimmemagazin:6229,aufgewachtonline:2936,forward
deutschestimmemagazin:6228,peterschreiber:3829,forward
deutschestimmemagazin:6226,aufgewachtonline:2934,forward
deutschestimmemagazin:6225,aufgewachtonline:2933,forward
deutschestimmemagazin:6217,balaclavagraphics:7285,forward
deutschestimmemagazin:6216,rossmueller:3459,forward
deutschestimmemagazin:6215,aufgewachtonline:2918,forward
deutschestimmemagazin:6214,aufgewachtonline:2917,forward
deutschestimmemagazin:6213,freiesachsen_dresden:6812,forward
deutschestimmemagazin:6212,heimat2023:1892,forward
deutschestimmemagazin:6211,aufgewachtonline:2915,forward
deutschestimmemagazin:6210,clauscremernrw:2350,forward
deutschestimmemagazin:6209,aufgewachtonline:2911,forward
deutschestimmemagazin:6208,aufgewachtonline:2910,forward
deutschestimmemagazin:6207,aufgewachtonline:2907,forward
deutschestimmemagazin:6206,aufgewachtonline:2906,forward
deutschestimmemagazin:6205,heimat2023:1880,forward
deutschestimmemagazin:6203,aufgewachtonline:2903,forward
deutschestimmemagazin:6202,aufgewachtonline:2902,forward
deutschestimmemagazin:6201,aufgewachtonline:2901,forward
deutschestimmemagazin:6200,aufgewachtonline:2900,forward
deutschestimmemagazin:6198,aufgewachtonline:2898,forward
deutschestimmemagazin:6197,aufgewachtonline:2897,forward
deutschestimmemagazin:6196,aufgewachtonline:2896,forward
deutschestimmemagazin:6194,aufgewachtonline:2894,forward
deutschestimmemagazin:6193,aufgewachtonline:2893,forward
deutschestimmemagazin:6192,aufgewachtonline:2887,forward
deutschestimmemagazin:6187,benediktkaiser:2367,forward
deutschestimmemagazin:6184,heimatnrw:622,forward
deutschestimmemagazin:6179,aufgewachtonline:2877,forward
deutschestimmemagazin:6174,aufgewachtonline:2872,forward
deutschestimmemagazin:6168,dortmundsrechte:4946,forward
deutschestimmemagazin:6167,aufgewachtonline:2865,forward
deutschestimmemagazin:6166,aufgewachtonline:2862,forward
deutschestimmemagazin:6164,aufgewachtonline:2860,forward
deutschestimmemagazin:6163,aufgewachtonline:2858,forward
deutschestimmemagazin:6162,aufgewachtonline:2857,forward
deutschestimmemagazin:6161,aufgewachtonline:2856,forward
deutschestimmemagazin:6159,aufgewachtonline:2852,forward
deutschestimmemagazin:6158,aufgewachtonline:2851,forward
deutschestimmemagazin:6157,aufgewachtonline:2850,forward
deutschestimmemagazin:6156,aufgewachtonline:2849,forward
deutschestimmemagazin:6155,aufgewachtonline:2848,forward
deutschestimmemagazin:6152,aufgewachtonline:2842,forward
deutschestimmemagazin:6151,aufgewachtonline:2841,forward
deutschestimmemagazin:6150,aufgewachtonline:2838,forward
deutschestimmemagazin:6149,aufgewachtonline:2837,forward
deutschestimmemagazin:6148,aufgewachtonline:2836,forward
deutschestimmemagazin:6147,aufgewachtonline:2835,forward
deutschestimmemagazin:6146,aufgewachtonline:2834,forward
deutschestimmemagazin:6145,aufgewachtonline:2829,forward
deutschestimmemagazin:6144,aufgewachtonline:2828,forward
deutschestimmemagazin:6142,aufgewachtonline:2826,forward
deutschestimmemagazin:6141,rossmueller:3402,forward
deutschestimmemagazin:6140,aufgewachtonline:2824,forward
deutschestimmemagazin:6138,aufgewachtonline:2822,forward
deutschestimmemagazin:6137,aufgewachtonline:2821,forward
deutschestimmemagazin:6135,aufgewachtonline:2818,forward
deutschestimmemagazin:6134,peterschreiber:3789,forward
deutschestimmemagazin:6133,aufgewachtonline:2816,forward
deutschestimmemagazin:6132,benediktkaiser:2320,forward
deutschestimmemagazin:6131,aufgewachtonline:2813,forward
deutschestimmemagazin:6129,heimat2023:1823,forward
deutschestimmemagazin:6128,aufgewachtonline:2809,forward
deutschestimmemagazin:6127,aufgewachtonline:2808,forward
deutschestimmemagazin:6126,aufgewachtonline:2806,forward
deutschestimmemagazin:6125,aufgewachtonline:2805,forward
deutschestimmemagazin:6124,aufgewachtonline:2803,forward
deutschestimmemagazin:6123,aufgewachtonline:2800,forward
deutschestimmemagazin:6122,heimat2023:1821,forward
deutschestimmemagazin:6121,aufgewachtonline:2799,forward
deutschestimmemagazin:6120,aufgewachtonline:2798,forward
deutschestimmemagazin:6119,heimat2023:1820,forward
deutschestimmemagazin:6118,aufgewachtonline:2797,forward
deutschestimmemagazin:6116,aufgewachtonline:2795,forward
deutschestimmemagazin:6115,aufgewachtonline:2794,forward
deutschestimmemagazin:6114,rossmueller:3378,forward
deutschestimmemagazin:6113,aufgewachtonline:2793,forward
deutschestimmemagazin:6112,aufgewachtonline:2792,forward
deutschestimmemagazin:6111,aufgewachtonline:2790,forward
deutschestimmemagazin:6110,rossmueller:3375,forward
deutschestimmemagazin:6109,aufgewachtonline:2787,forward
deutschestimmemagazin:6108,aufgewachtonline:2786,forward
deutschestimmemagazin:6105,aufgewachtonline:2783,forward
deutschestimmemagazin:6104,rossmueller:3373,forward
deutschestimmemagazin:6103,aufgewachtonline:2780,forward
deutschestimmemagazin:6102,aufgewachtonline:2779,forward
deutschestimmemagazin:6101,heimat2023:1814,forward
deutschestimmemagazin:6100,aufgewachtonline:2778,forward
deutschestimmemagazin:6097,aufgewachtonline:2775,forward
deutschestimmemagazin:6096,aufgewachtonline:2772,forward
deutschestimmemagazin:6095,aufgewachtonline:2770,forward
deutschestimmemagazin:6094,aufgewachtonline:2769,forward
deutschestimmemagazin:6093,aufgewachtonline:2768,forward
deutschestimmemagazin:6091,aufgewachtonline:2763,forward
deutschestimmemagazin:6090,aufgewachtonline:2762,forward
deutschestimmemagazin:6089,aufgewachtonline:2760,forward
deutschestimmemagazin:6088,aufgewachtonline:2758,forward
deutschestimmemagazin:6087,aufgewachtonline:2757,forward
deutschestimmemagazin:6086,aufgewachtonline:2756,forward
deutschestimmemagazin:6085,aufgewachtonline:2755,forward
deutschestimmemagazin:6084,aufgewachtonline:2752,forward
deutschestimmemagazin:6083,aufgewachtonline:2751,forward
deutschestimmemagazin:6082,heimat2023:1803,forward
deutschestimmemagazin:6081,aufgewachtonline:2750,forward
deutschestimmemagazin:6080,aufgewachtonline:2749,forward
deutschestimmemagazin:6079,aufgewachtonline:2748,forward
deutschestimmemagazin:6078,aufgewachtonline:2747,forward
deutschestimmemagazin:6077,aufgewachtonline:2746,forward
deutschestimmemagazin:6076,aufgewachtonline:2743,forward
deutschestimmemagazin:6075,aufgewachtonline:2742,forward
deutschestimmemagazin:6074,aufgewachtonline:2739,forward
deutschestimmemagazin:6073,rossmueller:3330,forward
deutschestimmemagazin:6072,aufgewachtonline:2737,forward
deutschestimmemagazin:6071,aufgewachtonline:2735,forward
deutschestimmemagazin:6070,aufgewachtonline:2734,forward
deutschestimmemagazin:6069,aufgewachtonline:2733,forward
deutschestimmemagazin:6068,aufgewachtonline:2732,forward
deutschestimmemagazin:6067,aufgewachtonline:2730,forward
deutschestimmemagazin:6065,rossmueller:3320,forward
deutschestimmemagazin:6064,aufgewachtonline:2729,forward
deutschestimmemagazin:6063,aufgewachtonline:2728,forward
deutschestimmemagazin:6061,heimat2023:1794,forward
deutschestimmemagazin:6060,heimat2023:1793,forward
deutschestimmemagazin:6054,aufgewachtonline:2722,forward
deutschestimmemagazin:6047,aufgewachtonline:2714,forward
deutschestimmemagazin:6046,rossmueller:3309,forward
deutschestimmemagazin:6045,aufgewachtonline:2712,forward
deutschestimmemagazin:6044,aufgewachtonline:2710,forward
deutschestimmemagazin:6043,aufgewachtonline:2709,forward
deutschestimmemagazin:6042,aufgewachtonline:2708,forward
deutschestimmemagazin:6041,aufgewachtonline:2705,forward
deutschestimmemagazin:6039,aufgewachtonline:2702,forward
deutschestimmemagazin:6038,aufgewachtonline:2700,forward
deutschestimmemagazin:6037,aufgewachtonline:2699,forward
deutschestimmemagazin:6036,aufgewachtonline:2698,forward
deutschestimmemagazin:6034,aufgewachtonline:2695,forward
deutschestimmemagazin:6033,aufgewachtonline:2693,forward
deutschestimmemagazin:6032,aufgewachtonline:2690,forward
deutschestimmemagazin:6031,aufgewachtonline:2686,forward
deutschestimmemagazin:6030,aufgewachtonline:2685,forward
deutschestimmemagazin:6029,rossmueller:3280,forward
deutschestimmemagazin:6028,aufgewachtonline:2684,forward
deutschestimmemagazin:6026,aufgewachtonline:2680,forward
deutschestimmemagazin:6025,heimat2023:1768,forward
deutschestimmemagazin:6024,aufgewachtonline:2677,forward
deutschestimmemagazin:6023,aufgewachtonline:2676,forward
deutschestimmemagazin:6022,aufgewachtonline:2675,forward
deutschestimmemagazin:6021,aufgewachtonline:2673,forward
deutschestimmemagazin:6020,benediktkaiser:2228,forward
deutschestimmemagazin:6019,aufgewachtonline:2666,forward
deutschestimmemagazin:6018,aufgewachtonline:2660,forward
deutschestimmemagazin:6003,heimat2023:1756,forward
deutschestimmemagazin:5982,heimat2023:1737,forward
deutschestimmemagazin:5979,rossmueller:3232,forward
deutschestimmemagazin:5974,freiesachsen_leisnig:520,link
deutschestimmemagazin:5974,schreiberklagtan:1131,link
deutschestimmemagazin:5974,dresden_gedenken:344,forward
deutschestimmemagazin:5966,heimat2023:1726,forward
deutschestimmemagazin:5964,rossmueller:3223,forward
deutschestimmemagazin:5958,heimat2023:1719,forward
deutschestimmemagazin:5954,mayrhofer_raphael:282,forward
deutscheswarenhaus:627,eichsfeldrevolte:22,forward
deutscheswarenhaus:622,eichsfeldrevolte:21,forward
deutscheswarenhaus:621,eichsfeldrevolte:19,forward
deutscheswarenhaus:618,eichsfeldrevolte:18,forward
deutscheswarenhaus:617,eichsfeldrevolte:6,forward
deutscheswarenhaus:616,eichsfeldrevolte:4,forward
deutscheswarenhaus:615,heimat2023:1771,forward
deutscheswarenhaus:606,jn_th:1276,forward
deutscheswarenhaus:603,dresden_gedenken:319,forward
deutscheswarenhaus:600,jn_sachsen_anhalt:543,forward
deutscheswarenhaus:589,dresden_gedenken:299,forward
dieheimatmv:216,balaclavagraphics:7294,forward
dieheimatmv:207,balaclavagraphics:7285,forward
dieheimatmv:205,jn_mup:217,forward
dieheimatmv:201,jn_mup:213,forward
dieheimatmv:199,jn_mup:211,forward
dieheimatmv:198,jn_mup:210,forward
dieheimatmv:197,jn_mup:209,forward
dieheimatmv:192,jn_mup:194,forward
dieheimatmv:190,jn_mup:192,forward
dieheimatmv:188,jn_mup:190,forward
dieheimatmv:186,dresden_gedenken:380,forward
dieheimatmv:185,jn_mup:186,forward
dieheimatmv:174,jn_mup:178,forward
dieheimatmv:172,jn_mup:177,forward
dieheimatmv:164,jn_mup:128,forward
dieheimatmv:163,jn_mup:127,forward
dieheimatmv:161,leisnig:3719,forward
dieheimatmv:159,frontdienst:691,forward
dortmundsrechte:5035,jn_westverband:427,forward
dortmundsrechte:5030,wie_gesagt:169,forward
dortmundsrechte:5000,heimat2023:1891,forward
dortmundsrechte:4989,jungenationalisten:5109,forward
dortmundsrechte:4988,wie_gesagt:168,forward
dortmundsrechte:4976,heimatnrw:628,forward
dortmundsrechte:4973,heimatnrw:622,forward
dortmundsrechte:4967,heimatnrw:612,forward
dortmundsrechte:4959,sturmzeichen:9121,forward
dortmundsrechte:4954,heimatnrw:607,forward
dortmundsrechte:4953,miesenews:14518,forward
dortmundsrechte:4943,weichreitekanal:1354,forward
dortmundsrechte:4935,kdn2013:1790,forward
dortmundsrechte:4933,heimat2023:1843,forward
dortmundsrechte:4932,eichsfeldrevolte:23,forward
dortmundsrechte:4931,heimat2023:1841,forward
dortmundsrechte:4927,heimat2023:1837,forward
dortmundsrechte:4926,eichsfeldrevolte:22,forward
dortmundsrechte:4924,rockhate:12891,forward
dortmundsrechte:4923,clauscremernrw:2315,forward
dortmundsrechte:4922,eichsfeldrevolte:21,forward
dortmundsrechte:4920,jndortmund:333,forward
dortmundsrechte:4919,kdn2013:1779,forward
dortmundsrechte:4918,heimatnrw:594,forward
dortmundsrechte:4917,eichsfeldrevolte:19,forward
dortmundsrechte:4911,heimatnrw:586,forward
dortmundsrechte:4910,wie_gesagt:167,forward
dortmundsrechte:4909,wie_gesagt:166,forward
dortmundsrechte:4906,heimat2023:1777,forward
dortmundsrechte:4904,eichsfeldrevolte:4,forward
dortmundsrechte:4902,dortmundsrechte:4898,link
dortmundsrechte:4900,jungenationalisten:5014,forward
dortmundsrechte:4897,sturmzeichen:8923,forward
dortmundsrechte:4892,sturmzeichen:8918,forward
dortmundsrechte:4882,heimatnrw:561,forward
dortmundsrechte:4881,blklgnwear:805,forward
dortmundsrechte:4877,clauscremernrw:2239,forward
dortmundsrechte:4876,jn_westverband:348,forward
dortmundsrechte:4871,ein_prozent:3464,forward
dortmundsrechte:4859,wie_gesagt:165,forward
dortmundsrechte:4856,wie_gesagt:161,forward
dortmundsrechte:4853,harzverteidigen:590,forward
dortmundsrechte:4843,jn_westverband:320,forward
dortmundsrechte:4840,harzverteidigen:588,forward
dortmundsrechte:4837,harzverteidigen:583,forward
dortmundsrechte:4836,harzverteidigen:582,forward
dortmundsrechte:4834,heimatnrw:541,forward
dortmundsrechte:4829,jn_westverband:302,forward
dortmundsrechte:4819,wie_gesagt:160,forward
dortmundsrechte:4816,wie_gesagt:157,forward
dortmundsrechte:4813,dortmundsrechte:4812,link
dortmundsrechte:4813,dortmundsrechte:4774,link
dortmundsrechte:4813,dortmundsrechte:4746,link
dortmundsrechte:4813,dortmundsrechte:4640,link
dortmundsrechte:4810,michaelbrueck90:415,forward
dortmundsrechte:4804,clauscremernrw:2146,forward
dortmundsrechte:4789,heimatnrw:524,forward
dortmundsrechte:4782,heimatnrw:517,forward
dortmundsrechte:4781,dortmundsrechte:4774,link
dortmundsrechte:4780,wie_gesagt:155,forward
dresden_gedenken:376,freiesachsen_leisnig:520,link
dresden_gedenken:376,schreiberklagtan:1131,link
dresden_gedenken:376,leisnig:3824,forward
dresden_gedenken:372,balaclavagraphics:7119,forward
dresden_gedenken:350,balaclavagraphics:7097,forward
dresden_gedenken:348,widerstandinaktion:872,forward
dresden_gedenken:344,freiesachsen_leisnig:520,link
dresden_gedenken:344,schreiberklagtan:1131,link
dresden_gedenken:335,balaclavagraphics:7037,forward
dresden_gedenken:318,balaclavagraphics:6986,forward
dresden_gedenken:304,leisnig:3719,forward
dresden_gedenken:302,frontdienst:691,forward
eb_official:237,pcrecords:7998,forward
frankkraemer:2918,derdritteblickwinkel:4773,forward
frankkraemer:2917,dresden_gedenken:338,forward
frankkraemer:2914,derdritteblickwinkel:4725,forward
freiesachsenmeissen:1518,peterschreiber:3837,forward
freiesachsenmeissen:1517,freiesachsen_dresden:6844,forward
freiesachsenmeissen:1516,peterschreiber:3829,forward
freiesachsenmeissen:1515,peterschreiber:3827,forward
freiesachsenmeissen:1514,freiesachsen_dresden:6812,forward
freiesachsenmeissen:1507,peterschreiber:3789,forward
freiesachsenmeissen:1505,peterschreiber:3783,forward
freiesachsenmeissen:1504,peterschreiber:3768,forward
freiesachsenmeissen:1503,peterschreiber:3766,forward
freiesachsenmeissen:1502,peterschreiber:3764,forward
freiesachsenmeissen:1501,peterschreiber:3761,forward
freiesachsenmeissen:1500,peterschreiber:3755,forward
freiesachsenmeissen:1499,peterschreiber:3754,forward
freiesachsenmeissen:1498,peterschreiber:3744,forward
freiesachsenmeissen:1497,peterschreiber:3739,forward
freiesachsenmeissen:1494,peterschreiber:3734,forward
freiesachsenmeissen:1492,peterschreiber:3722,forward
freiesachsenmeissen:1491,peterschreiber:3721,forward
freiesachsenmeissen:1489,peterschreiber:3708,forward
freiesachsenmeissen:1486,peterschreiber:3704,forward
freiesachsenmeissen:1485,widerstandinaktion:871,forward
freiesachsenmeissen:1484,peterschreiber:3692,forward
freiesachsenmeissen:1483,peterschreiber:3689,forward
freiesachsenmeissen:1482,peterschreiber:3675,forward
freiesachsenmeissen:1478,peterschreiber:3667,forward
freiesachsenmeissen:1475,peterschreiber:3656,forward
freiesachsenmeissen:1474,peterschreiber:3653,forward
freiesachsenmeissen:1473,peterschreiber:3652,forward
freiesachsenmeissen:1465,peterschreiber:3609,forward
freiesth:31750,dekurier:20291,forward
freiesth:31714,freiesth:31609,forward
freiesth:31713,freiesth:31608,forward
freiesth:31712,freiesth:31607,forward
freiesth:31711,freiesth:31611,forward
freiesth:31709,freiesth:31605,forward
freiesth:31708,freiesth:31610,forward
freiesth:31706,freiesth:31604,forward
freiesth:31704,freiesth:31602,forward
freiesth:31703,freiesth:31601,forward
freiesth:31702,freiesth:31600,forward
freiesth:31701,freiesth:31599,forward
freiesth:31700,freiesth:31598,forward
freiesth:31699,freiesth:31597,forward
freiesth:31698,freiesth:31596,forward
freiesth:31651,dekurier:20187,forward
freiesth:31650,dekurier:20204,forward
freilichmagazin:14370,benediktkaiser:2386,forward
frontdienst:729,frontdienst:617,forward
frontdienst:723,widerstandinaktion:953,forward
frontdienst:718,frontdienst:675,forward
frontdienst:717,frontdienst:390,forward
frontdienst:716,frontdienst:461,forward
frontdienst:708,frontdienst:602,forward
frontdienst:706,widerstandinaktion:871,forward
frontdienst:703,widerstandinaktion:859,forward
frontdienst:702,widerstandinaktion:851,forward
frontdienst:700,widerstandinaktion:842,forward
frontdienst:699,widerstandinaktion:831,forward
frontdienst:696,stefantrautmanndl:986,forward
frontdienst:688,frontdienst:675,forward
fsnrev:7273,balaclavagraphics:7295,forward
fsnrev:7266,balaclavagraphics:7272,forward
fsnrev:7262,schmidtkeswelt:2885,forward
fsnrev:7251,pcrecords:8014,forward
fsnrev:7229,balaclavagraphics:7202,forward
fsnrev:7220,benediktkaiser:2319,forward
fsnrev:7215,balaclavagraphics:7190,forward
fsnrev:7207,balaclavagraphics:7184,forward
fsnrev:7171,balaclavagraphics:7146,forward
fsnrev:7168,balaclavagraphics:7140,forward
fsnrev:7136,balaclavagraphics:7126,forward
fsnrev:7110,balaclavagraphics:7075,forward
fsnrev:7104,dresden_gedenken:336,forward
fsnrev:7096,balaclavagraphics:7037,forward
fsnrev:7086,dresden_gedenken:331,forward
fsnrev:7084,balaclavagraphics:7028,forward
fsnrev:7075,balaclavagraphics:7020,forward
fsnrev:7048,balaclavagraphics:6989,forward
fsnrev:7047,dresden_gedenken:319,forward
fsnrev:7042,balaclavagraphics:6986,forward
gefangenenhilfe:1166,balaclavagraphics:7272,forward
gefangenenhilfe:1165,sturmzeichen:9168,forward
gefangenenhilfe:1164,sturmzeichen:9164,forward
gefangenenhilfe:1162,miesenews:14487,forward
gefangenenhilfe:1162,ein_prozent:3508,link
gefangenenhilfe:1159,sturmzeichen:9096,forward
gefangenenhilfe:1155,miesenews:14466,forward
gefangenenhilfe:1154,sicherheitshinweise:1474,forward
gefangenenhilfe:1152,sicherheitshinweise:1473,forward
gefangenenhilfe:1151,balaclavagraphics:7191,forward
gefangenenhilfe:1150,gefangenenhilfe:1149,reply
gefangenenhilfe:1148,miesenews:14322,forward
gefangenenhilfe:1147,sicherheitshinweise:1467,forward
gefangenenhilfe:1146,sicherheitshinweise:1465,forward
gefangenenhilfe:1143,sturmzeichen:8965,forward
gefangenenhilfe:1140,balaclavagraphics:7142,forward
gefangenenhilfe:1138,schmidtkeswelt:2779,forward
gefangenenhilfe:1124,sicherheitshinweise:1464,forward
gefangenenhilfe:1121,sicherheitshinweise:1463,forward
gefangenenhilfe:1116,sicherheitshinweise:1441,forward
gefangenenhilfe:1115,deutschedd:4327,forward
gefangenenhilfe:1100,dortmundsrechte:4854,link
gefangenenhilfe:1100,gefangenenhilfe:1099,reply
gefangenenhilfe:1094,gefangenenhilfe:1093,link
gefangenenhilfe:1093,gefangenenhilfe:1094,link
gefangenenhilfe:1074,ein_prozent:3439,forward
gefangenenhilfe:1072,gefangenenhilfe:988,link
gefangenenhilfe:1068,infodeutschoesterreich:2901,forward
gefangenenhilfe:1063,infodeutschoesterreich:2894,forward
gefangenenhilfe:1062,sicherheitshinweise:1448,forward
gefangenenhilfe:1053,infodeutschoesterreich:2875,forward
gefangenenhilfe:1052,gefangenenhilfe:1051,reply
gefangenenhilfe:1050,infodeutschoesterreich:2869,forward
gefangenenhilfe:1049,gefangenenhilfe:1048,reply
gefangenenhilfe:1045,dortmundsrechte:4778,forward
gefangenenhilfe:1044,mayrhofer_raphael:249,forward
harzverteidigen:711,schmidtkeswelt:2909,forward
harzverteidigen:699,ein_prozent:3510,forward
harzverteidigen:697,clauscremernrw:2350,forward
harzverteidigen:687,dortmundsrechte:4946,forward
harzverteidigen:686,dortmundsrechte:4945,forward
harzverteidigen:685,dortmundsrechte:4944,forward
harzverteidigen:677,kdn2013:1790,forward
harzverteidigen:675,eichsfeldrevolte:23,forward
harzverteidigen:673,heimat2023:1837,forward
harzverteidigen:672,eichsfeldrevolte:22,forward
harzverteidigen:671,rockhate:12891,forward
harzverteidigen:670,schmidtkeswelt:2853,link
harzverteidigen:669,schmidtkeswelt:2853,forward
harzverteidigen:668,eichsfeldrevolte:21,forward
harzverteidigen:662,kdn2013:1779,forward
harzverteidigen:661,heimatnrw:594,forward
harzverteidigen:660,eichsfeldrevolte:19,forward
harzverteidigen:659,dortmundsrechte:4916,forward
harzverteidigen:658,dortmundsrechte:4915,forward
harzverteidigen:649,harzverteidigen:403,link
harzverteidigen:639,wie_gesagt:167,forward
harzverteidigen:638,wie_gesagt:166,forward
harzverteidigen:637,braunschweigverteidigen:297,forward
harzverteidigen:633,eichsfeldrevolte:17,forward
harzverteidigen:632,dortmundsrechte:4908,forward
harzverteidigen:628,harzverteidigen:403,link
harzverteidigen:627,eichsfeldrevolte:6,forward
harzverteidigen:624,dresden_gedenken:378,forward
harzverteidigen:623,eichsfeldrevolte:4,forward
harzverteidigen:622,braunschweigverteidigen:255,forward
harzverteidigen:621,dortmundsrechte:4891,forward
harzverteidigen:618,harzverteidigen:403,link
harzverteidigen:615,sicherheitshinweise:1463,forward
harzverteidigen:609,ein_prozent:3463,forward
harzverteidigen:607,jungeuropa:3470,forward
harzverteidigen:606,jungeuropa:3465,forward
harzverteidigen:604,wie_gesagt:165,forward
harzverteidigen:602,wie_gesagt:161,forward
harzverteidigen:601,braunschweigverteidigen:241,forward
harzverteidigen:573,schmidtkeswelt:2727,forward
harzverteidigen:569,braunschweigverteidigen:219,forward
harzverteidigen:568,sicherheitshinweise:1459,forward
harzverteidigen:566,schmidtkeswelt:2721,forward
harzverteidigen:565,schmidtkeswelt:2716,forward
harzverteidigen:564,dresden_gedenken:324,forward
harzverteidigen:562,jn_mup:90,forward
harzverteidigen:561,wie_gesagt:160,forward
harzverteidigen:559,dresden_gedenken:319,forward
harzverteidigen:558,dresden_gedenken:317,forward
harzverteidigen:551,dresden_gedenken:306,forward
harzverteidigen:548,jn_sachsen_anhalt:543,forward
harzverteidigen:542,schmidtkeswelt:2646,forward
harzverteidigen:534,harzverteidigen:328,link
harzverteidigen:534,harzverteidigen:421,link
harzverteidigen:534,harzverteidigen:403,link
harzverteidigen:520,frontdienst:691,forward
harzverteidigen:507,heimatsachsenanhalt:1086,forward
harzverteidigen:501,gefangenenhilfe:1056,forward
harzverteidigen:495,braunschweigverteidigen:179,forward
harzverteidigen:494,wie_gesagt:155,forward
harzverteidigen:492,dortmundsrechte:4778,forward
heimat2023:1930,aufgewachtonline:2961,forward
heimat2023:1927,peterschreiber:3840,forward
heimat2023:1926,michaelbrueck90:417,forward
heimat2023:1925,aufgewachtonline:2960,forward
heimat2023:1924,aufgewachtonline:2959,forward
heimat2023:1923,freiesachsen_dresden:6844,forward
heimat2023:1910,dieheimatmv:215,forward
heimat2023:1909,peterschreiber:3829,forward
heimat2023:1904,aufgewachtonline:2933,forward
heimat2023:1896,balaclavagraphics:7285,forward
heimat2023:1895,aufgewachtonline:2918,forward
heimat2023:1894,aufgewachtonline:2917,forward
heimat2023:1893,freiesachsen_dresden:6812,forward
heimat2023:1881,jungenationalisten:5109,forward
heimat2023:1847,heimatnrw:612,forward
heimat2023:1845,jungenationalisten:5091,forward
heimat2023:1844,aufgewachtonline:2858,forward
heimat2023:1842,aufgewachtonline:2848,forward
heimat2023:1836,heimatnrw:600,forward
heimat2023:1835,dieheimatmv:177,forward
heimat2023:1833,jungenationalisten:5075,forward
heimat2023:1832,heimathessen:1808,forward
heimat2023:1829,peterschreiber:3789,forward
heimat2023:1828,heimatnrw:594,forward
heimat2023:1819,rossmueller:3378,forward
heimat2023:1818,jn_westverband:387,forward
heimat2023:1816,rossmueller:3375,forward
heimat2023:1811,deutschestimmemagazin:6099,forward
heimat2023:1810,deutschestimmemagazin:6098,forward
heimat2023:1805,aufgewachtonline:2762,forward
heimat2023:1804,rossmueller:3338,forward
heimat2023:1802,heimat2023:1777,forward
heimat2023:1800,aufgewachtonline:2734,forward
heimat2023:1798,rossmueller:3320,forward
heimat2023:1797,rossmueller:3319,forward
heimat2023:1789,heimathessen:1771,forward
heimat2023:1788,aufgewachtonline:2722,forward
heimat2023:1787,aufgewachtonline:2712,forward
heimat2023:1785,aufgewachtonline:2710,forward
heimat2023:1781,clauscremernrw:2235,forward
heimat2023:1776,aufgewachtonline:2688,forward
heimat2023:1775,rossmueller:3280,forward
heimat2023:1773,heimathessen:1734,forward
heimat2023:1772,deutschestimmemagazin:6027,forward
heimat2023:1766,rossmueller:3266,forward
heimat2023:1765,peterschreiber:3721,forward
heimat2023:1763,benediktkaiser:2228,forward
heimat2023:1762,heimathessen:1723,forward
heimat2023:1759,heimathessen:1722,forward
heimat2023:1758,peterschreiber:3718,forward
heimat2023:1757,heimathessen:1721,forward
heimat2023:1735,rossmueller:3234,forward
heimat2023:1731,freiesachsen_leisnig:520,link
heimat2023:1731,schreiberklagtan:1131,link
heimat2023:1731,dresden_gedenken:344,forward
heimat2023:1730,heimathessen:1693,forward
heimat2023:1723,clauscremernrw:2172,forward
heimat2023:1721,rossmueller:3218,forward
heimat2023:1720,dresden_gedenken:336,forward
heimat2023:1716,dresden_spaziert:1964,forward
heimat2023:1713,heimatnrw:541,forward
heimat2023:1708,rossmueller:3201,forward
heimat2023:1695,jn_mup:90,forward
heimat2023:1689,dresden_gedenken:319,forward
heimat2023:1687,heimathessen:1650,forward
heimat2023:1684,michaelbrueck90:415,forward
heimat2023:1681,stefantrautmanndl:986,forward
heimat2023:1675,heimathessen:1646,forward
heimat2023:1642,peterschreiber:3623,forward
heimat2023:1640,frontdienst:691,forward
heimathessen:1835,hartungstefan:882,forward
heimathessen:1828,jungenationalisten:5127,forward
heimathessen:1826,heimat2023:1891,forward
heimathessen:1817,jungenationalisten:5091,forward
heimathessen:1813,heimat2023:1841,forward
heimathessen:1811,heimat2023:1834,forward
heimathessen:1809,jungenationalisten:5075,forward
heimathessen:1805,dortmundsrechte:4916,forward
heimathessen:1804,heimat2023:1824,forward
heimathessen:1799,jnhessen:196,forward
heimathessen:1783,aufgewachtonline:2734,forward
heimathessen:1777,heimat2023:1793,forward
heimathessen:1773,aufgewachtonline:2722,forward
heimathessen:1767,aufgewachtonline:2712,forward
heimathessen:1766,aufgewachtonline:2710,forward
heimathessen:1739,deutschestimmemagazin:6027,forward
heimathessen:1733,heimat2023:1771,forward
heimathessen:1726,rossmueller:3266,forward
heimathessen:1714,heimatnrw:556,forward
heimathessen:1700,heimat2023:1738,forward
heimathessen:1689,heimat2023:1726,forward
heimathessen:1686,jungenationalisten:4883,forward
heimathessen:1679,heimat2023:1718,forward
heimathessen:1668,heimat2023:1711,forward
heimathessen:1643,frontdienst:680,forward
heimathessen:1639,heimat2023:1660,forward
heimathessen:1610,heimat2023:1340,forward
heimatnrw:659,jn_westverband:427,forward
heimatnrw:658,dortmundsrechte:5001,forward
heimatnrw:657,jungenationalisten:5122,forward
heimatnrw:647,jungenationalisten:5109,forward
heimatnrw:639,heimat2023:1872,forward
heimatnrw:638,heimat2023:1871,forward
heimatnrw:604,dortmundsrechte:4934,forward
heimatnrw:603,heimat2023:1841,forward
heimatnrw:601,heimat2023:1837,forward
heimatnrw:598,jungenationalisten:5075,forward
heimatnrw:596,jndortmund:333,forward
heimatnrw:590,heimat2023:1827,forward
heimatnrw:585,jn_westverband:387,forward
heimatnrw:584,heimat2023:1814,forward
heimatnrw:583,heimat2023:1812,forward
heimatnrw:582,heimat2023:1808,forward
heimatnrw:581,jn_aktioneuropa:46,forward
heimatnrw:571,jn_aktioneuropa:36,forward
heimatnrw:564,dortmundsrechte:4898,forward
heimatnrw:563,heimat2023:1796,forward
heimatnrw:560,jn_westverband:348,forward
heimatnrw:558,heimat2023:1771,forward
heimatnrw:546,heimat2023:1738,forward
heimatnrw:545,heimat2023:1736,forward
heimatnrw:543,rossmueller_dissident:2264,forward
heimatnrw:540,dresden_gedenken:326,forward
heimatnrw:539,jn_westverband:302,forward
heimatnrw:537,dresden_gedenken:319,forward
heimatnrw:534,frontdienst:691,forward
heimatnrw:527,peterschreiber:3603,forward
heimatnrw:514,clauscremernrw:2115,forward
heimatsachsen:3546,aufgewachtonline:2961,forward
heimatsachsen:3544,peterschreiber:3840,forward
heimatsachsen:3543,michaelbrueck90:417,forward
heimatsachsen:3542,aufgewachtonline:2959,forward
heimatsachsen:3538,aufgewachtonline:2936,forward
heimatsachsen:3536,peterschreiber:3829,forward
heimatsachsen:3535,aufgewachtonline:2933,forward
heimatsachsen:3534,aufgewachtonline:2918,forward
heimatsachsen:3531,aufgewachtonline:2917,forward
heimatsachsen:3530,freiesachsen_dresden:6812,forward
heimatsachsen:3528,heimat2023:1880,forward
heimatsachsen:3527,freie_mittelsachsen:4206,forward
heimatsachsen:3520,stefantrautmanndl:1072,forward
heimatsachsen:3519,stefantrautmanndl:1065,forward
heimatsachsen:3518,aufgewachtonline:2858,forward
heimatsachsen:3516,freiesachsen_leisnig:569,forward
heimatsachsen:3515,freie_mittelsachsen:4210,forward
heimatsachsen:3513,freie_mittelsachsen:4206,forward
heimatsachsen:3508,freiesachsenmeissen:1508,forward
heimatsachsen:3507,dieheimatmv:177,forward
heimatsachsen:3506,freie_mittelsachsen:4200,forward
heimatsachsen:3505,heimat2023:1834,forward
heimatsachsen:3502,peterschreiber:3789,forward
heimatsachsen:3501,freiesachsenmeissen:1506,forward
heimatsachsen:3500,heimat2023:1824,forward
heimatsachsen:3496,stefantrautmanndl:1057,forward
heimatsachsen:3495,heimat2023:1821,forward
heimatsachsen:3491,heimat2023:1820,forward
heimatsachsen:3490,rossmueller:3375,forward
heimatsachsen:3488,rossmueller:3373,forward
heimatsachsen:3487,heimat2023:1814,forward
heimatsachsen:3486,deutschestimmemagazin:6099,forward
heimatsachsen:3485,deutschestimmemagazin:6098,forward
heimatsachsen:3484,dortmundsrechte:4908,forward
heimatsachsen:3483,heimat2023:1808,forward
heimatsachsen:3480,aufgewachtonline:2762,forward
heimatsachsen:3478,freie_mittelsachsen:4174,forward
heimatsachsen:3476,rossmueller:3338,forward
heimatsachsen:3475,peterschreiber:3764,forward
heimatsachsen:3474,heimat2023:1803,forward
heimatsachsen:3473,stefantrautmanndl:1036,forward
heimatsachsen:3472,peterschreiber:3761,forward
heimatsachsen:3471,aufgewachtonline:2734,forward
heimatsachsen:3470,aufgewachtonline:2734,forward
heimatsachsen:3468,rossmueller:3320,forward
heimatsachsen:3466,stefantrautmanndl:1033,forward
heimatsachsen:3465,rossmueller:3319,forward
heimatsachsen:3464,peterschreiber:3755,forward
heimatsachsen:3459,stefantrautmanndl:1031,forward
heimatsachsen:3458,heimat2023:1786,forward
heimatsachsen:3457,stefantrautmanndl:1030,forward
heimatsachsen:3455,peterschreiber:3739,forward
heimatsachsen:3453,stefantrautmanndl:1028,forward
heimatsachsen:3452,aufgewachtonline:2688,forward
heimatsachsen:3450,rossmueller:3280,forward
heimatsachsen:3449,widerstandinaktion:912,forward
heimatsachsen:3448,heimat2023:1768,forward
heimatsachsen:3447,peterschreiber:3722,forward
heimatsachsen:3444,stefantrautmanndl:1023,forward
heimatsachsen:3443,peterschreiber:3721,forward
heimatsachsen:3442,heimathessen:1723,forward
heimatsachsen:3440,heimat2023:1756,forward
heimatsachsen:3432,freiesachsenmeissen:1488,forward
heimatsachsen:3431,heimat2023:1750,forward
heimatsachsen:3430,heimat2023:1737,forward
heimatsachsen:3429,rossmueller:3234,forward
heimatsachsen:3425,freiesachsen_leisnig:520,link
heimatsachsen:3425,schreiberklagtan:1131,link
heimatsachsen:3425,dresden_gedenken:344,forward
heimatsachsen:3424,widerstandinaktion:872,forward
heimatsachsen:3420,heimat2023:1726,forward
heimatsachsen:3418,widerstandinaktion:871,forward
heimatsachsen:3412,widerstandinaktion:863,forward
heimatsachsen:3410,rossmueller:3218,forward
heimatsachsen:3409,widerstandinaktion:862,forward
heimatsachsen:3406,widerstandinaktion:859,forward
heimatsachsen:3405,heimat2023:1719,forward
heimatsachsen:3401,stefantrautmanndl:1013,forward
heimatsachsen:3400,widerstandinaktion:853,forward
heimatsachsen:3399,heimat2023:1718,forward
heimatsachsen:3397,widerstandinaktion:851,forward
heimatsachsen:3396,heimat2023:1712,forward
heimatsachsen:3391,stefantrautmanndl:986,link
heimatsachsen:3391,stefantrautmanndl:1006,forward
heimatsachsen:3380,heimat2023:1694,forward
heimatsachsen:3378,dresden_gedenken:319,forward
heimatsachsen:3377,peterschreiber:3667,forward
heimatsachsen:3376,heimathessen:1650,forward
heimatsachsen:3374,heimat2023:1685,forward
heimatsachsen:3371,stefantrautmanndl:986,forward
heimatsachsen:3370,heimat2023:1680,forward
heimatsachsen:3368,peterschreiber:3656,forward
heimatsachsen:3365,frontdienst:694,forward
heimatsachsen:3364,peterschreiber:3652,forward
heimatsachsen:3362,heimat2023:1671,forward
heimatsachsen:3361,freiesachsenmeissen:1469,forward
heimatsachsen:3359,heimat2023:1669,forward
heimatsachsen:3358,heimat2023:1667,forward
heimatsachsen:3357,heimat2023:1666,forward
heimatsachsen:3355,heimat2023:1663,forward
heimatsachsen:3353,heimat2023:1660,forward
heimatsachsen:3352,stefantrautmanndl:985,forward
heimatsachsen:3347,heimat2023:1649,forward
heimatsachsen:3346,heimat2023:1646,forward
heimatsachsen:3343,frontdienst:691,forward
heimatsachsen:3339,heimat2023:1636,forward
heimatsachsen:3338,heimat2023:1635,forward
heimatsachsen:3336,stefantrautmanndl:983,forward
heimatsachsen:3335,heimat2023:1630,forward
heimatsachsen:3334,heimat2023:1629,forward
heimatsachsen:3332,peterschreiber:3609,forward
heimatsachsen:3326,peterschreiber:3603,forward
heimatsachsen:3322,widerstandinaktion:799,forward
heimatsachsen:3311,heimatsachsenanhalt:1086,forward
heimatsachsen:3309,heimatsachsenanhalt:1085,forward
heimatsachsen:3307,frontdienst:690,forward
heimatsachsen:3304,freiesachsenmeissen:1461,forward
heimatsachsen:3297,widerstandinaktion:787,forward
heimatsachsen:3294,freiesachsenmeissen:1460,forward
heimatsachsen:3292,stefantrautmanndl:977,forward
heimatsachsen:3282,peterschreiber:3558,forward
heimatsachsenanhalt:1247,heimat2023:1928,forward
heimatsachsenanhalt:1246,peterschreiber:3829,forward
heimatsachsenanhalt:1237,harzverteidigen:704,forward
heimatsachsenanhalt:1236,harzverteidigen:703,forward
heimatsachsenanhalt:1235,aufgewachtonline:2917,forward
heimatsachsenanhalt:1234,jn_mup:210,forward
heimatsachsenanhalt:1233,harzverteidigen:695,forward
heimatsachsenanhalt:1224,sturmzeichen:9121,forward
heimatsachsenanhalt:1221,heimat2023:1843,forward
heimatsachsenanhalt:1220,heimat2023:1841,forward
heimatsachsenanhalt:1218,harzverteidigen:667,forward
heimatsachsenanhalt:1217,heimat2023:1824,forward
heimatsachsenanhalt:1216,heimat2023:1823,forward
heimatsachsenanhalt:1215,jn_sachsen_anhalt:612,forward
heimatsachsenanhalt:1214,harzverteidigen:647,forward
heimatsachsenanhalt:1213,harzverteidigen:646,forward
heimatsachsenanhalt:1211,harzverteidigen:641,forward
heimatsachsenanhalt:1210,harzverteidigen:634,forward
heimatsachsenanhalt:1208,heimat2023:1812,forward
heimatsachsenanhalt:1207,dortmundsrechte:4908,forward
heimatsachsenanhalt:1205,aufgewachtonline:2762,forward
heimatsachsenanhalt:1202,harzverteidigen:403,link
heimatsachsenanhalt:1202,harzverteidigen:628,forward
heimatsachsenanhalt:1201,harzverteidigen:626,forward
heimatsachsenanhalt:1200,rossmueller:3338,forward
heimatsachsenanhalt:1198,sicherheitshinweise:1463,forward
heimatsachsenanhalt:1197,harzverteidigen:612,forward
heimatsachsenanhalt:1190,benediktkaiser:2228,forward
heimatsachsenanhalt:1186,wie_gesagt:165,forward
heimatsachsenanhalt:1185,heimat2023:1736,forward
heimatsachsenanhalt:1184,harzverteidigen:589,forward
heimatsachsenanhalt:1180,harzverteidigen:584,forward
heimatsachsenanhalt:1176,heimat2023:1726,forward
heimatsachsenanhalt:1174,jn_sachsen_anhalt:570,forward
heimatsachsenanhalt:1169,harzverteidigen:581,forward
heimatsachsenanhalt:1165,harzverteidigen:576,forward
heimatsachsenanhalt:1163,dresden_gedenken:336,forward
heimatsachsenanhalt:1162,jn_mup:107,forward
heimatsachsenanhalt:1161,braunschweigverteidigen:219,forward
heimatsachsenanhalt:1160,dresden_gedenken:331,forward
heimatsachsenanhalt:1159,harzverteidigen:567,forward
heimatsachsenanhalt:1156,schmidtkeswelt:2716,forward
heimatsachsenanhalt:1155,jn_mup:90,forward
heimatsachsenanhalt:1154,wie_gesagt:160,forward
heimatsachsenanhalt:1149,harzverteidigen:553,forward
heimatsachsenanhalt:1148,dresden_gedenken:319,forward
heimatsachsenanhalt:1147,jn_sachsen_anhalt:543,forward
heimatsachsenanhalt:1143,harzverteidigen:546,forward
heimatsachsenanhalt:1142,harzverteidigen:545,forward
heimatsachsenanhalt:1141,harzverteidigen:544,forward
heimatsachsenanhalt:1138,heimat2023:1671,forward
heimatsachsenanhalt:1136,clauscremernrw:2146,forward
heimatsachsenanhalt:1129,harzverteidigen:535,forward
heimatsachsenanhalt:1128,heimat2023:1660,forward
heimatsachsenanhalt:1127,heimat2023:1655,forward
heimatsachsenanhalt:1121,heimat2023:1646,forward
heimatsachsenanhalt:1120,kavalier_nds:437,forward
heimatsachsenanhalt:1115,harzverteidigen:528,forward
heimatsachsenanhalt:1114,harzverteidigen:526,forward
heimatsachsenanhalt:1113,peterschreiber:3623,forward
heimatsachsenanhalt:1112,harzverteidigen:522,forward
heimatsachsenanhalt:1110,frontdienst:691,forward
heimatsachsenanhalt:1103,jn_sachsen_anhalt:519,forward
heimatsachsenanhalt:1096,peterschreiber:3603,forward
heimatsachsenanhalt:1093,harzverteidigen:514,forward
heimatsachsenanhalt:1083,harzverteidigen:503,forward
heimatsachsenanhalt:1082,freiesachsenmeissen:1461,forward
heimatsachsenanhalt:1081,harzverteidigen:502,forward
heimatsachsenanhalt:1079,harzverteidigen:500,forward
heimatsachsenanhalt:1077,dresden_gedenken:299,forward
heimatsachsenanhalt:1071,wie_gesagt:155,forward
heimatsachsenanhalt:1070,heimatnrw:513,forward
heimatsachsenanhalt:1067,dortmundsrechte:4778,forward
heimatsachsenanhalt:1066,harzverteidigen:491,forward
hermanns_heide:466,jungenationalisten:5109,forward
hermanns_heide:465,jungenationalisten:5091,forward
hermanns_heide:464,jungenationalisten:5075,forward
hermanns_heide:463,frontdienst:720,forward
hermanns_heide:460,stefantrautmanndl:1057,forward
hermanns_heide:459,jn_westverband:388,forward
hermanns_heide:458,eichsfeldrevolte:18,forward
hermanns_heide:456,jnhessen:196,forward
hermanns_heide:446,jungenationalisten:5037,forward
hermanns_heide:436,jn_aktioneuropa:36,forward
hermanns_heide:435,eichsfeldrevolte:6,forward
hermanns_heide:434,jungenationalisten:5014,forward
hermanns_heide:432,heimat2023:1793,forward
hermanns_heide:410,widerstandinaktion:898,forward
hermanns_heide:403,jungenationalisten:4913,forward
hermanns_heide:393,jungenationalisten:4865,forward
hermanns_heide:392,balaclavagraphics:7037,forward
hermannsland:2978,dresden_gedenken:380,forward
hermannsland:2975,heimatnrw:594,forward
hermannsland:2963,eichsfeldrevolte:6,forward
hermannsland:2958,gefangenenhilfe:1139,forward
hermannsland:2942,gefangenenhilfe:1107,forward
hermannsland:2918,dresden_gedenken:336,forward
hermannsland:2917,dresden_gedenken:319,forward
hermannsland:2914,dresden_gedenken:319,forward
hermannsland:2894,gefangenenhilfe:1056,forward
hermannsland:2893,dresden_gedenken:299,forward
herrenzimmer:472,balaclavagraphics:7037,forward
herrenzimmer:456,balaclavagraphics:7004,forward
homefrontsince2021:1006,schmidtkeswelt:2610,forward
homefrontsince2021:1005,gefangenenhilfe:1060,forward
homefrontsince2021:988,gefangenenhilfe:1056,forward
homefrontsince2021:972,unvergessenehelden:6258,forward
inczebelalegionarius:431,inczebelalegionarius:429,link
inczebelalegionarius:431,inczebelalegionarius:430,link
inczebelalegionarius:430,inczebelalegionarius:429,reply
inczebelalegionarius:419,inczebelalegionarius:418,link
infodeutschoesterreich:2881,dortmundsrechte:4790,forward
jn_mup:231,jn_aktioneuropa:63,forward
jn_mup:230,dieheimatmv:217,forward
jn_mup:228,balaclavagraphics:7294,forward
jn_mup:219,balaclavagraphics:7285,forward
jn_mup:218,dieheimatmv:206,forward
jn_mup:216,dieheimatmv:204,forward
jn_mup:215,dieheimatmv:203,forward
jn_mup:212,dieheimatmv:200,forward
jn_mup:199,jungenationalisten:5109,forward
jn_mup:197,dieheimatmv:194,forward
jn_mup:193,dieheimatmv:191,forward
jn_mup:189,dieheimatmv:187,forward
jn_mup:187,jungenationalisten:5091,forward
jn_mup:185,dieheimatmv:184,forward
jn_mup:181,dieheimatmv:177,forward
jn_mup:180,dieheimatmv:176,forward
jn_mup:176,jungenationalisten:5075,forward
jn_mup:175,dieheimatmv:165,forward
jn_mup:171,frontdienst:720,forward
jn_mup:170,jungenationalisten:5062,forward
jn_mup:168,eichsfeldrevolte:18,forward
jn_mup:156,jungenationalisten:5037,forward
jn_mup:146,jn_aktioneuropa:36,forward
jn_mup:144,jn_mup:71,forward
jn_mup:140,sturmzeichen:8965,forward
jn_mup:138,gefangenenhilfe:1139,forward
jn_mup:133,frontdienst:709,forward
jn_mup:117,jungenationalisten:4953,forward
jn_mup:112,freiesachsen_leisnig:520,link
jn_mup:112,schreiberklagtan:1131,link
jn_mup:112,dresden_gedenken:344,forward
jn_mup:110,jungenationalisten:4894,forward
jn_mup:108,dresden_gedenken:337,forward
jn_mup:106,jungenationalisten:4865,forward
jn_mup:101,dresden_gedenken:324,forward
jn_mup:88,dresden_gedenken:319,forward
jn_mup:87,dresden_gedenken:317,forward
jn_mup:84,schmidtkeswelt:2671,forward
jn_mup:73,sicherheitshinweise:1450,forward
jn_mup:72,jn_th:1239,forward
jn_mup:68,frontdienst:691,forward
jn_mup:63,frontdienst:690,forward
jn_mup:61,jn_th:1225,forward
jn_mup:55,gefangenenhilfe:1056,forward
jn_mup:53,dresden_gedenken:299,forward
jn_sachsen_anhalt:660,heimat2023:1928,forward
jn_sachsen_anhalt:659,frontdienst:730,forward
jn_sachsen_anhalt:650,jn_aktioneuropa:63,forward
jn_sachsen_anhalt:649,jungenationalisten:5141,forward
jn_sachsen_anhalt:648,heimatsachsenanhalt:1243,forward
jn_sachsen_anhalt:644,jn_aktioneuropa:47,forward
jn_sachsen_anhalt:643,jungenationalisten:5127,forward
jn_sachsen_anhalt:642,jn_mup:210,forward
jn_sachsen_anhalt:631,jungenationalisten:5109,forward
jn_sachsen_anhalt:626,heimatnrw:607,forward
jn_sachsen_anhalt:625,jungenationalisten:5091,forward
jn_sachsen_anhalt:624,heimat2023:1843,forward
jn_sachsen_anhalt:622,jungenationalisten:5085,forward
jn_sachsen_anhalt:621,eichsfeldrevolte:22,forward
jn_sachsen_anhalt:617,eichsfeldrevolte:21,forward
jn_sachsen_anhalt:616,jungenationalisten:5076,forward
jn_sachsen_anhalt:615,jungenationalisten:5075,forward
jn_sachsen_anhalt:614,eichsfeldrevolte:19,forward
jn_sachsen_anhalt:613,frontdienst:722,forward
jn_sachsen_anhalt:611,frontdienst:720,forward
jn_sachsen_anhalt:610,harzverteidigen:646,forward
jn_sachsen_anhalt:609,jn_westverband:388,forward
jn_sachsen_anhalt:608,eichsfeldrevolte:18,forward
jn_sachsen_anhalt:607,heimatsachsenanhalt:1209,forward
jn_sachsen_anhalt:606,heimat2023:1812,forward
jn_sachsen_anhalt:596,jn_aktioneuropa:36,forward
jn_sachsen_anhalt:594,jungenationalisten:5014,forward
jn_sachsen_anhalt:593,jungenationalisten:4996,forward
jn_sachsen_anhalt:589,widerstandinaktion:898,forward
jn_sachsen_anhalt:588,elblandrevolte:141,forward
jn_sachsen_anhalt:581,jungenationalisten:4953,forward
jn_sachsen_anhalt:571,balaclavagraphics:7076,forward
jn_sachsen_anhalt:565,comitedu9mai:398,forward
jn_sachsen_anhalt:564,jn_mup:107,forward
jn_sachsen_anhalt:563,jungenationalisten:4865,forward
jn_sachsen_anhalt:562,balaclavagraphics:7037,forward
jn_sachsen_anhalt:561,braunschweigverteidigen:219,forward
jn_sachsen_anhalt:558,schmidtkeswelt:2716,forward
jn_sachsen_anhalt:557,lukovmarch:75,forward
jn_sachsen_anhalt:546,jn_mup:90,forward
jn_sachsen_anhalt:545,dresden_gedenken:319,forward
jn_sachsen_anhalt:544,deutschedd:4258,forward
jn_sachsen_anhalt:541,heimatsachsenanhalt:1144,forward
jn_sachsen_anhalt:533,heimatsachsenanhalt:1123,forward
jn_sachsen_anhalt:532,harzverteidigen:522,forward
jn_sachsen_anhalt:527,frontdienst:691,forward
jn_sachsen_anhalt:509,heimatsachsenanhalt:1086,forward
jn_sachsen_anhalt:508,heimatsachsenanhalt:1085,forward
jn_sachsen_anhalt:507,schmidtkeswelt:2603,forward
jn_sachsen_anhalt:505,dresden_gedenken:299,forward
jn_sachsen_anhalt:497,wie_gesagt:155,forward
jn_th:1397,heimat2023:1928,forward
jn_th:1379,jn_aktioneuropa:63,forward
jn_th:1378,dieheimatmv:217,forward
jn_th:1377,jungenationalisten:5142,forward
jn_th:1369,jn_mup:210,forward
jn_th:1359,jungenationalisten:5109,forward
jn_th:1354,heimatnrw:607,forward
jn_th:1346,jungenationalisten:5091,forward
jn_th:1344,jungenationalisten:5075,forward
jn_th:1343,jn_mup:174,forward
jn_th:1342,eichsfeldrevolte:19,forward
jn_th:1341,heimatnrw:594,forward
jn_th:1340,frontdienst:720,forward
jn_th:1339,jungenationalisten:5062,forward
jn_th:1337,jn_westverband:388,forward
jn_th:1336,eichsfeldrevolte:18,forward
jn_th:1320,jungenationalisten:5037,forward
jn_th:1310,jn_aktioneuropa:36,forward
jn_th:1309,eichsfeldrevolte:6,forward
jn_th:1307,jn_th:1114,forward
jn_th:1306,gefangenenhilfe:1139,forward
jn_th:1305,jn_mup:137,forward
jn_th:1304,frontdienst:709,forward
jn_th:1303,heimat2023:1774,forward
jn_th:1301,jn_mup:126,forward
jn_th:1300,jn_mup:125,forward
jn_th:1290,jungenationalisten:4953,forward
jn_th:1285,freiesachsen_leisnig:520,link
jn_th:1285,schreiberklagtan:1131,link
jn_th:1285,dresden_gedenken:344,forward
jn_th:1282,jungenationalisten:4894,forward
jn_th:1280,dresden_gedenken:337,forward
jn_th:1278,jn_mup:107,forward
jn_th:1277,jungenationalisten:4865,forward
jn_th:1272,dresden_gedenken:324,forward
jn_th:1258,dresden_gedenken:319,forward
jn_th:1255,dresden_gedenken:317,forward
jn_th:1253,schmidtkeswelt:2671,forward
jn_th:1252,widerstandinaktion:820,forward
jn_th:1240,sicherheitshinweise:1450,forward
jn_th:1238,jn_th:1114,forward
jn_th:1237,jn_th:1112,forward
jn_th:1234,frontdienst:691,forward
jn_th:1227,frontdienst:690,forward
jn_th:1221,gefangenenhilfe:1056,forward
jn_th:1219,dresden_gedenken:299,forward
jn_th:1218,jn_mup:52,forward
jn_westverband:428,jn_aktioneuropa:63,forward
jn_westverband:423,jn_aktioneuropa:47,forward
jn_westverband:422,jungenationalisten:5127,forward
jn_westverband:420,jungenationalisten:5122,forward
jn_westverband:418,aufgewachtonline:2911,forward
jn_westverband:407,jungenationalisten:5109,forward
jn_westverband:403,dortmundsrechte:4934,forward
jn_westverband:402,heimatnrw:600,forward
jn_westverband:401,jungenationalisten:5076,forward
jn_westverband:399,jungenationalisten:5075,forward
jn_westverband:398,heimatnrw:595,forward
jn_westverband:395,heimatnrw:591,forward
jn_westverband:391,heimatnrw:586,forward
jn_westverband:389,derappell:12,link
jn_westverband:389,appell_jn:7,link
jn_westverband:389,appell_jn:8,link
jn_westverband:389,appell_jn:11,link
jn_westverband:389,appell_jn:14,link
jn_westverband:389,appell_jn:16,link
jn_westverband:389,appell_jn:18,link
jn_westverband:389,appell_jn:20,link
jn_westverband:389,appell_jn:21,link
jn_westverband:389,appell_jn:22,link
jn_westverband:389,appell_jn:23,link
jn_westverband:389,appell_jn:24,link
jn_westverband:389,appell_jn:25,link
jn_westverband:389,appell_jn:26,link
jn_westverband:389,appell_jn:27,link
jn_westverband:389,appell_jn:28,link
jn_westverband:389,appell_jn:29,link
jn_westverband:389,appell_jn:30,link
jn_westverband:389,appell_jn:31,link
jn_westverband:389,appell_jn:32,link
jn_westverband:389,appell_jn:33,link
jn_westverband:389,appell_jn:34,link
jn_westverband:389,appell_jn:35,link
jn_westverband:389,appell_jn:36,link
jn_westverband:389,appell_jn:37,link
jn_westverband:389,derappell:46,link
jn_westverband:389,appell_jn:38,link
jn_westverband:389,appell_jn:39,link
jn_westverband:389,appell_jn:40,link
jn_westverband:389,appell_jn:41,link
jn_westverband:389,appell_jn:42,link
jn_westverband:389,appell_jn:45,link
jn_westverband:389,derappell:55,link
jn_westverband:389,appell_jn:48,link
jn_westverband:389,appell_jn:3,forward
jn_westverband:386,heimat2023:1812,forward
jn_westverband:376,jungenationalisten:5037,forward
jn_westverband:375,heimat2023:1809,forward
jn_westverband:372,jn_aktioneuropa:46,forward
jn_westverband:362,jn_aktioneuropa:36,forward
jn_westverband:360,rossmueller_dissident:2376,forward
jn_westverband:351,jungenationalisten:5014,forward
jn_westverband:349,clauscremernrw:2239,forward
jn_westverband:346,heimat2023:1771,forward
jn_westverband:345,heimat2023:1774,forward
jn_westverband:344,dortmundsrechte:4866,forward
jn_westverband:343,jungenationalisten:4971,forward
jn_westverband:333,harzverteidigen:590,forward
jn_westverband:311,jungenationalisten:4895,forward
jn_westverband:306,jn_westverband:305,reply
jn_westverband:305,comitedu9mai:398,forward
jn_westverband:304,clauscremernrw:2170,forward
jn_westverband:303,widerstandinaktion:845,forward
jn_westverband:300,dortmundsrechte:4820,forward
jn_westverband:292,clauscremernrw:2146,forward
jn_westverband:281,heimatnrw:524,forward
jn_westverband:274,heimatnrw:517,forward
jn_westverband:273,dresden_gedenken:299,forward
jndortmund:336,jungenationalisten:5122,forward
jndortmund:334,jungenationalisten:5075,forward
jndortmund:332,dortmundsrechte:4916,forward
jndortmund:331,frontdienst:720,forward
jndortmund:330,jn_westverband:388,forward
jndortmund:329,jungenationalisten:5014,forward
jndortmund:328,dortmundsrechte:4880,forward
jnhessen:215,jungenationalisten:5142,forward
jnhessen:214,dortmundsrechte:5001,forward
jnhessen:203,jungenationalisten:5109,forward
jnhessen:200,jungenationalisten:5091,forward
jnhessen:199,frontdienst:720,forward
jnhessen:198,jn_westverband:388,forward
jnhessen:184,jungenationalisten:5037,forward
jnhessen:183,jn_aktioneuropa:46,forward
jnhessen:182,heimat2023:1793,forward
jnhessen:180,heimat2023:1771,forward
jnhessen:174,jungenationalisten:4894,forward
jnhessen:172,widerstandinaktion:842,forward
jungeuropa:3678,benediktkaiser:2394,forward
jungeuropa:3658,benediktkaiser:2386,forward
jungeuropa:3646,schmidtkeswelt:2885,forward
jungeuropa:3631,benediktkaiser:2367,forward
jungeuropa:3581,benediktkaiser:2319,forward
jungeuropa:3573,benediktkaiser:2313,forward
jungeuropa:3569,benediktkaiser:2309,forward
jungeuropa:3524,benediktkaiser:2264,forward
jungeuropa:3521,benediktkaiser:2260,forward
jungeuropa:3497,benediktkaiser:2248,forward
jungeuropa:3496,benediktkaiser:2246,forward
jungeuropa:3492,mayrhofer_raphael:306,forward
jungeuropa:3486,benediktkaiser:2236,forward
jungeuropa:3473,benediktkaiser:2229,forward
jungeuropa:3471,benediktkaiser:2228,forward
jungeuropa:3452,benediktkaiser:2217,forward
jungeuropa:3422,benediktkaiser:2203,forward
jungeuropa:3406,benediktkaiser:2194,forward
kdn2013:1801,wilhelmkachel:1579,forward
kdn2013:1798,harzverteidigen:703,forward
kdn2013:1781,eichsfeldrevolte:22,forward
kdn2013:1774,jungeuropa:3554,forward
kdn2013:1765,harzverteidigen:581,forward
kdn2013:1758,dresden_gedenken:319,forward
kdn2013:1755,jn_sachsen_anhalt:543,forward
kdn2013:1745,blklgnwear:790,forward
mayrhofer_raphael:319,mayrhofer_raphael:318,reply
mayrhofer_raphael:295,mayrhofer_raphael:294,reply
mayrhofer_raphael:267,mayrhofer_raphael:59,link
mayrhofer_raphael:267,mayrhofer_raphael:196,link
miesenews:14615,mayrhofer_raphael:344,forward
miesenews:14614,rockhate:13078,forward
miesenews:14610,schmidtkeswelt:2912,forward
miesenews:14606,sturmzeichen:9215,forward
miesenews:14601,sturmzeichen:9203,forward
miesenews:14600,sturmzeichen:9200,forward
miesenews:14597,balaclavagraphics:7295,forward
miesenews:14596,mayrhofer_raphael:340,forward
miesenews:14594,deutschedd:4411,forward
miesenews:14590,rockhate:13050,forward
miesenews:14581,balaclavagraphics:7285,forward
miesenews:14575,harzverteidigen:704,forward
miesenews:14574,blklgnwear:819,forward
miesenews:14572,schmidtkeswelt:2899,forward
miesenews:14571,harzverteidigen:703,forward
miesenews:14570,schmidtkeswelt:2897,forward
miesenews:14568,mayrhofer_raphael:339,forward
miesenews:14563,jungenationalisten:5122,forward
miesenews:14562,sturmzeichen:9171,forward
miesenews:14561,sturmzeichen:9170,forward
miesenews:14560,harzverteidigen:698,forward
miesenews:14559,sturmzeichen:9168,forward
miesenews:14558,clauscremernrw:2350,forward
miesenews:14557,rockhate:13023,forward
miesenews:14556,sturmzeichen:9165,forward
miesenews:14555,sturmzeichen:9164,forward
miesenews:14550,wie_gesagt:168,forward
miesenews:14546,dortmundsrechte:4986,forward
miesenews:14545,dortmundsrechte:4985,forward
miesenews:14538,dortmundsrechte:4978,forward
miesenews:14536,deutschedd:4404,forward
miesenews:14534,sturmzeichen:9103,forward
miesenews:14533,mayrhofer_raphael:334,forward
miesenews:14520,sturmzeichen:9121,forward
miesenews:14517,dortmundsrechte:4952,forward
miesenews:14511,dortmundsrechte:4946,forward
miesenews:14510,dortmundsrechte:4945,forward
miesenews:14509,dortmundsrechte:4944,forward
miesenews:14490,dortmundsrechte:4934,forward
miesenews:14488,dresden_gedenken:380,forward
miesenews:14487,ein_prozent:3508,link
miesenews:14485,sturmzeichen:9105,forward
miesenews:14479,balaclavagraphics:7259,forward
miesenews:14477,rockhate:12939,forward
miesenews:14473,sicherheitshinweise:1476,forward
miesenews:14472,sicherheitshinweise:1475,forward
miesenews:14471,deutschedd:4391,forward
miesenews:14462,sicherheitshinweise:1474,forward
miesenews:14461,gefangenenhilfe:1153,forward
miesenews:14460,deutschedd:4386,forward
miesenews:14450,balaclavagraphics:7232,forward
miesenews:14449,balaclavagraphics:7242,forward
miesenews:14447,rockhate:12901,forward
miesenews:14445,rockhate:12895,forward
miesenews:14444,sturmzeichen:9077,forward
miesenews:14443,rockhate:12891,forward
miesenews:14442,schmidtkeswelt:2853,link
miesenews:14440,clauscremernrw:2315,forward
miesenews:14439,dresden_gedenken:379,forward
miesenews:14437,leisnig:3853,forward
miesenews:14436,sturmzeichen:9070,forward
miesenews:14434,sturmzeichen:9068,forward
miesenews:14433,schmidtkeswelt:2853,forward
miesenews:14431,rockhate:12876,forward
miesenews:14427,rockhate:12869,forward
miesenews:14425,sicherheitshinweise:1473,forward
miesenews:14422,rockhate:12867,forward
miesenews:14420,rockhate:12864,forward
miesenews:14417,deutschedd:4379,forward
miesenews:14416,rockhate:12860,forward
miesenews:14415,rockhate:12859,forward
miesenews:14414,kdn2013:1779,forward
miesenews:14413,balaclavagraphics:7203,forward
miesenews:14410,deutschedd:4378,forward
miesenews:14405,heimatnrw:594,forward
miesenews:14399,dortmundsrechte:4916,forward
miesenews:14397,dortmundsrechte:4915,forward
miesenews:14393,deutschedd:4374,forward
miesenews:14389,rockhate:12814,forward
miesenews:14388,rockhate:12813,forward
miesenews:14386,rockhate:12811,forward
miesenews:14383,sicherheitshinweise:1472,forward
miesenews:14381,mayrhofer_raphael:328,forward
miesenews:14380,sturmzeichen:9038,forward
miesenews:14369,schmidtkeswelt:2825,forward
miesenews:14360,harzverteidigen:641,forward
miesenews:14356,harzverteidigen:642,forward
miesenews:14355,harzverteidigen:646,forward
miesenews:14354,deutschedd:4367,forward
miesenews:14353,mayrhofer_raphael:327,forward
miesenews:14352,mayrhofer_raphael:326,forward
miesenews:14350,wie_gesagt:167,forward
miesenews:14347,rockhate:12795,forward
miesenews:14345,rockhate:12791,forward
miesenews:14344,sturmzeichen:9022,forward
miesenews:14343,wie_gesagt:166,forward
miesenews:14342,deutschedd:4363,forward
miesenews:14336,balaclavagraphics:7174,forward
miesenews:14333,deutschedd:4357,forward
miesenews:14320,deutschedd:4354,forward
miesenews:14317,sturmzeichen:8996,forward
niederlausitzinfo:1898,frontdienst:719,forward
niederlausitzinfo:1888,heimat2023:1814,forward
niederlausitzinfo:1871,jungenationalisten:5037,forward
niederlausitzinfo:1870,dortmundsrechte:4908,forward
niederlausitzinfo:1866,frontdienst:714,forward
niederlausitzinfo:1845,heimat2023:1738,forward
niederlausitzinfo:1844,heimat2023:1736,forward
niederlausitzinfo:1843,schreiberklagtan:1135,forward
niederlausitzinfo:1842,schmidtkeswelt:2741,forward
niederlausitzinfo:1841,widerstandinaktion:872,forward
niederlausitzinfo:1828,widerstandinaktion:871,forward
niederlausitzinfo:1827,widerstandinaktion:871,forward
niederlausitzinfo:1813,dresden_gedenken:336,forward
niederlausitzinfo:1807,widerstandinaktion:859,forward
niederlausitzinfo:1804,widerstandinaktion:859,forward
niederlausitzinfo:1799,stefantrautmanndl:1013,forward
niederlausitzinfo:1798,widerstandinaktion:853,forward
niederlausitzinfo:1795,dresden_gedenken:328,forward
niederlausitzinfo:1794,niederlausitzinfo:1780,forward
niederlausitzinfo:1786,dresden_gedenken:324,forward
niederlausitzinfo:1777,balaclavagraphics:6986,forward
niederlausitzinfo:1776,dresden_gedenken:317,forward
niederlausitzinfo:1757,niederlausitzinfo:1756,forward
niederlausitzinfo:1755,niederlausitzinfo:1754,forward
niederlausitzinfo:1752,frontdienst:691,forward
niederlausitzinfo:1751,heimat2023:1630,forward
niederlausitzinfo:1736,frontdienst:690,forward
niederlausitzinfo:1735,sicherheitshinweise:1448,forward
niederlausitzinfo:1733,schmidtkeswelt:2610,forward
niederlausitzinfo:1730,dresden_gedenken:299,forward
niederlausitzinfo:1724,heimat2023:1567,forward
niederlausitzinfo:1723,sicherheitshinweise:1447,forward
pcrecords:8085,schmidtkeswelt:2915,forward
pcrecords:8083,schmidtkeswelt:2912,forward
pcrecords:8081,sturmzeichen:9215,forward
pcrecords:8076,balaclavagraphics:7295,forward
pcrecords:8073,wilhelmkachel:1575,forward
pcrecords:8061,balaclavagraphics:7285,forward
pcrecords:8059,schmidtkeswelt:2899,forward
pcrecords:8057,rockhate:13041,forward
pcrecords:8054,fsnrev:7267,forward
pcrecords:8050,balaclavagraphics:7272,forward
pcrecords:8049,heimat2023:1891,forward
pcrecords:8043,sicherheitshinweise:1478,forward
pcrecords:8041,miesenews:14547,forward
pcrecords:8030,schmidtkeswelt:2882,forward
pcrecords:8024,dortmundsrechte:4934,forward
pcrecords:8023,schreiberklagtan:1142,forward
pcrecords:8020,dresden_gedenken:380,forward
pcrecords:8019,sturmzeichen:9107,forward
pcrecords:8008,sicherheitshinweise:1474,forward
pcrecords:8004,freiesachsen_kreisleipzig:1513,forward
pcrecords:8003,schmidtkeswelt:2853,link
pcrecords:8001,dresden_gedenken:379,forward
pcrecords:7995,schmidtkeswelt:2853,forward
pcrecords:7991,schreiberklagtan:1138,forward
pcrecords:7990,ein_prozent:3492,forward
pcrecords:7989,heimatnrw:594,forward
pcrecords:7984,ein_prozent:3490,forward
peterschreiber:3843,aufgewachtonline:2961,forward
peterschreiber:3841,heimat2023:1928,forward
peterschreiber:3839,michaelbrueck90:417,forward
peterschreiber:3838,aufgewachtonline:2960,forward
peterschreiber:3836,aufgewachtonline:2959,forward
peterschreiber:3835,freiesachsen_dresden:6844,forward
peterschreiber:3834,hartungstefan:882,forward
peterschreiber:3830,aufgewachtonline:2936,forward
peterschreiber:3828,aufgewachtonline:2933,forward
peterschreiber:3826,aufgewachtonline:2918,forward
peterschreiber:3823,aufgewachtonline:2917,forward
peterschreiber:3822,freiesachsen_dresden:6812,forward
peterschreiber:3821,heimat2023:1892,forward
peterschreiber:3819,heimat2023:1891,forward
peterschreiber:3817,freiesachsenmeissen:1512,forward
peterschreiber:3807,jungenationalisten:5109,forward
peterschreiber:3806,heimat2023:1880,forward
peterschreiber:3805,aufgewachtonline:2858,forward
peterschreiber:3803,freiesachsen_leisnig:569,forward
peterschreiber:3802,aufgewachtonline:2848,forward
peterschreiber:3800,heimat2023:1841,forward
peterschreiber:3798,heimat2023:1837,forward
peterschreiber:3794,freiesachsenmeissen:1508,forward
peterschreiber:3793,dieheimatmv:177,forward
peterschreiber:3792,heimat2023:1834,forward
peterschreiber:3788,heimatnrw:594,forward
peterschreiber:3787,freiesachsenmeissen:1506,forward
peterschreiber:3786,heimat2023:1824,forward
peterschreiber:3785,heimat2023:1823,forward
peterschreiber:3782,heimat2023:1821,forward
peterschreiber:3781,heimat2023:1820,forward
peterschreiber:3780,rossmueller:3378,forward
peterschreiber:3779,rossmueller:3375,forward
peterschreiber:3777,rossmueller:3373,forward
peterschreiber:3776,heimat2023:1814,forward
peterschreiber:3775,deutschestimmemagazin:6099,forward
peterschreiber:3774,deutschestimmemagazin:6098,forward
peterschreiber:3773,dortmundsrechte:4908,forward
peterschreiber:3772,heimat2023:1808,forward
peterschreiber:3769,aufgewachtonline:2762,forward
peterschreiber:3765,rossmueller:3338,forward
peterschreiber:3763,heimat2023:1803,forward
peterschreiber:3762,aufgewachtonline:2747,forward
peterschreiber:3760,aufgewachtonline:2734,forward
peterschreiber:3759,aufgewachtonline:2734,forward
peterschreiber:3757,rossmueller:3320,forward
peterschreiber:3756,rossmueller:3319,forward
peterschreiber:3752,heimat2023:1794,forward
peterschreiber:3751,heimat2023:1793,forward
peterschreiber:3745,aufgewachtonline:2722,forward
peterschreiber:3743,aufgewachtonline:2712,forward
peterschreiber:3742,heimat2023:1786,forward
peterschreiber:3741,aufgewachtonline:2710,forward
peterschreiber:3738,heimathessen:1760,forward
peterschreiber:3731,aufgewachtonline:2688,forward
peterschreiber:3729,rossmueller:3280,forward
peterschreiber:3728,heimat2023:1774,forward
peterschreiber:3727,heimathessen:1734,forward
peterschreiber:3726,deutschestimmemagazin:6027,forward
peterschreiber:3725,heimat2023:1768,forward
peterschreiber:3723,rossmueller:3266,forward
peterschreiber:3720,benediktkaiser:2228,forward
peterschreiber:3717,heimathessen:1721,forward
peterschreiber:3715,heimat2023:1756,forward
peterschreiber:3706,freiesachsenmeissen:1488,forward
peterschreiber:3705,heimat2023:1750,forward
peterschreiber:3703,heimat2023:1737,forward
peterschreiber:3702,rossmueller:3234,forward
peterschreiber:3698,freiesachsen_leisnig:520,link
peterschreiber:3698,schreiberklagtan:1131,link
peterschreiber:3698,dresden_gedenken:344,forward
peterschreiber:3694,heimat2023:1726,forward
peterschreiber:3690,rossmueller:3218,forward
peterschreiber:3688,heimat2023:1719,forward
peterschreiber:3686,heimat2023:1718,forward
peterschreiber:3685,dresden_spaziert:1964,forward
peterschreiber:3683,dresden_gedenken:331,forward
peterschreiber:3682,heimat2023:1712,forward
peterschreiber:3679,rossmueller:3201,forward
peterschreiber:3676,heimat2023:1694,forward
peterschreiber:3671,heimat2023:1691,forward
peterschreiber:3669,dresden_gedenken:319,forward
peterschreiber:3666,rossmueller:3180,forward
peterschreiber:3665,heimathessen:1650,forward
peterschreiber:3663,heimat2023:1685,forward
peterschreiber:3662,michaelbrueck90:415,forward
peterschreiber:3659,stefantrautmanndl:986,forward
peterschreiber:3658,heimat2023:1680,forward
peterschreiber:3650,freiesachsenmeissen:1471,forward
peterschreiber:3649,freiesachsenmeissen:1470,forward
peterschreiber:3648,heimat2023:1671,forward
peterschreiber:3647,freiesachsenmeissen:1469,forward
peterschreiber:3645,heimat2023:1669,forward
peterschreiber:3643,heimat2023:1667,forward
peterschreiber:3642,heimat2023:1666,forward
peterschreiber:3640,heimat2023:1663,forward
peterschreiber:3638,heimat2023:1660,forward
peterschreiber:3628,heimat2023:1649,forward
peterschreiber:3627,heimat2023:1646,forward
peterschreiber:3621,frontdienst:691,forward
peterschreiber:3617,heimat2023:1636,forward
peterschreiber:3616,heimat2023:1635,forward
peterschreiber:3612,heimat2023:1630,forward
peterschreiber:3611,heimat2023:1629,forward
peterschreiber:3590,heimatsachsenanhalt:1086,forward
peterschreiber:3588,heimatsachsenanhalt:1085,forward
peterschreiber:3586,frontdienst:690,forward
peterschreiber:3583,freiesachsenmeissen:1463,forward
peterschreiber:3580,freiesachsenmeissen:1461,forward
peterschreiber:3576,heimatnrw:524,forward
peterschreiber:3569,heimatnrw:517,forward
peterschreiber:3568,freiesachsenmeissen:1460,forward
realblaircottrell:7102,realblaircottrell:7100,reply
realblaircottrell:7093,realblaircottrell:7092,reply
realblaircottrell:7079,realblaircottrell:7076,reply
realblaircottrell:7058,rediceuncensored:4155,forward
realblaircottrell:7057,realblaircottrell:7056,reply
realblaircottrell:7048,ausvstheagenda:3901,link
realblaircottrell:7033,realblaircottrell:7032,reply
realblaircottrell:7020,realblaircottrell:7019,reply
realblaircottrell:6985,ausvstheagenda:3876,link
realblaircottrell:6966,ausvstheagenda:3864,link
realblaircottrell:6950,realblaircottrell:6949,reply
realblaircottrell:6938,ausvstheagenda:3844,link
realblaircottrell:6936,realblaircottrell:6862,reply
realblaircottrell:6928,ausvstheagenda:3827,link
realblaircottrell:6907,realblaircottrell:6906,reply
realblaircottrell:6889,ausvstheagenda:3809,forward
realblaircottrell:6884,ausvstheagenda:3805,forward
realblaircottrell:6881,ausvstheagenda:3802,link
realblaircottrell:6852,realblaircottrell:6851,reply
realblaircottrell:6837,realblaircottrell:6836,reply
realblaircottrell:6829,realblaircottrell:6826,reply
realblaircottrell:6807,ausvstheagenda:3733,forward
realblaircottrell:6805,realblaircottrell:6804,reply
realblaircottrell:6800,realblaircottrell:6790,reply
rockhate:13063,jn_westverband:427,forward
rockhate:13056,sturmzeichen:9203,forward
rockhate:13055,wie_gesagt:169,forward
rockhate:13047,schmidtkeswelt:2899,forward
rockhate:13036,deutscheswarenhaus:635,forward
rockhate:13028,jungenationalisten:5122,forward
rockhate:13026,deutscheswarenhaus:633,forward
rockhate:13024,clauscremernrw:2350,forward
rockhate:13021,wwbrex:2463,forward
rockhate:13019,wwbrex:2461,forward
rockhate:13018,heimat2023:1891,forward
rockhate:13007,clauscremernrw:2349,forward
rockhate:13000,pcrecords:8042,forward
rockhate:12997,deutscheswarenhaus:632,forward
rockhate:12996,miesenews:14547,forward
rockhate:12995,wie_gesagt:168,forward
rockhate:12989,miesenews:14531,forward
rockhate:12983,schmidtkeswelt:2880,forward
rockhate:12982,weichreitekanal:1354,forward
rockhate:12974,dortmundsrechte:4934,forward
rockhate:12966,kdn2013:1789,forward
rockhate:12910,miesenews:14466,forward
rockhate:12898,miesenews:14446,forward
rockhate:12894,eichsfeldrevolte:22,forward
rockhate:12892,sturmzeichen:9074,forward
rockhate:12862,wie_gesagt:164,forward
rockhate:12861,kdn2013:1779,forward
rockhate:12853,frontmagazin:6776,forward
rockhate:12850,heimatnrw:594,forward
rockhate:12847,heimat2023:1827,forward
rockhate:12842,dortmundsrechte:4915,forward
rockhate:12822,heimatnrw:586,forward
rockhate:12803,balaclavagraphics:7184,forward
rockhate:12787,rockhate:12095,forward
rockhate:12786,rockhate:12094,forward
rockhate:12784,sicherheitshinweise:1469,forward
rockhate:12765,homefrontsince2021:1041,forward
rossmueller:3472,aufgewachtonline:2961,forward
rossmueller:3466,hartungstefan:882,forward
rossmueller:3460,peterschreiber:3829,forward
rossmueller:3456,aufgewachtonline:2918,forward
rossmueller:3451,heimat2023:1892,forward
rossmueller:3426,rossmueller:3378,forward
rossmueller:3409,heimat2023:1837,forward
rossmueller:3407,heimat2023:1834,forward
rossmueller:3386,heimat2023:1823,forward
rossmueller:3379,heimat2023:1820,forward
rossmueller:3367,aufgewachtonline:2776,forward
rossmueller:3365,deutschestimmemagazin:6098,forward
rossmueller:3356,aufgewachtonline:2766,forward
rossmueller:3345,aufgewachtonline:2756,forward
rossmueller:3342,sturmzeichen:8977,forward
rossmueller:3339,heimat2023:1803,forward
rossmueller:3326,sturmzeichen:8959,forward
rossmueller:3324,aufgewachtonline:2730,forward
rossmueller:3314,heimat2023:1793,forward
rossmueller:3308,heimat2023:1786,forward
rossmueller:3291,aufgewachtonline:2699,forward
rossmueller:3286,aufgewachtonline:2691,forward
rossmueller:3271,heimat2023:1768,forward
rossmueller:3255,heimat2023:1756,forward
rossmueller:3240,heimat2023:1737,forward
rossmueller:3215,heimat2023:1719,forward
rossmueller:3206,heimat2023:1712,forward
rossmueller:3191,heimat2023:1694,forward
rossmueller:3175,heimat2023:1685,forward
schmidtkeswelt:2877,ein_prozent:3508,forward
schmidtkeswelt:2875,jungeuropa:3627,forward
schmidtkeswelt:2867,jungeuropa:3620,forward
schmidtkeswelt:2857,ein_prozent:3504,forward
schmidtkeswelt:2856,schmidtkeswelt:2853,link
schmidtkeswelt:2842,ein_prozent:3490,forward
schmidtkeswelt:2806,ein_prozent:3486,forward
schmidtkeswelt:2762,ein_prozent:3464,forward
schmidtkeswelt:2742,schmidtkeswelt:2740,forward
schmidtkeswelt:2704,schmidtkeswelt:2694,forward
schmidtkeswelt:2634,lebensart_survival:2519,forward
schmidtkeswelt:2632,lebensart_survival:2517,forward
schmidtkeswelt:2606,benediktkaiser:2155,forward
schmidtkeswelt:2604,ein_prozent:3429,forward
schmidtkeswelt:2601,michaelbrueck90:413,forward
schmidtkeswelt:2599,dresden_gedenken:301,forward
stefantrautmanndl:1081,jungenationalisten:5142,forward
stefantrautmanndl:1079,freie_mittelsachsen:4206,forward
stefantrautmanndl:1061,freie_mittelsachsen:4200,forward
stefantrautmanndl:1053,frontdienst:719,forward
stefantrautmanndl:1041,jungenationalisten:5037,forward
stefantrautmanndl:1037,freie_mittelsachsen:4174,forward
stefantrautmanndl:1032,schreiberklagtan:1138,forward
stefantrautmanndl:1029,freie_mittelsachsen:4150,forward
stefantrautmanndl:1027,widerstandinaktion:912,forward
stefantrautmanndl:1026,widerstandinaktion:911,forward
stefantrautmanndl:1022,leisnig:3813,forward
stefantrautmanndl:1021,widerstandinaktion:872,forward
stefantrautmanndl:1020,widerstandinaktion:871,forward
stefantrautmanndl:1017,widerstandinaktion:859,forward
stefantrautmanndl:1010,widerstandinaktion:851,forward
stefantrautmanndl:1006,stefantrautmanndl:986,link
stefantrautmanndl:1004,widerstandinaktion:842,forward
stefantrautmanndl:993,schreiberklagtan:1112,forward
stefantrautmanndl:982,frontdienst:690,forward
stefantrautmanndl:979,freie_mittelsachsen:4080,forward
stimme_der_wahrheit:5243,stimme_der_wahrheit:5208,link
stimme_der_wahrheit:5243,stimme_der_wahrheit:5209,link
stimme_der_wahrheit:5240,sturmzeichen:9215,forward
stimme_der_wahrheit:5232,sturmzeichen:9210,forward
stimme_der_wahrheit:5124,miesenews:14508,forward
stimme_der_wahrheit:5118,deutschedd:4399,forward
stimme_der_wahrheit:5106,miesenews:14487,forward
stimme_der_wahrheit:5106,ein_prozent:3508,link
stimme_der_wahrheit:5096,stimme_der_wahrheit:5093,reply
stimme_der_wahrheit:5026,sturmzeichen:9077,forward
stimme_der_wahrheit:5015,dresden_gedenken:379,forward
sturmzeichen:9206,dieheimatmv:217,forward
sturmzeichen:9192,balaclavagraphics:7285,forward
sturmzeichen:9186,harzverteidigen:704,forward
sturmzeichen:9185,balaclavagraphics:7278,forward
sturmzeichen:9182,balaclavagraphics:7277,forward
sturmzeichen:9181,balaclavagraphics:7275,forward
sturmzeichen:9180,dieheimatmv:203,forward
sturmzeichen:9178,harzverteidigen:703,forward
sturmzeichen:9177,schmidtkeswelt:2895,forward
sturmzeichen:9175,miesenews:14565,forward
sturmzeichen:9173,ein_prozent:3510,forward
sturmzeichen:9166,heimat2023:1891,forward
sturmzeichen:9159,aufgewachtonline:2903,forward
sturmzeichen:9155,schmidtkeswelt:2885,forward
sturmzeichen:9147,deutschedd:4403,forward
sturmzeichen:9146,heimat2023:1871,forward
sturmzeichen:9129,heimatnrw:612,forward
sturmzeichen:9120,miesenews:14518,forward
sturmzeichen:9119,heimatnrw:606,forward
sturmzeichen:9113,dortmundsrechte:4946,forward
sturmzeichen:9112,dortmundsrechte:4944,forward
sturmzeichen:9110,weichreitekanal:1354,forward
sturmzeichen:9106,ein_prozent:3508,forward
sturmzeichen:9092,derdritteblickwinkel:4795,forward
sturmzeichen:9084,sicherheitshinweise:1474,forward
sturmzeichen:9082,gefangenenhilfe:1153,forward
sturmzeichen:9080,heimat2023:1837,forward
sturmzeichen:9076,rockhate:12891,forward
sturmzeichen:9075,dresden_gedenken:379,forward
sturmzeichen:9072,leisnig:3853,forward
sturmzeichen:9067,sicherheitshinweise:1473,forward
sturmzeichen:9064,jungenationalisten:5075,forward
sturmzeichen:9063,rockhate:12867,forward
sturmzeichen:9060,derdritteblickwinkel:4792,forward
sturmzeichen:9058,dortmundsrechte:4915,forward
sturmzeichen:9054,deutschedd:4374,forward
sturmzeichen:9051,deutschedd:4373,forward
sturmzeichen:9049,jungeuropa:3577,forward
sturmzeichen:9042,deutscheswarenhaus:620,forward
sturmzeichen:9040,schmidtkeswelt:2825,forward
sturmzeichen:9039,derappell:12,link
sturmzeichen:9039,appell_jn:7,link
sturmzeichen:9039,appell_jn:8,link
sturmzeichen:9039,appell_jn:11,link
sturmzeichen:9039,appell_jn:14,link
sturmzeichen:9039,appell_jn:16,link
sturmzeichen:9039,appell_jn:18,link
sturmzeichen:9039,appell_jn:20,link
sturmzeichen:9039,appell_jn:21,link
sturmzeichen:9039,appell_jn:22,link
sturmzeichen:9039,appell_jn:23,link
sturmzeichen:9039,appell_jn:24,link
sturmzeichen:9039,appell_jn:25,link
sturmzeichen:9039,appell_jn:26,link
sturmzeichen:9039,appell_jn:27,link
sturmzeichen:9039,appell_jn:28,link
sturmzeichen:9039,appell_jn:29,link
sturmzeichen:9039,appell_jn:30,link
sturmzeichen:9039,appell_jn:31,link
sturmzeichen:9039,appell_jn:32,link
sturmzeichen:9039,appell_jn:33,link
sturmzeichen:9039,appell_jn:34,link
sturmzeichen:9039,appell_jn:35,link
sturmzeichen:9039,appell_jn:36,link
sturmzeichen:9039,appell_jn:37,link
sturmzeichen:9039,derappell:46,link
sturmzeichen:9039,appell_jn:38,link
sturmzeichen:9039,appell_jn:39,link
sturmzeichen:9039,appell_jn:40,link
sturmzeichen:9039,appell_jn:41,link
sturmzeichen:9039,appell_jn:42,link
sturmzeichen:9039,appell_jn:45,link
sturmzeichen:9039,derappell:55,link
sturmzeichen:9039,appell_jn:48,link
sturmzeichen:9039,appell_jn:3,forward
sturmzeichen:9035,harzverteidigen:648,forward
sturmzeichen:9029,wie_gesagt:167,forward
sturmzeichen:9023,wie_gesagt:166,forward
sturmzeichen:9017,jungeuropa:3554,forward
sturmzeichen:9015,deutschedd:4357,forward
sturmzeichen:9005,miesenews:14322,forward
sturmzeichen:9002,sicherheitshinweise:1469,forward
sturmzeichen:8998,jn_mup:145,forward
sturmzeichen:8995,deutschedd:4351,forward
sturmzeichen:8990,schmidtkeswelt:2799,forward
sturmzeichen:8989,mayrhofer_raphael:322,forward
sturmzeichen:8986,sturmzeichen:8985,link
sturmzeichen:8985,eichsfeldrevolte:6,forward
sturmzeichen:8978,schmidtkeswelt:2793,forward
sturmzeichen:8970,sicherheitshinweise:1465,forward
sturmzeichen:8936,balaclavagraphics:7142,forward
sturmzeichen:8933,braunschweigverteidigen:255,forward
sturmzeichen:8932,gefangenenhilfe:1139,forward
theresia_brand:91,sturmzeichen:8985,link
theresia_brand:91,sturmzeichen:8986,forward
theresia_brand:90,schmidtkeswelt:2794,forward
theresia_brand:88,sicherheitshinweise:1463,forward
theresia_brand:75,jungenationalisten:4913,forward
theresia_brand:74,dresden_gedenken:331,forward
theresia_brand:64,gefangenenhilfe:1056,forward
unetenucleonacional:673,unetenucleonacional:672,reply
unvergessenehelden:6308,dresden_gedenken:319,forward
weichreitekanal:1331,weichreitekanal:1330,reply
weichreitekanal:1322,weichreitekanal:1321,reply
widerstandinaktion:969,jungenationalisten:5142,forward
widerstandinaktion:968,freie_mittelsachsen:4230,forward
widerstandinaktion:967,jungenationalisten:5122,forward
widerstandinaktion:966,frontdienst:725,forward
widerstandinaktion:959,stefantrautmanndl:1072,forward
widerstandinaktion:958,stefantrautmanndl:1065,forward
widerstandinaktion:957,jungenationalisten:5091,forward
widerstandinaktion:956,freie_mittelsachsen:4210,forward
widerstandinaktion:955,freie_mittelsachsen:4206,forward
widerstandinaktion:951,schreiberklagtan:1138,forward
widerstandinaktion:950,stefantrautmanndl:1060,forward
widerstandinaktion:949,derappell:12,link
widerstandinaktion:949,appell_jn:7,link
widerstandinaktion:949,appell_jn:8,link
widerstandinaktion:949,appell_jn:11,link
widerstandinaktion:949,appell_jn:14,link
widerstandinaktion:949,appell_jn:16,link
widerstandinaktion:949,appell_jn:18,link
widerstandinaktion:949,appell_jn:20,link
widerstandinaktion:949,appell_jn:21,link
widerstandinaktion:949,appell_jn:22,link
widerstandinaktion:949,appell_jn:23,link
widerstandinaktion:949,appell_jn:24,link
widerstandinaktion:949,appell_jn:25,link
widerstandinaktion:949,appell_jn:26,link
widerstandinaktion:949,appell_jn:27,link
widerstandinaktion:949,appell_jn:28,link
widerstandinaktion:949,appell_jn:29,link
widerstandinaktion:949,appell_jn:30,link
widerstandinaktion:949,appell_jn:31,link
widerstandinaktion:949,appell_jn:32,link
widerstandinaktion:949,appell_jn:33,link
widerstandinaktion:949,appell_jn:34,link
widerstandinaktion:949,appell_jn:35,link
widerstandinaktion:949,appell_jn:36,link
widerstandinaktion:949,appell_jn:37,link
widerstandinaktion:949,derappell:46,link
widerstandinaktion:949,appell_jn:38,link
widerstandinaktion:949,appell_jn:39,link
widerstandinaktion:949,appell_jn:40,link
widerstandinaktion:949,appell_jn:41,link
widerstandinaktion:949,appell_jn:42,link
widerstandinaktion:949,appell_jn:45,link
widerstandinaktion:949,derappell:55,link
widerstandinaktion:949,appell_jn:48,link
widerstandinaktion:949,appell_jn:3,forward
widerstandinaktion:946,stefantrautmanndl:1057,forward
widerstandinaktion:945,schmidtkeswelt:2825,forward
widerstandinaktion:941,stefantrautmanndl:1051,forward
widerstandinaktion:931,jungenationalisten:5037,forward
widerstandinaktion:927,stefantrautmanndl:1038,forward
widerstandinaktion:925,stefantrautmanndl:1036,forward
widerstandinaktion:923,stefantrautmanndl:1035,forward
widerstandinaktion:921,stefantrautmanndl:1033,forward
widerstandinaktion:919,freie_mittelsachsen:4156,forward
widerstandinaktion:916,stefantrautmanndl:1031,forward
widerstandinaktion:915,stefantrautmanndl:1030,forward
widerstandinaktion:914,freie_mittelsachsen:4150,forward
widerstandinaktion:913,stefantrautmanndl:1028,forward
widerstandinaktion:902,stefantrautmanndl:1023,forward
widerstandinaktion:873,niederlausitzinfo:1832,forward
widerstandinaktion:858,jungenationalisten:4865,forward
widerstandinaktion:854,stefantrautmanndl:1013,forward
widerstandinaktion:847,stefantrautmanndl:986,link
widerstandinaktion:847,stefantrautmanndl:1006,forward
widerstandinaktion:846,frontdienst:701,forward
widerstandinaktion:844,dresden_gedenken:325,forward
widerstandinaktion:843,dresden_gedenken:324,forward
widerstandinaktion:830,schreiberklagtan:1112,forward
widerstandinaktion:829,stefantrautmanndl:992,forward
widerstandinaktion:828,stefantrautmanndl:991,forward
widerstandinaktion:827,dresden_gedenken:319,forward
widerstandinaktion:824,stefantrautmanndl:986,forward
widerstandinaktion:823,jn_sachsen_anhalt:543,forward
widerstandinaktion:822,frontdienst:695,forward
widerstandinaktion:821,frontdienst:694,forward
widerstandinaktion:818,heimat2023:1660,forward
widerstandinaktion:817,stefantrautmanndl:985,forward
widerstandinaktion:813,stefantrautmanndl:984,forward
widerstandinaktion:811,frontdienst:691,forward
widerstandinaktion:805,niederlausitzinfo:1738,forward
widerstandinaktion:803,stefantrautmanndl:983,forward
widerstandinaktion:798,frontdienst:690,forward
widerstandinaktion:797,sicherheitshinweise:1448,forward
widerstandinaktion:796,gefangenenhilfe:1060,forward
widerstandinaktion:786,dresden_gedenken:299,forward
widerstandinaktion:785,stefantrautmanndl:978,forward
widerstandinaktion:783,stefantrautmanndl:977,forward
widerstandinaktion:758,heimat2023:1567,forward
wolfpmsoffiziell:1572,benediktkaiser:2228,forward
wolfpmsoffiziell:1571,ein_prozent:3434,forward
wolfpmsoffiziell:1570,ein_prozent:3433,forward
wwbrex:2483,jokartsarea:175,forward
wwbrex:2481,rockhate:13052,forward
wwbrex:2474,harzverteidigen:704,forward
wwbrex:2473,blklgnwear:819,forward
wwbrex:2472,harzverteidigen:703,forward
wwbrex:2466,harzverteidigen:702,forward
wwbrex:2465,rockhate:13037,forward
wwbrex:2460,wwbrex:2459,reply
wwbrex:2446,kdn2013:1790,forward
wwbrex:2445,dresden_gedenken:380,forward
wwbrex:2444,kdn2013:1789,forward
wwbrex:2442,miesenews:14487,forward
wwbrex:2442,ein_prozent:3508,link
wwbrex:2439,rockhate:12958,forward
wwbrex:2437,pcrecords:8012,forward
wwbrex:2436,rockhate:12957,forward
wwbrex:2431,rockhate:12914,forward
wwbrex:2430,sicherheitshinweise:1474,forward
wwbrex:2428,rockhate:12891,forward
wwbrex:2427,schmidtkeswelt:2853,link
wwbrex:2426,pcrecords:8002,forward
wwbrex:2424,rockhate:12888,forward
wwbrex:2417,schmidtkeswelt:2853,forward
wwbrex:2412,rockhate:12864,forward
wwbrex:2411,harzverteidigen:663,forward
zukunfthbs:2744,schmidtkeswelt:2909,forward
jn_aktioneuropa:60,clauscremernrw:2356,forward
jn_aktioneuropa:51,comitedu9mai:449,forward
freie_mittelsachsen:4227,freie_mittelsachsen:4206,forward
freie_mittelsachsen:4220,stefantrautmanndl:1072,forward
freie_mittelsachsen:4218,stefantrautmanndl:1065,forward
freie_mittelsachsen:4217,freiesachsen_leisnig:574,forward
freie_mittelsachsen:4216,freiesachsen_leisnig:573,forward
freie_mittelsachsen:4213,freiesachsen_leisnig:569,forward
freie_mittelsachsen:4208,leisnig:3863,forward
freie_mittelsachsen:4207,leisnig:3862,forward
freie_mittelsachsen:4201,leisnig:3854,forward
freie_mittelsachsen:4199,leisnig:3852,forward
freie_mittelsachsen:4199,leisnig:3848,link
freie_mittelsachsen:4198,stefantrautmanndl:1060,forward
freie_mittelsachsen:4193,stefantrautmanndl:1057,forward
freie_mittelsachsen:4178,stefantrautmanndl:1038,forward
freie_mittelsachsen:4172,leisnig:3837,forward
freie_mittelsachsen:4171,stefantrautmanndl:1036,forward
freie_mittelsachsen:4170,leisnig:3829,forward
freie_mittelsachsen:4167,stefantrautmanndl:1035,forward
freie_mittelsachsen:4166,freiesachsen_leisnig:544,forward
freie_mittelsachsen:4165,freiesachsen_leisnig:542,forward
freie_mittelsachsen:4158,stefantrautmanndl:1033,forward
freie_mittelsachsen:4155,stefantrautmanndl:1031,forward
freie_mittelsachsen:4152,penigstehtauf:1429,forward
freie_mittelsachsen:4151,stefantrautmanndl:1030,forward
freie_mittelsachsen:4147,stefantrautmanndl:1028,forward
freie_mittelsachsen:4146,leisnig:3821,forward
freie_mittelsachsen:4145,widerstandinaktion:912,forward
freie_mittelsachsen:4144,widerstandinaktion:911,forward
freie_mittelsachsen:4140,stefantrautmanndl:1023,forward
freie_mittelsachsen:4134,leisnig:3815,forward
freie_mittelsachsen:4132,leisnig:3811,forward
freie_mittelsachsen:4129,widerstandinaktion:872,forward
freie_mittelsachsen:4128,widerstandinaktion:871,forward
freie_mittelsachsen:4125,widerstandinaktion:859,forward
freie_mittelsachsen:4118,stefantrautmanndl:986,link
freie_mittelsachsen:4118,stefantrautmanndl:1006,forward
freie_mittelsachsen:4116,freiesachsen_leisnig:507,forward
freie_mittelsachsen:4115,freiesachsen_leisnig:505,forward
freie_mittelsachsen:4113,widerstandinaktion:831,forward
freie_mittelsachsen:4112,stefantrautmanndl:991,forward
freie_mittelsachsen:4106,stefantrautmanndl:986,forward
freie_mittelsachsen:4103,frontdienst:694,forward
freie_mittelsachsen:4100,freiesachsen_leisnig:491,forward
freie_mittelsachsen:4097,stefantrautmanndl:985,forward
freie_mittelsachsen:4095,stefantrautmanndl:984,forward
freie_mittelsachsen:4090,stefantrautmanndl:983,forward
freie_mittelsachsen:4088,leisnig:3701,forward
freie_mittelsachsen:4082,freiesachsen_leisnig:481,forward
freie_mittelsachsen:4079,stefantrautmanndl:978,forward
freie_mittelsachsen:4077,freiesachsen_leisnig:478,forward
freie_mittelsachsen:4074,stefantrautmanndl:977,forward
freie_mittelsachsen:4068,leisnig:3690,forward
freie_mittelsachsen:4065,freiesachsen_leisnig:473,forward
freie_mittelsachsen:4064,stefantrautmanndl:974,forward
freie_mittelsachsen:4062,leisnig:3681,forward
freie_mittelsachsen:4059,stefantrautmanndl:971,forward
freie_mittelsachsen:4058,freiesachsen:11613,forward
freie_mittelsachsen:4057,freiesachsen_leisnig:422,forward
freie_mittelsachsen:4055,penigstehtauf:1357,forward
freie_mittelsachsen:4045,widerstandinaktion:739,forward
freie_mittelsachsen:4044,imkerkunst:28,forward
freie_mittelsachsen:4042,widerstandinaktion:693,forward
freie_mittelsachsen:4033,widerstandinaktion:723,forward
freie_mittelsachsen:4029,freiesachsen_leisnig:462,forward
freie_mittelsachsen:4024,stefantrautmanndl:948,forward
freie_mittelsachsen:4023,freiesachsen_leisnig:456,forward
freie_mittelsachsen:4022,stefantrautmanndl:947,forward
freie_mittelsachsen:4018,leisnig:3585,link
freie_mittelsachsen:4018,leisnig:3601,link
freie_mittelsachsen:4018,freiesachsen_leisnig:442,link
freie_mittelsachsen:4018,leisnig:3663,forward
freie_mittelsachsen:4016,stefantrautmanndl:944,forward
freie_mittelsachsen:4012,freiesachsen_leisnig:450,forward
freie_mittelsachsen:4009,freiesachsen_leisnig:449,forward
freie_mittelsachsen:4004,widerstandinaktion:697,forward
freie_mittelsachsen:4003,leisnig:3652,link
freie_mittelsachsen:4003,leisnig:3654,forward
freie_mittelsachsen:4002,stefantrautmanndl:940,forward
freie_mittelsachsen:4001,freiesachsen_leisnig:446,forward
freie_mittelsachsen:3997,freiesachsen_leisnig:445,forward
freie_mittelsachsen:3996,leisnig:3652,forward
freie_mittelsachsen:3995,widerstandinaktion:693,forward
freie_mittelsachsen:3994,freiesachsen_leisnig:441,forward
freie_mittelsachsen:3992,stefantrautmanndl:936,forward
freie_mittelsachsen:3989,freie_mittelsachsen:3985,link
freie_mittelsachsen:3989,freiesachsen_leisnig:436,forward
freie_mittelsachsen:3988,leisnig:3644,forward
freie_mittelsachsen:3987,stefantrautmanndl:934,forward
freie_mittelsachsen:3979,stefantrautmanndl:930,forward
freie_mittelsachsen:3977,stefantrautmanndl:929,forward
freie_mittelsachsen:3975,leisnig:3636,forward
freie_mittelsachsen:3969,leisnig:3631,forward
freie_mittelsachsen:3959,widerstandinaktion:653,forward
freie_mittelsachsen:3958,freiesachsen_leisnig:422,forward
freie_mittelsachsen:3956,stefantrautmanndl:904,forward
freie_mittelsachsen:3955,leisnig:3626,forward
freie_mittelsachsen:3952,widerstandinaktion:650,forward
freie_mittelsachsen:3947,stefantrautmanndl:898,forward
freie_mittelsachsen:3946,widerstandinaktion:648,forward
freie_mittelsachsen:3938,stefantrautmanndl:892,forward
eichsfeldrevolte:36,jungenationalisten:5109,forward
eichsfeldrevolte:28,kdn2013:1790,forward
eichsfeldrevolte:25,heimatnrw:618,forward
eichsfeldrevolte:7,jungenationalisten:5037,forward
appell_jn:50,appell_jn:25,forward
appell_jn:49,derappell:12,link
appell_jn:49,appell_jn:7,link
appell_jn:49,appell_jn:8,link
appell_jn:49,appell_jn:11,link
appell_jn:49,appell_jn:14,link
appell_jn:49,appell_jn:16,link
appell_jn:49,appell_jn:18,link
appell_jn:49,appell_jn:20,link
appell_jn:49,appell_jn:21,link
appell_jn:49,appell_jn:22,link
appell_jn:49,appell_jn:23,link
appell_jn:49,appell_jn:24,link
appell_jn:49,appell_jn:25,link
appell_jn:49,appell_jn:26,link
appell_jn:49,appell_jn:27,link
appell_jn:49,appell_jn:28,link
appell_jn:49,appell_jn:29,link
appell_jn:49,appell_jn:30,link
appell_jn:49,appell_jn:31,link
appell_jn:49,appell_jn:32,link
appell_jn:49,appell_jn:33,link
appell_jn:49,appell_jn:34,link
appell_jn:49,appell_jn:35,link
appell_jn:49,appell_jn:36,link
appell_jn:49,appell_jn:37,link
appell_jn:49,derappell:46,link
appell_jn:49,appell_jn:38,link
appell_jn:49,appell_jn:39,link
appell_jn:49,appell_jn:40,link
appell_jn:49,appell_jn:41,link
appell_jn:49,appell_jn:42,link
appell_jn:49,appell_jn:45,link
appell_jn:49,derappell:55,link
appell_jn:49,appell_jn:48,link
appell_jn:49,appell_jn:3,forward
appell_jn:3,derappell:12,link
appell_jn:3,appell_jn:7,link
appell_jn:3,appell_jn:8,link
appell_jn:3,appell_jn:11,link
appell_jn:3,appell_jn:14,link
appell_jn:3,appell_jn:16,link
appell_jn:3,appell_jn:18,link
appell_jn:3,appell_jn:20,link
appell_jn:3,appell_jn:21,link
appell_jn:3,appell_jn:22,link
appell_jn:3,appell_jn:23,link
appell_jn:3,appell_jn:24,link
appell_jn:3,appell_jn:25,link
appell_jn:3,appell_jn:26,link
appell_jn:3,appell_jn:27,link
appell_jn:3,appell_jn:28,link
appell_jn:3,appell_jn:29,link
appell_jn:3,appell_jn:30,link
appell_jn:3,appell_jn:31,link
appell_jn:3,appell_jn:32,link
appell_jn:3,appell_jn:33,link
appell_jn:3,appell_jn:34,link
appell_jn:3,appell_jn:35,link
appell_jn:3,appell_jn:36,link
appell_jn:3,appell_jn:37,link
appell_jn:3,derappell:46,link
appell_jn:3,appell_jn:38,link
appell_jn:3,appell_jn:39,link
appell_jn:3,appell_jn:40,link
appell_jn:3,appell_jn:41,link
appell_jn:3,appell_jn:42,link
appell_jn:3,appell_jn:45,link
appell_jn:3,derappell:55,link
appell_jn:3,appell_jn:48,link
rossmueller_dissident:2443,eurosiberia1:7949,forward
rossmueller_dissident:2424,markacollett:19977,forward
rossmueller_dissident:2416,markacollett:19949,forward
rossmueller_dissident:2414,markacollett:19942,forward
rossmueller_dissident:2413,multipolarpress:1466,forward
rossmueller_dissident:2404,multipolarpress:1435,forward
rossmueller_dissident:2401,the_woodlander:1931,forward
rossmueller_dissident:2386,lauratowler:7695,forward
rossmueller_dissident:2375,realblaircottrell:6986,forward
rossmueller_dissident:2351,samyorkshire:2585,forward
rossmueller_dissident:2347,youthfront:1109,forward
rossmueller_dissident:2316,justinbarrett:1768,forward
rossmueller_dissident:2221,worthfightingfor_telegram:21198,forward
elblandrevolte:136,widerstandinaktion:492,forward
elblandrevolte:122,frontdienst:539,forward
elblandrevolte:121,braunschweigverteidigen:89,forward
elblandrevolte:108,hermanns_heide:167,forward
elblandrevolte:90,finleydresden:112,forward
elblandrevolte:89,dresden_gedenken:238,forward
elblandrevolte:88,finleydresden:109,forward
elblandrevolte:72,finleydresden:74,forward
elblandrevolte:69,finleydresden:67,forward
elblandrevolte:64,finleydresden:50,forward
elblandrevolte:56,finleydresden:39,forward
elblandrevolte:13,elblandrevolte:11,link
schreiberklagtan:1143,dresden_spaziert:2073,forward
schreiberklagtan:1140,schreiberklagtan:1138,forward
schreiberklagtan:1129,dresden_gedenken:336,forward
schreiberklagtan:1125,widerstandinaktion:859,forward
schreiberklagtan:1111,dresden_gedenken:319,forward
schreiberklagtan:1098,dresden_spaziert:1901,forward
schreiberklagtan:1096,dresden_spaziert:1893,forward
schreiberklagtan:1093,oberelbe:2169,forward
schreiberklagtan:1068,dresden_spaziert:1816,forward
schreiberklagtan:1067,oberelbe:2138,forward
schreiberklagtan:1027,schreiberklagtan:1012,forward
schreiberklagtan:1018,schreiberklagtan:1012,forward
schreiberklagtan:931,oberelbe:1906,forward
schreiberklagtan:920,oberelbe:1886,forward
schreiberklagtan:910,dresden_spaziert:1613,forward
schreiberklagtan:900,sicherheitshinweise:1369,forward
schreiberklagtan:874,dresden_gedenken:238,forward
freiesachsen_leisnig:585,hartungstefan:882,forward
freiesachsen_leisnig:583,leisnig:3903,forward
freiesachsen_leisnig:579,freie_mittelsachsen:4206,forward
freiesachsen_leisnig:576,leisnig:3879,forward
freiesachsen_leisnig:575,leisnig:3870,forward
freiesachsen_leisnig:571,freiesachsen_leisnig:569,link
freiesachsen_leisnig:571,leisnig:3865,link
freiesachsen_leisnig:571,leisnig:3868,forward
freiesachsen_leisnig:568,freie_mittelsachsen:4210,forward
freiesachsen_leisnig:566,leisnig:3863,forward
freiesachsen_leisnig:560,leisnig:3854,forward
freiesachsen_leisnig:559,freiesachsen_kreisleipzig:1513,forward
freiesachsen_leisnig:558,leisnig:3852,forward
freiesachsen_leisnig:558,leisnig:3848,link
freiesachsen_leisnig:556,leisnig:3848,forward
freiesachsen_leisnig:547,freie_mittelsachsen:4174,forward
freiesachsen_leisnig:546,leisnig:3837,forward
freiesachsen_leisnig:540,leisnig:3829,forward
freiesachsen_leisnig:538,freie_mittelsachsen:4150,forward
freiesachsen_leisnig:537,freiesachsen_leisnig:520,link
freiesachsen_leisnig:537,schreiberklagtan:1131,link
freiesachsen_leisnig:537,leisnig:3824,forward
freiesachsen_leisnig:533,leisnig:3821,forward
freiesachsen_leisnig:532,widerstandinaktion:911,forward
freiesachsen_leisnig:529,freiesachsen_leisnig:505,link
freiesachsen_leisnig:529,freiesachsen_leisnig:481,link
freiesachsen_leisnig:529,leisnig:3815,forward
freiesachsen_leisnig:527,leisnig:3810,forward
freiesachsen_leisnig:525,widerstandinaktion:872,forward
freiesachsen_leisnig:523,leisnig:3756,forward
freiesachsen_leisnig:521,leisnig:3745,forward
freiesachsen_leisnig:521,dresden_gedenken:336,link
freiesachsen_leisnig:519,leisnig:3740,forward
freiesachsen_leisnig:513,dresden_gedenken:326,forward
freiesachsen_leisnig:509,freiesachsen_leisnig:478,link
freiesachsen_leisnig:498,stefantrautmanndl:986,forward
freiesachsen_leisnig:493,leisnig:3713,forward
freiesachsen_leisnig:485,leisnig:3701,forward
freiesachsen_leisnig:476,leisnig:3690,forward
freiesachsen_leisnig:472,leisnig:3683,forward
freiesachsen_leisnig:471,leisnig:3681,forward
freiesachsen_leisnig:468,freiesachsen:11590,forward
freiesachsen_leisnig:467,freiesachsen:11588,forward
freiesachsen_leisnig:463,leisnig:3671,forward
freiesachsen_leisnig:460,leisnig:3670,forward
freiesachsen_leisnig:458,freie_mittelsachsen:4027,forward
freiesachsen_leisnig:455,freiesachsen_leisnig:454,reply
freiesachsen_leisnig:444,leisnig:3652,forward
freiesachsen_leisnig:440,freie_mittelsachsen:3991,forward
freiesachsen_leisnig:436,freie_mittelsachsen:3985,link
freiesachsen_leisnig:432,stefantrautmanndl:930,forward
freiesachsen_leisnig:428,leisnig:3636,forward
freiesachsen_leisnig:426,leisnig:3635,forward
freiesachsen_leisnig:423,leisnig:3631,forward
freiesachsen_leisnig:418,freie_mittelsachsen:3942,forward
freiesachsen_leisnig:417,freiesachsen_kreisleipzig:1498,forward
freiesachsen_leisnig:416,leisnig:3615,forward
freiesachsen_leisnig:414,freiesachsen_kreisleipzig:1495,forward
freiesachsen_leisnig:410,leisnig:3604,forward
freiesachsen_leisnig:405,schreiberklagtan:1060,forward
freiesachsen_leisnig:404,leisnig:3585,link
freiesachsen_leisnig:404,leisnig:3600,forward
freiesachsen_leisnig:399,freiesachsen_leisnig:395,link
freiesachsen_leisnig:399,leisnig:3591,forward
freiesachsen_leisnig:393,leisnig:3585,forward
freiesachsen_leisnig:389,peterschreiber:3312,forward
freiesachsen_leisnig:388,leisnig:3577,forward
freiesachsen_leisnig:381,freiesachsen_kreisleipzig:1492,forward
freiesachsen_leisnig:380,freiesachsen_kreisleipzig:1491,forward
freiesachsen_leisnig:360,freiesachsen_leisnig:337,link
freiesachsen_leisnig:352,stefantrautmanndl:843,forward
freiesachsen_leisnig:341,freiesachsen_leisnig:337,reply
freiesachsen_leisnig:340,freiesachsen_leisnig:337,link
freiesachsen_leisnig:339,ddirekt:419,forward
freiesachsen_leisnig:337,freiesachsen_leisnig:338,link
freiesachsen_leisnig:281,schreiberklagtan:895,forward
freiesachsen_leisnig:267,waldheimspaziertgegendieampel:1978,forward
freiesachsen_leisnig:257,gefangenenhilfe:825,forward
bnsiyi:1439,legionbulgaria:1107,forward
bnsiyi:1437,lukovmarch:242,forward
bnsiyi:1435,lukovmarch:239,forward
bnsiyi:1423,lukovmarch:228,forward
bnsiyi:1421,inczebelalegionarius:445,forward
bnsiyi:1420,lukovmarch:224,forward
bnsiyi:1418,lukovmarch:222,forward
bnsiyi:1411,lukovmarch:204,forward
bnsiyi:1403,lukovmarch:195,forward
bnsiyi:1402,lukovmarch:192,forward
bnsiyi:1401,lukovmarch:191,forward
bnsiyi:1400,lukovmarch:188,forward
bnsiyi:1399,lukovmarch:187,forward
bnsiyi:1398,lukovmarch:185,forward
bnsiyi:1397,lukovmarch:184,forward
bnsiyi:1396,lukovmarch:183,forward
bnsiyi:1395,lukovmarch:182,forward
bnsiyi:1394,lukovmarch:180,forward
bnsiyi:1393,lukovmarch:178,forward
bnsiyi:1392,lukovmarch:171,forward
bnsiyi:1391,lukovmarch:170,forward
bnsiyi:1390,lukovmarch:169,forward
bnsiyi:1357,bnsiyi:1351,link
bnsiyi:1327,legionbulgaria:981,forward
bnsiyi:1299,legionbulgaria:940,forward
bnsiyi:1295,legionbulgaria:925,forward
bnsiyi:1210,decommunizationbg:139,forward
bnsiyi:1204,lukovmarch:167,forward
bnsiyi:1195,lukovmarch:165,forward
bnsiyi:1193,lukovmarch:164,forward
bnsiyi:1192,lukovmarch:163,forward
bnsiyi:1191,lukovmarch:151,forward
bnsiyi:1190,lukovmarch:150,forward
bnsiyi:1189,lukovmarch:149,forward
bnsiyi:1188,lukovmarch:146,forward
bnsiyi:1187,lukovmarch:145,forward
bnsiyi:1182,lukovmarch:136,forward
bnsiyi:1181,lukovmarch:133,forward
bnsiyi:1180,lukovmarch:130,forward
bnsiyi:1179,lukovmarch:126,forward
bnsiyi:1177,lukovmarch:125,forward
bnsiyi:1176,lukovmarch:124,forward
bnsiyi:1175,lukovmarch:123,forward
bnsiyi:1174,lukovmarch:121,forward
bnsiyi:1173,lukovmarch:101,forward
bnsiyi:1172,lukovmarch:92,forward
bnsiyi:1171,lukovmarch:79,forward
bnsiyi:1170,lukovmarch:75,forward
bnsiyi:1169,lukovmarch:73,forward
bnsiyi:1168,lukovmarch:66,forward
bnsiyi:1167,lukovmarch:64,forward
bnsiyi:1166,lukovmarch:63,forward
bnsiyi:1165,lukovmarch:60,forward
bnsiyi:1164,lukovmarch:54,forward
bnsiyi:1163,lukovmarch:49,forward
bnsiyi:1161,lukovmarch:47,forward
bnsiyi:1160,lukovmarch:46,forward
bnsiyi:1159,lukovmarch:44,forward
flakdieband:1121,wilhelmkachel:1491,forward
flakdieband:1120,jungetat:709,forward
flakdieband:1117,dortmundsrechte:4820,forward
flakdieband:1116,dortmundsrechte:4822,forward
flakdieband:1115,dortmundsrechte:4821,forward
flakdieband:1114,wie_gesagt:160,forward
flakdieband:1112,wie_gesagt:158,forward
flakdieband:1076,michaelbrueck90:413,forward
flakdieband:1063,dortmundsrechte:4776,forward
flakdieband:1062,martinsellnerib:25409,forward
flakdieband:1060,dortmundsrechte:4771,forward
flakdieband:1058,dortmundsrechte:4746,link
flakdieband:1058,dortmundsrechte:4769,forward
flakdieband:1057,wilhelmkachel:1437,forward
flakdieband:1056,aufgewachtonline:2235,forward
flakdieband:1055,wilhelmkachel:1429,forward
flakdieband:1048,hermanns_heide:338,forward
flakdieband:1044,aufgewachtonline:2223,forward
flakdieband:1041,jn_westverband:249,forward
flakdieband:1038,dortmundsrechte:4708,forward
flakdieband:1029,harzverteidigen:351,forward
flakdieband:1024,jungenationalisten:4374,forward
flakdieband:1023,jungenationalisten:4403,forward
flakdieband:1017,heimat2023:1259,forward
flakdieband:1011,jungetat:630,forward
flakdieband:1006,jungetat:636,forward
flakdieband:993,heimatnrw:396,forward
flakdieband:989,heimatnrw:392,forward
flakdieband:983,dortmundsrechte:4557,forward
flakdieband:979,kgxpr:14,forward
flakdieband:978,widerstandinaktion:501,forward
flakdieband:972,widerstandinaktion:492,forward
flakdieband:971,widerstandinaktion:491,forward
flakdieband:969,widerstandinaktion:472,forward
flakdieband:967,widerstandinaktion:471,forward
flakdieband:953,widerstandinaktion:446,forward
flakdieband:951,stefantrautmanndl:814,forward
flakdieband:950,frontdienst:563,forward
flakdieband:942,dortmundsrechte:4511,forward
flakdieband:941,heimatnrw:358,forward
flakdieband:940,frontdienst:555,forward
flakdieband:937,jn_westverband:7,forward
flakdieband:920,schreiberklagtan:948,forward
flakdieband:915,heimatnrw:292,forward
flakdieband:886,kdn2013:1553,forward
flakdieband:885,kdn2013:1552,forward
flakdieband:876,michaelbrueck90:382,forward
flakdieband:872,michaelbrueck90:378,forward
flakdieband:867,dresden_gedenken:238,forward
flakdieband:866,flakdieband:859,forward
flakdieband:861,deutscheswarenhaus:489,forward
flakdieband:848,deutscheswarenhaus:485,forward
flakdieband:844,ein_prozent:3215,forward
flakdieband:841,flakdieband:839,forward
flakdieband:825,ein_prozent:3190,forward
lukovmarch:225,inczebelalegionarius:445,forward
lukovmarch:220,lukovmarch:117,link
lukovmarch:220,lukovmarch:121,link
lukovmarch:95,lukovmarch:78,reply
lukovmarch:48,bnsiyi:1162,forward
acdevenireuropeo:13144,comitedu9mai:459,forward
acdevenireuropeo:13136,acdevenireuropeo:13126,reply
acdevenireuropeo:13073,acdevenireuropeo:13069,reply
acdevenireuropeo:13069,acdevenireuropeo:13068,reply
acdevenireuropeo:13044,natsquads:1932,forward
acdevenireuropeo:13012,acdevenireuropeo:13010,reply
acdevenireuropeo:13010,acdevenireuropeo:13000,reply
acdevenireuropeo:12977,acdevenireuropeo:12967,reply
acdevenireuropeo:12961,acdevenireuropeo:12951,reply
acdevenireuropeo:12942,acdevenireuropeo:12935,reply
acdevenireuropeo:12913,acdevenireuropeo:12912,reply
acdevenireuropeo:12901,natsquads:1911,forward
leisnig:3887,leisnig:3880,reply
leisnig:3870,leisnig:3868,link
leisnig:3868,freiesachsen_leisnig:569,link
leisnig:3868,leisnig:3865,link
leisnig:3866,freiesachsen_leisnig:569,forward
leisnig:3859,freiesachsen_kreisleipzig:1514,forward
leisnig:3852,leisnig:3848,link
leisnig:3841,balaclavagraphics:7169,forward
leisnig:3839,freiesachsen_leisnig:549,forward
leisnig:3832,freiesachsen_leisnig:544,forward
leisnig:3830,freiesachsen_leisnig:542,forward
leisnig:3824,freiesachsen_leisnig:520,link
leisnig:3824,schreiberklagtan:1131,link
leisnig:3820,leisnig:3819,link
leisnig:3819,leisnig:3820,link
leisnig:3815,freiesachsen_leisnig:505,link
leisnig:3815,freiesachsen_leisnig:481,link
leisnig:3773,widerstandinaktion:872,forward
leisnig:3749,freiesachsen_leisnig:522,forward
leisnig:3745,dresden_gedenken:336,link
leisnig:3742,dresden_gedenken:325,forward
leisnig:3741,leisnig:3616,link
leisnig:3738,dresden_gedenken:331,forward
leisnig:3736,leisnig:3735,reply
leisnig:3731,ein_prozent:3452,forward
leisnig:3730,freiesachsen_leisnig:478,link
leisnig:3730,freiesachsen_leisnig:509,forward
leisnig:3728,balaclavagraphics:7020,forward
leisnig:3727,freiesachsen_leisnig:506,forward
leisnig:3726,schreiberklagtan:1112,forward
leisnig:3716,leisnig:3713,link
leisnig:3708,freiesachsen_leisnig:491,forward
leisnig:3695,freiesachsen_leisnig:478,forward
leisnig:3694,freie_mittelsachsen:4076,forward
leisnig:3685,freiesachsen_leisnig:473,forward
leisnig:3678,imkerkunst:203,forward
leisnig:3666,freiesachsen_leisnig:456,forward
leisnig:3665,leisnig:3664,reply
leisnig:3663,leisnig:3585,link
leisnig:3663,leisnig:3601,link
leisnig:3663,freiesachsen_leisnig:442,link
leisnig:3656,freiesachsen_leisnig:450,forward
leisnig:3655,michaelbrueck90:408,forward
leisnig:3654,leisnig:3652,link
leisnig:3653,freiesachsen_leisnig:446,forward
leisnig:3650,ein_prozent:3402,forward
leisnig:3645,freie_mittelsachsen:3985,link
leisnig:3645,freiesachsen_leisnig:436,forward
leisnig:3642,freie_mittelsachsen:3983,forward
leisnig:3641,leisnig:3640,reply
leisnig:3638,deutschedd:4090,forward
leisnig:3608,freiesachsen_leisnig:411,link
leisnig:3605,ein_prozent:3385,forward
leisnig:3600,leisnig:3585,link
leisnig:3595,ein_prozent:3389,forward
leisnig:3594,freiesachsen_leisnig:401,link
leisnig:3592,leisnig:3591,reply
leisnig:3591,freiesachsen_leisnig:395,link
leisnig:3580,leisnig:3574,reply
leisnig:3578,leisnig:3577,reply
leisnig:3570,freiesachsen_leisnig:386,forward
leisnig:3566,ein_prozent:3370,forward
leisnig:3564,freiesachsen_leisnig:376,forward
penigstehtauf:1474,penigstehtauf:1435,forward
penigstehtauf:1471,penigstehtauf:1435,forward
penigstehtauf:1468,penigstehtauf:1435,forward
penigstehtauf:1466,penigstehtauf:1435,forward
penigstehtauf:1455,penigstehtauf:1429,forward
penigstehtauf:1448,penigstehtauf:1429,forward
penigstehtauf:1298,penigstehtauf:1282,forward
imkerkunst:255,imkerkunst:136,forward
imkerkunst:254,imkerkunst:135,forward
imkerkunst:251,imkerkunst:132,forward
imkerkunst:247,imkerkunst:128,forward
imkerkunst:245,imkerkunst:126,forward
imkerkunst:242,imkerkunst:123,forward
imkerkunst:239,imkerkunst:120,forward
imkerkunst:190,imkerkunst:135,forward
imkerkunst:189,imkerkunst:109,forward
imkerkunst:188,imkerkunst:108,forward
imkerkunst:185,imkerkunst:105,forward
imkerkunst:184,imkerkunst:104,forward
imkerkunst:181,imkerkunst:31,forward
imkerkunst:180,imkerkunst:30,forward
imkerkunst:179,imkerkunst:29,forward
imkerkunst:178,imkerkunst:28,forward
imkerkunst:177,imkerkunst:27,forward
imkerkunst:175,imkerkunst:25,forward
imkerkunst:174,imkerkunst:24,forward
imkerkunst:171,imkerkunst:21,forward
imkerkunst:170,imkerkunst:18,forward
imkerkunst:168,imkerkunst:16,forward
imkerkunst:166,imkerkunst:14,forward
imkerkunst:165,imkerkunst:13,forward
imkerkunst:164,imkerkunst:12,forward
imkerkunst:163,imkerkunst:11,forward
imkerkunst:162,imkerkunst:10,forward
imkerkunst:161,imkerkunst:8,forward
imkerkunst:156,imkerkunst:64,forward
imkerkunst:101,imkerkunst:31,forward
imkerkunst:92,imkerkunst:30,forward
imkerkunst:91,imkerkunst:29,forward
imkerkunst:90,imkerkunst:28,forward
imkerkunst:89,imkerkunst:27,forward
imkerkunst:87,imkerkunst:25,forward
imkerkunst:86,imkerkunst:24,forward
imkerkunst:83,imkerkunst:21,forward
imkerkunst:82,imkerkunst:18,forward
imkerkunst:80,imkerkunst:16,forward
imkerkunst:78,imkerkunst:14,forward
imkerkunst:77,imkerkunst:13,forward
imkerkunst:76,imkerkunst:12,forward
imkerkunst:75,imkerkunst:11,forward
imkerkunst:74,imkerkunst:10,forward
imkerkunst:73,imkerkunst:8,forward
asu1kmu:2230,asu1kmu:2227,reply
asu1kmu:2216,senderfreiessachsen:8010,forward
asu1kmu:2214,hartungstefan:866,forward
asu1kmu:2213,senderfreiessachsen:8008,forward
asu1kmu:2212,senderfreiessachsen:8007,forward
asu1kmu:2205,senderfreiessachsen:7997,forward
asu1kmu:2204,penigstehtauf:1477,forward
asu1kmu:2196,hartungstefan:862,forward
asu1kmu:2195,senderfreiessachsen:7979,forward
asu1kmu:2194,senderfreiessachsen:7978,forward
asu1kmu:2182,senderfreiessachsen:7966,forward
asu1kmu:2177,senderfreiessachsen:7954,forward
asu1kmu:2176,senderfreiessachsen:7953,forward
asu1kmu:2171,senderfreiessachsen:7940,forward
asu1kmu:2169,aufgewachtonline:2822,forward
asu1kmu:2168,senderfreiessachsen:7935,forward
asu1kmu:2162,mr_marcus_fuchs:3935,forward
asu1kmu:2161,senderfreiessachsen:7926,forward
asu1kmu:2159,senderfreiessachsen:7924,forward
asu1kmu:2132,senderfreiessachsen:7875,forward
asu1kmu:2121,asu1kmu:2118,forward
asu1kmu:2120,asu1kmu:2118,forward
asu1kmu:2115,senderfreiessachsen:7841,forward
asu1kmu:2103,aufgewachtonline:2747,forward
asu1kmu:2102,senderfreiessachsen:7822,forward
asu1kmu:2098,aufgewachtonline:2739,forward
asu1kmu:2097,oberelbe:2208,forward
asu1kmu:2088,senderfreiessachsen:7803,forward
asu1kmu:2076,senderfreiessachsen:7782,forward
asu1kmu:2075,peterschreiber:3734,forward
asu1kmu:2073,senderfreiessachsen:7775,forward
asu1kmu:2020,asu1kmu:2019,forward
asu1kmu:1989,asu1kmu:1988,reply
asu1kmu:1941,mr_marcus_fuchs:3790,forward
eurosiberia1:7992,multipolarpress:1674,forward
eurosiberia1:7991,multipolarpress:1666,forward
eurosiberia1:7984,multipolarpress:1642,forward
eurosiberia1:7981,multipolarpress:1639,forward
eurosiberia1:7979,multipolarpress:1633,forward
eurosiberia1:7978,multipolarpress:1630,forward
eurosiberia1:7976,multipolarpress:1626,forward
eurosiberia1:7974,multipolarpress:1621,forward
eurosiberia1:7973,multipolarpress:1618,forward
eurosiberia1:7971,multipolarpress:1607,forward
eurosiberia1:7965,multipolarpress:1594,forward
eurosiberia1:7964,multipolarpress:1589,forward
eurosiberia1:7956,multipolarpress:1570,forward
eurosiberia1:7953,multipolarpress:1571,forward
eurosiberia1:7950,multipolarpress:1561,forward
eurosiberia1:7946,multipolarpress:1555,forward
eurosiberia1:7939,multipolarpress:1540,forward
eurosiberia1:7935,multipolarpress:1524,forward
eurosiberia1:7934,multipolarpress:1528,forward
eurosiberia1:7932,multipolarpress:1511,forward
eurosiberia1:7925,multipolarpress:1493,forward
eurosiberia1:7921,multipolarpress:1486,forward
eurosiberia1:7919,multipolarpress:1475,forward
eurosiberia1:7912,multipolarpress:1460,forward
eurosiberia1:7911,multipolarpress:1466,forward
eurosiberia1:7909,multipolarpress:1444,forward
eurosiberia1:7905,multipolarpress:1436,forward
eurosiberia1:7904,multipolarpress:1435,forward
eurosiberia1:7902,multipolarpress:1431,forward
eurosiberia1:7901,multipolarpress:1433,forward
eurosiberia1:7893,multipolarpress:1406,forward
eurosiberia1:7890,multipolarpress:1401,forward
eurosiberia1:7882,multipolarpress:1383,forward
eurosiberia1:7875,multipolarpress:1364,forward
eurosiberia1:7869,multipolarpress:1355,forward
unitynewsnetwork:29037,rossmueller_dissident:2466,forward
unitynewsnetwork:28969,markacollett:20144,forward
unitynewsnetwork:28925,markacollett:20125,forward
unitynewsnetwork:28889,rossmueller_dissident:2452,forward
unitynewsnetwork:28881,markacollett:20097,forward
unitynewsnetwork:28877,rossmueller_dissident:2450,forward
unitynewsnetwork:28855,markacollett:20077,forward
unitynewsnetwork:28817,markacollett:20056,forward
markacollett:20224,unitynewsnetwork:29104,forward
markacollett:20217,unitynewsnetwork:29088,forward
markacollett:20216,unitynewsnetwork:29093,forward
markacollett:20212,samyorkshire:2639,forward
markacollett:20206,unitynewsnetwork:29046,forward
markacollett:20194,unitynewsnetwork:29030,forward
markacollett:20193,rossmueller_dissident:2466,forward
markacollett:20182,informationliberation:5553,forward
markacollett:20178,unitynewsnetwork:29016,forward
markacollett:20160,unitynewsnetwork:28991,forward
markacollett:20150,unitynewsnetwork:28970,forward
markacollett:20140,unitynewsnetwork:28931,forward
markacollett:20139,unitynewsnetwork:28948,forward
markacollett:20138,samyorkshire:2634,forward
markacollett:20112,unitynewsnetwork:28903,forward
markacollett:20109,unitynewsnetwork:28898,forward
markacollett:20108,rossmueller_dissident:2450,forward
markacollett:20098,unitynewsnetwork:28875,forward
markacollett:20089,unitynewsnetwork:28865,forward
markacollett:20085,unitynewsnetwork:28863,forward
markacollett:20080,rossmueller_dissident:2447,forward
markacollett:20074,unitynewsnetwork:28847,forward
markacollett:20060,unitynewsnetwork:28826,forward
markacollett:20041,realblaircottrell:7079,forward
markacollett:19951,realblaircottrell:7047,forward
markacollett:19948,lauratowler:7705,forward
markacollett:19930,rossmueller_dissident:2402,forward
multipolarpress:1505,eurosiberia1:7926,forward
multipolarpress:1443,rossmueller_dissident:2402,forward
multipolarpress:1420,rossmueller_dissident:2384,forward
the_woodlander:1670,the_woodlander:1654,forward
the_woodlander:1664,the_woodlander:1654,forward
geopolitics:350,geopolitics:349,reply
geopolitics:347,geopolitics:345,reply
lauratowler:7725,samyorkshire:2644,forward
lauratowler:7724,samyorkshire:2637,forward
lauratowler:7723,markacollett:20163,forward
lauratowler:7722,lauratowler:7721,reply
lauratowler:7720,samyorkshire:2634,forward
lauratowler:7718,markacollett:20097,forward
lauratowler:7716,lauratowler:7715,reply
lauratowler:7715,markacollett:20073,forward
lauratowler:7714,markacollett:20046,forward
lauratowler:7713,samyorkshire:2628,forward
lauratowler:7711,markacollett:20034,forward
lauratowler:7703,rossmueller_dissident:2402,forward
lauratowler:7697,samyorkshire:2608,forward
lauratowler:7692,samyorkshire:2602,forward
lauratowler:7656,samyorkshire:2585,forward
lauratowler:7640,samyorkshire:2569,forward
lauratowler:6605,lauratowler:6603,reply
lauratowler:6599,lauratowler:6557,reply
lauratowler:6564,lauratowler:6562,reply
samyorkshire:2636,lauratowler:7721,forward
samyorkshire:2633,markacollett:20110,forward
samyorkshire:2629,markacollett:20046,forward
samyorkshire:2627,lauratowler:7712,forward
samyorkshire:2617,markacollett:19924,forward
samyorkshire:2601,lauratowler:7683,forward
samyorkshire:2600,lauratowler:7678,forward
samyorkshire:2592,lauratowler:7670,forward
samyorkshire:2573,lauratowler:7643,forward
samyorkshire:2567,samyorkshire:2566,reply
samyorkshire:2566,samyorkshire:2565,reply
samyorkshire:2534,samyorkshire:2533,link
rediceuncensored:4309,rediceuncensored:4308,reply
rediceuncensored:4305,rediceuncensored:4303,reply
rediceuncensored:4302,rediceuncensored:4301,reply
rediceuncensored:4300,rediceuncensored:4298,reply
rediceuncensored:4298,rediceuncensored:4276,reply
rediceuncensored:4294,rossmueller_dissident:2468,forward
rediceuncensored:4279,rediceuncensored:4278,reply
rediceuncensored:4278,informationliberation:5553,forward
rediceuncensored:4273,rediceuncensored:4270,link
rediceuncensored:4268,markacollett:20164,forward
rediceuncensored:4264,rediceuncensored:4263,reply
rediceuncensored:4258,rediceuncensored:4257,reply
rediceuncensored:4233,rediceuncensored:4232,reply
rediceuncensored:4231,rediceuncensored:4230,reply
rediceuncensored:4223,rediceuncensored:4222,reply
rediceuncensored:4219,markacollett:20056,forward
rediceuncensored:4217,informationliberation:5495,forward
rediceuncensored:4197,rediceuncensored:4196,reply
rediceuncensored:4165,rediceuncensored:4164,reply
rediceuncensored:4163,rediceuncensored:4162,reply
rediceuncensored:4158,rediceuncensored:4157,link
rediceuncensored:4148,rediceuncensored:4146,reply
rediceuncensored:4135,rediceuncensored:4134,reply
rediceuncensored:4132,rediceuncensored:4131,link
rediceuncensored:4131,informationliberation:5434,forward
rediceuncensored:4125,rediceuncensored:4124,reply
rediceuncensored:4104,rediceuncensored:4103,reply
rediceuncensored:4090,informationliberation:5407,forward
rediceuncensored:4070,rediceuncensored:4069,reply
rediceuncensored:4049,rediceuncensored:4048,reply
rediceuncensored:4003,rediceuncensored:4002,reply
rediceuncensored:4000,rediceuncensored:3999,reply
youthfront:1141,comitedu9mai:449,forward
youthfront:1119,youthfront:1118,link
youthfront:1107,youthfront:1103,link
youthfront:1103,youthfront:1096,link
youthfront:1069,comitedu9mai:398,forward
youthfront:939,youthfront:927,link
mtodaynews:82764,mtodaynews:82761,reply
mtodaynews:82694,mtodaynews:82693,reply
mtodaynews:82693,mtodaynews:82692,reply
mtodaynews:82681,mtodaynews:82512,reply
mtodaynews:82675,mtodaynews:82674,reply
mtodaynews:82664,mtodaynews:82663,reply
mtodaynews:82660,mtodaynews:82617,reply
mtodaynews:82658,mtodaynews:82656,reply
mtodaynews:82653,mtodaynews:82648,reply
mtodaynews:82609,mtodaynews:82597,reply
mtodaynews:82603,mtodaynews:82600,reply
mtodaynews:82602,mtodaynews:82601,reply
mtodaynews:82600,mtodaynews:82595,reply
mtodaynews:82597,mtodaynews:82592,reply
mtodaynews:82592,mtodaynews:82561,reply
mtodaynews:82591,mtodaynews:82588,reply
mtodaynews:82589,mtodaynews:82587,reply
mtodaynews:82583,mtodaynews:82575,reply
mtodaynews:82579,mtodaynews:82576,reply
mtodaynews:82575,mtodaynews:82572,reply
mtodaynews:82568,mtodaynews:82543,reply
mtodaynews:82563,mtodaynews:82556,reply
mtodaynews:82556,mtodaynews:82549,reply
mtodaynews:82549,mtodaynews:82512,reply
mtodaynews:82538,mtodaynews:82532,reply
mtodaynews:82532,mtodaynews:82531,reply
mtodaynews:82521,mtodaynews:82519,reply
mtodaynews:82520,mtodaynews:82514,reply
mtodaynews:82512,mtodaynews:82487,reply
mtodaynews:82484,mtodaynews:82482,reply
informationliberation:5576,informationliberation:5509,reply
informationliberation:5573,informationliberation:5572,reply
informationliberation:5568,informationliberation:5567,reply
informationliberation:5552,informationliberation:5535,link
informationliberation:5552,informationliberation:5535,reply
informationliberation:5550,informationliberation:5544,link
informationliberation:5549,informationliberation:5548,reply
informationliberation:5546,informationliberation:5545,reply
informationliberation:5545,informationliberation:5544,reply
informationliberation:5542,informationliberation:5524,reply
informationliberation:5539,informationliberation:5529,reply
informationliberation:5531,informationliberation:5529,reply
informationliberation:5518,informationliberation:5517,reply
informationliberation:5510,informationliberation:5509,reply
informationliberation:5499,informationliberation:5496,reply
informationliberation:5498,informationliberation:5497,reply
informationliberation:5497,informationliberation:5496,reply
informationliberation:5492,informationliberation:5458,reply
informationliberation:5491,informationliberation:5488,reply
informationliberation:5484,informationliberation:5473,reply
informationliberation:5481,informationliberation:5480,reply
informationliberation:5479,informationliberation:5478,reply
informationliberation:5477,informationliberation:5475,reply
informationliberation:5476,informationliberation:5475,reply
informationliberation:5474,informationliberation:5473,reply
informationliberation:5466,informationliberation:5457,reply
informationliberation:5464,informationliberation:5457,reply
informationliberation:5456,informationliberation:5455,reply
informationliberation:5455,informationliberation:5454,reply
informationliberation:5449,informationliberation:5448,reply
informationliberation:5439,informationliberation:5384,reply
informationliberation:5432,informationliberation:5431,reply
informationliberation:5431,informationliberation:5376,reply
informationliberation:5427,informationliberation:5426,reply
informationliberation:5424,informationliberation:5408,reply
informationliberation:5417,informationliberation:5416,reply
informationliberation:5408,informationliberation:5309,reply
informationliberation:5405,informationliberation:5374,reply
informationliberation:5401,informationliberation:5399,reply
informationliberation:5390,informationliberation:5376,reply
informationliberation:5387,informationliberation:5385,reply
informationliberation:5386,informationliberation:5313,reply
informationliberation:5383,informationliberation:5321,reply
informationliberation:5382,informationliberation:5326,reply
informationliberation:5366,informationliberation:5365,reply
informationliberation:5363,informationliberation:5362,reply
informationliberation:5359,informationliberation:5358,reply
informationliberation:5352,informationliberation:5351,reply
informationliberation:5341,informationliberation:5339,reply
informationliberation:5336,informationliberation:5319,reply
informationliberation:5335,informationliberation:5334,reply
informationliberation:5333,informationliberation:5319,link
informationliberation:5329,informationliberation:5328,reply
informationliberation:5327,informationliberation:5325,reply
informationliberation:5326,informationliberation:5325,reply
informationliberation:5324,informationliberation:5323,reply
informationliberation:5323,informationliberation:5322,reply
informationliberation:5322,informationliberation:5321,reply
informationliberation:5321,informationliberation:5320,reply
informationliberation:5315,informationliberation:5313,reply
informationliberation:5314,informationliberation:5313,reply
informationliberation:5278,informationliberation:5277,reply
finleydresden:113,frontdienst:458,forward
finleydresden:111,kdn2013:1516,forward
finleydresden:104,elblandrevolte:85,forward
finleydresden:99,michaelbrueck90:369,forward
finleydresden:99,michaelbrueck90:363,link
finleydresden:94,schreiberklagtan:867,forward
finleydresden:92,prototelegram:1595,forward
finleydresden:90,elblandrevolte:78,forward
finleydresden:63,elblandrevolte:68,forward
finleydresden:55,kavalier_nds:325,forward
finleydresden:45,elblandrevolte:59,forward
finleydresden:34,michaelbrueck90:351,forward
freiesachsen_dresden:6853,hartungstefan:882,forward
freiesachsen_dresden:6834,dresden_spaziert:2072,forward
freiesachsen_dresden:6830,mr_marcus_fuchs:3978,forward
freiesachsen_dresden:6816,aufgewachtonline:2917,forward
freiesachsen_dresden:6814,ein_prozent:3511,forward
freiesachsen_dresden:6813,heimat2023:1892,forward
freiesachsen_dresden:6808,hartungstefan:840,forward
freiesachsen_dresden:6807,aufgewachtonline:2907,forward
freiesachsen_dresden:6798,dresden_spaziert:2066,forward
freiesachsen_dresden:6797,dresden_spaziert:2067,forward
freiesachsen_dresden:6779,aufgewachtonline:2856,forward
freiesachsen_dresden:6769,aufgewachtonline:2849,forward
freiesachsen_dresden:6768,dresden_spaziert:2061,forward
freiesachsen_dresden:6767,dresden_spaziert:2062,forward
freiesachsen_dresden:6756,dresden_spaziert:2054,forward
freiesachsen_dresden:6744,sicherheitshinweise:1473,forward
freiesachsen_dresden:6741,aufgewachtonline:2829,forward
freiesachsen_dresden:6737,schreiberklagtan:1141,forward
freiesachsen_dresden:6736,dresden_spaziert:2052,forward
freiesachsen_dresden:6735,dresden_spaziert:2053,forward
freiesachsen_dresden:6725,schreiberklagtan:1138,forward
freiesachsen_dresden:6707,benediktkaiser:2320,forward
freiesachsen_dresden:6705,dresden_spaziert:2045,forward
freiesachsen_dresden:6703,dresden_spaziert:2046,forward
freiesachsen_dresden:6702,aufgewachtonline:2809,forward
freiesachsen_dresden:6692,aufgewachtonline:2803,forward
freiesachsen_dresden:6672,mr_marcus_fuchs:3910,forward
freiesachsen_dresden:6669,mr_marcus_fuchs:3908,forward
freiesachsen_dresden:6668,aufgewachtonline:2780,forward
freiesachsen_dresden:6664,rossmueller:3368,forward
freiesachsen_dresden:6661,dresden_spaziert:2036,forward
freiesachsen_dresden:6647,dresden_spaziert:2032,forward
freiesachsen_dresden:6612,dresden_spaziert:2030,forward
freiesachsen_dresden:6611,dresden_spaziert:2031,forward
freiesachsen_dresden:6602,aufgewachtonline:2757,forward
freiesachsen_dresden:6601,asu1kmu:2109,forward
freiesachsen_dresden:6594,aufgewachtonline:2755,forward
freiesachsen_dresden:6591,schmidtkeswelt:2793,forward
freiesachsen_dresden:6583,mr_marcus_fuchs:3888,forward
freiesachsen_dresden:6581,dresden_spaziert:2024,forward
freiesachsen_dresden:6579,dresden_spaziert:2026,forward
freiesachsen_dresden:6578,dresden_spaziert:2027,forward
freiesachsen_dresden:6567,dresden_spaziert:2015,forward
freiesachsen_dresden:6551,dresden_spaziert:1998,forward
freiesachsen_dresden:6547,dresden_spaziert:2006,forward
freiesachsen_dresden:6544,dresden_spaziert:2008,forward
freiesachsen_dresden:6543,dresden_spaziert:2009,forward
oberelbe:2217,schreiberklagtan:1142,forward
oberelbe:2215,dresden_spaziert:2073,forward
oberelbe:2214,schreiberklagtan:1142,forward
oberelbe:2213,schreiberklagtan:1141,forward
oberelbe:2212,schreiberklagtan:1138,forward
oberelbe:2211,oberelbe:2208,forward
oberelbe:2209,schreiberklagtan:1139,forward
oberelbe:2207,schreiberklagtan:1138,forward
oberelbe:2206,schreiberklagtan:1136,forward
oberelbe:2203,schreiberklagtan:1135,forward
oberelbe:2202,schreiberklagtan:1133,forward
oberelbe:2200,schreiberklagtan:1130,forward
oberelbe:2199,dresden_gedenken:336,forward
oberelbe:2195,widerstandinaktion:859,forward
oberelbe:2194,schreiberklagtan:1117,forward
oberelbe:2193,schreiberklagtan:1115,forward
oberelbe:2191,schreiberklagtan:1113,forward
oberelbe:2190,schreiberklagtan:1112,forward
oberelbe:2189,dresden_gedenken:319,forward
oberelbe:2188,schreiberklagtan:1110,forward
oberelbe:2187,schreiberklagtan:1107,forward
oberelbe:2186,schreiberklagtan:1106,forward
oberelbe:2185,schreiberklagtan:1105,forward
oberelbe:2183,schreiberklagtan:1103,forward
oberelbe:2177,mr_marcus_fuchs:3718,forward
oberelbe:2176,freiesachsen:11647,forward
oberelbe:2175,schreiberklagtan:1097,forward
oberelbe:2174,dresden_spaziert:1893,forward
oberelbe:2170,schreiberklagtan:1095,forward
oberelbe:2168,freiesachsen:11588,forward
oberelbe:2167,schreiberklagtan:1092,forward
oberelbe:2166,schreiberklagtan:1091,forward
oberelbe:2165,schreiberklagtan:1089,forward
oberelbe:2163,schreiberklagtan:1087,forward
oberelbe:2162,aufgewachtonline:2166,forward
oberelbe:2161,aufgewachtonline:2165,forward
oberelbe:2159,schreiberklagtan:1084,forward
oberelbe:2158,schreiberklagtan:1083,forward
oberelbe:2155,schreiberklagtan:1079,forward
oberelbe:2152,schreiberklagtan:1074,forward
oberelbe:2150,aufgewachtonline:2114,forward
oberelbe:2148,aufgewachtonline:2093,forward
oberelbe:2147,schreiberklagtan:1072,forward
oberelbe:2146,aufgewachtonline:2080,forward
oberelbe:2144,schreiberklagtan:1069,forward
oberelbe:2142,dresden_spaziert:1816,forward
oberelbe:2140,aufgewachtonline:2055,forward
oberelbe:2135,schreiberklagtan:1063,forward
oberelbe:2134,schreiberklagtan:1062,forward
oberelbe:2132,schreiberklagtan:1059,forward
oberelbe:2131,schreiberklagtan:1054,forward
oberelbe:2130,schreiberklagtan:1051,forward
oberelbe:2128,schreiberklagtan:1047,forward
oberelbe:2126,schreiberklagtan:1046,forward
oberelbe:2124,schreiberklagtan:1044,forward
oberelbe:2123,schreiberklagtan:1039,forward
oberelbe:2112,schreiberklagtan:1031,forward
oberelbe:2111,schreiberklagtan:1029,forward
oberelbe:2094,schreiberklagtan:1012,forward
oberelbe:2088,schreiberklagtan:1021,forward
oberelbe:2086,schreiberklagtan:1019,forward
oberelbe:2085,schreiberklagtan:1012,forward
oberelbe:2079,schreiberklagtan:1015,forward
oberelbe:2078,schreiberklagtan:1012,forward
oberelbe:2049,schreiberklagtan:1006,forward
oberelbe:2045,michaelbrueck90:399,forward
oberelbe:2041,schreiberklagtan:1004,forward
oberelbe:2039,schreiberklagtan:1003,forward
oberelbe:2037,schreiberklagtan:1002,forward
oberelbe:2034,schreiberklagtan:999,forward
oberelbe:2027,schreiberklagtan:998,forward
oberelbe:2017,schreiberklagtan:993,forward
oberelbe:2012,schreiberklagtan:991,forward
oberelbe:2011,schreiberklagtan:990,forward
oberelbe:2010,schreiberklagtan:989,forward
oberelbe:2002,schreiberklagtan:983,forward
oberelbe:1996,schreiberklagtan:980,forward
oberelbe:1992,schreiberklagtan:979,forward
oberelbe:1989,schreiberklagtan:978,forward
oberelbe:1987,schreiberklagtan:977,forward
oberelbe:1984,schreiberklagtan:974,forward
oberelbe:1983,schreiberklagtan:972,forward
oberelbe:1980,schreiberklagtan:971,forward
oberelbe:1975,schreiberklagtan:969,forward
oberelbe:1973,schreiberklagtan:967,forward
oberelbe:1966,schreiberklagtan:963,forward
oberelbe:1961,schreiberklagtan:959,forward
oberelbe:1960,schreiberklagtan:958,forward
oberelbe:1946,schreiberklagtan:954,forward
oberelbe:1943,schreiberklagtan:951,forward
oberelbe:1942,schreiberklagtan:950,forward
oberelbe:1941,schreiberklagtan:948,forward
oberelbe:1934,schreiberklagtan:945,forward
oberelbe:1933,schreiberklagtan:943,forward
oberelbe:1926,schreiberklagtan:941,forward
oberelbe:1920,schreiberklagtan:939,forward
oberelbe:1917,schreiberklagtan:938,forward
oberelbe:1916,schreiberklagtan:937,forward
oberelbe:1913,schreiberklagtan:936,forward
oberelbe:1911,schreiberklagtan:934,forward
oberelbe:1908,schreiberklagtan:932,forward
oberelbe:1901,schreiberklagtan:926,forward
oberelbe:1892,schreiberklagtan:925,forward
qd351:5156,freiesachsen_dresden:6828,forward
qd351:5154,mr_marcus_fuchs:3978,forward
qd351:5148,dekurier:20125,forward
qd351:5131,mr_marcus_fuchs:3947,forward
qd351:5115,freiesachsen_dresden:6700,forward
qd351:5088,aufgewachtonline:2757,forward
qd351:5063,mr_marcus_fuchs:3864,forward
qd351:5061,mr_marcus_fuchs:3853,forward
qd351:5058,mr_marcus_fuchs:3850,forward
qd351:5056,mr_marcus_fuchs:3840,forward
qd351:5046,mr_marcus_fuchs:3810,forward
qd351:5042,mr_marcus_fuchs:3799,forward
qd351:5041,mr_marcus_fuchs:3798,forward
qd351:5040,mr_marcus_fuchs:3793,forward
qd351:5039,mr_marcus_fuchs:3792,forward
qd351:5020,mr_marcus_fuchs:3779,forward
qd351:5019,mr_marcus_fuchs:3778,forward
qd351:4995,mr_marcus_fuchs:3763,forward
qd351:4985,dresden_spaziert:1914,forward
qd351:4981,mr_marcus_fuchs:3743,forward
qd351:4979,hartungstefan:817,forward
qd351:4977,dresden_spaziert:1908,forward
qd351:4971,mr_marcus_fuchs:3733,forward
qd351:4969,mr_marcus_fuchs:3728,forward
qd351:4968,mr_marcus_fuchs:3724,forward
qd351:4964,mr_marcus_fuchs:3723,forward
qd351:4963,auf1tv:16947,link
qd351:4962,auf1tv:16936,forward
qd351:4961,mr_marcus_fuchs:3718,forward
qd351:4956,mr_marcus_fuchs:3714,forward
qd351:4955,mr_marcus_fuchs:3711,forward
qd351:4943,mr_marcus_fuchs:3705,forward
qd351:4934,mr_marcus_fuchs:3686,forward
qd351:4932,mr_marcus_fuchs:3681,forward
qd351:4888,dresden_spaziert:1855,forward
qd351:4842,dresden_spaziert:1801,forward
qd351:4837,dresden_spaziert:1795,forward
mr_marcus_fuchs:3976,freiesachsen_dresden:6812,forward
mr_marcus_fuchs:3968,mr_marcus_fuchs:3967,reply
mr_marcus_fuchs:3955,dresden_spaziert:2062,forward
mr_marcus_fuchs:3931,dresden_spaziert:2044,forward
mr_marcus_fuchs:3905,sicherheitshinweise:1470,forward
mr_marcus_fuchs:3902,dresden_spaziert:2015,forward
mr_marcus_fuchs:3883,dresden_spaziert:2005,forward
mr_marcus_fuchs:3875,mr_marcus_fuchs:3864,forward
mr_marcus_fuchs:3832,dresden_spaziert:1972,forward
mr_marcus_fuchs:3826,dresden_gedenken:338,forward
mr_marcus_fuchs:3822,schreiberklagtan:1130,forward
mr_marcus_fuchs:3806,schreiberklagtan:1112,forward
mr_marcus_fuchs:3795,dresden_gedenken:319,forward
mr_marcus_fuchs:3793,mr_marcus_fuchs:3792,reply
mr_marcus_fuchs:3777,dresden_spaziert:1933,forward
mr_marcus_fuchs:3775,dresden_spaziert:1932,forward
mr_marcus_fuchs:3765,dresden_spaziert:1923,forward
mr_marcus_fuchs:3747,dresden_spaziert:1914,forward
mr_marcus_fuchs:3741,dresden_spaziert:1908,forward
mr_marcus_fuchs:3740,schreiberklagtan:1092,forward
mr_marcus_fuchs:3719,freiesachsen:11647,forward
mr_marcus_fuchs:3709,dresden_spaziert:1893,forward
mr_marcus_fuchs:3698,dresden_spaziert:1881,forward
mr_marcus_fuchs:3687,schreiberklagtan:1087,forward
hartungstefan:797,hartungstefan:796,link
hartungstefan:757,hartungstefan:755,link
hartungstefan:738,hartungstefan:733,link
hartungstefan:690,michaelbrueck90:352,forward
hartungstefan:669,michaelbrueck90:334,forward
freiesachsen_kreisleipzig:1509,freiesachsen_leisnig:542,forward
freiesachsen_kreisleipzig:1496,michaelbrueck90:367,link
kavalier_nds:445,prototelegram:1881,forward
kavalier_nds:442,prototelegram:1879,forward
kavalier_nds:434,prototelegram:1857,forward
kavalier_nds:428,prototelegram:1822,forward
kavalier_nds:427,prototelegram:1821,forward
kavalier_nds:426,ein_prozent:3379,forward
kavalier_nds:421,prototelegram:1811,forward
kavalier_nds:416,prototelegram:1806,forward
kavalier_nds:414,prototelegram:1801,forward
kavalier_nds:410,prototelegram:1786,forward
kavalier_nds:409,prototelegram:1782,forward
kavalier_nds:408,prototelegram:1780,forward
kavalier_nds:407,prototelegram:1779,forward
kavalier_nds:406,prototelegram:1778,forward
kavalier_nds:403,prototelegram:1775,forward
kavalier_nds:400,prototelegram:1773,forward
kavalier_nds:399,prototelegram:1772,forward
kavalier_nds:398,prototelegram:1771,forward
kavalier_nds:397,prototelegram:1770,forward
kavalier_nds:396,prototelegram:1769,forward
kavalier_nds:395,prototelegram:1768,forward
kavalier_nds:394,prototelegram:1766,forward
kavalier_nds:393,prototelegram:1762,forward
kavalier_nds:388,prototelegram:1756,forward
kavalier_nds:387,prototelegram:1755,forward
kavalier_nds:386,prototelegram:1753,forward
kavalier_nds:385,prototelegram:1752,forward
kavalier_nds:384,prototelegram:1751,forward
kavalier_nds:382,prototelegram:1749,forward
kavalier_nds:381,prototelegram:1744,forward
kavalier_nds:380,prototelegram:1741,forward
kavalier_nds:377,prototelegram:1733,forward
kavalier_nds:375,prototelegram:1728,forward
kavalier_nds:374,prototelegram:1724,forward
kavalier_nds:370,prototelegram:1713,forward
kavalier_nds:369,prototelegram:1712,forward
kavalier_nds:368,prototelegram:1710,forward
kavalier_nds:367,prototelegram:1706,forward
kavalier_nds:366,prototelegram:1705,forward
kavalier_nds:364,prototelegram:1697,forward
kavalier_nds:363,prototelegram:1692,forward
kavalier_nds:359,prototelegram:1684,forward
kavalier_nds:356,prototelegram:1677,forward
kavalier_nds:355,prototelegram:1675,forward
kavalier_nds:341,prototelegram:1616,forward
kavalier_nds:340,prototelegram:1615,forward
kavalier_nds:339,prototelegram:1604,forward
kavalier_nds:338,prototelegram:1603,forward
kavalier_nds:337,prototelegram:1586,forward
kavalier_nds:336,prototelegram:1585,forward
kavalier_nds:251,michaelbrueck90:280,forward
kavalier_nds:167,wie_gesagt:71,forward
kavalier_nds:146,dresden_gedenken:152,forward
kavalier_nds:141,dresden_gedenken:150,forward
prototelegram:1887,kavalier_nds:448,forward
prototelegram:1885,kavalier_nds:447,forward
prototelegram:1884,prototelegram:1881,reply
prototelegram:1880,kavalier_nds:444,forward
prototelegram:1878,kavalier_nds:441,forward
prototelegram:1877,kavalier_nds:440,forward
prototelegram:1876,kavalier_nds:439,forward
prototelegram:1875,kavalier_nds:438,forward
prototelegram:1872,kavalier_nds:437,forward
prototelegram:1856,freiesachsen:11567,forward
prototelegram:1852,kavalier_nds:433,forward
prototelegram:1850,kavalier_nds:431,forward
prototelegram:1834,kavalier_nds:430,forward
prototelegram:1824,kavalier_nds:429,forward
prototelegram:1820,ein_prozent:3379,forward
prototelegram:1814,kavalier_nds:422,forward
prototelegram:1807,kavalier_nds:420,forward
prototelegram:1805,prototelegram:1803,reply
prototelegram:1803,kavalier_nds:415,forward
prototelegram:1800,kavalier_nds:413,forward
prototelegram:1789,prototelegram:1783,reply
prototelegram:1776,kavalier_nds:404,forward
prototelegram:1774,kavalier_nds:401,forward
prototelegram:1761,kavalier_nds:389,forward
prototelegram:1750,kavalier_nds:383,forward
prototelegram:1745,prototelegram:1741,reply
prototelegram:1735,kavalier_nds:379,forward
prototelegram:1722,kavalier_nds:373,forward
prototelegram:1690,kavalier_nds:362,forward
prototelegram:1689,kavalier_nds:361,forward
prototelegram:1655,kavalier_nds:347,forward
senderfreiessachsen:8042,freie_mittelsachsen:4235,forward
senderfreiessachsen:8041,asu1kmu:2237,forward
senderfreiessachsen:8040,asu1kmu:2236,forward
senderfreiessachsen:8039,asu1kmu:2235,forward
senderfreiessachsen:8037,asu1kmu:2234,forward
senderfreiessachsen:8033,asu1kmu:2229,forward
senderfreiessachsen:8032,asu1kmu:2228,forward
senderfreiessachsen:8031,hartungstefan:873,forward
senderfreiessachsen:8029,asu1kmu:2226,forward
senderfreiessachsen:8022,asu1kmu:2223,forward
senderfreiessachsen:8020,asu1kmu:2222,forward
senderfreiessachsen:8016,asu1kmu:2220,forward
senderfreiessachsen:8014,asu1kmu:2219,forward
senderfreiessachsen:8013,asu1kmu:2218,forward
senderfreiessachsen:8011,asu1kmu:2217,forward
senderfreiessachsen:8003,asu1kmu:2211,forward
senderfreiessachsen:8001,asu1kmu:2209,forward
senderfreiessachsen:8000,asu1kmu:2208,forward
senderfreiessachsen:7999,asu1kmu:2207,forward
senderfreiessachsen:7998,asu1kmu:2206,forward
senderfreiessachsen:7995,penigstehtauf:1477,forward
senderfreiessachsen:7990,asu1kmu:2203,forward
senderfreiessachsen:7988,asu1kmu:2202,forward
senderfreiessachsen:7987,asu1kmu:2201,forward
senderfreiessachsen:7985,asu1kmu:2200,forward
senderfreiessachsen:7981,asu1kmu:2197,forward
senderfreiessachsen:7980,hartungstefan:862,forward
senderfreiessachsen:7977,asu1kmu:2193,forward
senderfreiessachsen:7976,asu1kmu:2192,forward
senderfreiessachsen:7975,asu1kmu:2191,forward
senderfreiessachsen:7973,asu1kmu:2187,forward
senderfreiessachsen:7972,asu1kmu:2186,forward
senderfreiessachsen:7971,asu1kmu:2185,forward
senderfreiessachsen:7969,asu1kmu:2184,forward
senderfreiessachsen:7968,asu1kmu:2183,forward
senderfreiessachsen:7965,asu1kmu:2181,forward
senderfreiessachsen:7964,asu1kmu:2180,forward
senderfreiessachsen:7963,asu1kmu:2179,forward
senderfreiessachsen:7955,asu1kmu:2178,forward
senderfreiessachsen:7947,asu1kmu:2173,forward
senderfreiessachsen:7944,asu1kmu:2172,forward
senderfreiessachsen:7937,aufgewachtonline:2822,forward
senderfreiessachsen:7934,asu1kmu:2167,forward
senderfreiessachsen:7933,asu1kmu:2166,forward
senderfreiessachsen:7930,asu1kmu:2164,forward
senderfreiessachsen:7927,mr_marcus_fuchs:3935,forward
senderfreiessachsen:7925,asu1kmu:2160,forward
senderfreiessachsen:7922,asu1kmu:2158,forward
senderfreiessachsen:7921,asu1kmu:2157,forward
senderfreiessachsen:7918,asu1kmu:2156,forward
senderfreiessachsen:7917,asu1kmu:2154,forward
senderfreiessachsen:7916,asu1kmu:2152,forward
senderfreiessachsen:7914,asu1kmu:2149,forward
senderfreiessachsen:7910,asu1kmu:2147,forward
senderfreiessachsen:7906,asu1kmu:2146,forward
senderfreiessachsen:7901,asu1kmu:2144,forward
senderfreiessachsen:7898,asu1kmu:2143,forward
senderfreiessachsen:7897,asu1kmu:2142,forward
senderfreiessachsen:7890,asu1kmu:2140,forward
senderfreiessachsen:7889,asu1kmu:2139,forward
senderfreiessachsen:7887,asu1kmu:2138,forward
senderfreiessachsen:7886,asu1kmu:2137,forward
senderfreiessachsen:7879,asu1kmu:2136,forward
senderfreiessachsen:7878,asu1kmu:2135,forward
senderfreiessachsen:7876,asu1kmu:2133,forward
senderfreiessachsen:7874,asu1kmu:2131,forward
senderfreiessachsen:7873,asu1kmu:2130,forward
senderfreiessachsen:7870,asu1kmu:2129,forward
senderfreiessachsen:7866,asu1kmu:2128,forward
senderfreiessachsen:7864,asu1kmu:2127,forward
senderfreiessachsen:7862,asu1kmu:2125,forward
senderfreiessachsen:7861,asu1kmu:2124,forward
senderfreiessachsen:7860,asu1kmu:2123,forward
senderfreiessachsen:7859,asu1kmu:2118,forward
senderfreiessachsen:7858,asu1kmu:2118,forward
senderfreiessachsen:7856,asu1kmu:2117,forward
senderfreiessachsen:7855,asu1kmu:2116,forward
senderfreiessachsen:7839,asu1kmu:2114,forward
senderfreiessachsen:7838,asu1kmu:2113,forward
senderfreiessachsen:7834,asu1kmu:2110,forward
senderfreiessachsen:7833,asu1kmu:2109,forward
senderfreiessachsen:7830,asu1kmu:2107,forward
senderfreiessachsen:7825,asu1kmu:2105,forward
senderfreiessachsen:7824,asu1kmu:2104,forward
senderfreiessachsen:7821,asu1kmu:2101,forward
senderfreiessachsen:7818,asu1kmu:2100,forward
senderfreiessachsen:7817,asu1kmu:2099,forward
senderfreiessachsen:7816,aufgewachtonline:2739,forward
senderfreiessachsen:7815,oberelbe:2208,forward
senderfreiessachsen:7814,asu1kmu:2096,forward
senderfreiessachsen:7810,asu1kmu:2094,forward
senderfreiessachsen:7808,asu1kmu:2092,forward
senderfreiessachsen:7807,asu1kmu:2091,forward
senderfreiessachsen:7805,asu1kmu:2090,forward
senderfreiessachsen:7804,asu1kmu:2089,forward
senderfreiessachsen:7802,asu1kmu:2087,forward
senderfreiessachsen:7800,asu1kmu:2086,forward
senderfreiessachsen:7793,asu1kmu:2082,forward
senderfreiessachsen:7790,asu1kmu:2081,forward
senderfreiessachsen:7789,asu1kmu:2080,forward
senderfreiessachsen:7786,asu1kmu:2079,forward
senderfreiessachsen:7785,asu1kmu:2078,forward
senderfreiessachsen:7783,asu1kmu:2077,forward
senderfreiessachsen:7777,peterschreiber:3734,forward
senderfreiessachsen:7776,hartungstefan:839,forward
senderfreiessachsen:7774,asu1kmu:2072,forward
senderfreiessachsen:7773,asu1kmu:2071,forward
senderfreiessachsen:7772,asu1kmu:2070,forward
senderfreiessachsen:7771,asu1kmu:2069,forward
senderfreiessachsen:7770,asu1kmu:2068,forward
senderfreiessachsen:7769,asu1kmu:2067,forward
senderfreiessachsen:7768,asu1kmu:2066,forward
senderfreiessachsen:7766,asu1kmu:2065,forward
senderfreiessachsen:7762,asu1kmu:2064,forward
senderfreiessachsen:7755,asu1kmu:2058,forward
senderfreiessachsen:7752,asu1kmu:2055,forward
senderfreiessachsen:7751,asu1kmu:2054,forward
legionbulgaria:1160,bnsiyi:1461,forward
legionbulgaria:1051,lukovmarch:184,forward
legionbulgaria:1000,bnsiyi:1341,forward
legionbulgaria:992,unetenucleonacional:605,forward
legionbulgaria:970,bnsiyi:1322,forward
legionbulgaria:969,bnsiyi:1321,forward
legionbulgaria:964,bnsiyi:1318,forward
legionbulgaria:865,bnsiyi:1241,forward
natsquads:1963,comitedu9mai:451,forward
natsquads:1950,natsquads:1931,reply
natsquads:1786,natsquads:1785,reply
natsquads:1744,natsquads:1743,reply
natsquads:1734,natsquads:1732,reply
natsquads:1718,natsquads:1717,reply
natsquads:1701,natsquads:1700,reply
decommunizationbg:128,lukovmarch:79,forward
decommunizationbg:126,lukovmarch:74,forward
decommunizationbg:125,lukovmarch:66,forward
decommunizationbg:124,lukovmarch:49,forward
decommunizationbg:95,decommunizationbg:93,reply