from,to,type
whitelivesmatterofficial:14352,wlm_usa_texas2:382,forward
whitelivesmatterofficial:14351,wlm_usa_tennessee:597,forward
whitelivesmatterofficial:14349,wlm_eu_united_kingdom:720,forward
whitelivesmatterofficial:14348,wlm_usa_wisconsin:2018,forward
whitelivesmatterofficial:14342,wlm_usa_washington3:587,forward
whitelivesmatterofficial:14337,wlm_usa_new_jersey:1838,forward
whitelivesmatterofficial:14330,wlm_usa_minnesota:922,forward
whitelivesmatterofficial:14322,noticernews:3516,link
whitelivesmatterofficial:14322,wlm_eu_czech_republic:232,link
whitelivesmatterofficial:14322,wlm_eu_czech_republic:617,forward
whitelivesmatterofficial:14321,wlm_tutorials:26,forward
whitelivesmatterofficial:14315,wlm_usa_california:709,forward
whitelivesmatterofficial:14308,wlm_usa_minnesota:923,forward
whitelivesmatterofficial:14306,wlm_eu_united_kingdom:712,forward
whitelivesmatterofficial:14301,wlm_eu_russia:2082,forward
whitelivesmatterofficial:14290,wlm_eu_romania:1210,forward
whitelivesmatterofficial:14288,wlm_usa_oregon:615,forward
whitelivesmatterofficial:14269,wlm_usa_washington3:569,forward
whitelivesmatterofficial:14264,wlm_eu_poland:302,forward
whitelivesmatterofficial:14257,wlm_eu_russia:2075,forward
whitelivesmatterofficial:14245,wlm_viewing:17,link
whitelivesmatterofficial:14245,wlm_viewing:44,link
whitelivesmatterofficial:14245,wlm_viewing:45,link
whitelivesmatterofficial:14245,wlm_viewing:42,link
whitelivesmatterofficial:14245,wlm_viewing:41,link
whitelivesmatterofficial:14245,wlm_reading:18,link
whitelivesmatterofficial:14245,wlm_usa_pennsylvania:1108,forward
whitelivesmatterofficial:14243,wlm_usa_oregon:614,forward
whitelivesmatterofficial:14224,wlm_usa_minnesota:918,forward
whitelivesmatterofficial:14223,wlm_eu_russia:2074,forward
whitelivesmatterofficial:14218,wlm_usa_oregon:613,forward
whitelivesmatterofficial:14212,wlm_usa_michigan:1112,forward
whitelivesmatterofficial:14203,wlmofficial14:191,forward
whitelivesmatterofficial:14196,wlm_usa_arizona:883,forward
whitelivesmatterofficial:14194,wlm_usa_minnesota:916,forward
whitelivesmatterofficial:14184,wlm_usa_texas2:372,forward
whitelivesmatterofficial:14183,wlm_viewing:41,forward
whitelivesmatterofficial:14180,wlm_usa_michigan:1110,forward
whitelivesmatterofficial:14178,wlm_eu_italy:1448,forward
whitelivesmatterofficial:14174,wlm_usa_minnesota:912,forward
whitelivesmatterofficial:14170,wlm_usa_washington3:559,forward
whitelivesmatterofficial:14160,wlm_usa_illinois:3882,forward
whitelivesmatterofficial:14159,wlm_usa_montana:2566,forward
whitelivesmatterofficial:14150,wlm_canada:1647,forward
whitelivesmatterofficial:14145,wlm_usa_illinois:3869,forward
whitelivesmatterofficial:14143,wlm_usa_texas2:370,forward
whitelivesmatterofficial:14137,wlm_eu_romania:1185,forward
whitelivesmatterofficial:14136,wlm_usa_arizona:879,forward
whitelivesmatterofficial:14132,wlm_eu_ukraine:748,forward
whitelivesmatterofficial:14129,wlm_usa_minnesota:910,forward
whitelivesmatterofficial:14128,wlm_usa_arizona:878,forward
whitelivesmatterofficial:14120,wlm_eu_poland:294,forward
whitelivesmatterofficial:14112,wlm_usa_new_york2:2402,forward
whitelivesmatterofficial:14102,wlm_usa_north_carolina:714,forward
whitelivesmatterofficial:14101,wlm_usa_illinois:3864,forward
whitelivesmatterofficial:14096,wlm_usa_texas2:369,forward
whitelivesmatterofficial:14090,wlm_usa_illinois:3858,forward
whitelivesmatterofficial:14089,wlm_usa_arizona:876,forward
whitelivesmatterofficial:14088,wlm_usa_new_york2:2401,forward
whitelivesmatterofficial:14084,wlm_usa_washington3:557,forward
whitelivesmatterofficial:14075,wlm_usa_new_york2:2400,forward
whitelivesmatterofficial:14074,wlm_usa_michigan:1109,forward
whitelivesmatterofficial:14069,wlm_eu_czech_republic:232,link
whitelivesmatterofficial:14069,wlm_eu_czech_republic:611,forward
whitelivesmatterofficial:14068,wlmofficial14:191,forward
whitelivesmatterofficial:14056,wlm_usa_new_york2:2390,forward
whitelivesmatterofficial:14054,wlm_usa_arizona:875,forward
whitelivesmatterofficial:14053,wlm_usa_new_york2:2389,forward
wlm_usa_texas2:368,wlm_usa_texas2:367,reply
wlm_usa_texas2:365,wlm_usa_oregon:608,forward
wlm_usa_texas2:361,wlm_usa_texas2:359,reply
wlm_usa_texas2:355,wlm_usa_washington3:493,forward
wlm_usa_texas2:352,wlm_usa_montana:2438,forward
wlm_usa_texas2:332,wlm_eu_netherlands:1389,forward
wlm_usa_texas2:331,wlm_usa_oregon:580,forward
wlm_usa_texas2:309,wlm_usa_texas2:308,reply
wlm_usa_texas2:306,novanow:225,forward
wlm_usa_texas2:304,wlm_usa_washington3:452,forward
wlm_usa_texas2:300,wlm_eu_netherlands:1329,forward
wlm_usa_texas2:275,wlm_usa_texas2:274,reply
wlm_usa_texas2:272,wlm_usa_montana:2307,forward
wlm_usa_texas2:261,wlm_eu_czech_republic:232,link
wlm_usa_texas2:261,wlm_eu_czech_republic:513,forward
wlm_usa_texas2:240,wlm_eu_ukraine:563,link
wlm_usa_texas2:237,wlm_usa_texas2:173,link
wlm_usa_texas2:236,wlm_usa_texas2:235,reply
wlm_usa_texas2:234,wlm_usa_michigan:1000,forward
wlm_usa_texas2:227,wlm_usa_arizona:826,forward
wlm_usa_texas2:226,wlm_usa_texas2:225,reply
wlm_usa_texas2:217,wlm_usa_michigan:916,forward
wlm_usa_texas2:210,wlm_usa_texas2:208,reply
wlm_usa_texas2:209,wlm_usa_texas:4161,forward
wlm_usa_texas2:199,wlm_usa_texas2:192,link
wlm_usa_texas2:197,wlm_usa_arizona:801,forward
wlm_usa_texas2:185,brotherhood_of_academists:60,forward
wlm_usa_texas2:175,nsc131official:505,forward
wlm_usa_texas2:167,brotherhood_of_academists:50,forward
wlm_usa_texas2:160,wlm_eu_netherlands:1275,forward
wlm_usa_texas2:144,wlm_usa_texas2:143,reply
wlm_usa_texas2:141,wlm_eu_netherlands:1268,forward
wlm_usa_texas2:130,wlm_eu_czech_republic:356,forward
wlm_usa_texas2:120,wlm_usa_colorado:344,forward
wlm_usa_texas2:115,wlm_materials:84,link
wlm_usa_texas2:113,wlm_usa_texas2:112,reply
wlm_usa_texas2:104,wlm_reading:6,link
wlm_usa_texas2:75,wlm_usa_pennsylvania:913,forward
wlm_usa_texas2:74,wlm_usa_texas:4047,forward
wlm_eu_united_kingdom:708,ultrasnotreds8:1556,forward
wlm_eu_united_kingdom:704,noticernews:3516,forward
wlm_eu_united_kingdom:701,unitynewsnetwork:29439,forward
wlm_eu_united_kingdom:700,noticernews:3409,forward
wlm_eu_united_kingdom:679,wlm_eu_united_kingdom:678,reply
wlm_eu_united_kingdom:667,wlm_eu_united_kingdom:613,link
wlm_eu_united_kingdom:666,wlm_eu_united_kingdom:665,reply
wlm_eu_united_kingdom:614,wlm_materials:84,link
wlm_eu_united_kingdom:607,wlm_eu_united_kingdom:606,reply
wlm_eu_united_kingdom:585,wlm_materials:83,link
wlm_eu_united_kingdom:552,wlm_reading:6,link
wlm_eu_united_kingdom:532,wlm_reading:6,link
wlm_eu_united_kingdom:509,wlm_eu_united_kingdom:418,link
wlm_eu_united_kingdom:508,wlm_reading:6,link
wlm_eu_united_kingdom:508,wlm_materials:79,link
wlm_eu_united_kingdom:505,wlm_reading:6,link
wlm_eu_united_kingdom:500,wlm_reading:6,link
wlm_eu_united_kingdom:484,wlm_materials:70,link
wlm_eu_united_kingdom:482,wlm_materials:69,link
wlm_usa_washington3:593,wlm_usa_texas2:382,forward
wlm_usa_washington3:581,noticernews:3516,link
wlm_usa_washington3:581,wlm_eu_czech_republic:232,link
wlm_usa_washington3:581,wlm_eu_czech_republic:617,forward
wlm_usa_washington3:580,whitelivesmatterofficial:14307,forward
wlm_usa_washington3:568,wlm_usa_oregon:614,forward
wlm_usa_washington3:567,wlm_usa_arizona:883,forward
wlm_usa_washington3:565,wlm_usa_michigan:1110,forward
wlm_usa_washington3:563,wlm_eu_italy:1448,forward
wlm_usa_washington3:558,wlm_usa_arizona:876,forward
wlm_usa_washington3:555,wlm_eu_netherlands:1467,forward
wlm_usa_washington3:540,wlm_usa_oregon:610,forward
wlm_usa_washington3:533,thewaronwhites:1638,forward
wlm_usa_washington3:532,wlm_usa_oregon:608,forward
wlm_usa_washington3:529,ultrasnotreds8:1354,forward
wlm_usa_washington3:525,wlm_reading:6,link
wlm_usa_washington3:523,wlm_usa_montana:2532,forward
wlm_usa_washington3:520,wlm_usa_montana:2505,forward
wlm_usa_washington3:516,wlm_usa_montana:2482,forward
wlm_usa_washington3:515,wlm_usa_michigan:1094,forward
wlm_usa_washington3:514,wlm_usa_oregon:602,forward
wlm_usa_washington3:513,wlm_materials:71,link
wlm_usa_washington3:511,wlm_eu_netherlands:1291,link
wlm_usa_washington3:511,wlm_eu_netherlands:1442,forward
wlm_usa_washington3:510,wlm_usa_oregon:599,forward
wlm_usa_washington3:505,wlm_usa_michigan:1083,forward
wlm_usa_washington3:504,wlm_usa_montana:2465,forward
wlm_usa_washington3:502,wlm_eu_poland:287,forward
wlm_usa_washington3:501,wlm_eu_poland:285,forward
wlm_usa_washington3:500,wlm_eu_poland:284,forward
wlm_usa_washington3:499,wlm_usa_montana:2455,forward
wlm_usa_washington3:498,wlm_usa_montana:2454,forward
wlm_usa_washington3:497,wlm_usa_oregon:595,forward
wlm_usa_washington3:492,wlm_eu_netherlands:1429,forward
wlm_usa_washington3:490,wlm_eu_netherlands:1424,forward
wlm_usa_washington3:487,wlm_usa_texas2:344,forward
wlm_usa_washington3:486,wlm_usa_montana:2438,forward
wlm_usa_washington3:484,wlm_eu_netherlands:1413,forward
wlm_usa_washington3:483,antifawatch2:1032,forward
wlm_usa_washington3:482,wlm_usa_texas2:333,forward
wlm_usa_washington3:478,wlm_eu_netherlands:1384,forward
wlm_usa_washington3:477,wlm_usa_oregon:581,forward
wlm_usa_washington3:469,wlm_usa_oregon:580,forward
wlm_usa_washington3:464,wlm_eu_ukraine:660,forward
wlm_usa_washington3:459,wlm_usa_texas2:321,forward
wlm_usa_washington3:457,wlm_usa_montana:2384,forward
wlm_usa_washington3:455,wlm_usa_texas2:313,forward
wlm_usa_washington3:453,wlm_usa_montana:2380,forward
wlm_usa_washington3:434,wlm_eu_netherlands:1329,forward
wlm_usa_washington3:430,wlm_usa_oregon:521,forward
wlm_usa_washington3:420,wlm_usa_oregon:509,forward
wlm_usa_washington3:412,wlm_usa_oregon:499,forward
wlm_usa_washington3:393,wlm_usa_oregon:483,forward
wlm_usa_washington3:385,wlm_usa_oregon:458,forward
wlm_usa_washington3:384,antifawatch2:1022,forward
wlm_usa_washington3:381,antifawatch2:1019,forward
wlm_usa_washington3:380,wlm_usa_texas2:277,forward
wlm_usa_washington3:376,antifawatch2:1006,forward
wlm_usa_washington3:375,wlm_usa_montana:2307,forward
wlm_usa_washington3:373,wlm_usa_texas2:263,forward
wlm_usa_washington3:372,wlm_eu_czech_republic:232,link
wlm_usa_washington3:372,wlm_eu_czech_republic:513,forward
wlm_usa_washington3:369,antifawatch2:993,forward
wlm_usa_washington3:368,antifawatch2:992,forward
wlm_usa_washington3:367,wlm_usa_montana:2296,forward
wlm_usa_washington3:365,antifawatch2:990,forward
wlm_usa_washington3:283,wlm_eu_poland:268,forward
wlm_usa_new_jersey:1850,memorianatio:3545,forward
wlm_usa_new_jersey:1846,njeha1:2087,forward
wlm_usa_new_jersey:1844,ultrasnotreds8:1569,forward
wlm_usa_new_jersey:1836,whitelivesmatterofficial:14307,forward
wlm_usa_new_jersey:1828,wlm_usa_new_jersey:1824,reply
wlm_usa_new_jersey:1816,thewaronwhites:1594,forward
wlm_usa_new_jersey:1812,ultrasnotreds8:1293,forward
wlm_usa_new_jersey:1803,wlm_reading:6,link
wlm_usa_new_jersey:1800,thewaronwhites:1567,forward
wlm_usa_new_jersey:1798,sonat61:3331,forward
wlm_usa_new_jersey:1764,huwhitepapers:1566,forward
wlm_usa_new_jersey:1748,holocaustrevision:783,forward
wlm_usa_new_jersey:1744,whitelaborstrikeww:5577,forward
wlm_usa_new_jersey:1740,wlm_viewing:17,link
wlm_usa_new_jersey:1740,wlm_viewing:44,link
wlm_usa_new_jersey:1740,wlm_viewing:45,link
wlm_usa_new_jersey:1740,wlm_viewing:42,link
wlm_usa_new_jersey:1740,wlm_viewing:41,link
wlm_usa_new_jersey:1740,wlm_reading:18,link
wlm_usa_new_jersey:1740,wlm_usa_pennsylvania:1057,forward
wlm_usa_new_jersey:1738,fashposting:4555,forward
wlm_usa_new_jersey:1733,forbiddenhistory18:405,forward
wlm_usa_new_jersey:1730,wlm_viewing:47,forward
wlm_usa_new_jersey:1729,wlm_usa_michigan:1094,forward
wlm_usa_new_jersey:1728,wlm_materials:71,link
wlm_usa_new_jersey:1727,thesonnenrad:310,forward
wlm_usa_new_jersey:1726,wlm_viewing:42,forward
wlm_usa_new_jersey:1725,wlm_viewing:17,forward
wlm_usa_new_jersey:1724,wlm_viewing:45,forward
wlm_usa_new_jersey:1719,forbiddenhistory18:400,forward
wlm_usa_new_jersey:1718,whitelaborstrikeww:5493,forward
wlm_usa_new_jersey:1715,novanow:326,forward
wlm_usa_new_jersey:1710,wlm_usa_illinois:3751,forward
wlm_usa_new_jersey:1708,sonat61:3318,forward
wlm_usa_new_jersey:1702,wlm_viewing:17,forward
wlm_usa_new_jersey:1699,virginiaflaggers:3091,forward
wlm_usa_new_jersey:1698,wlm_usa_oregon:599,forward
wlm_usa_new_jersey:1697,wlm_usa_michigan:1091,forward
wlm_usa_new_jersey:1694,novanow:319,forward
wlm_usa_new_jersey:1692,wlm_reading:15,forward
wlm_usa_new_jersey:1691,novanow:319,forward
wlm_usa_new_jersey:1683,zoomerwaffenx:8694,forward
wlm_usa_new_jersey:1682,novanow:315,forward
wlm_usa_new_jersey:1678,wlm_reading:18,forward
wlm_usa_new_jersey:1677,wlm_reading:6,link
wlm_usa_new_jersey:1673,novanow:301,forward
wlm_usa_new_jersey:1666,wlm_eu_czech_republic:572,forward
wlm_usa_new_jersey:1664,novanow:310,forward
wlm_usa_new_jersey:1660,novanow:307,forward
wlm_usa_new_jersey:1658,thesonnenrad:287,forward
wlm_usa_new_jersey:1654,wlm_eu_poland:287,forward
wlm_usa_new_jersey:1653,wlm_eu_poland:286,forward
wlm_usa_new_jersey:1634,wlm_reading:18,forward
wlm_usa_new_jersey:1622,wlm_usa_oregon:598,forward
wlm_usa_new_jersey:1607,wlm_usa_oregon:596,forward
wlm_usa_new_jersey:1605,novanow:297,forward
wlm_usa_new_jersey:1604,skumshot:1054,forward
wlm_usa_new_jersey:1579,virginiaflaggers:3040,forward
wlm_usa_new_jersey:1578,wlm_usa_oregon:594,forward
wlm_usa_new_jersey:1569,wlm_viewing:17,link
wlm_usa_new_jersey:1569,wlm_viewing:44,link
wlm_usa_new_jersey:1569,wlm_viewing:45,link
wlm_usa_new_jersey:1569,wlm_viewing:42,link
wlm_usa_new_jersey:1569,wlm_viewing:41,link
wlm_usa_new_jersey:1569,wlm_reading:18,link
wlm_usa_new_jersey:1569,wlm_usa_pennsylvania:1046,forward
wlm_usa_new_jersey:1565,wlm_viewing:17,link
wlm_usa_new_jersey:1565,wlm_viewing:44,link
wlm_usa_new_jersey:1565,wlm_viewing:45,link
wlm_usa_new_jersey:1565,wlm_viewing:42,link
wlm_usa_new_jersey:1565,wlm_viewing:41,link
wlm_usa_new_jersey:1565,wlm_reading:18,link
wlm_usa_new_jersey:1565,wlm_usa_pennsylvania:1042,forward
wlm_usa_new_jersey:1559,skumshot:1050,forward
wlm_usa_minnesota:905,wlm_reading:6,link
wlm_usa_minnesota:900,wlm_viewing:47,forward
wlm_usa_minnesota:899,wlm_materials:71,link
wlm_usa_minnesota:898,wlm_reading:15,forward
wlm_usa_minnesota:896,wlm_reading:18,forward
wlm_usa_minnesota:895,wlm_reading:6,link
wlm_usa_minnesota:894,wlm_eu_poland:284,forward
wlm_usa_minnesota:861,wlm_viewing:46,forward
wlm_usa_minnesota:785,wlm_materials:84,link
wlm_usa_minnesota:782,wlm_usa_ohio:2373,forward
wlm_usa_minnesota:765,wlm_reading:15,forward
wlm_usa_minnesota:754,wlm_eu_united_kingdom:605,forward
wlm_usa_minnesota:753,wlm_viewing:46,forward
wlm_usa_minnesota:749,wlm_materials:53,forward
wlm_usa_minnesota:743,wlm_usa_wisconsin:1941,forward
wlm_usa_minnesota:735,wlm_viewing:42,forward
wlm_usa_minnesota:729,wlm_usa_wisconsin:1897,forward
wlm_usa_minnesota:714,wlm_materials:83,link
wlm_usa_minnesota:706,wlm_usa_wisconsin:1854,forward
wlm_usa_minnesota:698,wlm_reading:6,link
wlm_eu_czech_republic:623,wlm_eu_czech_republic:232,link
wlm_eu_czech_republic:617,noticernews:3516,link
wlm_eu_czech_republic:617,wlm_eu_czech_republic:232,link
wlm_eu_czech_republic:611,wlm_eu_czech_republic:232,link
wlm_eu_czech_republic:600,wlm_eu_czech_republic:232,link
wlm_eu_czech_republic:595,wlm_eu_czech_republic:232,link
wlm_eu_czech_republic:593,activeclubcr:196,forward
wlm_eu_czech_republic:588,wlm_eu_czech_republic:232,link
wlm_eu_czech_republic:580,activeclubcr:192,forward
wlm_eu_czech_republic:563,huwhitepapers:1499,link
wlm_eu_czech_republic:553,silesianratscrew:279,forward
wlm_eu_czech_republic:548,activeclubcr:166,forward
wlm_eu_czech_republic:537,listyosy:431,link
wlm_eu_czech_republic:532,activeclubcr:142,forward
wlm_eu_czech_republic:522,activeclubcr:138,forward
wlm_eu_czech_republic:520,activedietsland:239,forward
wlm_eu_czech_republic:515,activeclubcr:130,forward
wlm_eu_czech_republic:513,wlm_eu_czech_republic:232,link
wlm_eu_czech_republic:508,activeclubcr:118,forward
wlm_eu_czech_republic:498,activeclubcr:113,forward
wlm_eu_czech_republic:488,activeclubcr:104,forward
wlm_eu_czech_republic:486,activeclubcr:102,forward
wlm_eu_czech_republic:479,activeclubcr:87,forward
wlm_eu_czech_republic:456,activeclubcr:78,forward
wlm_eu_czech_republic:451,wlm_eu_czech_republic:403,link
wlm_eu_czech_republic:437,activeclubcr:71,forward
wlm_eu_czech_republic:424,activeclubcr:65,forward
wlm_eu_czech_republic:418,wlm_eu_czech_republic:416,link
wlm_eu_czech_republic:414,activeclubcr:60,forward
wlm_eu_czech_republic:405,activeclubcr:54,forward
wlm_eu_czech_republic:384,activeclubcr:48,forward
wlm_eu_czech_republic:365,activeclubcr:41,forward
wlm_eu_czech_republic:361,activeclubcr:39,forward
wlm_eu_czech_republic:346,activeclubcr:35,forward
wlm_eu_czech_republic:335,activeclubcr:30,forward
wlm_eu_czech_republic:329,wlm_materials:84,link
wlm_eu_czech_republic:322,activeclubcr:24,forward
wlm_eu_czech_republic:319,activeclubcr:22,forward
wlm_eu_czech_republic:305,activeclubcr:17,forward
wlm_eu_czech_republic:296,wlm_eu_czech_republic:294,link
wlm_eu_czech_republic:284,activeclubcr:12,forward
wlm_eu_czech_republic:256,wlm_materials:83,link
wlm_usa_california:708,wlm_usa_oregon:614,forward
wlm_usa_california:707,wlm_usa_oregon:608,forward
wlm_usa_california:702,wlm_usa_california:680,forward
wlm_usa_california:699,wlm_usa_texas2:208,forward
wlm_usa_california:698,norcal_ac:300,forward
wlm_usa_california:687,norcal_ac:255,forward
wlm_usa_california:682,wlm_materials:84,link
wlm_usa_california:677,wlm_usa_california:676,reply
wlm_usa_california:659,norcal_ac:99,forward
wlm_usa_california:657,norcal_ac:98,forward
wlm_usa_california:655,wlm_materials:83,link
wlm_usa_california:652,wlm_usa_california:651,reply
wlm_usa_california:651,wlm_usa_california:648,reply
wlm_usa_california:648,wlm_usa_california:450,forward
wlm_usa_california:626,wlm_reading:6,link
wlm_usa_california:604,wlm_usa_california:603,reply
wlm_usa_california:597,norcal_ac:63,forward
wlm_usa_california:597,wlm_usa_california:596,reply
wlm_usa_california:582,wlm_usa_idaho:2472,forward
wlm_usa_california:576,antifawatch2:893,forward
wlm_usa_california:573,wlm_usa_arizona:734,forward
wlm_usa_california:572,racerealismchannel:267,forward
wlm_usa_california:570,norcal_ac:52,forward
wlm_usa_california:567,norcal_ac:48,forward
wlm_usa_california:565,wlm_usa_california:444,reply
wlm_usa_california:563,wlm_usa_california:561,reply
wlm_usa_california:550,norcal_ac:35,forward
wlm_usa_california:525,wlm_reading:6,link
wlm_usa_california:512,wlm_usa_california:511,reply
wlm_usa_california:509,wlm_viewing:17,link
wlm_usa_california:505,bigskyac_uncensor3d:71,forward
wlm_usa_california:492,wlm_viewing:41,forward
wlm_usa_california:446,wlm_usa_tennessee:507,forward
wlm_usa_california:421,media2rise:197,forward
wlm_usa_california:407,wlm_reading:6,link
wlm_usa_california:407,wlm_materials:79,link
wlm_eu_russia:2082,wlm_eu_russia:2075,reply
wlm_eu_russia:2071,wlm_viewing_russian:56,forward
wlm_eu_russia:2053,wlm_eu_russia:2052,reply
wlm_eu_russia:2045,wlm_viewing_russian:57,forward
wlm_eu_russia:2024,wlm_eu_russia:2023,reply
wlm_eu_russia:2021,wlm_eu_russia:2019,link
wlm_eu_russia:1957,wlm_eu_russia:1956,reply
wlm_eu_russia:1956,wlm_viewing_russian:36,link
wlm_eu_romania:1229,hersantite:383,forward
wlm_eu_romania:1228,hersantite:364,forward
wlm_eu_romania:1226,wlm_eu_united_kingdom:720,forward
wlm_eu_romania:1224,whitelads:6309,forward
wlm_eu_romania:1223,nat88org:2034,forward
wlm_eu_romania:1222,nat88org:2031,forward
wlm_eu_romania:1221,nat88org:2029,forward
wlm_eu_romania:1220,nat88org:2026,forward
wlm_eu_romania:1216,whitelads:6271,forward
wlm_eu_romania:1192,markacollett:20248,forward
wlm_eu_romania:1190,noticernews:3414,forward
wlm_eu_romania:1183,hersantite:336,forward
wlm_eu_romania:1181,noticernews:3349,forward
wlm_eu_romania:1179,reactiunea:6139,forward
wlm_eu_romania:1177,reactiunea:6129,forward
wlm_eu_romania:1173,pro_vita:3331,forward
wlm_eu_romania:1172,memorianatio:3437,forward
wlm_eu_romania:1171,chilieathonita:5194,forward
wlm_eu_romania:1167,gardanationalista1309:1968,forward
wlm_eu_romania:1137,noticernews:3286,forward
wlm_eu_romania:1130,reactiunea:6122,forward
wlm_eu_romania:1126,noticernews:3267,forward
wlm_eu_romania:1124,politicincorect:5460,forward
wlm_eu_romania:1123,politicincorect:5454,forward
wlm_eu_romania:1122,politicincorect:5448,forward
wlm_eu_romania:1115,thuletide:8030,forward
wlm_eu_romania:1110,nat88org:1997,forward
wlm_eu_romania:1108,revistarost:8809,forward
wlm_eu_romania:1095,hersantite:249,forward
wlm_eu_romania:1092,racerealismchannel:441,forward
wlm_eu_romania:1089,politicincorect:5355,forward
wlm_eu_romania:1088,chilieathonita:5106,forward
wlm_eu_romania:1047,racerealismchannel:440,forward
wlm_eu_romania:1043,memorianatio:3327,forward
wlm_eu_romania:1042,nat88org:1979,forward
wlm_eu_romania:1038,ohionationalistnetwork:452,forward
wlm_eu_romania:1032,pro_vita:3302,forward
wlm_eu_romania:1014,hersantite:213,forward
wlm_eu_romania:1000,nat88org:1954,forward
wlm_eu_romania:982,nat88org:1951,forward
wlm_eu_romania:981,ultrasnotreds8:1301,forward
wlm_eu_romania:979,nat88org:1945,forward
wlm_eu_romania:973,revistarost:8713,forward
wlm_eu_romania:970,pro_vita:3284,forward
wlm_eu_romania:965,wlm_viewing:17,forward
wlm_eu_romania:956,nat88org:1926,forward
wlm_eu_romania:922,hersantite:151,forward
wlm_eu_romania:913,hersantite:147,forward
wlm_usa_oregon:611,wlm_usa_washington3:557,forward
wlm_usa_oregon:600,wlm_materials:71,link
wlm_usa_oregon:440,wlm_reading:18,forward
wlm_usa_oregon:430,wlm_reading:18,forward
wlm_usa_oregon:413,wlm_usa_oregon:411,forward
wlm_usa_oregon:397,wlm_materials:84,link
wlm_usa_oregon:230,wlm_materials:83,link
wlm_usa_oregon:190,wlm_reading:6,link
wlm_usa_oregon:122,wlm_reading:6,link
wlm_usa_oregon:114,wlm_reading:6,link
wlm_usa_oregon:114,wlm_materials:79,link
wlm_usa_oregon:112,wlm_reading:6,link
wlm_usa_oregon:104,wlm_materials:70,link
wlm_usa_oregon:102,wlm_materials:69,link
wlm_usa_oregon:51,media2rise:128,forward
wlm_usa_oregon:49,wlm_reading:9,forward
wlm_usa_oregon:42,wlm_viewing:17,forward
whitelivesmatterofficialchat2:41990,whitelivesmatterofficialchat2:41988,reply
whitelivesmatterofficialchat2:41987,whitelivesmatterofficialchat2:41970,reply
whitelivesmatterofficialchat2:41983,whitelivesmatterofficialchat2:41980,reply
whitelivesmatterofficialchat2:41980,whitelivesmatterofficialchat2:41976,reply
whitelivesmatterofficialchat2:41976,whitelivesmatterofficialchat2:41968,reply
whitelivesmatterofficialchat2:41974,whitelivesmatterofficialchat2:41973,reply
whitelivesmatterofficialchat2:41971,whitelivesmatterofficialchat2:41970,reply
whitelivesmatterofficialchat2:41969,whitelivesmatterofficialchat2:41964,reply
whitelivesmatterofficialchat2:41968,whitelivesmatterofficialchat2:41963,reply
whitelivesmatterofficialchat2:41967,whitelivesmatterofficialchat2:41963,reply
whitelivesmatterofficialchat2:41966,whitelivesmatterofficialchat2:41965,reply
whitelivesmatterofficialchat2:41963,whitelivesmatterofficialchat2:41938,reply
whitelivesmatterofficialchat2:41956,whitelivesmatterofficialchat2:41946,reply
whitelivesmatterofficialchat2:41955,whitelivesmatterofficialchat2:41950,reply
whitelivesmatterofficialchat2:41944,whitelivesmatterofficialchat2:41941,reply
whitelivesmatterofficialchat2:41938,wlm_usa_texas2:382,forward
whitelivesmatterofficialchat2:41937,wlm_usa_tennessee:597,forward
whitelivesmatterofficialchat2:41935,wlm_eu_united_kingdom:720,forward
whitelivesmatterofficialchat2:41934,wlm_usa_wisconsin:2018,forward
whitelivesmatterofficialchat2:41923,wlm_usa_washington3:587,forward
whitelivesmatterofficialchat2:41897,wlm_usa_new_jersey:1838,forward
whitelivesmatterofficialchat2:41871,wlm_usa_minnesota:922,forward
whitelivesmatterofficialchat2:41827,noticernews:3516,link
whitelivesmatterofficialchat2:41827,wlm_eu_czech_republic:232,link
whitelivesmatterofficialchat2:41827,wlm_eu_czech_republic:617,forward
whitelivesmatterofficialchat2:41826,wlm_tutorials:26,forward
whitelivesmatterofficialchat2:41820,wlm_usa_california:709,forward
whitelivesmatterofficialchat2:41768,wlm_usa_minnesota:923,forward
whitelivesmatterofficialchat2:41767,whitelivesmatterofficial:14307,forward
whitelivesmatterofficialchat2:41733,wlm_eu_united_kingdom:712,forward
whitelivesmatterofficialchat2:41699,wlm_eu_russia:2082,forward
whitelivesmatterofficialchat2:41667,wlm_eu_romania:1210,forward
whitelivesmatterofficialchat2:41665,wlm_usa_oregon:615,forward
whitelivesmatterofficialchat2:41630,wlm_usa_washington3:569,forward
whitelivesmatterofficialchat2:41625,wlm_eu_poland:302,forward
whitelivesmatterofficialchat2:41589,wlm_eu_russia:2075,forward
whitelivesmatterofficialchat2:41418,wlm_viewing:17,link
whitelivesmatterofficialchat2:41418,wlm_viewing:44,link
whitelivesmatterofficialchat2:41418,wlm_viewing:45,link
whitelivesmatterofficialchat2:41418,wlm_viewing:42,link
whitelivesmatterofficialchat2:41418,wlm_viewing:41,link
whitelivesmatterofficialchat2:41418,wlm_reading:18,link
whitelivesmatterofficialchat2:41418,wlm_usa_pennsylvania:1108,forward
whitelivesmatterofficialchat2:41393,wlm_usa_oregon:614,forward
whitelivesmatterofficialchat2:41291,wlm_usa_minnesota:918,forward
whitelivesmatterofficialchat2:41290,wlm_eu_russia:2074,forward
whitelivesmatterofficialchat2:41209,wlm_usa_oregon:613,forward
whitelivesmatterofficialchat2:41173,wlm_usa_michigan:1112,forward
whitelivesmatterofficialchat2:41131,wlmofficial14:191,forward
whitelivesmatterofficialchat2:41001,wlm_usa_arizona:883,forward
whitelivesmatterofficialchat2:40999,wlm_usa_minnesota:916,forward
whitelivesmatterofficialchat2:40886,wlm_usa_texas2:372,forward
whitelivesmatterofficialchat2:40885,wlm_viewing:41,forward
whitelivesmatterofficialchat2:40629,wlm_usa_michigan:1110,forward
whitelivesmatterofficialchat2:40627,wlm_eu_italy:1448,forward
whitelivesmatterofficialchat2:40565,wlm_usa_minnesota:912,forward
whitelivesmatterofficialchat2:40561,wlm_usa_washington3:559,forward
whitelivesmatterofficialchat2:40551,wlm_usa_illinois:3882,forward
whitelivesmatterofficialchat2:40550,wlm_usa_montana:2566,forward
whitelivesmatterofficialchat2:40524,wlm_canada:1647,forward
whitelivesmatterofficialchat2:40517,wlm_usa_illinois:3869,forward
whitelivesmatterofficialchat2:40501,wlm_usa_texas2:370,forward
whitelivesmatterofficialchat2:40491,wlm_eu_romania:1185,forward
whitelivesmatterofficialchat2:40490,wlm_usa_arizona:879,forward
whitelivesmatterofficialchat2:40387,wlm_eu_ukraine:748,forward
whitelivesmatterofficialchat2:40384,wlm_usa_minnesota:910,forward
whitelivesmatterofficialchat2:40360,wlm_usa_arizona:878,forward
whitelivesmatterofficialchat2:40339,wlm_eu_poland:294,forward
whitelivesmatterofficialchat2:40331,wlm_usa_new_york2:2402,forward
wlm_eu_poland:303,ultrasnotreds8:1548,forward
wlm_eu_poland:293,ultrasnotreds8:1480,forward
wlm_eu_poland:291,ultrasnotreds8:1432,forward
wlm_eu_poland:192,wlm_materials:84,link
wlm_eu_poland:186,wlm_materials:83,link
wlm_eu_poland:182,wlm_reading:6,link
wlm_eu_poland:172,wlm_reading:6,link
wlm_eu_poland:147,wlm_reading:6,link
wlm_eu_poland:147,wlm_materials:79,link
wlm_eu_poland:145,wlm_reading:6,link
wlm_eu_poland:138,proud_poland:122,forward
wlm_eu_poland:137,wlm_materials:70,link
wlm_eu_poland:135,proud_poland:116,forward
wlm_eu_poland:131,wlm_materials:69,link
wlm_eu_poland:61,wlm_reading:9,forward
wlm_eu_poland:55,wlm_viewing:17,forward
wlm_eu_poland:34,whitepositivemedia:7,forward
wlm_usa_pennsylvania:1116,wlm_usa_new_jersey:1838,forward
wlm_usa_pennsylvania:1115,whitelivesmatterofficial:14307,forward
wlm_usa_pennsylvania:1108,wlm_viewing:17,link
wlm_usa_pennsylvania:1108,wlm_viewing:44,link
wlm_usa_pennsylvania:1108,wlm_viewing:45,link
wlm_usa_pennsylvania:1108,wlm_viewing:42,link
wlm_usa_pennsylvania:1108,wlm_viewing:41,link
wlm_usa_pennsylvania:1108,wlm_reading:18,link
wlm_usa_pennsylvania:1098,wlm_viewing:17,link
wlm_usa_pennsylvania:1098,wlm_viewing:44,link
wlm_usa_pennsylvania:1098,wlm_viewing:45,link
wlm_usa_pennsylvania:1098,wlm_viewing:42,link
wlm_usa_pennsylvania:1098,wlm_viewing:41,link
wlm_usa_pennsylvania:1098,wlm_reading:18,link
wlm_usa_pennsylvania:1097,wlm_viewing:17,link
wlm_usa_pennsylvania:1097,wlm_viewing:44,link
wlm_usa_pennsylvania:1097,wlm_viewing:45,link
wlm_usa_pennsylvania:1097,wlm_viewing:42,link
wlm_usa_pennsylvania:1097,wlm_viewing:41,link
wlm_usa_pennsylvania:1097,wlm_reading:18,link
wlm_usa_pennsylvania:1089,wlm_usa_new_york2:2384,forward
wlm_usa_pennsylvania:1087,wlm_viewing:17,link
wlm_usa_pennsylvania:1087,wlm_viewing:44,link
wlm_usa_pennsylvania:1087,wlm_viewing:45,link
wlm_usa_pennsylvania:1087,wlm_viewing:42,link
wlm_usa_pennsylvania:1087,wlm_viewing:41,link
wlm_usa_pennsylvania:1087,wlm_reading:18,link
wlm_usa_pennsylvania:1086,wlm_viewing:17,link
wlm_usa_pennsylvania:1086,wlm_viewing:44,link
wlm_usa_pennsylvania:1086,wlm_viewing:45,link
wlm_usa_pennsylvania:1086,wlm_viewing:42,link
wlm_usa_pennsylvania:1086,wlm_viewing:41,link
wlm_usa_pennsylvania:1086,wlm_reading:18,link
wlm_usa_pennsylvania:1082,wlm_viewing:17,link
wlm_usa_pennsylvania:1082,wlm_viewing:44,link
wlm_usa_pennsylvania:1082,wlm_viewing:45,link
wlm_usa_pennsylvania:1082,wlm_viewing:42,link
wlm_usa_pennsylvania:1082,wlm_viewing:41,link
wlm_usa_pennsylvania:1082,wlm_reading:18,link
wlm_usa_pennsylvania:1080,wlm_viewing:17,link
wlm_usa_pennsylvania:1080,wlm_viewing:44,link
wlm_usa_pennsylvania:1080,wlm_viewing:45,link
wlm_usa_pennsylvania:1080,wlm_viewing:42,link
wlm_usa_pennsylvania:1080,wlm_viewing:41,link
wlm_usa_pennsylvania:1080,wlm_reading:18,link
wlm_usa_pennsylvania:1075,wlm_viewing:17,link
wlm_usa_pennsylvania:1075,wlm_viewing:44,link
wlm_usa_pennsylvania:1075,wlm_viewing:45,link
wlm_usa_pennsylvania:1075,wlm_viewing:42,link
wlm_usa_pennsylvania:1075,wlm_viewing:41,link
wlm_usa_pennsylvania:1075,wlm_reading:18,link
wlm_usa_pennsylvania:1074,paxactiveclub:603,forward
wlm_usa_pennsylvania:1061,wlm_viewing:17,link
wlm_usa_pennsylvania:1061,wlm_viewing:44,link
wlm_usa_pennsylvania:1061,wlm_viewing:45,link
wlm_usa_pennsylvania:1061,wlm_viewing:42,link
wlm_usa_pennsylvania:1061,wlm_viewing:41,link
wlm_usa_pennsylvania:1061,wlm_reading:18,link
wlm_usa_pennsylvania:1060,paxactiveclub:600,forward
wlm_usa_pennsylvania:1057,wlm_viewing:17,link
wlm_usa_pennsylvania:1057,wlm_viewing:44,link
wlm_usa_pennsylvania:1057,wlm_viewing:45,link
wlm_usa_pennsylvania:1057,wlm_viewing:42,link
wlm_usa_pennsylvania:1057,wlm_viewing:41,link
wlm_usa_pennsylvania:1057,wlm_reading:18,link
wlm_usa_pennsylvania:1056,paxactiveclub:579,forward
wlm_usa_pennsylvania:1053,wlm_viewing:17,link
wlm_usa_pennsylvania:1053,wlm_viewing:44,link
wlm_usa_pennsylvania:1053,wlm_viewing:45,link
wlm_usa_pennsylvania:1053,wlm_viewing:42,link
wlm_usa_pennsylvania:1053,wlm_viewing:41,link
wlm_usa_pennsylvania:1053,wlm_reading:18,link
wlm_usa_pennsylvania:1052,paxactiveclub:563,forward
wlm_usa_pennsylvania:1046,wlm_viewing:17,link
wlm_usa_pennsylvania:1046,wlm_viewing:44,link
wlm_usa_pennsylvania:1046,wlm_viewing:45,link
wlm_usa_pennsylvania:1046,wlm_viewing:42,link
wlm_usa_pennsylvania:1046,wlm_viewing:41,link
wlm_usa_pennsylvania:1046,wlm_reading:18,link
wlm_usa_pennsylvania:1042,wlm_viewing:17,link
wlm_usa_pennsylvania:1042,wlm_viewing:44,link
wlm_usa_pennsylvania:1042,wlm_viewing:45,link
wlm_usa_pennsylvania:1042,wlm_viewing:42,link
wlm_usa_pennsylvania:1042,wlm_viewing:41,link
wlm_usa_pennsylvania:1042,wlm_reading:18,link
wlm_usa_pennsylvania:1040,wlm_viewing:17,link
wlm_usa_pennsylvania:1040,wlm_viewing:44,link
wlm_usa_pennsylvania:1040,wlm_viewing:45,link
wlm_usa_pennsylvania:1040,wlm_viewing:42,link
wlm_usa_pennsylvania:1040,wlm_viewing:41,link
wlm_usa_pennsylvania:1040,wlm_reading:18,link
wlm_usa_pennsylvania:1034,wlm_viewing:17,link
wlm_usa_pennsylvania:1034,wlm_viewing:44,link
wlm_usa_pennsylvania:1034,wlm_viewing:45,link
wlm_usa_pennsylvania:1034,wlm_viewing:42,link
wlm_usa_pennsylvania:1034,wlm_viewing:41,link
wlm_usa_pennsylvania:1034,wlm_reading:18,link
wlm_usa_pennsylvania:1033,wlm_viewing:17,link
wlm_usa_pennsylvania:1033,wlm_viewing:44,link
wlm_usa_pennsylvania:1033,wlm_viewing:45,link
wlm_usa_pennsylvania:1033,wlm_viewing:42,link
wlm_usa_pennsylvania:1033,wlm_viewing:41,link
wlm_usa_pennsylvania:1033,wlm_reading:18,link
wlm_usa_pennsylvania:1032,wlm_viewing:17,link
wlm_usa_pennsylvania:1032,wlm_viewing:44,link
wlm_usa_pennsylvania:1032,wlm_viewing:45,link
wlm_usa_pennsylvania:1032,wlm_viewing:42,link
wlm_usa_pennsylvania:1032,wlm_viewing:41,link
wlm_usa_pennsylvania:1032,wlm_reading:18,link
wlm_usa_pennsylvania:1031,wlm_viewing:45,link
wlm_usa_pennsylvania:1031,wlm_viewing:17,link
wlm_usa_pennsylvania:1031,wlm_viewing:44,link
wlm_usa_pennsylvania:1031,wlm_viewing:42,link
wlm_usa_pennsylvania:1031,wlm_viewing:41,link
wlm_usa_pennsylvania:1031,wlm_reading:18,link
wlm_usa_pennsylvania:1030,wlm_usa_oregon:447,forward
wlm_usa_pennsylvania:1028,wlm_viewing:17,link
wlm_usa_pennsylvania:1028,wlm_viewing:44,link
wlm_usa_pennsylvania:1028,wlm_viewing:45,link
wlm_usa_pennsylvania:1028,wlm_viewing:42,link
wlm_usa_pennsylvania:1028,wlm_viewing:41,link
wlm_usa_pennsylvania:1028,wlm_reading:18,link
wlm_usa_pennsylvania:1026,wlm_viewing:17,link
wlm_usa_pennsylvania:1026,wlm_viewing:44,link
wlm_usa_pennsylvania:1026,wlm_viewing:45,link
wlm_usa_pennsylvania:1026,wlm_viewing:42,link
wlm_usa_pennsylvania:1026,wlm_viewing:41,link
wlm_usa_pennsylvania:1026,wlm_reading:18,link
wlm_usa_pennsylvania:1025,wlm_viewing:17,link
wlm_usa_pennsylvania:1025,wlm_viewing:44,link
wlm_usa_pennsylvania:1025,wlm_viewing:45,link
wlm_usa_pennsylvania:1025,wlm_viewing:42,link
wlm_usa_pennsylvania:1025,wlm_viewing:41,link
wlm_usa_pennsylvania:1025,wlm_reading:18,link
wlm_usa_pennsylvania:1017,wlm_viewing:17,link
wlm_usa_pennsylvania:1017,wlm_viewing:44,link
wlm_usa_pennsylvania:1017,wlm_viewing:45,link
wlm_usa_pennsylvania:1017,wlm_viewing:42,link
wlm_usa_pennsylvania:1017,wlm_viewing:41,link
wlm_usa_pennsylvania:1017,wlm_reading:18,link
wlm_usa_pennsylvania:1016,wlm_reading:15,forward
wlm_usa_pennsylvania:1004,wlm_viewing:17,link
wlm_usa_pennsylvania:1004,wlm_viewing:44,link
wlm_usa_pennsylvania:1004,wlm_viewing:45,link
wlm_usa_pennsylvania:1004,wlm_viewing:42,link
wlm_usa_pennsylvania:1004,wlm_viewing:41,link
wlm_usa_pennsylvania:1004,wlm_reading:18,link
wlm_usa_pennsylvania:1003,evropean_americans:61,forward
wlm_usa_pennsylvania:1002,wlm_viewing:17,link
wlm_usa_pennsylvania:1002,wlm_viewing:44,link
wlm_usa_pennsylvania:1002,wlm_viewing:45,link
wlm_usa_pennsylvania:1002,wlm_viewing:42,link
wlm_usa_pennsylvania:1002,wlm_viewing:41,link
wlm_usa_pennsylvania:1002,wlm_reading:18,link
wlm_usa_pennsylvania:992,wlm_viewing:17,link
wlm_usa_pennsylvania:992,wlm_viewing:44,link
wlm_usa_pennsylvania:992,wlm_viewing:45,link
wlm_usa_pennsylvania:992,wlm_viewing:42,link
wlm_usa_pennsylvania:992,wlm_viewing:41,link
wlm_usa_pennsylvania:992,wlm_reading:18,link
wlm_usa_pennsylvania:991,wlm_usa_colorado:354,forward
wlm_usa_pennsylvania:989,evropean_americans:22,forward
wlm_usa_pennsylvania:988,wlm_viewing:17,link
wlm_usa_pennsylvania:988,wlm_viewing:44,link
wlm_usa_pennsylvania:988,wlm_viewing:45,link
wlm_usa_pennsylvania:988,wlm_viewing:42,link
wlm_usa_pennsylvania:988,wlm_viewing:41,link
wlm_usa_pennsylvania:988,wlm_reading:18,link
wlm_usa_pennsylvania:987,wlm_viewing:17,link
wlm_usa_pennsylvania:987,wlm_viewing:44,link
wlm_usa_pennsylvania:987,wlm_viewing:45,link
wlm_usa_pennsylvania:987,wlm_viewing:42,link
wlm_usa_pennsylvania:987,wlm_viewing:41,link
wlm_usa_pennsylvania:987,wlm_reading:18,link
wlm_usa_pennsylvania:977,wlm_viewing:17,link
wlm_usa_pennsylvania:977,wlm_viewing:44,link
wlm_usa_pennsylvania:977,wlm_viewing:45,link
wlm_usa_pennsylvania:977,wlm_viewing:42,link
wlm_usa_pennsylvania:977,wlm_viewing:41,link
wlm_usa_pennsylvania:977,wlm_reading:18,link
wlm_usa_pennsylvania:969,wlm_viewing:17,link
wlm_usa_pennsylvania:969,wlm_viewing:44,link
wlm_usa_pennsylvania:969,wlm_viewing:45,link
wlm_usa_pennsylvania:969,wlm_viewing:42,link
wlm_usa_pennsylvania:969,wlm_viewing:41,link
wlm_usa_pennsylvania:969,wlm_reading:18,link
wlm_usa_pennsylvania:968,wlm_viewing:17,link
wlm_usa_pennsylvania:968,wlm_viewing:44,link
wlm_usa_pennsylvania:968,wlm_viewing:45,link
wlm_usa_pennsylvania:968,wlm_viewing:42,link
wlm_usa_pennsylvania:968,wlm_viewing:41,link
wlm_usa_pennsylvania:968,wlm_reading:18,link
wlm_usa_pennsylvania:963,wlm_viewing:17,link
wlm_usa_pennsylvania:963,wlm_viewing:44,link
wlm_usa_pennsylvania:963,wlm_viewing:45,link
wlm_usa_pennsylvania:963,wlm_viewing:42,link
wlm_usa_pennsylvania:963,wlm_viewing:41,link
wlm_usa_pennsylvania:963,wlm_reading:18,link
wlm_usa_pennsylvania:962,wlm_viewing:17,link
wlm_usa_pennsylvania:962,wlm_viewing:44,link
wlm_usa_pennsylvania:962,wlm_viewing:45,link
wlm_usa_pennsylvania:962,wlm_viewing:42,link
wlm_usa_pennsylvania:962,wlm_viewing:41,link
wlm_usa_pennsylvania:962,wlm_reading:18,link
wlm_usa_pennsylvania:957,wlm_viewing:17,link
wlm_usa_pennsylvania:957,wlm_viewing:44,link
wlm_usa_pennsylvania:957,wlm_viewing:45,link
wlm_usa_pennsylvania:957,wlm_viewing:42,link
wlm_usa_pennsylvania:957,wlm_viewing:41,link
wlm_usa_pennsylvania:957,wlm_reading:18,link
wlm_usa_pennsylvania:955,wlm_viewing:17,link
wlm_usa_pennsylvania:955,wlm_viewing:44,link
wlm_usa_pennsylvania:955,wlm_viewing:45,link
wlm_usa_pennsylvania:955,wlm_viewing:42,link
wlm_usa_pennsylvania:955,wlm_viewing:41,link
wlm_usa_pennsylvania:955,wlm_reading:18,link
wlm_usa_pennsylvania:948,wlm_viewing:17,link
wlm_usa_pennsylvania:948,wlm_viewing:44,link
wlm_usa_pennsylvania:948,wlm_viewing:45,link
wlm_usa_pennsylvania:948,wlm_viewing:42,link
wlm_usa_pennsylvania:948,wlm_viewing:41,link
wlm_usa_pennsylvania:948,wlm_reading:18,link
wlm_usa_pennsylvania:947,wlm_viewing:17,link
wlm_usa_pennsylvania:947,wlm_viewing:44,link
wlm_usa_pennsylvania:947,wlm_viewing:45,link
wlm_usa_pennsylvania:947,wlm_viewing:42,link
wlm_usa_pennsylvania:947,wlm_viewing:41,link
wlm_usa_pennsylvania:947,wlm_reading:18,link
wlm_usa_pennsylvania:946,wlm_viewing:17,link
wlm_usa_pennsylvania:946,wlm_viewing:44,link
wlm_usa_pennsylvania:946,wlm_viewing:45,link
wlm_usa_pennsylvania:946,wlm_viewing:42,link
wlm_usa_pennsylvania:946,wlm_viewing:41,link
wlm_usa_pennsylvania:946,wlm_reading:18,link
wlm_usa_pennsylvania:944,wlm_viewing:45,link
wlm_usa_pennsylvania:938,wlm_usa_texas2:119,forward
wlm_usa_pennsylvania:936,wlm_materials:84,link
wlm_usa_pennsylvania:934,whitepositivemedia:7,forward
wlm_usa_pennsylvania:912,wlm_usa_colorado:311,forward
wlm_usa_pennsylvania:872,wlm_usa_pennsylvania:869,reply
wlm_usa_pennsylvania:862,wlm_materials:83,link
wlm_usa_pennsylvania:856,wlm_reading:6,link
wlm_usa_pennsylvania:834,wlm_reading:6,link
wlm_usa_pennsylvania:812,wlm_reading:6,link
wlm_usa_pennsylvania:812,wlm_materials:79,link
wlm_usa_michigan:1111,wlmofficial14:191,forward
wlm_usa_michigan:1105,wlm_usa_michigan:1104,reply
wlm_usa_michigan:1093,wlm_materials:71,link
wlm_usa_michigan:906,wlm_reading:15,forward
wlm_usa_michigan:827,brotherhood_of_academists:60,forward
wlm_usa_michigan:812,wlm_events:46,forward
wlmofficial14:189,wlm_viewing:42,forward
wlmofficial14:187,wlm_usa_michigan:901,forward
wlmofficial14:183,wlm_materials:84,link
wlmofficial14:175,wlm_eu_czech_republic:311,forward
wlmofficial14:165,wlm_reading:6,link
wlmofficial14:159,wlm_reading:6,link
wlmofficial14:159,wlm_materials:79,link
wlmofficial14:153,wlm_reading:6,forward
wlm_usa_arizona:878,wlm_usa_arizona:876,reply
wlm_usa_arizona:835,wlm_usa_michigan:991,forward
wlm_usa_arizona:774,wlm_materials:84,link
wlm_usa_arizona:766,wlm_materials:83,link
wlm_usa_arizona:752,wlm_reading:6,link
wlm_usa_arizona:727,wlm_usa_washington2:1317,forward
wlm_usa_arizona:724,wlm_reading:6,link
wlm_usa_arizona:680,wlm_usa_tennessee:507,forward
wlm_usa_arizona:647,wlm_reading:6,link
wlm_usa_arizona:647,wlm_materials:79,link
wlm_usa_arizona:625,wlm_usa_california:403,forward
wlm_usa_arizona:589,wlm_reading:6,link
wlm_usa_arizona:581,wlm_materials:70,link
wlm_usa_arizona:579,wlm_materials:69,link
wlm_eu_italy:1446,memorianatio:3437,forward
wlm_eu_italy:1443,memorianatio:3432,forward
wlm_usa_illinois:3894,wlm_usa_texas2:372,forward
wlm_usa_illinois:3893,wlm_usa_michigan:1110,forward
wlm_usa_illinois:3867,wlm_usa_arizona:878,forward
wlm_usa_illinois:3846,wlm_usa_arizona:874,forward
wlm_usa_illinois:3828,wlm_usa_oregon:608,forward
wlm_usa_illinois:3817,huwhitepapers:1620,forward
wlm_usa_illinois:3745,novanow:297,forward
wlm_usa_illinois:3717,wlm_usa_michigan:1067,forward
wlm_usa_illinois:3704,wlm_usa_minnesota:884,forward
wlm_usa_illinois:3667,wlm_usa_michigan:1044,forward
wlm_usa_illinois:3651,wlm_eu_united_kingdom:613,link
wlm_usa_illinois:3651,wlm_eu_united_kingdom:667,forward
wlm_canada:1646,noticernews:3346,forward
wlm_canada:1627,wlm_materials:84,link
wlm_canada:1620,wlm_materials:83,link
wlm_canada:1614,wlm_reading:6,link
wlm_canada:1606,wlm_reading:6,link
wlm_canada:1586,wlm_reading:6,link
wlm_canada:1586,wlm_materials:79,link
wlm_canada:1577,wlm_canada:1576,reply
wlm_canada:1478,wlm_reading:6,link
wlm_canada:1471,wlm_canada:1468,reply
wlm_canada:1404,wlm_canada:1403,reply
wlm_canada:1357,wlm_materials:70,link
wlm_usa_new_york2:2421,wlm_usa_new_jersey:1838,forward
wlm_usa_new_york2:2402,wlm_usa_new_york2:2390,reply
wlm_usa_new_york2:2386,wlm_usa_oregon:608,forward
wlm_usa_new_york2:2343,wlm_usa_texas2:277,forward
wlm_usa_new_york2:2342,wlm_usa_montana:2307,forward
wlm_usa_new_york2:2333,wlm_usa_oregon:447,forward
wlm_usa_new_york2:2322,wlm_usa_michigan:991,forward
wlm_usa_new_york2:2310,wlm_eu_united_kingdom:629,forward
wlm_usa_new_york2:2309,wlm_usa_texas2:208,forward
wlm_usa_new_york2:2302,wlmofficial14:188,forward
wlm_usa_new_york2:2298,wlm_materials:84,link
wlm_usa_new_york2:2293,wlm_materials:83,link
wlm_usa_new_york2:2289,wlm_reading:6,link
wlm_usa_new_york2:2246,wlm_reading:6,link
wlm_usa_new_york2:2222,wlm_reading:6,link
wlm_usa_new_york2:2222,wlm_materials:79,link
wlm_usa_new_york2:2116,wlm_tutorials:23,forward
wlm_usa_north_carolina:705,wlm_materials:84,link
wlm_usa_north_carolina:700,wlm_materials:83,link
wlm_usa_north_carolina:696,wlm_reading:6,link
wlm_usa_north_carolina:665,wlm_reading:6,link
wlm_usa_north_carolina:657,wlm_reading:6,link
wlm_usa_north_carolina:657,wlm_materials:79,link
wlm_usa_north_carolina:655,wlm_reading:6,link
wlm_usa_north_carolina:648,wlm_materials:70,link
wlm_usa_north_carolina:646,wlm_materials:69,link
wlm_usa_north_carolina:605,wlm_viewing:45,forward
wlm_usa_north_carolina:447,wlm_tutorials:20,forward
wlm_usa_north_carolina:446,wlm_tutorials:23,forward
wlm_usa_north_carolina:438,wlm_tutorials:17,forward
wlm_usa_north_carolina:433,wlm_tutorials:24,forward
wlm_usa_north_carolina:427,wlm_usa_idaho:2123,forward
wlm_usa_north_carolina:426,wlm_tutorials:25,forward
wlm_usa_montana:2567,wlm_usa_arizona:878,forward
wlm_usa_montana:2565,wlm_usa_oregon:608,forward
wlm_usa_montana:2563,wlm_usa_arizona:865,forward
wlm_usa_montana:2561,wlm_usa_california:680,forward
wlm_usa_montana:2556,wlm_usa_montana:2555,reply
wlm_usa_montana:2502,wlm_events:29,forward
wlm_usa_montana:2483,bigskyac_uncensor3d:222,forward
wlm_usa_montana:2478,wlm_materials:71,link
wlm_usa_montana:2477,wlm_usa_oregon:599,forward
wlm_usa_montana:2473,wlm_usa_oregon:599,forward
wlm_usa_montana:2471,forbiddenhistory18:391,forward
wlm_usa_montana:2467,wlm_reading:6,link
wlm_usa_montana:2466,wlm_reading:18,forward
wlm_usa_montana:2425,wlm_eu_netherlands:1384,forward
wlm_usa_montana:2416,wlm_usa_montana:2384,forward
wlm_usa_montana:2403,wlm_usa_oregon:580,forward
wlm_usa_montana:2397,wlm_viewing:17,link
wlm_usa_montana:2397,wlm_viewing:44,link
wlm_usa_montana:2397,wlm_viewing:45,link
wlm_usa_montana:2397,wlm_viewing:42,link
wlm_usa_montana:2397,wlm_viewing:41,link
wlm_usa_montana:2397,wlm_reading:18,link
wlm_usa_montana:2397,wlm_usa_pennsylvania:1034,forward
wlm_usa_montana:2369,wlm_usa_montana:2368,reply
wlm_usa_montana:2344,wlm_usa_montana:2297,forward
wlm_usa_montana:2326,wlm_reading:18,forward
wlm_usa_montana:2306,wlm_viewing:45,link
wlm_usa_montana:2306,wlm_viewing:17,link
wlm_usa_montana:2306,wlm_viewing:44,link
wlm_usa_montana:2306,wlm_viewing:42,link
wlm_usa_montana:2306,wlm_viewing:41,link
wlm_usa_montana:2306,wlm_reading:18,link
wlm_usa_montana:2306,wlm_usa_pennsylvania:1031,forward
wlm_usa_montana:2303,wlm_usa_texas2:263,forward
wlm_usa_montana:2276,devonstack:3197,forward
wlm_eu_ukraine:751,ultrasnotreds8:1542,forward
wlm_eu_ukraine:743,wlm_eu_netherlands:1459,forward
wlm_eu_ukraine:725,wlm_eu_ukraine:723,reply
wlm_eu_ukraine:705,wlm_eu_ukraine:703,reply
wlm_eu_ukraine:686,wlm_eu_netherlands:1402,forward
wlm_eu_ukraine:683,wlm_eu_ukraine:682,reply
wlm_eu_ukraine:673,wlm_eu_ukraine:668,reply
wlm_eu_ukraine:671,wlm_eu_netherlands:1384,forward
wlm_eu_ukraine:670,wlm_eu_ukraine:665,link
wlm_eu_ukraine:652,wlm_eu_ukraine:648,reply
wlm_eu_ukraine:623,wlm_eu_ukraine:622,reply
wlm_eu_ukraine:620,wlm_eu_ukraine:618,reply
wlm_eu_ukraine:590,wlm_usa_texas2:277,forward
wlm_eu_ukraine:587,wlm_reading:6,link
wlm_eu_ukraine:581,wlm_eu_ukraine:580,reply
wlm_eu_ukraine:492,wlm_eu_ukraine:491,reply
wlm_eu_netherlands:1464,memorianatio:3431,forward
wlm_eu_netherlands:1458,wlm_eu_netherlands:1457,reply
wlm_eu_netherlands:1451,hersantite:161,forward
wlm_eu_netherlands:1450,wlm_eu_netherlands:1448,reply
wlm_eu_netherlands:1449,wlm_eu_netherlands:1448,reply
wlm_eu_netherlands:1442,wlm_eu_netherlands:1291,link
wlm_eu_netherlands:1421,wlm_eu_netherlands:1407,reply
wlm_eu_netherlands:1407,wlm_eu_netherlands:1319,reply
wlm_eu_netherlands:1400,wlm_eu_netherlands:1399,reply
wlm_eu_netherlands:1389,wlm_eu_netherlands:1388,reply
wlm_eu_netherlands:1388,wlm_eu_ukraine:669,forward
wlm_eu_netherlands:1387,wlm_usa_oregon:580,forward
wlm_eu_netherlands:1386,wlm_eu_netherlands:1384,reply
wlm_eu_netherlands:1362,wlm_eu_united_kingdom:613,link
wlm_eu_netherlands:1362,wlm_eu_united_kingdom:667,forward
wlm_eu_netherlands:1360,wlm_eu_netherlands:1359,reply
wlm_eu_netherlands:1319,wlm_eu_netherlands:1309,reply
wlm_eu_netherlands:1309,wlm_eu_italy:1436,forward
wlm_eu_netherlands:1295,wlm_eu_netherlands:1294,reply
wlm_eu_netherlands:1289,brotherhood_of_academists:60,forward
wlm_eu_netherlands:1278,evropean_americans:22,forward
wlm_eu_netherlands:1270,wlm_eu_netherlands:1269,reply
wlm_eu_netherlands:1265,wlm_materials:84,link
wlm_eu_netherlands:1243,activedietsland:154,forward
wlm_eu_netherlands:1242,wlm_eu_netherlands:1199,link
wlm_eu_netherlands:1240,wlm_materials:83,link
wlm_eu_netherlands:1222,wlm_reading:6,link
wlm_eu_netherlands:1191,wlm_eu_netherlands:1174,link
wlm_eu_netherlands:1175,wlm_eu_netherlands:1174,link
wlm_eu_netherlands:1173,wlm_reading:6,link
ultrasnotreds8:1576,ultrasnotreds8:1573,reply
ultrasnotreds8:1575,ultrasnotreds8:1573,reply
ultrasnotreds8:1572,memorianatio:3537,forward
ultrasnotreds8:1557,ultrasnotreds8:1556,reply
ultrasnotreds8:1537,memorianatio:3490,forward
ultrasnotreds8:1527,activedietsland:264,forward
ultrasnotreds8:1521,memorianatio:3472,forward
ultrasnotreds8:1517,memorianatio:3469,forward
ultrasnotreds8:1514,activedietsland:263,forward
ultrasnotreds8:1512,ultrasnotreds8:1511,reply
ultrasnotreds8:1511,ultrasnotreds8:1510,reply
ultrasnotreds8:1498,ultrasnotreds8:1494,reply
ultrasnotreds8:1473,ultrasnotreds8:1472,reply
ultrasnotreds8:1445,ultrasnotreds8:1444,reply
ultrasnotreds8:1407,ultrasnotreds8:1406,reply
ultrasnotreds8:1396,ultrasnotreds8:1395,reply
ultrasnotreds8:1380,memorianatio:3315,forward
ultrasnotreds8:1372,memorianatio:3308,forward
ultrasnotreds8:1370,memorianatio:3294,forward
ultrasnotreds8:1363,ultrasnotreds8:1362,reply
ultrasnotreds8:1356,memorianatio:3269,forward
ultrasnotreds8:1315,ultrasnotreds8:1308,reply
ultrasnotreds8:1312,ultrasnotreds8:1311,reply
ultrasnotreds8:1303,ultrasnotreds8:1302,reply
ultrasnotreds8:1300,ultrasnotreds8:1298,reply
wlm_usa_texas:4285,wlm_usa_texas2:382,forward
wlm_usa_texas:4284,wlm_usa_texas2:364,forward
wlm_usa_texas:4281,wlm_usa_texas2:361,forward
wlm_usa_texas:4279,wlm_usa_texas2:359,forward
wlm_usa_texas:4273,wlm_usa_washington3:493,forward
wlm_usa_texas:4272,wlm_usa_texas2:354,forward
wlm_usa_texas:4270,wlm_usa_montana:2438,forward
wlm_usa_texas:4268,wlm_usa_texas2:350,forward
wlm_usa_texas:4267,wlm_usa_texas2:349,forward
wlm_usa_texas:4262,wlm_usa_texas2:344,forward
wlm_usa_texas:4250,wlm_eu_netherlands:1389,forward
wlm_usa_texas:4249,wlm_usa_oregon:580,forward
wlm_usa_texas:4248,wlm_usa_texas2:330,forward
wlm_usa_texas:4245,wlm_usa_texas2:327,forward
wlm_usa_texas:4239,wlm_usa_texas2:321,forward
wlm_usa_texas:4234,wlm_usa_texas2:315,forward
wlm_usa_texas:4233,wlm_usa_texas2:314,forward
wlm_usa_texas:4232,wlm_usa_texas2:313,forward
wlm_usa_texas:4229,wlm_usa_texas2:311,forward
wlm_usa_texas:4227,wlm_usa_texas:4226,reply
wlm_usa_texas:4224,novanow:225,forward
wlm_usa_texas:4222,wlm_usa_washington3:452,forward
wlm_usa_texas:4218,wlm_eu_netherlands:1329,forward
wlm_usa_texas:4215,wlm_usa_texas2:297,forward
wlm_usa_texas:4213,wlm_usa_texas2:291,forward
wlm_usa_texas:4210,wlm_usa_texas2:288,forward
wlm_usa_texas:4206,wlm_usa_texas2:278,forward
wlm_usa_texas:4205,wlm_usa_texas2:277,forward
wlm_usa_texas:4203,wlm_usa_texas:4202,reply
wlm_usa_texas:4200,wlm_usa_montana:2307,forward
wlm_usa_texas:4197,wlm_usa_texas2:262,forward
wlm_usa_texas:4196,wlm_eu_czech_republic:232,link
wlm_usa_texas:4196,wlm_eu_czech_republic:513,forward
wlm_usa_texas:4195,wlm_usa_texas2:260,forward
wlm_usa_texas:4187,wlm_usa_texas2:240,forward
wlm_usa_texas:4187,wlm_eu_ukraine:563,link
wlm_usa_texas:4184,wlm_usa_texas2:173,link
wlm_usa_texas:4184,wlm_usa_texas2:237,forward
wlm_usa_texas:4183,wlm_usa_texas:4182,reply
wlm_usa_texas:4181,wlm_usa_michigan:1000,forward
wlm_usa_texas:4176,wlm_usa_arizona:826,forward
wlm_usa_texas:4175,wlm_usa_texas:4174,reply
wlm_usa_texas:4173,wlm_usa_texas2:224,forward
wlm_usa_texas:4171,wlm_usa_texas2:222,forward
wlm_usa_texas:4169,wlm_usa_michigan:916,forward
wlm_usa_texas:4168,wlm_usa_texas2:216,forward
wlm_usa_texas:4165,wlm_usa_texas2:213,forward
wlm_usa_texas:4164,wlm_usa_texas2:212,forward
wlm_usa_texas:4162,wlm_usa_texas2:211,forward
wlm_usa_texas:4160,wlm_usa_texas2:208,forward
wlm_usa_texas:4159,wlm_usa_texas2:207,forward
wlm_usa_texas:4156,wlm_usa_texas2:204,forward
wlm_usa_texas:4155,wlm_usa_texas2:203,forward
wlm_usa_texas:4151,wlm_usa_texas2:199,forward
wlm_usa_texas:4151,wlm_usa_texas2:192,link
wlm_usa_texas:4149,wlm_usa_arizona:801,forward
wlm_usa_texas:4147,wlm_usa_texas2:195,forward
wlm_usa_texas:4146,wlm_usa_texas2:194,forward
wlm_usa_texas:4145,wlm_usa_texas2:192,forward
wlm_usa_texas:4144,wlm_usa_texas2:191,forward
wlm_usa_texas:4142,wlm_usa_texas2:187,forward
wlm_usa_texas:4140,brotherhood_of_academists:60,forward
wlm_usa_texas:4139,wlm_usa_texas2:183,forward
wlm_usa_texas:4138,wlm_usa_texas2:182,forward
wlm_usa_texas:4131,nsc131official:505,forward
wlm_usa_texas:4126,wlm_usa_texas2:170,forward
wlm_usa_texas:4122,brotherhood_of_academists:50,forward
wlm_usa_texas:4116,wlm_eu_netherlands:1275,forward
wlm_usa_texas:4111,wlm_usa_texas2:153,forward
wlm_usa_texas:4109,wlm_usa_texas2:150,forward
wlm_usa_texas:4107,wlm_usa_texas2:148,forward
wlm_usa_texas:4104,wlm_usa_texas2:145,forward
wlm_usa_texas:4103,wlm_usa_texas2:144,forward
wlm_usa_texas:4103,wlm_usa_texas:4102,reply
wlm_usa_texas:4101,wlm_usa_texas2:142,forward
wlm_usa_texas:4100,wlm_eu_netherlands:1268,forward
wlm_usa_texas:4087,wlm_usa_colorado:344,forward
wlm_usa_texas:4084,wlm_usa_texas2:119,forward
wlm_usa_texas:4080,wlm_materials:84,link
wlm_usa_texas:4075,wlm_reading:6,link
wlm_usa_texas:4071,wlm_usa_texas2:98,forward
wlm_usa_texas:4061,wlm_usa_texas2:85,forward
wlm_usa_texas:4059,wlm_usa_texas2:83,forward
wlm_usa_texas:4054,wlm_usa_texas:3987,forward
wlm_usa_texas:4050,wlm_usa_pennsylvania:913,forward
wlm_usa_texas:4047,wlm_usa_texas:4046,reply
wlm_usa_texas:4021,wlm_usa_colorado:301,forward
wlm_usa_texas:4003,antifawatch2:940,forward
wlm_usa_texas:4000,wlm_eu_netherlands:1195,forward
wlm_usa_texas:3999,wlm_materials:83,link
wlm_usa_texas:3997,wlm_usa_texas:3996,reply
wlm_usa_texas:3996,wlm_usa_texas:3994,reply
wlm_usa_texas:3995,wlm_usa_texas:3994,reply
thewesternchauvinist12:3581,thewesternchauvinist1:1662,forward
thewesternchauvinist12:3580,thewesternchauvinist1:1661,forward
thewesternchauvinist12:3579,thewesternchauvinist1:1660,forward
thewesternchauvinist12:3578,thewesternchauvinist1:1659,forward
thewesternchauvinist12:3577,thewesternchauvinist1:1658,forward
thewesternchauvinist12:3576,thewesternchauvinist1:1657,forward
thewesternchauvinist12:3575,thewesternchauvinist1:1656,forward
thewesternchauvinist12:3574,thewesternchauvinist1:1654,forward
thewesternchauvinist12:3573,thewesternchauvinist1:1653,forward
thewesternchauvinist12:3572,thewesternchauvinist1:1652,forward
thewesternchauvinist12:3571,thewesternchauvinist1:1651,forward
thewesternchauvinist12:3570,thewesternchauvinist1:1650,forward
thewesternchauvinist12:3569,thewesternchauvinist1:1649,forward
thewesternchauvinist12:3566,thewesternchauvinist1:1646,forward
thewesternchauvinist12:3565,thewesternchauvinist1:1645,forward
thewesternchauvinist12:3564,thewesternchauvinist1:1641,forward
thewesternchauvinist12:3562,thewesternchauvinist1:1639,forward
thewesternchauvinist12:3561,thewesternchauvinist1:1638,forward
thewesternchauvinist12:3558,thewesternchauvinist1:1635,forward
thewesternchauvinist12:3557,thewesternchauvinist1:1630,forward
thewesternchauvinist12:3556,thewesternchauvinist1:1629,forward
thewesternchauvinist12:3555,thewesternchauvinist1:1627,forward
thewesternchauvinist12:3554,thewesternchauvinist1:1622,forward
thewesternchauvinist12:3553,thewesternchauvinist1:1621,forward
thewesternchauvinist12:3551,thewesternchauvinist1:1619,forward
thewesternchauvinist12:3550,thewesternchauvinist1:1618,forward
thewesternchauvinist12:3549,thewesternchauvinist1:1617,forward
thewesternchauvinist12:3548,thewesternchauvinist1:1616,forward
thewesternchauvinist12:3546,thewesternchauvinist1:1614,forward
thewesternchauvinist12:3545,thewesternchauvinist1:1613,forward
thewesternchauvinist12:3543,thewesternchauvinist1:1611,forward
thewesternchauvinist12:3541,thewesternchauvinist1:1609,forward
thewesternchauvinist12:3540,thewesternchauvinist1:1601,forward
thewesternchauvinist12:3538,thewesternchauvinist1:1599,forward
thewesternchauvinist12:3537,thewesternchauvinist1:1598,forward
thewesternchauvinist12:3536,thewesternchauvinist1:1595,forward
thewesternchauvinist12:3535,thewesternchauvinist1:1593,forward
thewesternchauvinist12:3534,thewesternchauvinist1:1591,forward
thewesternchauvinist12:3533,thewesternchauvinist1:1589,forward
thewesternchauvinist12:3531,thewesternchauvinist1:1585,forward
thewesternchauvinist12:3530,thewesternchauvinist1:1582,forward
thewesternchauvinist12:3529,thewesternchauvinist1:1581,forward
thewesternchauvinist12:3528,thewesternchauvinist1:1580,forward
thewesternchauvinist12:3527,thewesternchauvinist1:1579,forward
thewesternchauvinist12:3526,thewesternchauvinist1:1578,forward
thewesternchauvinist12:3525,thewesternchauvinist1:1576,forward
thewesternchauvinist12:3524,thewesternchauvinist1:1575,forward
thewesternchauvinist12:3523,thewesternchauvinist1:1574,forward
thewesternchauvinist12:3522,thewesternchauvinist1:1573,forward
thewesternchauvinist12:3521,thewesternchauvinist1:1572,forward
thewesternchauvinist12:3520,thewesternchauvinist1:1571,forward
thewesternchauvinist12:3519,thewesternchauvinist1:1570,forward
thewesternchauvinist12:3518,thewesternchauvinist1:1569,forward
thewesternchauvinist12:3517,thewesternchauvinist1:1568,forward
thewesternchauvinist12:3516,thewesternchauvinist1:1567,forward
thewesternchauvinist12:3515,thewesternchauvinist1:1566,forward
thewesternchauvinist12:3514,thewesternchauvinist1:1565,forward
thewesternchauvinist12:3513,thewesternchauvinist1:1564,forward
thewesternchauvinist12:3512,thewesternchauvinist1:1563,forward
thewesternchauvinist12:3511,thewesternchauvinist1:1560,forward
thewesternchauvinist12:3510,thewesternchauvinist1:1559,forward
thewesternchauvinist12:3509,thewesternchauvinist1:1558,forward
thewesternchauvinist12:3508,thewesternchauvinist1:1557,forward
thewesternchauvinist12:3507,thewesternchauvinist1:1556,forward
thewesternchauvinist12:3506,thewesternchauvinist1:1554,forward
thewesternchauvinist12:3505,thewesternchauvinist1:1553,forward
thewesternchauvinist12:3504,thewesternchauvinist1:1552,forward
thewesternchauvinist12:3503,thewesternchauvinist1:1551,forward
thewesternchauvinist12:3502,thewesternchauvinist1:1550,forward
thewesternchauvinist12:3501,thewesternchauvinist1:1549,forward
thewesternchauvinist12:3500,thewesternchauvinist1:1548,forward
thewesternchauvinist12:3499,thewesternchauvinist1:1547,forward
thewesternchauvinist12:3498,thewesternchauvinist1:1546,forward
thewesternchauvinist12:3497,thewesternchauvinist1:1545,forward
thewesternchauvinist12:3496,thewesternchauvinist1:1543,forward
thewesternchauvinist12:3495,thewesternchauvinist1:1540,forward
thewesternchauvinist12:3494,thewesternchauvinist1:1535,forward
thewesternchauvinist12:3493,thewesternchauvinist1:1534,forward
thewesternchauvinist12:3492,thewesternchauvinist1:1532,forward
thewesternchauvinist12:3491,thewesternchauvinist1:1531,forward
thewesternchauvinist12:3490,thewesternchauvinist1:1530,forward
thewesternchauvinist12:3484,thewesternchauvinist1:1524,forward
thewesternchauvinist12:3483,thewesternchauvinist1:1523,forward
thewesternchauvinist12:3482,thewesternchauvinist1:1522,forward
thewesternchauvinist12:3478,thewesternchauvinist1:1518,forward
thewesternchauvinist12:3477,thewesternchauvinist1:1516,forward
thewesternchauvinist12:3476,thewesternchauvinist1:1515,forward
thewesternchauvinist12:3475,thewesternchauvinist1:1514,forward
thewesternchauvinist12:3474,thewesternchauvinist1:1513,forward
thewesternchauvinist12:3473,thewesternchauvinist1:1512,forward
thewesternchauvinist12:3472,thewesternchauvinist1:1510,forward
thewesternchauvinist12:3471,thewesternchauvinist1:1506,forward
thewesternchauvinist12:3470,thewesternchauvinist1:1505,forward
thewesternchauvinist12:3469,thewesternchauvinist1:1504,forward
thewesternchauvinist12:3467,thewesternchauvinist1:1502,forward
thewesternchauvinist12:3466,thewesternchauvinist1:1501,forward
thewesternchauvinist12:3465,thewesternchauvinist1:1495,forward
thewesternchauvinist12:3464,thewesternchauvinist1:1494,forward
thewesternchauvinist12:3463,thewesternchauvinist1:1493,forward
thewesternchauvinist12:3462,thewesternchauvinist1:1492,forward
thewesternchauvinist12:3461,thewesternchauvinist1:1491,forward
thewesternchauvinist12:3459,thewesternchauvinist1:1487,forward
thewesternchauvinist12:3458,thewesternchauvinist1:1485,forward
thewesternchauvinist12:3457,thewesternchauvinist1:1484,forward
thewesternchauvinist12:3456,thewesternchauvinist1:1483,forward
thewesternchauvinist12:3455,thewesternchauvinist1:1480,forward
thewesternchauvinist12:3454,thewesternchauvinist1:1479,forward
thewesternchauvinist12:3453,thewesternchauvinist1:1478,forward
thewesternchauvinist12:3449,thewesternchauvinist1:1473,forward
thewesternchauvinist12:3445,thewesternchauvinist1:1469,forward
thewesternchauvinist12:3444,thewesternchauvinist1:1468,forward
thewesternchauvinist12:3443,thewesternchauvinist1:1466,forward
thewesternchauvinist12:3442,thewesternchauvinist1:1465,forward
thewesternchauvinist12:3441,thewesternchauvinist1:1464,forward
thewesternchauvinist12:3440,thewesternchauvinist1:1463,forward
thewesternchauvinist12:3439,thewesternchauvinist1:1462,forward
thewesternchauvinist12:3438,thewesternchauvinist1:1461,forward
thewesternchauvinist12:3434,thewesternchauvinist1:1455,forward
thewesternchauvinist12:3433,thewesternchauvinist1:1454,forward
thewesternchauvinist12:3432,thewesternchauvinist1:1452,forward
thewesternchauvinist12:3431,thewesternchauvinist1:1451,forward
thewesternchauvinist12:3430,thewesternchauvinist1:1450,forward
thewesternchauvinist12:3429,thewesternchauvinist1:1446,forward
thewesternchauvinist12:3427,thewesternchauvinist1:1444,forward
thewesternchauvinist12:3426,thewesternchauvinist1:1443,forward
thewesternchauvinist12:3425,thewesternchauvinist1:1442,forward
thewesternchauvinist12:3424,thewesternchauvinist1:1441,forward
thewesternchauvinist12:3423,thewesternchauvinist1:1440,forward
thewesternchauvinist12:3422,thewesternchauvinist1:1439,forward
thewesternchauvinist12:3421,thewesternchauvinist1:1438,forward
thewesternchauvinist12:3420,thewesternchauvinist1:1437,forward
thewesternchauvinist12:3419,thewesternchauvinist1:1436,forward
thewesternchauvinist12:3418,thewesternchauvinist1:1435,forward
thewesternchauvinist12:3417,thewesternchauvinist1:1434,forward
thewesternchauvinist12:3416,thewesternchauvinist1:1432,forward
thewesternchauvinist12:3415,thewesternchauvinist1:1431,forward
thewesternchauvinist12:3414,thewesternchauvinist1:1430,forward
thewesternchauvinist12:3413,thewesternchauvinist1:1423,forward
thewesternchauvinist12:3412,thewesternchauvinist1:1422,forward
thewesternchauvinist12:3411,thewesternchauvinist1:1420,forward
thewesternchauvinist12:3410,thewesternchauvinist1:1419,forward
thewesternchauvinist12:3409,thewesternchauvinist1:1418,forward
thewesternchauvinist12:3408,thewesternchauvinist1:1417,forward
thewesternchauvinist12:3407,thewesternchauvinist1:1416,forward
thewesternchauvinist12:3406,thewesternchauvinist1:1415,forward
thewesternchauvinist12:3405,thewesternchauvinist1:1414,forward
thewesternchauvinist12:3404,thewesternchauvinist1:1413,forward
thewesternchauvinist12:3403,thewesternchauvinist1:1411,forward
thewesternchauvinist12:3402,thewesternchauvinist1:1410,forward
thewesternchauvinist12:3401,thewesternchauvinist1:1409,forward
thewesternchauvinist12:3400,thewesternchauvinist1:1408,forward
thewesternchauvinist12:3399,thewesternchauvinist1:1407,forward
thewesternchauvinist12:3398,thewesternchauvinist1:1406,forward
thewesternchauvinist12:3397,thewesternchauvinist1:1395,forward
thewesternchauvinist12:3396,thewesternchauvinist1:1393,forward
thewesternchauvinist12:3395,thewesternchauvinist1:1392,forward
thewesternchauvinist12:3394,thewesternchauvinist1:1391,forward
thewesternchauvinist12:3393,thewesternchauvinist1:1390,forward
thewesternchauvinist12:3392,thewesternchauvinist1:1389,forward
thewesternchauvinist12:3391,thewesternchauvinist1:1388,forward
thewesternchauvinist12:3388,thewesternchauvinist1:1385,forward
thewesternchauvinist12:3387,thewesternchauvinist1:1384,forward
thewesternchauvinist12:3386,thewesternchauvinist1:1383,forward
thewesternchauvinist12:3385,thewesternchauvinist1:1382,forward
thewesternchauvinist12:3384,thewesternchauvinist1:1377,forward
thewesternchauvinist12:3383,thewesternchauvinist1:1375,forward
thewesternchauvinist12:3382,thewesternchauvinist1:1374,forward
thewesternchauvinist12:3381,thewesternchauvinist1:1373,forward
thewesternchauvinist12:3380,thewesternchauvinist1:1371,forward
thewesternchauvinist12:3379,thewesternchauvinist1:1370,forward
thewesternchauvinist12:3378,thewesternchauvinist1:1369,forward
thewesternchauvinist12:3377,thewesternchauvinist1:1368,forward
thewesternchauvinist12:3376,thewesternchauvinist1:1367,forward
thewesternchauvinist12:3375,thewesternchauvinist1:1366,forward
thewesternchauvinist12:3353,ohionationalistnetwork:481,forward
thewesternchauvinist12:3298,fashposting:4735,forward
realtexasnationalist:1448,novanow:271,forward
realtexasnationalist:1397,wlm_usa_texas2:333,forward
realtexasnationalist:1377,wlm_usa_texas2:327,forward
realtexasnationalist:1372,novanow:236,forward
realtexasnationalist:1362,wlm_usa_texas2:311,forward
realtexasnationalist:1334,novanow:220,forward
realtexasnationalist:1327,novanow:219,forward
realtexasnationalist:1286,novanow:205,forward
realtexasnationalist:1277,novanow:204,forward
mh_rainn:31408,mh_rainn:31407,reply
mh_rainn:31382,mh_rainn:31380,reply
mh_rainn:31380,mh_rainn:31378,reply
mh_rainn:31370,mh_rainn:31337,reply
mh_rainn:31368,mh_rainn:31364,reply
mh_rainn:31354,mh_rainn:31348,reply
mh_rainn:31351,mh_rainn:31349,reply
mh_rainn:31337,mh_rainn:31333,reply
mh_rainn:31332,mh_rainn:31321,reply
mh_rainn:31285,mh_rainn:31267,reply
mh_rainn:31261,mh_rainn:31259,reply
mh_rainn:31242,mh_rainn:31229,reply
mh_rainn:31210,mh_rainn:31209,reply
mh_rainn:31186,mh_rainn:31171,reply
mh_rainn:31176,mh_rainn:31175,reply
mh_rainn:31153,mh_rainn:31152,reply
mh_rainn:31142,mh_rainn:31133,reply
mh_rainn:31124,mh_rainn:31119,reply
mh_rainn:31117,mh_rainn:31113,reply
tomsewelluncensored:1173,tomsewelluncensored:1172,reply
tomsewelluncensored:1168,tomsewelluncensored:1167,reply
tomsewelluncensored:1166,tomsewelluncensored:1165,reply
tomsewelluncensored:1164,noticernews:3528,forward
tomsewelluncensored:1162,tomsewelluncensored:1161,reply
tomsewelluncensored:1156,tomsewelluncensored:1147,reply
tomsewelluncensored:1155,noticernews:3523,forward
tomsewelluncensored:1154,tomsewelluncensored:1147,reply
tomsewelluncensored:1153,tomsewelluncensored:1152,reply
tomsewelluncensored:1149,tomsewelluncensored:1146,reply
tomsewelluncensored:1144,noticernews:3522,forward
tomsewelluncensored:1143,tomsewelluncensored:1142,reply
tomsewelluncensored:1140,tomsewelluncensored:1139,reply
tomsewelluncensored:1139,tomsewelluncensored:1138,reply
tomsewelluncensored:1134,noticernews:3447,forward
tomsewelluncensored:1133,tomsewelluncensored:1132,reply
tomsewelluncensored:1129,noticernews:3431,forward
tomsewelluncensored:1123,noticernews:3414,forward
tomsewelluncensored:1068,tomsewelluncensored:1067,reply
volmemes:70973,volmemes:70971,reply
volmemes:70930,volmemes:70928,reply
brotherhood_of_academists:87,brotherhood_of_academists:41,link
brotherhood_of_academists:62,brotherhood_of_academists:60,link
rusorel862:10703,rusorel862:10701,link
nsc131official:521,nsc131official:282,link
nsc131official:504,nsc131official:503,reply
nsc131official:471,nsc131official:444,link
nsc131official:454,nsc131official:444,link
nsc131official:408,nsc131official:391,link
nsc131official:134,nsc131official:132,link
nsc131official:134,nsc131official:132,reply
nsc131official:121,nsc131official:114,link
nsc131official:100,nsc131official:32,link
nsc131official:100,nsc131official:50,link
nsc131official:100,nsc131official:67,link
nsc131official:100,nsc131official:79,link
nsc131official:100,nsc131official:94,link
alamoxiv:4235,ohionationalistnetwork:488,forward
alamoxiv:4047,wlm_usa_texas2:224,forward
alamoxiv:4017,wlm_usa_texas:4161,forward
alamoxiv:3962,wlm_usa_texas2:194,forward
alamoxiv:3961,wlm_usa_texas2:195,forward
thuletide:8205,thuletide:8200,link
thuletide:8205,thuletide:8200,reply
thuletide:8176,thuletide:8175,link
thuletide:8170,thuletide:8089,forward
thuletide:8164,thuletide:8103,link
thuletide:8161,thuletide:8103,link
thuletide:8159,thuletide:8103,link
thuletide:8154,racerealismchannel:489,forward
thuletide:8146,thuletide:8054,link
thuletide:8145,thuletide:8097,link
thuletide:8142,thuletide:8139,link
thuletide:8137,thuletide:8135,link
thuletide:8123,thuletide:8116,link
thuletide:8122,thuletide:8116,link
thuletide:8117,racerealismchannel:486,forward
thuletide:8110,racerealismchannel:484,forward
thuletide:8109,racerealismchannel:482,forward
thuletide:8101,thuletide:8100,link
thuletide:8097,thuletide:7921,link
thuletide:8094,racerealismchannel:477,forward
thuletide:8092,racerealismchannel:300,link
thuletide:8091,thuletide:8082,link
thuletide:8087,thuletide:8085,link
thuletide:8080,thuletide:8060,link
thuletide:8078,thuletide:7984,link
thuletide:8065,racerealismchannel:472,forward
thuletide:8060,thuletide:8057,link
thuletide:8053,racerealismchannel:471,forward
thuletide:8050,thuletide:8048,link
thuletide:8044,thuletide:8043,link
thuletide:8043,thuletide:8040,link
thuletide:8037,thuletide:8032,link
thuletide:8031,thuletide:7938,link
thuletide:8031,thuletide:7943,link
thuletide:8017,thuletide:8010,link
thuletide:8010,racerealismchannel:464,forward
thuletide:8009,thuletide:7974,link
thuletide:8008,thuletide:7948,link
thuletide:8007,thuletide:7946,link
thuletide:7999,racerealismchannel:458,forward
thuletide:7991,thuletide:7977,link
thuletide:7991,thuletide:7969,link
thuletide:7991,thuletide:7983,link
thuletide:7991,thuletide:7972,link
thuletide:7990,thuletide:7989,link
thuletide:7986,thuletide:7972,link
thuletide:7977,thuletide:7969,link
thuletide:7970,thuletide:7969,link
thuletide:7970,thuletide:7960,link
thuletide:7970,thuletide:7967,link
thuletide:7960,racerealismchannel:452,forward
thuletide:7955,thuletide:7951,link
thuletide:7951,racerealismchannel:448,forward
thuletide:7950,thuletide:7946,link
thuletide:7950,thuletide:7946,reply
thuletide:7943,thuletide:7938,link
thuletide:7938,racerealismchannel:388,link
thuletide:7929,racerealismchannel:447,forward
thuletide:7926,racerealismchannel:445,forward
thuletide:7917,racerealismchannel:442,forward
noticernews:3532,noticernews:3530,reply
noticernews:3517,thuletide:8190,forward
noticernews:3495,noticernews:3494,reply
noticernews:3412,ausvstheagenda:3928,forward
noticernews:3292,noticernews:3286,reply
unitynewsnetwork:29513,markacollett:20446,forward
unitynewsnetwork:29478,markacollett:20422,forward
unitynewsnetwork:29447,markacollett:20410,forward
unitynewsnetwork:29340,markacollett:20352,forward
wlm_usa_washington2:1643,wlm_usa_washington3:587,forward
wlm_usa_washington2:1633,wlm_usa_washington3:569,forward
wlm_usa_washington2:1632,wlm_usa_washington3:557,forward
wlm_usa_washington2:1631,wlm_usa_montana:2505,forward
wlm_usa_washington2:1630,wlm_eu_poland:284,forward
wlm_usa_washington2:1627,wlm_usa_washington3:452,forward
wlm_usa_washington2:1617,wlm_materials:84,link
wlm_usa_washington2:1615,wlm_usa_california:680,forward
wlm_usa_washington2:1613,wlm_usa_ohio:2373,forward
wlm_usa_washington2:1608,wlm_eu_netherlands:1259,forward
wlm_usa_washington2:1585,wlm_usa_minnesota:772,forward
wlm_usa_washington2:1578,wlm_usa_colorado:312,forward
wlm_usa_washington2:1576,wlm_eu_netherlands:1248,forward
wlm_usa_washington2:1575,wlm_usa_minnesota:747,forward
wlm_usa_washington2:1574,wlm_usa_colorado:310,forward
wlm_usa_washington2:1545,wlm_usa_colorado:304,forward
wlm_usa_washington2:1544,wlm_usa_colorado:301,forward
wlm_usa_washington2:1502,wlm_materials:83,link
wlm_usa_washington2:1491,wlm_usa_pennsylvania:861,forward
wlm_usa_washington2:1469,wlm_usa_minnesota:707,forward
wlm_usa_washington2:1468,wlm_usa_colorado:281,forward
wlm_usa_washington2:1440,wlm_usa_minnesota:701,forward
wlm_usa_washington2:1405,wlm_reading:6,link
wlm_usa_washington2:1397,wlm_usa_california:601,forward
wlm_usa_washington2:1396,wlm_usa_minnesota:693,forward
wlm_usa_washington2:1386,wlm_usa_california:600,forward
wlm_usa_washington2:1363,wlm_usa_idaho:2472,forward
wlm_usa_washington2:1362,wlm_usa_arizona:734,forward
wlm_usa_washington2:1360,wlm_usa_california:571,forward
wlm_usa_washington2:1353,wlm_usa_california:565,forward
wlm_usa_washington2:1346,wlm_usa_colorado:274,forward
wlm_usa_washington2:1335,wlm_usa_california:561,forward
wlm_usa_washington2:1329,wlm_usa_idaho:2466,forward
wlm_usa_washington2:1328,wlm_usa_california:558,forward
wlm_usa_washington2:1327,wlm_usa_california:551,forward
antifawatch2:1025,antifawatch2:1005,reply
antifawatch2:1009,antifawatch2:1006,reply
antifawatch2:1005,antifawatch2:1000,reply
antifawatch2:997,antifawatch2:915,reply
antifawatch2:993,antifawatch2:992,reply
antifawatch2:992,antifawatch2:990,reply
antifawatch2:983,antifawatch2:978,reply
antifawatch2:957,antifawatch2:799,reply
antifawatch2:954,antifawatch2:852,reply
antifawatch2:921,antifawatch2:901,reply
antifawatch2:919,antifawatch2:918,reply
antifawatch2:911,antifawatch2:908,reply
antifawatch2:902,antifawatch2:893,reply
antifawatch2:901,antifawatch2:897,reply
antifawatch2:870,antifawatch2:858,reply
antifawatch2:860,antifawatch2:858,reply
antifawatch2:858,antifawatch2:852,reply
antifawatch2:801,antifawatch2:799,reply
antifawatch2:793,antifawatch2:791,reply
antifawatch2:786,antifawatch2:785,reply
antifawatch2:771,antifawatch2:761,reply
antifawatch2:770,antifawatch2:766,reply
antifawatch2:762,antifawatch2:757,reply
antifawatch2:761,antifawatch2:757,reply
whitelaborstrikeww:5689,novanow:446,forward
whitelaborstrikeww:5681,fashposting:4786,forward
whitelaborstrikeww:5678,thewaronwhites:1713,forward
whitelaborstrikeww:5669,whitelaborstrikeww:5668,reply
whitelaborstrikeww:5651,whitelaborstrikeww:5650,reply
whitelaborstrikeww:5643,fashposting:4672,forward
whitelaborstrikeww:5635,fashposting:4663,forward
whitelaborstrikeww:5622,fashposting:4625,forward
whitelaborstrikeww:5562,whitelaborstrikeww:5561,reply
whitelaborstrikeww:5559,wlm_usa_new_jersey:1736,forward
whitelaborstrikeww:5555,thewaronwhites:1500,forward
whitelaborstrikeww:5549,whitelaborstrikeww:5530,reply
whitelaborstrikeww:5548,whitelaborstrikeww:5547,reply
whitelaborstrikeww:5541,whitelaborstrikeww:5535,reply
whitelaborstrikeww:5484,whitelaborstrikeww:5483,reply
memorianatio:3523,ultrasnotreds8:1569,forward
memorianatio:3499,ultrasnotreds8:1551,forward
memorianatio:3494,whitelads:6289,forward
memorianatio:3482,memorianatio:3481,reply
memorianatio:3473,ultrasnotreds8:1522,forward
memorianatio:3373,ultrasnotreds8:1406,forward
memorianatio:3284,ultrasnotreds8:1367,forward
memorianatio:3278,memorianatio:3277,reply
memorianatio:3238,memorianatio:3237,reply
thewaronwhites:1704,thewaronwhites:1703,reply
thewaronwhites:1663,thewaronwhites:1661,reply
thewaronwhites:1588,thewaronwhites:1585,reply
thewaronwhites:1587,thewaronwhites:1585,reply
thewaronwhites:1526,thewaronwhites:1525,reply
thewaronwhites:1513,thewaronwhites:1512,reply
thewaronwhites:1506,whitelaborstrikeww:5571,forward
thewaronwhites:1480,thewaronwhites:1479,reply
thewaronwhites:1476,whitelaborstrikeww:5451,forward
thewaronwhites:1404,thewaronwhites:1403,reply
thewaronwhites:1391,thewaronwhites:1390,reply
hbmw88:22669,hbmw88:22668,reply
hbmw88:22471,hbmw88:22470,reply
hbmw88:22467,hbmw88:22457,reply
hbmw88:22464,hbmw88:22461,reply
hbmw88:22434,hbmw88:22433,reply
hbmw88:22412,hersantite:387,forward
howtoirritatejews:7132,howtoirritatejews:7130,reply
howtoirritatejews:7043,howtoirritatejews:7041,reply
howtoirritatejews:7042,howtoirritatejews:7041,reply
howtoirritatejews:7038,howtoirritatejews:7039,link
howtoirritatejews:7037,howtoirritatejews:7036,reply
howtoirritatejews:6982,tomsewelluncensored:1138,forward
rediceuncensored:4446,rediceuncensored:4445,reply
rediceuncensored:4440,rediceuncensored:4439,reply
rediceuncensored:4413,rediceuncensored:4412,reply
rediceuncensored:4412,rediceuncensored:4373,reply
rediceuncensored:4403,rediceuncensored:4402,reply
rediceuncensored:4394,rediceuncensored:4381,reply
rediceuncensored:4385,rediceuncensored:4381,reply
rediceuncensored:4375,rediceuncensored:4374,link
rediceuncensored:4375,rediceuncensored:4374,reply
rediceuncensored:4371,noticernews:3525,forward
rediceuncensored:4363,rediceuncensored:4362,reply
rediceuncensored:4362,markacollett:20410,forward
rediceuncensored:4361,rediceuncensored:4360,reply
rediceuncensored:4354,noticernews:3508,forward
rediceuncensored:4351,unitynewsnetwork:29420,forward
rediceuncensored:4346,rediceuncensored:4345,reply
rediceuncensored:4337,ultrasnotreds8:1547,forward
rediceuncensored:4334,unitynewsnetwork:29321,forward
rediceuncensored:4333,noticernews:3447,forward
rediceuncensored:4329,rediceuncensored:4328,reply
rediceuncensored:4319,markacollett:20248,forward
rediceuncensored:4311,rediceuncensored:4310,reply
rediceuncensored:4309,rediceuncensored:4308,reply
rediceuncensored:4305,rediceuncensored:4303,reply
rediceuncensored:4302,rediceuncensored:4301,reply
rediceuncensored:4300,rediceuncensored:4298,reply
rediceuncensored:4298,rediceuncensored:4276,reply
rediceuncensored:4279,rediceuncensored:4278,reply
rediceuncensored:4273,rediceuncensored:4270,link
rediceuncensored:4264,rediceuncensored:4263,reply
rediceuncensored:4258,rediceuncensored:4257,reply
rediceuncensored:4238,noticernews:3317,forward
rediceuncensored:4237,noticernews:3316,forward
rediceuncensored:4233,rediceuncensored:4232,reply
rediceuncensored:4231,rediceuncensored:4230,reply
rediceuncensored:4223,rediceuncensored:4222,reply
rediceuncensored:4197,rediceuncensored:4196,reply
rediceuncensored:4165,rediceuncensored:4164,reply
rediceuncensored:4163,rediceuncensored:4162,reply
rediceuncensored:4158,rediceuncensored:4157,link
rediceuncensored:4148,rediceuncensored:4146,reply
vaultofsecrets:20434,vaultofsecrets:20433,reply
vaultofsecrets:20416,vaultofsecrets:20417,link
vaultofsecrets:20414,vaultofsecrets:20413,reply
vaultofsecrets:20396,vaultofsecrets:20395,reply
vaultofsecrets:20384,novanow:434,forward
vaultofsecrets:20340,vaultofsecrets:20339,reply
vaultofsecrets:20267,vaultofsecrets:20266,reply
vaultofsecrets:20207,forbiddenhistory18:456,forward
vaultofsecrets:20202,novanow:396,forward
markacollett:20499,rediceuncensored:4442,forward
markacollett:20483,patrioticalternativeofficial:13857,forward
markacollett:20469,unitynewsnetwork:29547,forward
markacollett:20449,unitynewsnetwork:29515,forward
markacollett:20417,unitynewsnetwork:29460,forward
markacollett:20406,unitynewsnetwork:29439,forward
markacollett:20402,unitynewsnetwork:29425,forward
markacollett:20397,unitynewsnetwork:29420,forward
markacollett:20386,unitynewsnetwork:29349,forward
markacollett:20363,noticernews:3483,forward
markacollett:20355,unitynewsnetwork:29338,forward
markacollett:20351,unitynewsnetwork:29330,forward
markacollett:20349,unitynewsnetwork:29321,forward
markacollett:20347,noticernews:3467,forward
markacollett:20345,patrioticalternativeofficial:13846,forward
markacollett:20292,noticernews:3447,forward
markacollett:20262,martinsellner_english:1133,forward
markacollett:20259,tomsewelluncensored:1128,forward
markacollett:20235,noticernews:3414,forward
markacollett:20205,martinsellner_english:1107,forward
huwhitepapers:1662,huwhitepapers:1581,forward
huwhitepapers:1655,huwhitepapers:1654,reply
huwhitepapers:1649,huwhitepapers:1644,forward
huwhitepapers:1648,huwhitepapers:1488,reply
huwhitepapers:1637,huwhitepapers:1636,reply
huwhitepapers:1632,huwhitepapers:1544,forward
huwhitepapers:1599,huwhitepapers:1596,reply
huwhitepapers:1598,huwhitepapers:1427,forward
huwhitepapers:1596,huwhitepapers:1591,reply
huwhitepapers:1595,huwhitepapers:1431,forward
huwhitepapers:1593,huwhitepapers:1539,forward
huwhitepapers:1494,huwhitepapers:1492,reply
huwhitepapers:1481,huwhitepapers:1477,reply
huwhitepapers:1470,huwhitepapers:1469,reply
huwhitepapers:1468,huwhitepapers:1426,forward
huwhitepapers:1456,huwhitepapers:1447,reply
huwhitepapers:1447,huwhitepapers:1445,reply
ausvstheagenda:3717,ausvstheagenda:3638,forward
ausvstheagenda:3689,ausvstheagenda:3642,forward
leftistextremistwatch:1255,leftistextremistwatch:1254,reply
leftistextremistwatch:1254,leftistextremistwatch:1253,reply
leftistextremistwatch:1247,leftistextremistwatch:1245,reply
leftistextremistwatch:1235,leftistextremistwatch:1234,reply
leftistextremistwatch:1213,noticernews:3489,forward
leftistextremistwatch:1209,leftistextremistwatch:992,reply
leftistextremistwatch:1208,leftistextremistwatch:1207,reply
leftistextremistwatch:1194,leftistextremistwatch:1193,reply
leftistextremistwatch:1184,tomsewelluncensored:1128,forward
leftistextremistwatch:1183,martinsellner_english:1135,forward
leftistextremistwatch:1180,noticernews:3414,forward
leftistextremistwatch:1131,memorianatio:3424,forward
leftistextremistwatch:1123,leftistextremistwatch:1121,reply
leftistextremistwatch:1122,antifawatch2:771,forward
leftistextremistwatch:1122,leftistextremistwatch:1121,reply
leftistextremistwatch:1121,antifawatch2:761,forward
leftistextremistwatch:1116,martinsellner_english:1071,forward
leftistextremistwatch:1113,martinsellner_english:1060,forward
leftistextremistwatch:1108,leftistextremistwatch:1107,reply
leftistextremistwatch:1079,leftistextremistwatch:1073,reply
leftistextremistwatch:1065,leftistextremistwatch:1064,reply
leftistextremistwatch:1052,leftistextremistwatch:1048,reply
leftistextremistwatch:1025,leftistextremistwatch:988,reply
leftistextremistwatch:1022,leftistextremistwatch:1020,reply
leftistextremistwatch:1007,leftistextremistwatch:1006,link
leftistextremistwatch:1005,leftistextremistwatch:1001,reply
leftistextremistwatch:995,leftistextremistwatch:993,reply
leftistextremistwatch:992,leftistextremistwatch:989,reply
leftistextremistwatch:983,martinsellner_english:970,forward
leftistextremistwatch:970,leftistextremistwatch:967,reply
leftistextremistwatch:967,leftistextremistwatch:966,reply
hersantite:385,noticernews:3547,link
hersantite:381,noticernews:3528,forward
hersantite:379,noticernews:3523,forward
hersantite:378,noticernews:3522,forward
hersantite:375,noticernews:3509,forward
hersantite:371,noticernews:3498,forward
hersantite:369,noticernews:3492,forward
hersantite:366,noticernews:3485,forward
hersantite:365,noticernews:3483,forward
hersantite:362,noticernews:3482,forward
hersantite:358,noticernews:3468,forward
hersantite:352,noticernews:3447,forward
hersantite:348,noticernews:3431,forward
hersantite:344,noticernews:3414,forward
hersantite:341,noticernews:3393,forward
hersantite:340,noticernews:3391,forward
hersantite:338,ausvstheagenda:3922,forward
hersantite:333,noticernews:3366,forward
hersantite:330,noticernews:3357,forward
hersantite:328,noticernews:3351,forward
hersantite:327,noticernews:3349,forward
hersantite:318,noticernews:3325,forward
hersantite:309,noticernews:3307,link
hersantite:308,noticernews:3306,forward
hersantite:306,noticernews:3305,forward
hersantite:295,noticernews:3287,forward
hersantite:294,noticernews:3286,forward
hersantite:291,noticernews:3282,forward
hersantite:286,noticernews:3267,forward
hersantite:157,ausvstheagenda:3742,forward
holocaustrevision:791,holocaustrevision:737,forward
fashposting:4792,fashposting:4791,reply
fashposting:4791,markacollett:20455,forward
fashposting:4783,devonstack:3476,forward
fashposting:4782,fashposting:4781,reply
fashposting:4764,fashposting:4763,reply
fashposting:4761,fashposting:4759,reply
fashposting:4754,noticernews:3349,link
fashposting:4740,fashposting:4738,reply
fashposting:4724,devonstack:3439,forward
fashposting:4671,fashposting:4670,reply
fashposting:4642,hersantite:196,forward
fashposting:4636,hersantite:186,forward
fashposting:4624,fashposting:4623,reply
fashposting:4623,whitelaborstrikeww:5618,forward
fashposting:4622,fashposting:4621,reply
fashposting:4620,fashposting:4619,reply
fashposting:4576,fashposting:4575,reply
fashposting:4547,fashposting:4546,reply
fashposting:4532,fashposting:4531,reply
fashposting:4514,fashposting:4512,reply
fashposting:4512,fashposting:4511,reply
fashposting:4493,whitelaborstrikeww:5424,forward
forbiddenhistory18:450,forbiddenhistory18:449,link
forbiddenhistory18:437,forbiddenhistory18:366,link
forbiddenhistory18:420,forbiddenhistory18:396,link
forbiddenhistory18:416,forbiddenhistory18:145,link
forbiddenhistory18:334,forbiddenhistory18:286,link
forbiddenhistory18:318,forbiddenhistory18:145,link
forbiddenhistory18:318,forbiddenhistory18:130,link
forbiddenhistory18:286,forbiddenhistory18:268,link
forbiddenhistory18:286,forbiddenhistory18:145,link
forbiddenhistory18:160,forbiddenhistory18:159,reply
murderthemedia:37954,murderthemedia:37953,reply
thesonnenrad:362,thesonnenrad:285,forward
thesonnenrad:361,thesonnenrad:330,forward
thesonnenrad:326,thesonnenrad:285,forward
thesonnenrad:324,thesonnenrad:323,reply
thesonnenrad:315,thesonnenrad:294,forward
novanow:384,ohionationalistnetwork:435,forward
novanow:284,ohionationalistnetwork:386,forward
novanow:248,novanow:247,reply
novanow:206,novanow:205,reply
zoomerwaffenx:8815,zoomerwaffenx:8812,reply
zoomerwaffenx:8779,zoomerwaffenx:8679,forward
herrcent:1086,hersantite:389,forward
herrcent:1085,hersantite:388,forward
herrcent:1084,hersantite:387,forward
herrcent:1083,hersantite:386,forward
herrcent:1082,hersantite:385,forward
herrcent:1082,noticernews:3547,link
herrcent:1081,hersantite:383,forward
herrcent:1079,noticernews:3528,forward
herrcent:1078,hersantite:380,forward
herrcent:1077,noticernews:3523,forward
herrcent:1076,noticernews:3522,forward
herrcent:1075,hersantite:376,forward
herrcent:1074,hersantite:374,forward
herrcent:1073,noticernews:3509,forward
herrcent:1072,hersantite:373,forward
herrcent:1070,noticernews:3498,forward
herrcent:1069,noticernews:3492,forward
herrcent:1068,hersantite:368,forward
herrcent:1066,noticernews:3483,forward
herrcent:1065,hersantite:363,forward
herrcent:1064,hersantite:361,forward
herrcent:1063,noticernews:3482,forward
herrcent:1062,hersantite:360,forward
herrcent:1061,hersantite:357,forward
herrcent:1060,noticernews:3468,forward
herrcent:1059,hersantite:356,forward
herrcent:1058,hersantite:355,forward
herrcent:1057,hersantite:354,forward
herrcent:1056,hersantite:353,forward
herrcent:1055,noticernews:3447,forward
herrcent:1054,hersantite:350,forward
herrcent:1053,hersantite:349,forward
herrcent:1052,noticernews:3431,forward
herrcent:1051,hersantite:347,forward
herrcent:1050,hersantite:346,forward
herrcent:1049,hersantite:345,forward
herrcent:1048,noticernews:3414,forward
herrcent:1047,hersantite:343,forward
herrcent:1046,hersantite:342,forward
herrcent:1045,noticernews:3393,forward
herrcent:1044,noticernews:3391,forward
herrcent:1043,ausvstheagenda:3922,forward
herrcent:1042,hersantite:337,forward
herrcent:1041,hersantite:335,forward
herrcent:1040,hersantite:334,forward
herrcent:1039,noticernews:3366,forward
herrcent:1038,hersantite:331,forward
herrcent:1037,noticernews:3357,forward
herrcent:1036,hersantite:329,forward
herrcent:1035,noticernews:3351,forward
herrcent:1034,noticernews:3349,forward
herrcent:1033,hersantite:326,forward
herrcent:1032,hersantite:325,forward
herrcent:1031,hersantite:324,forward
herrcent:1029,hersantite:322,forward
herrcent:1027,hersantite:320,forward
herrcent:1025,noticernews:3325,forward
herrcent:1024,hersantite:317,forward
herrcent:1022,hersantite:315,forward
herrcent:1021,hersantite:314,forward
herrcent:1020,hersantite:313,forward
herrcent:1018,hersantite:311,forward
herrcent:1016,hersantite:309,forward
herrcent:1016,noticernews:3307,link
herrcent:1014,noticernews:3306,forward
herrcent:1012,noticernews:3305,forward
herrcent:1011,hersantite:305,forward
herrcent:1010,hersantite:304,forward
herrcent:1005,hersantite:299,forward
herrcent:1004,hersantite:298,forward
herrcent:1002,hersantite:296,forward
herrcent:1001,noticernews:3287,forward
herrcent:1000,noticernews:3286,forward
herrcent:997,noticernews:3282,forward
herrcent:996,hersantite:290,forward
herrcent:995,hersantite:289,forward
herrcent:994,hersantite:288,forward
herrcent:993,hersantite:287,forward
herrcent:992,noticernews:3267,forward
herrcent:991,hersantite:285,forward
herrcent:990,hersantite:284,forward
herrcent:989,hersantite:283,forward
herrcent:988,hersantite:282,forward
herrcent:986,hersantite:279,forward
herrcent:985,hersantite:278,forward
herrcent:984,hersantite:275,forward
herrcent:979,hersantite:267,forward
herrcent:978,hersantite:265,forward
herrcent:975,hersantite:259,forward
herrcent:972,hersantite:255,forward
herrcent:969,hersantite:252,forward
herrcent:968,hersantite:251,forward
herrcent:966,hersantite:248,forward
herrcent:965,hersantite:247,forward
herrcent:964,hersantite:246,forward
herrcent:963,hersantite:244,forward
herrcent:961,hersantite:242,forward
herrcent:959,hersantite:239,forward
herrcent:958,hersantite:238,forward
herrcent:957,hersantite:237,forward
herrcent:956,hersantite:236,forward
herrcent:954,hersantite:234,forward
herrcent:953,hersantite:233,forward
herrcent:952,hersantite:232,forward
herrcent:951,hersantite:231,forward
herrcent:950,hersantite:230,forward
herrcent:949,hersantite:229,forward
herrcent:948,hersantite:228,forward
herrcent:947,hersantite:227,forward
herrcent:946,hersantite:226,forward
herrcent:944,hersantite:224,forward
herrcent:943,hersantite:223,forward
herrcent:942,hersantite:222,forward
herrcent:941,hersantite:221,forward
herrcent:940,hersantite:220,forward
herrcent:939,hersantite:219,forward
herrcent:938,hersantite:218,forward
herrcent:937,hersantite:217,forward
herrcent:936,hersantite:216,forward
herrcent:935,hersantite:215,forward
herrcent:934,hersantite:214,forward
herrcent:933,hersantite:213,forward
herrcent:932,hersantite:212,forward
herrcent:931,hersantite:211,forward
herrcent:930,hersantite:210,forward
herrcent:929,hersantite:209,forward
herrcent:928,hersantite:208,forward
herrcent:927,hersantite:207,forward
herrcent:926,hersantite:206,forward
herrcent:925,hersantite:205,forward
herrcent:924,hersantite:204,forward
herrcent:923,hersantite:203,forward
herrcent:922,hersantite:202,forward
herrcent:921,hersantite:201,forward
herrcent:920,hersantite:200,forward
herrcent:919,hersantite:199,forward
herrcent:918,hersantite:198,forward
herrcent:917,hersantite:197,forward
herrcent:916,hersantite:196,forward
herrcent:915,hersantite:195,forward
herrcent:914,hersantite:194,forward
herrcent:913,hersantite:193,forward
herrcent:912,hersantite:192,forward
herrcent:911,hersantite:191,forward
herrcent:907,hersantite:186,forward
herrcent:905,hersantite:184,forward
herrcent:904,hersantite:181,forward
herrcent:903,hersantite:180,forward
herrcent:902,hersantite:179,forward
herrcent:901,hersantite:178,forward
herrcent:900,hersantite:177,forward
herrcent:899,hersantite:176,forward
herrcent:898,hersantite:175,forward
herrcent:894,hersantite:171,forward
herrcent:888,hersantite:165,forward
herrcent:884,hersantite:161,forward
herrcent:883,hersantite:160,forward
herrcent:882,hersantite:159,forward
herrcent:881,hersantite:158,forward
herrcent:880,ausvstheagenda:3742,forward
herrcent:879,hersantite:156,forward
herrcent:877,hersantite:154,forward
herrcent:875,hersantite:152,forward
herrcent:874,hersantite:151,forward
herrcent:872,hersantite:149,forward
herrcent:870,hersantite:147,forward
odenb:13107,whitelads:6286,forward
skumshot:1008,skumshot:835,forward
skumshot:941,skumshot:918,forward
skumshot:881,skumshot:871,forward
pugilatodifusion:4291,pugilatodifusion:4290,reply
pugilatodifusion:4207,pugilatodifusion:4206,reply
pugilatodifusion:4189,pugilatodifusion:4188,reply
pugilatodifusion:4116,pugilatodifusion:4115,reply
pugilatodifusion:4108,pugilatodifusion:4107,reply
pugilatodifusion:4104,pugilatodifusion:4103,reply
pugilatodifusion:4084,pugilatodifusion:4081,reply
pugilatodifusion:4070,pugilatodifusion:4066,reply
pugilatodifusion:4049,pugilatodifusion:4047,reply
pugilatodifusion:4035,pugilatodifusion:4034,reply
pugilatodifusion:4003,pugilatodifusion:4002,reply
pugilatodifusion:3992,pugilatodifusion:3991,reply
wlm_usa_ohio:2488,wlm_usa_michigan:991,forward
wlm_usa_ohio:2471,wlm_usa_ohio:2149,forward
wlm_usa_ohio:2462,wlm_usa_texas2:230,forward
wlm_usa_ohio:2451,wlm_usa_arizona:826,forward
wlm_usa_ohio:2445,wlm_reading:18,forward
wlm_usa_ohio:2444,wlm_usa_ohio:2253,forward
wlm_usa_ohio:2411,wlm_viewing:17,forward
wlm_usa_ohio:2358,wlm_reading:6,link
wlm_usa_ohio:2356,wlm_usa_ohio:2355,reply
wlm_usa_ohio:2238,wlm_materials:70,link
wlm_usa_ohio:2228,wlm_materials:69,link
wlm_usa_ohio:2224,wlm_reading:6,link
wlm_usa_ohio:2224,wlm_viewing:17,link
wlm_usa_ohio:2216,nsc131official:50,forward
wlm_usa_wisconsin:2013,wlm_usa_michigan:1083,forward
wlm_usa_wisconsin:2009,wlm_usa_illinois:3747,forward
wlm_usa_wisconsin:2007,wlm_usa_michigan:1080,forward
wlm_usa_wisconsin:1992,wlm_materials:84,link
wlm_usa_wisconsin:1986,wlm_usa_pennsylvania:927,forward
wlm_usa_wisconsin:1960,wlm_reading:6,link
wlm_usa_wisconsin:1960,wlm_materials:79,link
wlm_usa_wisconsin:1959,wlm_materials:48,forward
wlm_usa_wisconsin:1950,wlm_usa_pennsylvania:903,forward
wlm_usa_wisconsin:1943,wlm_usa_pennsylvania:895,forward
wlm_usa_wisconsin:1919,wlm_viewing:42,forward
wlm_usa_wisconsin:1918,wlm_usa_minnesota:734,forward
wlm_usa_wisconsin:1887,wlm_usa_minnesota:716,forward
wlm_usa_wisconsin:1886,wlm_usa_pennsylvania:863,forward
wlm_usa_wisconsin:1874,wlm_materials:83,link
wlm_usa_wisconsin:1872,wlm_usa_minnesota:713,forward
wlm_usa_wisconsin:1867,wlm_usa_minnesota:712,forward
wlm_usa_wisconsin:1858,wlm_usa_minnesota:708,forward
wlm_usa_wisconsin:1847,wlm_reading:6,forward
wlm_usa_wisconsin:1837,wlm_usa_arizona:755,forward
wlm_usa_wisconsin:1835,wlm_usa_minnesota:703,forward
wlm_usa_wisconsin:1806,wlm_usa_minnesota:702,forward
wlm_usa_wisconsin:1800,wlm_viewing:42,forward
wlm_usa_wisconsin:1781,wlm_reading:6,link
wlm_usa_wisconsin:1779,wlm_usa_minnesota:695,forward
wlm_usa_wisconsin:1771,wlm_usa_north_carolina:688,forward
wlm_usa_wisconsin:1765,wlm_usa_north_carolina:674,forward
wlm_usa_wisconsin:1755,wlm_usa_washington2:1387,forward
wlm_usa_wisconsin:1749,wlm_materials:81,link
wlm_usa_wisconsin:1745,wlm_usa_washington2:1377,forward
wlm_usa_wisconsin:1738,wlm_usa_minnesota:682,forward
wlm_usa_wisconsin:1719,wlm_usa_washington2:1374,forward
wlm_usa_wisconsin:1713,wlm_usa_arizona:737,forward
wlm_eu_slovakia:210,noticernews:3516,link
wlm_eu_slovakia:210,wlm_eu_czech_republic:232,link
wlm_eu_slovakia:210,wlm_eu_czech_republic:617,forward
wlm_eu_slovakia:205,wlm_eu_czech_republic:232,link
wlm_eu_slovakia:205,wlm_eu_czech_republic:611,forward
wlm_eu_slovakia:201,wlm_eu_czech_republic:232,link
wlm_eu_slovakia:201,wlm_eu_czech_republic:595,forward
wlm_eu_slovakia:138,wlm_materials:84,link
wlm_eu_slovakia:133,wlm_materials:83,link
wlm_eu_slovakia:129,wlm_reading:6,link
wlm_eu_slovakia:123,wlm_reading:6,link
wlm_eu_slovakia:115,wlm_reading:6,link
wlm_eu_slovakia:115,wlm_materials:79,link
wlm_eu_slovakia:111,wlm_reading:6,link
wlm_eu_slovakia:104,wlm_materials:70,link
wlm_eu_slovakia:102,wlm_materials:69,link
wlm_eu_slovakia:63,wlm_reading:9,forward
wlm_eu_slovakia:57,wlm_viewing:17,forward
activeclubcr:198,wlm_eu_czech_republic:232,link
activeclubcr:198,wlm_eu_czech_republic:595,forward
activeclubcr:191,wlm_eu_czech_republic:578,forward
activeclubcr:178,wlm_eu_czech_republic:561,forward
activeclubcr:174,silesianratscrew:279,forward
activeclubcr:161,listyosy:431,link
activeclubcr:161,wlm_eu_czech_republic:537,forward
activeclubcr:136,activedietsland:239,forward
activeclubcr:123,wlm_eu_czech_republic:232,link
activeclubcr:123,wlm_eu_czech_republic:513,forward
activeclubcr:63,wlm_eu_czech_republic:416,forward
activeclubcr:46,wlm_eu_czech_republic:370,forward
activeclubcr:37,wlm_eu_czech_republic:353,forward
listyosy:616,listyosy:589,reply
listyosy:614,listyosy:522,link
listyosy:614,listyosy:522,reply
listyosy:613,listyosy:483,reply
listyosy:602,listyosy:549,link
listyosy:601,listyosy:495,reply
listyosy:590,listyosy:334,reply
listyosy:589,listyosy:548,reply
listyosy:588,listyosy:506,reply
listyosy:560,listyosy:511,reply
listyosy:551,listyosy:547,reply
listyosy:550,listyosy:545,reply
listyosy:545,listyosy:512,reply
listyosy:528,listyosy:527,reply
listyosy:526,listyosy:525,reply
listyosy:525,listyosy:350,link
listyosy:523,listyosy:513,reply
listyosy:513,listyosy:317,link
listyosy:513,listyosy:483,reply
listyosy:512,listyosy:506,reply
listyosy:505,listyosy:334,link
listyosy:499,listyosy:495,reply
listyosy:495,listyosy:392,reply
listyosy:494,listyosy:484,reply
listyosy:473,listyosy:402,reply
listyosy:445,listyosy:334,reply
listyosy:439,listyosy:423,link
listyosy:439,listyosy:423,reply
listyosy:412,listyosy:411,reply
listyosy:363,listyosy:342,reply
listyosy:354,listyosy:341,reply
listyosy:340,listyosy:334,reply
listyosy:333,listyosy:332,reply
listyosy:317,listyosy:316,reply
activedietsland:256,ultrasnotreds8:1404,forward
activedietsland:198,activedietsland:72,reply
activedietsland:176,media2rise:247,forward
siciliangorillian2:59537,rediceuncensored:4338,forward
norcal_ac:470,activedietsland:254,forward
norcal_ac:460,media2rise:280,forward
norcal_ac:286,media2rise:226,link
norcal_ac:286,media2rise:265,forward
norcal_ac:283,media2rise:226,link
norcal_ac:283,media2rise:264,forward
norcal_ac:263,activedietsland:198,forward
norcal_ac:260,antifawatch2:954,forward
norcal_ac:222,media2rise:263,forward
norcal_ac:182,media2rise:235,forward
norcal_ac:63,norcal_ac:62,reply
norcal_ac:47,media2rise:225,forward
thewesternchauvinist7:12147,thewesternchauvinist1:1662,forward
thewesternchauvinist7:12146,thewesternchauvinist1:1659,forward
thewesternchauvinist7:12145,thewesternchauvinist1:1658,forward
thewesternchauvinist7:12144,thewesternchauvinist1:1656,forward
thewesternchauvinist7:12143,thewesternchauvinist1:1654,forward
thewesternchauvinist7:12142,thewesternchauvinist1:1653,forward
thewesternchauvinist7:12141,thewesternchauvinist1:1652,forward
thewesternchauvinist7:12140,thewesternchauvinist1:1651,forward
thewesternchauvinist7:12139,thewesternchauvinist1:1650,forward
thewesternchauvinist7:12138,thewesternchauvinist1:1649,forward
thewesternchauvinist7:12135,thewesternchauvinist1:1646,forward
thewesternchauvinist7:12134,thewesternchauvinist1:1645,forward
thewesternchauvinist7:12133,thewesternchauvinist1:1638,forward
thewesternchauvinist7:12130,thewesternchauvinist1:1618,forward
thewesternchauvinist7:12129,thewesternchauvinist1:1616,forward
thewesternchauvinist7:12127,thewesternchauvinist1:1582,forward
thewesternchauvinist7:12126,thewesternchauvinist1:1581,forward
thewesternchauvinist7:12125,thewesternchauvinist1:1580,forward
thewesternchauvinist7:12124,thewesternchauvinist1:1579,forward
thewesternchauvinist7:12123,thewesternchauvinist1:1578,forward
thewesternchauvinist7:12122,thewesternchauvinist1:1532,forward
thewesternchauvinist7:12120,thewesternchauvinist1:1502,forward
thewesternchauvinist7:12118,thewesternchauvinist1:1466,forward
thewesternchauvinist7:12117,thewesternchauvinist1:1440,forward
thewesternchauvinist7:12116,thewesternchauvinist1:1388,forward
thewesternchauvinist7:12112,ohionationalistnetwork:481,forward
thewesternchauvinist7:12100,fashposting:4735,forward
thewesternchauvinist7:12023,thewesternchauvinist7:12022,reply
thewesternchauvinist7:12005,thewesternchauvinist7:12004,reply
thewesternchauvinist7:11890,bigskyac_uncensor3d:204,forward
wlm_usa_idaho:2504,wlm_usa_oregon:614,forward
wlm_usa_idaho:2503,wlm_usa_washington3:557,forward
wlm_usa_idaho:2502,wlm_usa_oregon:608,forward
wlm_usa_idaho:2495,wlm_materials:84,link
wlm_usa_idaho:2490,wlm_materials:83,link
wlm_usa_idaho:2486,wlm_reading:6,link
wlm_usa_idaho:2461,wlm_reading:6,link
wlm_usa_idaho:2366,wlm_usa_idaho:2182,link
wlm_usa_idaho:2364,bigskyac_uncensor3d:75,forward
wlm_usa_idaho:2302,media2rise:197,forward
wlm_usa_idaho:2282,wlm_reading:6,link
wlm_usa_idaho:2282,wlm_materials:79,link
wlm_usa_idaho:2266,wlm_usa_california:404,forward
wlm_usa_idaho:2223,wlm_reading:6,link
wlm_usa_idaho:2176,wlm_materials:70,link
wlm_usa_idaho:2171,wlm_materials:69,link
wlm_usa_idaho:2170,wlm_viewing:17,link
wlm_usa_idaho:2154,wlm_viewing:17,link
sharedefiant:1244,sharedefiant:1165,forward
sharedefiant:1193,sharedefiant:1165,forward
sharedefiant:1179,sharedefiant:1177,reply
sharedefiant:1149,sharedefiant:1148,reply
sharedefiant:1138,wlm_reading:6,link
sharedefiant:1129,wlm_reading:6,link
sharedefiant:1117,sharedefiant:1116,reply
sharedefiant:1112,sharedefiant:1111,reply
sharedefiant:1097,sharedefiant:945,reply
sharedefiant:1008,sharedefiant:1007,reply
sharedefiant:963,sharedefiant:962,reply
sharedefiant:950,sharedefiant:949,reply
sharedefiant:916,sharedefiant:915,reply
sharedefiant:876,wlm_reading:6,link
sharedefiant:865,sharedefiant:863,reply
sharedefiant:834,antifawatch2:799,forward
sharedefiant:734,sharedefiant:733,reply
sharedefiant:733,sharedefiant:727,reply
sharedefiant:722,nsc131official:418,forward
sharedefiant:711,sharedefiant:710,reply
sharedefiant:689,sharedefiant:688,reply
sharedefiant:670,sharedefiant:669,reply
sharedefiant:623,nsc131official:387,forward
sharedefiant:614,nsc131official:381,forward
bigskyac_uncensor3d:209,media2rise:280,forward
bigskyac_uncensor3d:198,media2rise:274,forward
wlm_usa_tennessee:596,memorianatio:3482,forward
wlm_usa_tennessee:596,wlm_usa_tennessee:595,reply
wlm_usa_tennessee:595,memorianatio:3481,forward
wlm_usa_tennessee:578,wlm_materials:84,link
wlm_usa_tennessee:573,wlm_materials:83,link
wlm_usa_tennessee:569,wlm_reading:6,link
wlm_usa_tennessee:541,wlm_reading:6,link
wlm_usa_tennessee:495,wlm_reading:6,link
wlm_usa_tennessee:495,wlm_materials:79,link
wlm_usa_tennessee:463,wlm_reading:6,link
wlm_usa_tennessee:455,wlm_viewing:17,forward
wlm_usa_tennessee:447,wlm_materials:70,link
wlm_usa_tennessee:445,wlm_materials:69,link
wlm_usa_tennessee:422,wlm_usa_idaho:2123,forward
wlm_usa_tennessee:406,wlm_usa_north_carolina:389,forward
wlm_usa_tennessee:381,wlm_reading:6,forward
wlm_usa_tennessee:350,wlm_events:16,forward
wlm_usa_tennessee:330,wlm_viewing:42,forward
media2rise:265,media2rise:226,link
media2rise:264,media2rise:226,link
media2rise:246,media2rise:226,link
media2rise:246,media2rise:193,link
media2rise:246,media2rise:216,link
media2rise:226,media2rise:225,link
media2rise:226,media2rise:193,link
media2rise:226,media2rise:216,link
media2rise:217,media2rise:193,link
media2rise:217,media2rise:216,link
media2rise:212,media2rise:206,link
patrioticalternativeofficial:13858,markacollett:20468,forward
patrioticalternativeofficial:13856,markacollett:20447,forward
patrioticalternativeofficial:13854,markacollett:20427,forward
patrioticalternativeofficial:13851,markacollett:20395,forward
patrioticalternativeofficial:13850,markacollett:20372,forward
patrioticalternativeofficial:13848,markacollett:20356,forward
patrioticalternativeofficial:13842,markacollett:20304,forward
patrioticalternativeofficial:13841,markacollett:20282,forward
patrioticalternativeofficial:13839,markacollett:20257,forward
patrioticalternativeofficial:13838,markacollett:20252,forward
patrioticalternativeofficial:13837,markacollett:20248,forward
patrioticalternativeofficial:13832,markacollett:20234,forward
patrioticalternativeofficial:13830,markacollett:20215,forward
wlm_eu_russia_chat:23847,wlm_eu_russia_chat:23846,reply
wlm_eu_russia_chat:23846,wlm_eu_russia_chat:23835,reply
wlm_eu_russia_chat:23835,wlm_eu_russia:2082,forward
wlm_eu_russia_chat:23820,wlm_eu_russia:2075,forward
wlm_eu_russia_chat:23819,wlm_eu_russia:2074,forward
wlm_eu_russia_chat:23655,wlm_viewing_russian:56,forward
wlm_eu_russia_chat:23654,wlm_eu_russia:2070,forward
wlm_eu_russia_chat:23601,wlm_eu_russia:2065,forward
wlm_eu_russia_chat:23101,wlm_eu_russia:2057,forward
wlm_eu_russia_chat:23077,wlm_eu_russia:2055,forward
wlm_eu_russia_chat:23007,wlm_eu_russia:2053,forward
wlm_eu_russia_chat:22991,wlm_eu_russia:2052,forward
wlm_eu_russia_chat:22834,wlm_eu_russia:2050,forward
wlm_eu_russia_chat:1331,wlm_viewing_russian:20,link
wlm_eu_russia_chat:910,wlm_viewing_russian:20,link
wlm_eu_russia_chat:896,wlm_viewing_russian:38,forward
wlm_eu_russia_chat:796,wlm_viewing_russian:36,forward
wlm_eu_russia_chat:697,wlm_viewing_russian:35,forward
wlm_eu_russia_chat:680,wlm_viewing_russian:33,forward
wlm_eu_russia_chat:616,wlm_eu_russia_chat:615,reply
wlm_eu_russia_chat:614,wlm_eu_russia_chat:607,reply
wlm_eu_russia_chat:609,wlm_eu_russia_chat:607,reply
wlm_eu_russia_chat:589,wlm_eu_russia_chat:582,reply
wlm_eu_russia_chat:557,wlm_eu_russia_chat:555,reply
wlm_eu_russia_chat:556,wlm_eu_russia_chat:555,reply
wlm_eu_russia_chat:539,wlm_viewing_russian:20,forward
wlm_eu_russia_chat:523,wlm_eu_russia_chat:519,reply
wlm_eu_russia_chat:522,wlm_eu_russia_chat:520,reply
wlm_eu_russia_chat:521,wlm_eu_russia_chat:520,reply
wlm_eu_russia_chat:517,wlm_eu_russia_chat:515,reply
wlm_eu_russia_chat:492,wlm_eu_russia_chat:488,reply
narodnyyobozrevatel:600,narodnyyobozrevatel:580,reply
narodnyyobozrevatel:312,narodnyyobozrevatel:311,link
pro_vita:3352,pro_vita:3351,reply
pro_vita:3331,pro_vita:3330,reply
pro_vita:3323,reactiunea:6105,forward
pro_vita:3267,pro_vita:3266,reply
pro_vita:3263,pro_vita:3262,reply
pro_vita:3257,pro_vita:3256,reply
pro_vita:3250,pro_vita:3249,reply
pro_vita:3249,pro_vita:3248,reply
pro_vita:3229,pro_vita:3228,reply
pro_vita:3226,pro_vita:3225,reply
pro_vita:3208,pro_vita:3207,reply
pro_vita:3189,pro_vita:3188,reply
pro_vita:3188,pro_vita:3186,reply
pro_vita:3185,pro_vita:3184,reply
pro_vita:3175,pro_vita:3174,reply
pro_vita:3167,pro_vita:3166,reply
pro_vita:3110,pro_vita:3109,reply
pro_vita:3109,pro_vita:3108,reply
pro_vita:3105,pro_vita:3103,reply
pro_vita:3104,pro_vita:3103,reply
pro_vita:3064,pro_vita:3063,reply
pro_vita:3058,pro_vita:3057,reply
whitelads:6376,whitelads:6375,reply
whitelads:6368,memorianatio:3511,forward
whitelads:6360,memorianatio:3509,forward
whitelads:6310,whitelads:6309,reply
whitelads:6270,tomsewelluncensored:1128,forward
whitelads:6268,whitelads:6266,reply
whitelads:6258,activedietsland:264,forward
whitelads:6242,memorianatio:3468,forward
whitelads:6237,memorianatio:3464,forward
whitelads:6234,whitelads:6195,reply
whitelads:6223,whitelads:6222,reply
whitelads:6215,memorianatio:3459,forward
whitelads:6200,noticernews:3349,forward
whitelads:6186,memorianatio:3443,forward
whitelads:6177,memorianatio:3437,forward
whitelads:6162,whitelads:6161,reply
whitelads:6150,whitelads:6149,reply
whitelads:6149,memorianatio:3424,forward
whitelads:6145,whitelads:6144,reply
whitelads:6133,whitelads:6132,reply
whitelads:6131,whitelads:6129,reply
whitelads:6130,whitelads:6129,reply
whitelads:6128,paxactiveclub:686,forward
nat88org:2068,nat88org:2066,reply
nat88org:2066,pro_vita:3360,forward
nat88org:2058,casusbelli2021:17963,forward
nat88org:2057,reactiunea:6235,forward
nat88org:2050,nat88org:1761,forward
nat88org:2047,casusbelli2021:17920,forward
nat88org:2044,nat88org:2034,reply
nat88org:2032,casusbelli2021:17859,forward
nat88org:2027,politicincorect:5539,forward
nat88org:2023,casusbelli2021:17802,forward
nat88org:2019,reactiunea:6149,forward
nat88org:2018,casusbelli2021:17778,forward
nat88org:2016,politicincorect:5527,forward
nat88org:2013,reactiunea:6139,forward
nat88org:2011,reactiunea:6122,forward
nat88org:1998,revistarost:8809,forward
nat88org:1996,reactiunea:6094,forward
nat88org:1986,martinsellner_english:1022,forward
nat88org:1956,nat88org:1954,reply
nat88org:1954,nat88org:1953,reply
nat88org:1907,nat88org:1842,forward
nat88org:1903,nat88org:1900,reply
nat88org:1902,nat88org:1900,reply
nat88org:1901,nat88org:1900,reply
nat88org:1844,revistarost:8585,forward
nat88org:1843,nat88org:1833,reply
nat88org:1835,pro_vita:3204,forward
nat88org:1823,nat88org:1821,reply
nat88org:1815,nat88org:1814,reply
nat88org:1808,nat88org:1807,reply
nat88org:1786,nat88org:1785,forward
nat88org:1763,pro_vita:3109,forward
reactiunea:6276,reactiunea:6275,reply
reactiunea:6264,reactiunea:6263,reply
reactiunea:6262,reactiunea:6261,reply
reactiunea:6250,reactiunea:6249,reply
reactiunea:6249,reactiunea:6246,reply
reactiunea:6246,reactiunea:6245,reply
reactiunea:6245,reactiunea:6244,reply
reactiunea:6227,reactiunea:6226,reply
reactiunea:6210,reactiunea:6209,reply
reactiunea:6199,reactiunea:6198,reply
reactiunea:6197,reactiunea:6196,reply
reactiunea:6194,reactiunea:6193,reply
reactiunea:6192,reactiunea:6191,reply
reactiunea:6191,reactiunea:6188,reply
reactiunea:6188,reactiunea:6187,reply
reactiunea:6187,reactiunea:6186,reply
reactiunea:6181,reactiunea:6180,reply
reactiunea:6177,reactiunea:6176,reply
reactiunea:6168,reactiunea:6167,reply
reactiunea:6138,reactiunea:6137,reply
reactiunea:6132,reactiunea:6131,reply
reactiunea:6131,reactiunea:6130,reply
reactiunea:6115,reactiunea:6114,reply
reactiunea:6109,reactiunea:6108,reply
reactiunea:6107,reactiunea:6106,reply
reactiunea:6102,reactiunea:6101,reply
reactiunea:4220,reactiunea:4219,reply
reactiunea:4218,reactiunea:4216,reply
reactiunea:4216,reactiunea:4215,reply
reactiunea:4214,reactiunea:4213,reply
casusbelli2021:18064,memorianatio:3537,forward
casusbelli2021:18060,casusbelli2021:18058,reply
casusbelli2021:18057,casusbelli2021:18008,reply
casusbelli2021:18056,reactiunea:6282,forward
casusbelli2021:18049,memorianatio:3518,forward
casusbelli2021:18014,memorianatio:3509,forward
casusbelli2021:18005,reactiunea:6264,forward
casusbelli2021:18005,casusbelli2021:18004,reply
casusbelli2021:18004,reactiunea:6263,forward
casusbelli2021:18002,casusbelli2021:18001,reply
casusbelli2021:17997,activenewsro:56289,forward
casusbelli2021:17995,casusbelli2021:17994,reply
casusbelli2021:17994,memorianatio:3500,forward
casusbelli2021:17952,reactiunea:6235,forward
casusbelli2021:17946,ultrasnotreds8:1548,forward
casusbelli2021:17934,reactiunea:6227,forward
casusbelli2021:17934,casusbelli2021:17933,reply
casusbelli2021:17933,reactiunea:6226,forward
casusbelli2021:17887,casusbelli2021:17886,reply
casusbelli2021:17878,wlm_eu_romania:1185,forward
casusbelli2021:17877,casusbelli2021:17855,reply
casusbelli2021:17872,reactiunea:6197,forward
casusbelli2021:17834,casusbelli2021:17832,reply
casusbelli2021:17817,politicincorect:5539,forward
casusbelli2021:17800,casusbelli2021:17796,reply
casusbelli2021:17796,casusbelli2021:17791,reply
casusbelli2021:17795,memorianatio:3466,forward
casusbelli2021:17788,memorianatio:3454,forward
casusbelli2021:17782,reactiunea:6156,forward
casusbelli2021:17775,casusbelli2021:17772,reply
gardanationalista1309:2144,politicincorect:5619,forward
gardanationalista1309:2123,activenewsro:56299,forward
gardanationalista1309:2108,politicincorect:5587,forward
gardanationalista1309:2106,casusbelli2021:17925,forward
gardanationalista1309:2100,casusbelli2021:17855,forward
gardanationalista1309:2091,casusbelli2021:17846,forward
gardanationalista1309:2068,memorianatio:3468,forward
gardanationalista1309:2065,casusbelli2021:17802,forward
gardanationalista1309:2058,nat88org:2021,forward
gardanationalista1309:2046,casusbelli2021:17792,forward
gardanationalista1309:2045,casusbelli2021:17789,forward
gardanationalista1309:2044,memorianatio:3454,forward
gardanationalista1309:2024,casusbelli2021:17755,forward
gardanationalista1309:2007,wlm_eu_romania:1153,forward
gardanationalista1309:1936,politicincorect:5456,forward
gardanationalista1309:1912,politicincorect:5446,forward
gardanationalista1309:1904,gardanationalista1309:1903,reply
gardanationalista1309:1892,politicincorect:5437,forward
gardanationalista1309:1843,politicincorect:5426,forward
gardanationalista1309:1842,politicincorect:5425,forward
thewesternchauvinist1:1659,thewesternchauvinist1:1658,reply
thewesternchauvinist1:1644,thewesternchauvinist1:1643,reply
thewesternchauvinist1:1642,thewesternchauvinist1:1639,reply
thewesternchauvinist1:1623,wlm_usa_new_jersey:1838,forward
thewesternchauvinist1:1614,thewesternchauvinist1:1611,reply
thewesternchauvinist1:1597,murderthemedia:37899,forward
thewesternchauvinist1:1596,tomsewelluncensored:1151,forward
thewesternchauvinist1:1595,thewesternchauvinist1:1593,reply
thewesternchauvinist1:1594,murderthemedia:37894,forward
thewesternchauvinist1:1592,tomsewelluncensored:1139,forward
thewesternchauvinist1:1590,paxactiveclub:726,forward
thewesternchauvinist1:1589,thewesternchauvinist1:1585,reply
thewesternchauvinist1:1584,thewesternchauvinist1:1583,reply
thewesternchauvinist1:1561,murderthemedia:37877,forward
thewesternchauvinist1:1536,bigskyac_uncensor3d:234,forward
thewesternchauvinist1:1511,noticernews:3447,forward
thewesternchauvinist1:1508,novanow:434,forward
thewesternchauvinist1:1496,njeha1:2082,forward
thewesternchauvinist1:1486,thewesternchauvinist1:1485,reply
thewesternchauvinist1:1474,noticernews:3431,forward
thewesternchauvinist1:1465,thewesternchauvinist1:1464,reply
thewesternchauvinist1:1464,thewesternchauvinist1:1462,reply
thewesternchauvinist1:1454,thewesternchauvinist1:1453,reply
thewesternchauvinist1:1453,murderthemedia:37823,forward
thewesternchauvinist1:1449,noticernews:3414,forward
thewesternchauvinist1:1448,thewesternchauvinist1:1447,reply
thewesternchauvinist1:1418,thewesternchauvinist1:1417,reply
thewesternchauvinist1:1412,memorianatio:3466,forward
thewesternchauvinist1:1400,thewesternchauvinist1:1396,reply
thewesternchauvinist1:1399,thewesternchauvinist1:1396,reply
thewesternchauvinist1:1398,thewesternchauvinist1:1396,reply
thewesternchauvinist1:1397,thewesternchauvinist1:1396,reply
thewesternchauvinist1:1365,thewesternchauvinist1:1363,reply
politicincorect:5622,casusbelli2021:18055,forward
politicincorect:5581,casusbelli2021:17919,forward
politicincorect:5577,reactiunea:6202,forward
politicincorect:5569,casusbelli2021:17875,forward
politicincorect:5568,casusbelli2021:17870,forward
politicincorect:5564,politicincorect:5540,reply
politicincorect:5559,casusbelli2021:17830,forward
politicincorect:5534,gardanationalista1309:2031,forward
politicincorect:5504,politicincorect:5503,reply
politicincorect:5493,gardanationalista1309:1968,forward
politicincorect:5444,gardanationalista1309:1910,forward
politicincorect:5399,politicincorect:5398,reply
politicincorect:5387,politicincorect:5380,reply
politicincorect:5363,nat88org:1984,forward
politicincorect:5335,nat88org:1980,forward
revistarost:8677,pro_vita:3253,forward
theaustralianvanguard:293,theaustralianvanguard:292,reply
theaustralianvanguard:291,noticernews:3547,link
theaustralianvanguard:274,noticernews:3524,link
theaustralianvanguard:264,theaustralianvanguard:263,reply
theaustralianvanguard:262,theaustralianvanguard:261,reply
theaustralianvanguard:247,whitelads:6336,forward
theaustralianvanguard:239,theaustralianvanguard:230,reply
theaustralianvanguard:227,tomsewelluncensored:1135,forward
theaustralianvanguard:224,theaustralianvanguard:219,reply
theaustralianvanguard:222,noticernews:3436,link
theaustralianvanguard:210,hersantite:346,forward
racerealismchannel:433,racerealismchannel:194,link
racerealismchannel:391,racerealismchannel:341,link
racerealismchannel:391,racerealismchannel:336,link
racerealismchannel:391,racerealismchannel:332,link
racerealismchannel:391,racerealismchannel:290,link
racerealismchannel:356,racerealismchannel:352,link
racerealismchannel:336,racerealismchannel:332,link
racerealismchannel:336,racerealismchannel:290,link
racerealismchannel:274,racerealismchannel:273,link
racerealismchannel:245,racerealismchannel:242,link
racerealismchannel:233,racerealismchannel:241,link
racerealismchannel:212,racerealismchannel:211,link
racerealismchannel:208,racerealismchannel:205,link
ohionationalistnetwork:518,ohionationalistnetwork:517,reply
ohionationalistnetwork:516,ohionationalistnetwork:515,reply
ohionationalistnetwork:476,ohionationalistnetwork:475,reply
ohionationalistnetwork:473,fashposting:4738,forward
ohionationalistnetwork:455,novanow:398,forward
ohionationalistnetwork:444,ohionationalistnetwork:443,reply
ohionationalistnetwork:442,ohionationalistnetwork:441,reply
ohionationalistnetwork:434,ohionationalistnetwork:433,reply
ohionationalistnetwork:425,ohionationalistnetwork:424,reply
ohionationalistnetwork:422,ohionationalistnetwork:421,reply
ohionationalistnetwork:394,ohionationalistnetwork:393,reply
ohionationalistnetwork:388,novanow:285,forward
ohionationalistnetwork:385,novanow:283,forward
ohionationalistnetwork:376,novanow:253,forward
ohionationalistnetwork:374,ohionationalistnetwork:373,reply
ohionationalistnetwork:372,novanow:247,forward
ohionationalistnetwork:350,ohionationalistnetwork:349,reply
ohionationalistnetwork:343,novanow:212,forward
ohionationalistnetwork:340,novanow:191,forward
ohionationalistnetwork:336,ohionationalistnetwork:334,reply
ohionationalistnetwork:333,ohionationalistnetwork:332,reply
ohionationalistnetwork:328,ohionationalistnetwork:327,reply
ohionationalistnetwork:322,ohionationalistnetwork:321,reply
ohionationalistnetwork:317,ohionationalistnetwork:313,reply
ohionationalistnetwork:306,ohionationalistnetwork:305,reply
ohionationalistnetwork:264,ohionationalistnetwork:263,reply
ohionationalistnetwork:254,huwhitepapers:1422,forward
ohionationalistnetwork:249,ohionationalistnetwork:248,reply
ohionationalistnetwork:216,ohionationalistnetwork:215,reply
ohionationalistnetwork:196,ohionationalistnetwork:195,reply
martinsellner_english:1002,martinsellner_english:994,reply
martinsellner_english:1000,martinsellner_english:996,reply
paxactiveclub:671,paxactiveclub:666,link
paxactiveclub:648,paxactiveclub:641,link
paxactiveclub:573,wlm_viewing:17,link
paxactiveclub:573,wlm_viewing:44,link
paxactiveclub:573,wlm_viewing:45,link
paxactiveclub:573,wlm_viewing:42,link
paxactiveclub:573,wlm_viewing:41,link
paxactiveclub:573,wlm_reading:18,link
paxactiveclub:573,wlm_usa_pennsylvania:1053,forward
paxactiveclub:458,norcal_ac:386,forward
evropean_americans:375,evropean_americans:374,reply
evropean_americans:372,evropean_americans:371,reply
evropean_americans:364,evropean_americans:363,reply
evropean_americans:363,evropean_americans:360,reply
evropean_americans:356,evropean_americans:352,reply
evropean_americans:349,evropean_americans:347,reply
evropean_americans:347,evropean_americans:335,reply
evropean_americans:346,evropean_americans:335,reply
evropean_americans:323,evropean_americans:319,reply
evropean_americans:322,evropean_americans:319,reply
evropean_americans:317,evropean_americans:316,reply
evropean_americans:306,evropean_americans:305,reply
evropean_americans:301,evropean_americans:294,reply
evropean_americans:286,evropean_americans:285,reply
evropean_americans:280,evropean_americans:270,reply
evropean_americans:268,evropean_americans:267,reply
evropean_americans:262,novanow:398,forward
evropean_americans:256,evropean_americans:252,reply
evropean_americans:242,evropean_americans:241,reply
evropean_americans:241,evropean_americans:59,forward
evropean_americans:237,evropean_americans:234,reply
evropean_americans:224,evropean_americans:223,reply
evropean_americans:208,ohionationalistnetwork:423,forward
evropean_americans:190,evropean_americans:188,reply
evropean_americans:188,evropean_americans:187,reply
evropean_americans:158,evropean_americans:157,reply
evropean_americans:108,evropean_americans:105,reply
evropean_americans:97,norcal_ac:386,forward
evropean_americans:91,evropean_americans:89,reply
evropean_americans:88,evropean_americans:87,reply
evropean_americans:73,evropean_americans:69,reply
evropean_americans:67,evropean_americans:66,reply
evropean_americans:63,wlm_eu_netherlands:1291,forward
evropean_americans:57,brotherhood_of_academists:60,forward
evropean_americans:54,evropean_americans:53,reply
evropean_americans:43,evropean_americans:39,reply
evropean_americans:21,evropean_americans:20,reply
evropean_americans:15,evropean_americans:14,reply
wlm_usa_colorado:340,wlm_materials:84,link
wlm_usa_colorado:285,wlm_materials:83,link
wlm_usa_colorado:277,wlm_reading:6,link
wlm_usa_colorado:260,wlm_reading:6,link
wlm_usa_colorado:222,wlm_reading:6,link
wlm_usa_colorado:222,wlm_materials:79,link
wlm_usa_colorado:211,wlm_reading:6,link
wlm_usa_colorado:160,wlm_materials:73,forward
wlm_usa_colorado:106,wlm_materials:70,link
wlm_usa_colorado:104,wlm_materials:69,link
wlm_usa_colorado:62,wlm_reading:9,forward
wlm_usa_colorado:56,wlm_viewing:17,forward