from,to,type
tricoloredelsangueitalico:326,tricoloredelsangueitalico:321,reply
tricoloredelsangueitalico:269,tricoloredelsangueitalico:244,link
tricoloredelsangueitalico:267,tricoloredelsangueitalico:94,link
tricoloredelsangueitalico:267,tricoloredelsangueitalico:97,link
tricoloredelsangueitalico:263,tricoloredelsangueitalico:230,link
tricoloredelsangueitalico:263,tricoloredelsangueitalico:256,link
tricoloredelsangueitalico:183,tricoloredelsangueitalico:180,reply
tricoloredelsangueitalico:171,tricoloredelsangueitalico:164,reply
brescia_ai_bresciani:4068,fratotolo:37687,forward
brescia_ai_bresciani:4064,progettorazzia:6783,forward
brescia_ai_bresciani:4050,remigrazione_riconquista:178,forward
brescia_ai_bresciani:4049,remigrazione_riconquista:176,forward
brescia_ai_bresciani:4040,remigrazione_riconquista:169,forward
brescia_ai_bresciani:4026,remigrazione_riconquista:156,forward
brescia_ai_bresciani:4018,remigrazione_riconquista:139,forward
brescia_ai_bresciani:4016,remigrazione_riconquista:125,forward
brescia_ai_bresciani:4015,remigrazione_riconquista:124,forward
brescia_ai_bresciani:3994,progettorazzia:6654,forward
brescia_ai_bresciani:3962,remigrazione_riconquista:79,forward
brescia_ai_bresciani:3956,progettorazzia:6594,forward
brescia_ai_bresciani:3945,remigrazione_riconquista:61,forward
brescia_ai_bresciani:3937,progettorazzia:6553,forward
brescia_ai_bresciani:3920,progettorazzia:6507,forward
brescia_ai_bresciani:3905,remigrazione_riconquista:9,forward
brescia_ai_bresciani:3903,arcadiapirata:2149,forward
brescia_ai_bresciani:3900,remigrazione_riconquista:8,forward
brescia_ai_bresciani:3899,remigrazione_riconquista:6,forward
brescia_ai_bresciani:3894,totalitarismoblog:1626,forward
brescia_ai_bresciani:3893,archiviononconforme:441,forward
brescia_ai_bresciani:3887,casapoundufficiale:6390,forward
brescia_ai_bresciani:3886,casapoundufficiale:6384,forward
brescia_ai_bresciani:3884,casapoundufficiale:6387,forward
brescia_ai_bresciani:3883,weltanschauungitaliaofficial:6836,forward
brescia_ai_bresciani:3870,terracava2:1431,forward
brescia_ai_bresciani:3842,terracava2:1403,forward
brescia_ai_bresciani:3835,ilrozzobruno:358,forward
brescia_ai_bresciani:3810,brescia_ai_bresciani:3801,reply
identitaeuropeai:3106,identitaeuropeai:3063,link
identitaeuropeai:3104,passaggioalboscoedizioni:2018,forward
identitaeuropeai:3102,identitaeuropeai:3101,reply
identitaeuropeai:3094,action_radar_europe:197,forward
identitaeuropeai:3092,identitaeuropeai:3021,reply
identitaeuropeai:3088,identitaeuropeai:3074,reply
identitaeuropeai:3084,ilmastinoverona:2676,forward
identitaeuropeai:3065,identitaeuropeai:2845,link
identitaeuropeai:3065,identitaeuropeai:2748,link
identitaeuropeai:3062,martinsellner_english:677,link
identitaeuropeai:3062,martinsellner_english:675,link
identitaeuropeai:3061,action_radar_europe:196,forward
identitaeuropeai:3049,comunitamilitanteraido:1854,forward
identitaeuropeai:3046,fonsperennis:274,forward
identitaeuropeai:3043,avanguardia_torino:779,forward
identitaeuropeai:3035,identitaeuropeai:2976,reply
identitaeuropeai:3034,mementoauderesempermas:2042,forward
identitaeuropeai:3030,ecodelnord:1193,forward
identitaeuropeai:3027,kiesdries:3398,link
identitaeuropeai:3027,identitaeuropeai:3022,reply
identitaeuropeai:3022,kiesdries:3396,forward
identitaeuropeai:3020,crimini_dem:1452,forward
identitaeuropeai:3017,voxeuropaherald:862,forward
identitaeuropeai:3016,ilmastinoverona:2651,forward
identitaeuropeai:3012,passaggioalboscoedizioni:1974,forward
identitaeuropeai:2997,avanguardia_torino:768,forward
identitaeuropeai:2992,kiesdries:3380,link
identitaeuropeai:2984,evavlaardingerbroek:1165,link
identitaeuropeai:2982,g_identitari:2268,forward
identitaeuropeai:2976,identitaeuropeai:2794,link
identitaeuropeai:2972,resum25:58,link
identitaeuropeai:2966,resum25:58,forward
identitaeuropeai:2965,ilmastinoverona:2622,forward
identitaeuropeai:2964,action_radar_europe:192,forward
identitaeuropeai:2960,ilmastinoverona:2613,forward
identitaeuropeai:2954,southafricareports:4551,link
identitaeuropeai:2954,identitaeuropeai:2837,forward
identitaeuropeai:2946,evavlaardingerbroek:1138,link
identitaeuropeai:2940,identitaeuropeai:2884,reply
identitaeuropeai:2935,kiesdries:3350,forward
identitaeuropeai:2934,riconquista:219,forward
identitaeuropeai:2928,resum25:49,forward
identitaeuropeai:2926,identitaeuropeai:2924,reply
identitaeuropeai:2923,resum25:33,forward
identitaeuropeai:2922,martinsellner_english:618,forward
identitaeuropeai:2921,kiesdries:3334,forward
identitaeuropeai:2918,avanguardia_torino:762,forward
identitaeuropeai:2916,comunitamilitanteraido:1802,forward
identitaeuropeai:2913,identitaeuropeai:2843,reply
identitaeuropeai:2904,resum25:25,forward
identitaeuropeai:2877,martinsellner_english:612,forward
identitaeuropeai:2875,martinsellner_english:611,link
identitaeuropeai:2859,fonsperennis:256,forward
identitaeuropeai:2858,avanguardia_torino:742,forward
identitaeuropeai:2856,identitaeuropeai:2854,reply
identitaeuropeai:2852,identitaeuropeai:2851,reply
identitaeuropeai:2851,kiesdries:3284,link
identitaeuropeai:2850,identitaeuropeai:2845,reply
identitaeuropeai:2843,identitaeuropeai:2842,reply
identitaeuropeai:2838,crimini_dem:1350,forward
identitaeuropeai:2837,southafricareports:4551,link
identitaeuropeai:2832,martinsellner_english:593,forward
identitaeuropeai:2831,kiesdries:3268,forward
identitaeuropeai:2829,identitaeuropeai:2810,reply
identitaeuropeai:2828,bloccoverona:1591,forward
identitaeuropeai:2825,jewishcontributions:282,link
identitaeuropeai:2810,resum25:14,forward
identitaeuropeai:2805,identitaeuropeai:2803,reply
identitaeuropeai:2793,identitaeuropeai:2764,reply
identitaeuropeai:2777,riconquista:168,forward
identitaeuropeai:2747,fortezzaeuropa:540,forward
tricoloredelsangueitalico:326,tricoloredelsangueitalico:321,reply
tricoloredelsangueitalico:269,tricoloredelsangueitalico:244,link
tricoloredelsangueitalico:267,tricoloredelsangueitalico:94,link
tricoloredelsangueitalico:267,tricoloredelsangueitalico:97,link
tricoloredelsangueitalico:263,tricoloredelsangueitalico:230,link
tricoloredelsangueitalico:263,tricoloredelsangueitalico:256,link
tricoloredelsangueitalico:183,tricoloredelsangueitalico:180,reply
tricoloredelsangueitalico:171,tricoloredelsangueitalico:164,reply
survivethejive:8969,survivethejive:8807,forward
survivethejive:8949,survivethejive:8841,forward
survivethejive:8947,germanic_religion:789,forward
survivethejive:8921,survivethejive:8813,forward
survivethejive:8917,hearthfireradio:360,forward
survivethejive:8889,hollebrauch:97,forward
survivethejive:8888,einherischannel:112,forward
survivethejive:8885,survivethejive:8884,reply
survivethejive:8880,aehtemen:323,forward
survivethejive:8869,survivethejive:8853,reply
survivethejive:8868,hearthfireradio:337,forward
survivethejive:8857,sagnamadr:3626,forward
survivethejive:8856,ansuzsociety:223,forward
survivethejive:8845,sagnamadr:3568,forward
survivethejive:8832,hearthfireradio:332,forward
survivethejive:8831,hearthfireradio:334,forward
survivethejive:8824,maptism:60,forward
survivethejive:8816,maptism:30,forward
survivethejive:8790,thechadpastoralist:3220,forward
survivethejive:8788,thebeakergirl:540,forward
survivethejive:8779,genoshistoria:1101,forward
survivethejive:8775,survivethejive:8774,reply
survivethejive:8774,survivethejive:8771,reply
survivethejive:8751,survivethejive:8750,reply
survivethejive:8743,thechadpastoralist:3218,forward
survivethejive:8742,survivethejive:8739,reply
survivethejive:8741,thechadpastoralist:3214,forward
survivethejive:8740,sagnamadr:3474,forward
survivethejive:8739,survivethejive:8714,forward
survivethejive:8734,germanic_religion:736,forward
survivethejive:8733,survivethejive:8732,reply
survivethejive:8728,redbadshall:343,forward
survivethejive:8711,thewessexnomad:1324,forward
survivethejive:8704,survivethejive:8703,reply
survivethejive:8686,survivethejive:8685,reply
survivethejive:8683,survivethejive:8682,reply
survivethejive:8682,survivethejive:8678,reply
survivethejive:8675,sagnamadr:3430,forward
survivethejive:8673,hearthfireradio:309,forward
survivethejive:8672,thebeakergirl:531,forward
survivethejive:8671,thebeakergirl:520,forward
wlm_eu_italy:1439,whitelivesmatterofficial:13563,forward
"tricoloredelsangueitalico
:326","tricoloredelsangueitalico
:321",reply
"tricoloredelsangueitalico
:269",tricoloredelsangueitalico:244,link
"tricoloredelsangueitalico
:267",tricoloredelsangueitalico:94,link
"tricoloredelsangueitalico
:267",tricoloredelsangueitalico:97,link
"tricoloredelsangueitalico
:263",tricoloredelsangueitalico:230,link
"tricoloredelsangueitalico
:263",tricoloredelsangueitalico:256,link
"tricoloredelsangueitalico
:183","tricoloredelsangueitalico
:180",reply
"tricoloredelsangueitalico
:171","tricoloredelsangueitalico
:164",reply
markacollett:18598,rossmueller_dissident:2164,forward
markacollett:18590,realwelshnationalist:21154,forward
markacollett:18577,unitynewsnetwork:26194,forward
markacollett:18574,danerikssonse:5301,forward
markacollett:18570,jamesgoddardnews2:4229,forward
markacollett:18566,realblaircottrell:6659,forward
markacollett:18562,rossmueller_dissident:2159,forward
markacollett:18561,saintharrison:13561,forward
markacollett:18559,unitynewsnetwork:26144,forward
markacollett:18554,englishnationalist1066:12312,forward
markacollett:18553,lauratowler:7544,forward
markacollett:18550,nativistconcern:6000,forward
markacollett:18540,informationliberation:4716,forward
markacollett:18530,noticernews:2388,forward
markacollett:18527,jackeltis:125,forward
markacollett:18524,patrioticalternativeofficial:13508,forward
markacollett:18521,rossmueller_dissident:2147,forward
markacollett:18483,saintharrison:13524,forward
markacollett:18474,realblaircottrell:6648,forward
markacollett:18461,whitelaborstrikeww:5411,forward
markacollett:18459,lauratowler:7540,forward
markacollett:18459,realwelshnationalist:21091,link
markacollett:18451,lauratowler:7539,forward
markacollett:18441,realblaircottrell:6647,forward
markacollett:18430,patrioticalternativeofficial:13497,forward
markacollett:18427,warrenbalogh88:12762,forward
markacollett:18420,patrioticalternativeofficial:13487,forward
markacollett:18413,lauratowler:7533,forward
markacollett:18410,warrenbalogh88:12751,forward
markacollett:18406,patrioticalternativeofficial:13484,forward
markacollett:18403,noticernews:2346,forward
markacollett:18402,patrioticalternativeofficial:13489,forward
markacollett:18394,lauratowler:7531,forward
markacollett:18392,patrioticalternativeofficial:13485,forward
markacollett:18388,lauratowler:7530,forward
markacollett:18385,whitevanguard1:515,forward
markacollett:18382,patrioticalternativeofficial:13477,forward
markacollett:18380,lauratowler:7526,forward
markacollett:18376,rossmueller_dissident:2122,forward
markacollett:18369,noticernews:2326,forward
markacollett:18363,zoomerhistorian:903,forward
markacollett:18362,patrioticalternativeofficial:13473,forward
markacollett:18359,noticernews:2320,forward
markacollett:18355,underwaterlair:10567,forward
markacollett:18352,whitensw:117,forward
markacollett:18351,noticernews:2315,forward
markacollett:18344,nativistconcern:5907,forward
markacollett:18312,leagueofpaladins:7,forward
markacollett:18310,davidkurten:3025,forward
ultrasnotreds2:3537,ultrasnotreds8:1069,forward
ultrasnotreds2:3536,whitegirls14:11,forward
ultrasnotreds2:3525,blut_und_ehre28:2220,forward
ultrasnotreds2:3523,ultrascroatia:1100,forward
ultrasnotreds2:3477,wbsthlm:49,forward
ultrasnotreds2:3467,skumshot:871,forward
ultrasnotreds2:3453,action_radar_europe:100,link
ultrasnotreds2:3449,ultrasnotreds2:3448,reply
ultrasnotreds2:3388,ultrasnotreds2:3383,reply
ultrasnotreds2:3345,ultrasnotreds2:3344,reply
ultrasnotreds2:3297,ultrasnotreds2:3295,reply
ultrasnotreds2:3293,ultrasnotreds2:3290,reply
ultrasnotreds2:3291,ultrasnotreds2:3290,reply
ultrasnotreds2:3275,ultrasnotreds2:3261,reply
ultrasnotreds2:3273,ultrasnotreds2:3272,reply
ultrasnotreds2:3258,activeclubfrance:1342,forward
ultrasnotreds2:3257,ultrasnotreds2:3256,reply
ultrasnotreds2:3218,ouestcasual3e:381,forward
ultrasnotreds2:3188,ultrasnotreds2:3186,reply
ultrasnotreds2:3182,activeclubfrance:1311,forward
ultrasnotreds2:3171,ultrasnotreds2:3167,reply
ultrasnotreds2:3167,ultrasnotreds2:3166,reply
ultrasnotreds2:3165,ultrasnotreds2:3155,reply
southafricareports:4714,southafricareports:4713,reply
southafricareports:4710,southafricareports:4706,reply
southafricareports:4704,southafricareports:4703,reply
southafricareports:4703,southafricareports:4702,reply
southafricareports:4701,southafricareports:4693,reply
southafricareports:4700,southafricareports:4460,reply
southafricareports:4693,southafricareports:4688,reply
southafricareports:4681,southafricareports:4648,reply
southafricareports:4678,southafricareports:4516,reply
southafricareports:4677,southafricareports:4675,reply
southafricareports:4672,southafricareports:4669,reply
southafricareports:4668,southafricareports:4667,reply
southafricareports:4667,southafricareports:4575,forward
southafricareports:4663,southafricareports:4655,reply
southafricareports:4661,southafricareports:4442,link
southafricareports:4661,southafricareports:4659,reply
southafricareports:4655,southafricareports:4648,reply
southafricareports:4648,southafricareports:4556,reply
southafricareports:4646,southafricareports:4645,reply
southafricareports:4642,southafricareports:4641,reply
southafricareports:4636,southafricareports:4586,reply
southafricareports:4623,southafricareports:4613,reply
southafricareports:4618,southafricareports:4613,reply
southafricareports:4612,southafricareports:4608,reply
southafricareports:4611,southafricareports:4609,reply
southafricareports:4606,southafricareports:4605,reply
southafricareports:4594,thuletide:7370,forward
southafricareports:4589,southafricareports:4570,reply
southafricareports:4578,southafricareports:4576,reply
southafricareports:4572,southafricareports:4571,reply
southafricareports:4570,southafricareports:4564,reply
southafricareports:4569,southafricareports:4568,reply
southafricareports:4564,southafricareports:4512,reply
southafricareports:4562,southafricareports:4553,reply
southafricareports:4561,southafricareports:4558,reply
southafricareports:4554,southafricareports:4553,reply
southafricareports:4550,southafricareports:4543,reply
southafricareports:4543,southafricareports:4534,reply
southafricareports:4537,southafricareports:4512,reply
southafricareports:4534,southafricareports:4521,reply
southafricareports:4530,southafricareports:4509,reply
southafricareports:4529,southafricareports:4521,reply
southafricareports:4524,southafricareports:4520,reply
southafricareports:4523,southafricareports:4522,reply
southafricareports:4522,southafricareports:4521,reply
southafricareports:4520,southafricareports:4510,reply
southafricareports:4517,southafricareports:4516,reply
southafricareports:4512,southafricareports:4509,reply
southafricareports:4511,southafricareports:4510,reply
southafricareports:4494,southafricareports:4490,reply
southafricareports:4493,southafricareports:4492,reply
southafricareports:4491,southafricareports:4490,reply
southafricareports:4478,southafricareports:4477,reply
southafricareports:4472,southafricareports:4467,reply
southafricareports:4468,southafricareports:4467,reply
southafricareports:4464,southafricareports:4448,reply
southafricareports:4458,southafricareports:4457,reply
southafricareports:4451,southafricareports:4448,reply
southafricareports:4429,southafricareports:4428,reply
southafricareports:4426,southafricareports:4425,reply
southafricareports:4421,southafricareports:4420,reply
progettorazzia:6773,matt1news:12570,forward
progettorazzia:6771,ilprimatonazionaleipn:4560,forward
progettorazzia:6769,terracava2:1585,forward
progettorazzia:6768,passaggioalboscoedizioni:2246,forward
progettorazzia:6765,fratotolo:37568,forward
progettorazzia:6764,terracava2:1581,forward
progettorazzia:6758,totalitarismoblog:1877,forward
progettorazzia:6755,terracava2:1578,forward
progettorazzia:6754,matt1news:12548,forward
progettorazzia:6753,fratotolo:37514,forward
progettorazzia:6748,totalitarismoblog:1870,forward
progettorazzia:6742,totalitarismoblog:1859,forward
progettorazzia:6735,matt1news:12490,forward
progettorazzia:6725,matt1news:12478,forward
progettorazzia:6722,matt1news:12469,forward
progettorazzia:6720,matt1news:12467,forward
progettorazzia:6707,remigrazione_riconquista:169,forward
progettorazzia:6703,totalitarismoblog:1824,forward
progettorazzia:6695,matt1news:12383,forward
progettorazzia:6693,matt1news:12357,forward
progettorazzia:6690,terracava2:1556,forward
progettorazzia:6684,proitalia_org:3896,forward
progettorazzia:6670,totalitarismoblog:1804,forward
progettorazzia:6669,ilprimatonazionaleipn:4496,forward
progettorazzia:6649,terracava2:1541,forward
progettorazzia:6643,terracava2:1538,forward
progettorazzia:6642,ilprimatonazionaleipn:4476,forward
progettorazzia:6640,ilprimatonazionaleipn:4473,forward
progettorazzia:6634,proitalia_org:3861,forward
progettorazzia:6632,totalitarismoblog:1783,forward
progettorazzia:6621,ilprimatonazionaleipn:4455,forward
progettorazzia:6606,remigrazione_riconquista:77,forward
progettorazzia:6605,totalitarismoblog:1744,forward
progettorazzia:6586,proitalia_org:3823,forward
progettorazzia:6578,totalitarismoblog:1723,forward
progettorazzia:6552,progettorazzia:6549,reply
progettorazzia:6549,progettorazzia:6546,reply
progettorazzia:6544,terracava2:1512,forward
progettorazzia:6543,remigrazione_riconquista:55,forward
progettorazzia:6532,terracava2:1501,forward
progettorazzia:6530,ilprimatonazionaleipn:4409,forward
progettorazzia:6524,totalitarismoblog:1680,forward
remigrazione_riconquista:210,ilprimatonazionaleipn:4556,forward
remigrazione_riconquista:177,fratotolo:37411,forward
arcadiapirata:2298,crimini_dem:1528,link
arcadiapirata:2158,crimini_dem:1502,forward
arcadiapirata:2154,remigrazione_riconquista:9,forward
arcadiapirata:2141,remigrazione_riconquista:6,forward
arcadiapirata:2066,ecodelnord:1266,forward
archiviononconforme:541,archiviononconforme:540,reply
archiviononconforme:509,archiviononconforme:508,reply
archiviononconforme:457,skumshot:1050,forward
archiviononconforme:300,skumshot:971,forward
casapoundufficiale:6662,remigrazione_riconquista:232,forward
casapoundufficiale:6656,remigrazione_riconquista:228,forward
casapoundufficiale:6653,remigrazione_riconquista:220,forward
casapoundufficiale:6651,remigrazione_riconquista:208,forward
casapoundufficiale:6650,remigrazione_riconquista:201,forward
casapoundufficiale:6646,remigrazione_riconquista:197,forward
casapoundufficiale:6644,remigrazione_riconquista:196,forward
casapoundufficiale:6635,remigrazione_riconquista:186,forward
casapoundufficiale:6630,remigrazione_riconquista:176,forward
casapoundufficiale:6629,remigrazione_riconquista:174,forward
casapoundufficiale:6625,remigrazione_riconquista:169,forward
casapoundufficiale:6614,remigrazione_riconquista:156,forward
casapoundufficiale:6604,casapoundufficiale:6592,reply
casapoundufficiale:6595,ecodelnord:1391,forward
casapoundufficiale:6594,remigrazione_riconquista:139,forward
casapoundufficiale:6587,remigrazione_riconquista:129,forward
casapoundufficiale:6583,remigrazione_riconquista:126,forward
casapoundufficiale:6582,remigrazione_riconquista:124,forward
casapoundufficiale:6574,bloccostudentesconazionale:8976,forward
casapoundufficiale:6568,ecodelnord:1375,forward
casapoundufficiale:6567,remigrazione_riconquista:109,forward
casapoundufficiale:6563,remigrazione_riconquista:101,forward
casapoundufficiale:6557,bloccostudentesconazionale:8946,forward
casapoundufficiale:6536,ecodelnord:1339,forward
casapoundufficiale:6525,remigrazione_riconquista:83,forward
casapoundufficiale:6524,remigrazione_riconquista:79,forward
casapoundufficiale:6485,remigrazione_riconquista:64,forward
casapoundufficiale:6482,remigrazione_riconquista:61,forward
casapoundufficiale:6474,remigrazione_riconquista:59,forward
casapoundufficiale:6473,remigrazione_riconquista:55,forward
casapoundufficiale:6454,remigrazione_riconquista:38,forward
casapoundufficiale:6453,remigrazione_riconquista:37,forward
casapoundufficiale:6442,remigrazione_riconquista:17,forward
casapoundufficiale:6438,remigrazione_riconquista:13,forward
casapoundufficiale:6432,remigrazione_riconquista:12,forward
casapoundufficiale:6431,remigrazione_riconquista:11,forward
casapoundufficiale:6430,remigrazione_riconquista:10,forward
casapoundufficiale:6422,remigrazione_riconquista:9,forward
casapoundufficiale:6419,remigrazione_riconquista:8,forward
terracava2:1593,terracava2:1592,reply
terracava2:1575,terracava2:1574,reply
terracava2:1572,terracava2:1571,reply
terracava2:1571,terracava2:1569,reply
terracava2:1565,totalitarismoblog:1836,forward
terracava2:1564,terracava2:1496,reply
terracava2:1551,progettorazzia:6672,forward
terracava2:1550,terracava2:1549,reply
terracava2:1534,terracava2:1489,reply
terracava2:1531,terracava2:1530,reply
terracava2:1524,terracava2:1520,reply
terracava2:1520,terracava2:1481,reply
terracava2:1515,terracava2:1514,reply
terracava2:1514,terracava2:1512,reply
terracava2:1513,terracava2:1512,reply
terracava2:1506,terracava2:1503,reply
terracava2:1496,terracava2:1493,reply
terracava2:1493,progettorazzia:6507,forward
terracava2:1485,terracava2:1484,reply
terracava2:1483,terracava2:1482,reply
terracava2:1477,arcadiapirata:2149,forward
terracava2:1475,terracava2:1474,reply
terracava2:1456,terracava2:1372,reply
terracava2:1450,terracava2:1449,reply
terracava2:1436,terracava2:1435,reply
terracava2:1430,terracava2:1428,reply
terracava2:1423,terracava2:1422,reply
terracava2:1418,terracava2:1416,reply
terracava2:1408,terracava2:1405,reply
terracava2:1390,terracava2:1315,reply
terracava2:1386,terracava2:1385,reply
terracava2:1383,terracava2:1381,reply
terracava2:1378,terracava2:1375,reply
terracava2:1376,terracava2:1365,reply
terracava2:1369,terracava2:1365,reply
terracava2:1365,terracava2:1364,reply
terracava2:1352,terracava2:1350,reply
terracava2:1338,terracava2:1337,reply
terracava2:1337,terracava2:1335,reply
terracava2:1329,terracava2:1328,reply
terracava2:1302,terracava2:1301,reply
ilrozzobruno:376,totalitarismoblog:1626,link
proitalia_org:3890,terracava2:1552,forward
proitalia_org:3870,terracava2:1539,forward
proitalia_org:3781,proitalia_org:3780,reply
proitalia_org:3768,terracava2:1490,forward
proitalia_org:3692,terracava2:1449,forward
proitalia_org:3667,terracava2:1427,forward
comunitamilitanteraido:1980,comunitamilitanteraido:1972,reply
comunitamilitanteraido:1953,comunitamilitanteraido:1938,reply
fortezzaeuropa:537,fortezzaeuropa:535,reply
fortezzaeuropa:520,fortezzaeuropa:510,reply
fortezzaeuropa:497,fortezzaeuropa:492,reply
fortezzaeuropa:486,fortezzaeuropa:484,reply
fortezzaeuropa:470,fortezzaeuropa:465,reply
evavlaardingerbroek:1329,evavlaardingerbroek:1328,reply
evavlaardingerbroek:1326,evavlaardingerbroek:1325,reply
evavlaardingerbroek:1319,evavlaardingerbroek:1318,reply
evavlaardingerbroek:1303,evavlaardingerbroek:1302,reply
evavlaardingerbroek:1292,evavlaardingerbroek:1291,reply
evavlaardingerbroek:1290,evavlaardingerbroek:1289,reply
evavlaardingerbroek:1285,evavlaardingerbroek:1284,reply
evavlaardingerbroek:1283,evavlaardingerbroek:1282,reply
evavlaardingerbroek:1277,evavlaardingerbroek:1276,reply
evavlaardingerbroek:1222,evavlaardingerbroek:1190,reply
evavlaardingerbroek:1217,evavlaardingerbroek:1201,reply
evavlaardingerbroek:1216,evavlaardingerbroek:1215,reply
evavlaardingerbroek:1213,evavlaardingerbroek:1212,reply
evavlaardingerbroek:1204,evavlaardingerbroek:1203,reply
evavlaardingerbroek:1193,evavlaardingerbroek:1192,reply
evavlaardingerbroek:1188,evavlaardingerbroek:1187,reply
evavlaardingerbroek:1182,evavlaardingerbroek:1181,reply
evavlaardingerbroek:1159,evavlaardingerbroek:1158,reply
evavlaardingerbroek:1147,evavlaardingerbroek:1145,reply
evavlaardingerbroek:1141,evavlaardingerbroek:1138,reply
evavlaardingerbroek:1140,evavlaardingerbroek:1138,reply
evavlaardingerbroek:1135,evavlaardingerbroek:1134,reply
evavlaardingerbroek:1130,evavlaardingerbroek:1129,reply
evavlaardingerbroek:1125,evavlaardingerbroek:1124,reply
evavlaardingerbroek:1123,evavlaardingerbroek:1122,reply
evavlaardingerbroek:1111,evavlaardingerbroek:1110,reply
evavlaardingerbroek:1106,evavlaardingerbroek:1102,reply
evavlaardingerbroek:1102,evavlaardingerbroek:1101,reply
evavlaardingerbroek:1095,evavlaardingerbroek:1094,reply
evavlaardingerbroek:1094,evavlaardingerbroek:1093,reply
evavlaardingerbroek:1093,evavlaardingerbroek:1092,reply
evavlaardingerbroek:1092,evavlaardingerbroek:1091,reply
evavlaardingerbroek:1091,evavlaardingerbroek:1090,reply
evavlaardingerbroek:1090,evavlaardingerbroek:1089,reply
evavlaardingerbroek:1089,evavlaardingerbroek:1088,reply
evavlaardingerbroek:1088,evavlaardingerbroek:1087,reply
evavlaardingerbroek:1087,evavlaardingerbroek:1086,reply
evavlaardingerbroek:1086,evavlaardingerbroek:1085,reply
evavlaardingerbroek:1085,evavlaardingerbroek:1084,reply
evavlaardingerbroek:1083,evavlaardingerbroek:1082,reply
evavlaardingerbroek:1078,evavlaardingerbroek:1077,reply
evavlaardingerbroek:1074,evavlaardingerbroek:1073,reply
evavlaardingerbroek:1071,evavlaardingerbroek:1070,reply
evavlaardingerbroek:1068,evavlaardingerbroek:1067,reply
evavlaardingerbroek:1061,evavlaardingerbroek:1000,reply
evavlaardingerbroek:1058,evavlaardingerbroek:1057,reply
evavlaardingerbroek:1051,evavlaardingerbroek:1049,reply
evavlaardingerbroek:1046,evavlaardingerbroek:1045,reply
evavlaardingerbroek:1043,evavlaardingerbroek:1042,reply
evavlaardingerbroek:1037,evavlaardingerbroek:1036,reply
evavlaardingerbroek:1035,evavlaardingerbroek:1033,reply
evavlaardingerbroek:1031,evavlaardingerbroek:1030,reply
evavlaardingerbroek:1027,evavlaardingerbroek:1026,reply
evavlaardingerbroek:1023,evavlaardingerbroek:1021,reply
evavlaardingerbroek:1022,evavlaardingerbroek:1021,reply
evavlaardingerbroek:1018,evavlaardingerbroek:1017,reply
evavlaardingerbroek:1005,evavlaardingerbroek:1004,reply
evavlaardingerbroek:999,evavlaardingerbroek:998,reply
evavlaardingerbroek:997,evavlaardingerbroek:996,reply
evavlaardingerbroek:995,evavlaardingerbroek:994,reply
evavlaardingerbroek:992,evavlaardingerbroek:991,reply
evavlaardingerbroek:989,evavlaardingerbroek:988,reply
evavlaardingerbroek:986,evavlaardingerbroek:985,reply
evavlaardingerbroek:971,evavlaardingerbroek:970,reply
evavlaardingerbroek:963,evavlaardingerbroek:962,reply
martinsellner_english:833,voxeuropaherald:1109,forward
martinsellner_english:806,resum25:61,forward
martinsellner_english:762,voxeuropaherald:996,forward
martinsellner_english:740,voxeuropaherald:953,forward
martinsellner_english:731,jungetat:649,forward
martinsellner_english:724,voxeuropaherald:933,forward
martinsellner_english:705,voxeuropaherald:912,forward
martinsellner_english:670,voxeuropaherald:873,forward
martinsellner_english:666,voxeuropaherald:862,forward
martinsellner_english:658,action_radar_europe:194,forward
martinsellner_english:653,resum25:58,forward
martinsellner_english:652,action_radar_europe:192,forward
martinsellner_english:646,resum25:57,forward
martinsellner_english:632,resum25:54,forward
martinsellner_english:630,resum25:39,forward
martinsellner_english:621,resum25:35,forward
martinsellner_english:620,resum25:33,forward
martinsellner_english:619,kiesdries:3334,forward
martinsellner_english:616,resum25:26,forward
martinsellner_english:613,resum25:25,forward
martinsellner_english:607,resum25:22,forward
martinsellner_english:600,resum25:19,forward
martinsellner_english:599,resum25:18,forward
martinsellner_english:586,resum25:14,forward
martinsellner_english:584,kiesdries:3263,forward
afonsojfg:2390,resum25:61,forward
afonsojfg:2180,kiesdries:3398,forward
afonsojfg:2143,resum25:58,forward
afonsojfg:2133,voxeuropaherald:836,forward
avanguardia_torino:654,avanguardia_torino:653,reply
avanguardia_torino:542,avanguardia_torino:541,reply
avanguardia_torino:498,avanguardia_torino:497,reply
avanguardia_torino:491,avanguardia_torino:488,reply
avanguardia_torino:479,avanguardia_torino:478,reply
ilmastinoverona:2895,bloccoverona:1829,forward
ilmastinoverona:2890,bloccoverona:1827,forward
ilmastinoverona:2886,bloccoverona:1824,forward
ilmastinoverona:2882,bloccoverona:1823,forward
ilmastinoverona:2876,bloccoverona:1817,forward
ilmastinoverona:2870,bloccoverona:1811,forward
ilmastinoverona:2862,bloccoverona:1808,forward
ilmastinoverona:2855,bloccoverona:1798,forward
ilmastinoverona:2851,bloccoverona:1794,forward
ilmastinoverona:2843,bloccoverona:1782,forward
ilmastinoverona:2841,bloccoverona:1781,forward
ilmastinoverona:2836,bloccoverona:1780,forward
ilmastinoverona:2835,bloccoverona:1779,forward
ilmastinoverona:2833,remigrazione_riconquista:55,forward
ilmastinoverona:2830,bloccoverona:1775,forward
ilmastinoverona:2822,bloccoverona:1768,forward
ilmastinoverona:2806,remigrazione_riconquista:17,forward
ilmastinoverona:2802,bloccoverona:1764,forward
ilmastinoverona:2799,bloccoverona:1763,forward
ilmastinoverona:2795,bloccoverona:1759,forward
ilmastinoverona:2792,bloccoverona:1748,forward
ilmastinoverona:2772,bloccoverona:1720,forward
ilmastinoverona:2764,bloccoverona:1711,forward
ilmastinoverona:2757,bloccoverona:1708,forward
ilmastinoverona:2736,bloccoverona:1699,forward
ilmastinoverona:2721,bloccoverona:1694,forward
ilmastinoverona:2718,bloccoverona:1692,forward
ilmastinoverona:2715,bloccoverona:1690,forward
ilmastinoverona:2699,bloccoverona:1674,forward
ilmastinoverona:2697,bloccoverona:1673,forward
ilmastinoverona:2688,bloccoverona:1670,forward
ilmastinoverona:2683,bloccoverona:1669,forward
ilmastinoverona:2677,bloccoverona:1667,forward
ilmastinoverona:2666,bloccoverona:1664,forward
ilmastinoverona:2662,bloccoverona:1663,forward
ilmastinoverona:2652,bloccoverona:1658,forward
ilmastinoverona:2650,bloccoverona:1656,forward
ilmastinoverona:2639,bloccoverona:1653,forward
ilmastinoverona:2630,bloccoverona:1651,forward
ilmastinoverona:2620,bloccoverona:1647,forward
ilmastinoverona:2612,bloccoverona:1646,forward
ilmastinoverona:2610,bloccoverona:1639,forward
ilmastinoverona:2608,bloccoverona:1638,forward
ilmastinoverona:2602,bloccoverona:1634,forward
ilmastinoverona:2598,bloccoverona:1633,forward
ilmastinoverona:2590,comitedu9mai:380,forward
ilmastinoverona:2589,bloccoverona:1627,forward
ecodelnord:1270,casapoundufficiale:6366,link
kiesdries:3402,action_radar_europe:195,forward
kiesdries:3371,resum25:58,forward
kiesdries:3349,resum25:39,forward
kiesdries:3298,kiesdries:3294,reply
resum25:37,martinsellner_english:625,forward
resum25:36,martinsellner_english:622,forward
returntothelandozarks:90,returntothelandozarks:89,reply
casosaislados:22935,casosaislados:22844,reply
casosaislados:22904,casosaislados:22883,reply
casosaislados:22877,casosaislados:22746,reply
casosaislados:22876,casosaislados:22824,reply
casosaislados:22796,casosaislados:22772,reply
casosaislados:22787,casosaislados:22708,reply
casosaislados:22773,casosaislados:22771,reply
casosaislados:22763,casosaislados:22742,reply
casosaislados:22756,casosaislados:22716,reply
casosaislados:22742,casosaislados:22724,reply
casosaislados:22733,casosaislados:22714,reply
action_radar_europe:193,resum25:58,forward
action_radar_europe:187,kiesdries:3350,forward
action_radar_europe:185,resum25:14,forward
action_radar_europe:184,resum25:13,forward
action_radar_europe:183,action_radar_europe:182,reply
action_radar_europe:182,resum25:10,forward
action_radar_europe:181,resum25:9,forward
action_radar_europe:139,g_identitari:2132,forward
action_radar_europe:102,jungetat:454,link
jungetat:617,action_radar_europe:195,forward
jungetat:595,action_radar_europe:192,forward
jungetat:389,action_radar_europe:47,forward
pox_populi:9023,casapoundufficiale:6402,forward
pox_populi:8995,martinsellner_english:671,forward
pox_populi:8990,identitaeuropeai:3018,forward
pox_populi:8984,action_radar_europe:194,forward
pox_populi:8971,resum25:45,forward
pox_populi:8872,pox_populi:8871,reply
pox_populi:8752,pox_populi:8751,reply
mementoauderesempermas:2002,mementoauderesempermas:2001,reply
mementoauderesempermas:1903,mementoauderesempermas:1902,reply
mementoauderesempermas:1888,mementoauderesempermas:1887,reply
mementoauderesempermas:1863,mementoauderesempermas:1862,reply
matt1news:12630,matt1news:12629,reply
matt1news:12629,matt1news:12628,reply
matt1news:12628,matt1news:12625,reply
matt1news:12620,matt1news:12618,reply
matt1news:12547,matt1news:12546,reply
matt1news:12537,matt1news:12536,reply
matt1news:12536,matt1news:12535,reply
matt1news:12520,matt1news:12513,reply
matt1news:12511,matt1news:12505,reply
matt1news:12488,matt1news:12480,reply
matt1news:12466,matt1news:12436,reply
matt1news:12465,matt1news:12464,reply
matt1news:12439,matt1news:12438,reply
matt1news:12428,matt1news:12424,reply
matt1news:12423,matt1news:12422,reply
matt1news:12421,matt1news:12406,reply
matt1news:12413,matt1news:12398,reply
matt1news:12400,matt1news:12398,reply
matt1news:12387,matt1news:12386,reply
matt1news:12348,matt1news:12341,reply
matt1news:12340,matt1news:12337,reply
poleconnect:5854,voxeuropaherald:1115,forward
poleconnect:5658,martinsellner_english:754,forward
poleconnect:5615,martinsellner_english:742,forward
poleconnect:5610,martinsellner_english:738,forward
poleconnect:5609,martinsellner_english:737,forward
poleconnect:5596,martinsellner_english:727,forward
g_identitari:2320,jungetat:697,forward
g_identitari:2319,action_radar_europe:216,forward
g_identitari:2309,action_radar_europe:214,forward
g_identitari:2306,action_radar_europe:211,forward
g_identitari:2277,action_radar_europe:202,forward
g_identitari:2273,action_radar_europe:195,forward
g_identitari:2270,voxeuropaherald:862,forward
g_identitari:2264,resum25:56,forward
g_identitari:2263,resum25:54,forward
g_identitari:2258,resum25:49,forward
g_identitari:2245,g_identitari:2244,reply
g_identitari:2244,resum25:10,forward
g_identitari:2243,resum25:9,forward
g_identitari:2242,action_radar_europe:180,forward
g_identitari:2224,action_radar_europe:177,forward
g_identitari:1937,action_radar_europe:75,forward
g_identitari:1787,action_radar_europe:15,forward
g_identitari:1772,action_radar_europe:7,forward
matbrandi:8262,proitalia_org:3960,forward
matbrandi:8258,proitalia_org:3957,forward
matbrandi:8257,proitalia_org:3956,forward
matbrandi:8252,proitalia_org:3953,forward
matbrandi:8250,proitalia_org:3952,forward
matbrandi:8249,proitalia_org:3949,forward
matbrandi:8246,proitalia_org:3944,forward
matbrandi:8240,proitalia_org:3943,forward
matbrandi:8239,proitalia_org:3942,forward
matbrandi:8238,proitalia_org:3941,forward
matbrandi:8235,matbrandi:8013,forward
matbrandi:8233,proitalia_org:3938,forward
matbrandi:8231,proitalia_org:3937,forward
matbrandi:8227,proitalia_org:3935,forward
matbrandi:8224,proitalia_org:3932,forward
matbrandi:8221,proitalia_org:3930,forward
matbrandi:8218,proitalia_org:3929,forward
matbrandi:8215,proitalia_org:3927,forward
matbrandi:8211,proitalia_org:3924,forward
matbrandi:8207,proitalia_org:3923,forward
matbrandi:8205,proitalia_org:3922,forward
matbrandi:8203,proitalia_org:3921,forward
matbrandi:8196,proitalia_org:3916,forward
matbrandi:8193,proitalia_org:3913,forward
matbrandi:8192,proitalia_org:3912,forward
matbrandi:8191,proitalia_org:3911,forward
matbrandi:8189,proitalia_org:3910,forward
matbrandi:8187,proitalia_org:3909,forward
matbrandi:8186,proitalia_org:3908,forward
matbrandi:8183,proitalia_org:3905,forward
matbrandi:8180,proitalia_org:3903,forward
matbrandi:8175,proitalia_org:3901,forward
matbrandi:8173,proitalia_org:3900,forward
matbrandi:8171,proitalia_org:3897,forward
matbrandi:8168,proitalia_org:3896,forward
matbrandi:8165,proitalia_org:3895,forward
matbrandi:8164,proitalia_org:3894,forward
matbrandi:8161,proitalia_org:3891,forward
matbrandi:8159,proitalia_org:3889,forward
matbrandi:8156,matbrandi:8013,forward
matbrandi:8154,proitalia_org:3886,forward
matbrandi:8150,proitalia_org:3884,forward
matbrandi:8145,proitalia_org:3882,forward
matbrandi:8144,proitalia_org:3880,forward
matbrandi:8140,proitalia_org:3876,forward
matbrandi:8136,proitalia_org:3874,forward
matbrandi:8133,proitalia_org:3872,forward
matbrandi:8128,terracava2:1539,forward
matbrandi:8123,proitalia_org:3866,forward
matbrandi:8114,proitalia_org:3863,forward
matbrandi:8113,proitalia_org:3862,forward
matbrandi:8106,proitalia_org:3858,forward
matbrandi:8104,proitalia_org:3857,forward
matbrandi:8103,proitalia_org:3856,forward
matbrandi:8102,proitalia_org:3855,forward
matbrandi:8100,proitalia_org:3854,forward
matbrandi:8098,proitalia_org:3853,forward
matbrandi:8096,proitalia_org:3852,forward
matbrandi:8095,matbrandi:8013,forward
matbrandi:8093,proitalia_org:3851,forward
matbrandi:8088,proitalia_org:3849,forward
matbrandi:8085,proitalia_org:3847,forward
matbrandi:8082,proitalia_org:3845,forward
matbrandi:8080,proitalia_org:3843,forward
matbrandi:8076,proitalia_org:3841,forward
matbrandi:8073,proitalia_org:3839,forward
matbrandi:8069,proitalia_org:3837,forward
matbrandi:8067,proitalia_org:3835,forward
matbrandi:8064,proitalia_org:3834,forward
matbrandi:8059,proitalia_org:3829,forward
matbrandi:8057,proitalia_org:3828,forward
matbrandi:8052,proitalia_org:3825,forward
matbrandi:8050,proitalia_org:3823,forward
matbrandi:8046,proitalia_org:3821,forward
matbrandi:8043,proitalia_org:3819,forward
matbrandi:8041,proitalia_org:3818,forward
matbrandi:8037,proitalia_org:3816,forward
matbrandi:8035,proitalia_org:3815,forward
matbrandi:8032,proitalia_org:3814,forward
matbrandi:8026,proitalia_org:3812,forward
matbrandi:8022,proitalia_org:3810,forward
matbrandi:8020,proitalia_org:3809,forward
matbrandi:8018,proitalia_org:3807,forward
matbrandi:8012,proitalia_org:3804,forward
matbrandi:8010,proitalia_org:3803,forward
matbrandi:8004,proitalia_org:3801,forward
matbrandi:8003,proitalia_org:3800,forward
matbrandi:8002,proitalia_org:3799,forward
matbrandi:8000,proitalia_org:3796,forward
matbrandi:7998,proitalia_org:3797,forward
matbrandi:7995,proitalia_org:3794,forward
matbrandi:7993,proitalia_org:3792,forward
matbrandi:7983,proitalia_org:3789,forward
matbrandi:7981,proitalia_org:3788,forward
matbrandi:7980,proitalia_org:3787,forward
matbrandi:7977,proitalia_org:3786,forward
matbrandi:7975,proitalia_org:3785,forward
matbrandi:7974,proitalia_org:3784,forward
matbrandi:7968,proitalia_org:3779,forward
matbrandi:7966,proitalia_org:3777,forward
matbrandi:7961,proitalia_org:3775,forward
matbrandi:7959,proitalia_org:3774,forward
matbrandi:7958,proitalia_org:3773,forward
matbrandi:7957,proitalia_org:3772,forward
bloccoverona:1828,ilmastinoverona:2891,forward
bloccoverona:1822,ilmastinoverona:2881,forward
bloccoverona:1820,bloccostudentesconazionale:9060,forward
bloccoverona:1819,bloccostudentesconazionale:9059,forward
bloccoverona:1812,ilmastinoverona:2871,forward
bloccoverona:1809,bloccostudentesconazionale:8971,forward
bloccoverona:1802,bloccostudentesconazionale:8946,forward
bloccoverona:1801,ilmastinoverona:2859,forward
bloccoverona:1800,ilmastinoverona:2858,forward
bloccoverona:1799,bloccostudentesconazionale:8927,forward
bloccoverona:1797,bloccostudentesconazionale:8913,forward
bloccoverona:1792,ilmastinoverona:2849,forward
bloccoverona:1791,ilmastinoverona:2848,forward
bloccoverona:1785,bloccostudentesconazionale:8902,forward
bloccoverona:1784,bloccostudentesconazionale:8901,forward
bloccoverona:1783,bloccostudentesconazionale:8889,forward
bloccoverona:1777,bloccostudentesconazionale:8806,forward
bloccoverona:1776,bloccostudentesconazionale:8800,forward
bloccoverona:1773,ilmastinoverona:2828,forward
bloccoverona:1769,casapoundufficiale:6460,forward
bloccoverona:1703,ilmastinoverona:2753,forward
bloccoverona:1688,ilmastinoverona:2713,forward
bloccoverona:1676,ilmastinoverona:2700,forward
bloccoverona:1662,ilmastinoverona:2661,forward
bloccoverona:1659,ilmastinoverona:2654,forward
bloccoverona:1652,ilmastinoverona:2635,forward
bloccoverona:1648,ilmastinoverona:2621,forward
bloccoverona:1635,ilmastinoverona:2603,forward
bloccoverona:1628,comitedu9mai:380,forward
jewishcontributions:278,jewishcontributions:250,link
jewishcontributions:278,jewishcontributions:248,link
imperiumpressofficial:4856,hearthfireradio:371,forward
thuletide:7661,thuletide:7659,reply
thuletide:7659,thuletide:7657,link
thuletide:7658,thuletide:7657,link
thuletide:7657,thuletide:7615,link
thuletide:7655,thuletide:7650,link
thuletide:7651,thuletide:7638,link
thuletide:7650,thuletide:7647,link
thuletide:7650,thuletide:7456,link
thuletide:7625,thuletide:7624,link
thuletide:7607,thuletide:7436,link
thuletide:7607,thuletide:7488,link
thuletide:7601,thuletide:7599,link
thuletide:7594,thuletide:7588,link
thuletide:7565,thuletide:7530,link
thuletide:7530,thuletide:7526,link
thuletide:7526,thuletide:7522,link
thuletide:7525,thuletide:7522,link
thuletide:7518,thuletide:7513,link
thuletide:7517,thuletide:7516,link
thuletide:7452,thuletide:7449,link
thuletide:7449,thuletide:7446,link
thuletide:7443,thuletide:7440,link
thuletide:7419,thuletide:7418,link
germanic_religion:791,survivethejive:8943,forward
germanic_religion:787,aehtemen:347,forward
germanic_religion:781,sagnamadr:3690,forward
germanic_religion:777,germanic_religion:729,forward
germanic_religion:772,germanic_religion:771,reply
germanic_religion:771,sagnamadr:3648,forward
germanic_religion:768,sagnamadr:3646,forward
germanic_religion:752,germanicpaganism:270,forward
germanic_religion:751,sagnamadr:3474,forward
germanic_religion:745,germanic_religion:743,reply
germanic_religion:744,thechadpastoralist:3194,forward
germanic_religion:727,germanic_religion:632,reply
germanic_religion:719,germanic_religion:717,reply
germanic_religion:718,aehtemen:241,forward
germanic_religion:711,thechadpastoralist:3181,forward
germanic_religion:709,thechadpastoralist:3180,forward
germanic_religion:693,thechadpastoralist:3162,forward
germanic_religion:685,germanic_religion:684,reply
germanic_religion:653,einherischannel:102,forward
germanic_religion:635,germanicpaganism:489,forward
germanic_religion:631,thechadpastoralist:3063,forward
germanic_religion:621,germanic_religion:620,reply
germanic_religion:591,germanic_religion:589,reply
germanic_religion:566,germanic_religion:565,reply
germanic_religion:548,germanic_religion:547,reply
germanic_religion:544,germanic_religion:543,reply
germanic_religion:535,germanic_religion:510,reply
germanic_religion:520,germanicpaganism:420,forward
germanic_religion:519,germanicpaganism:419,forward
germanic_religion:514,hollebrauch:26,forward
germanic_religion:511,germanic_religion:510,reply
germanic_religion:509,germanic_religion:508,reply
germanic_religion:503,germanic_religion:502,reply
hearthfireradio:324,aehtemen:290,forward
hearthfireradio:322,thewessexnomad:1324,forward
hearthfireradio:321,hearthfireradio:320,reply
hearthfireradio:264,thewessexnomad:1244,forward
hearthfireradio:241,thewessexnomad:1221,link
hearthfireradio:232,thewessexnomad:1216,forward
hearthfireradio:202,thewessexnomad:1145,forward
hearthfireradio:148,hearthfireradio:137,link
hearthfireradio:135,hearthfireradio:133,reply
hearthfireradio:67,hearthfireradio:64,link
aiwenxd:9344,aiwenxd:9342,reply
aiwenxd:9325,aiwenxd:9165,reply
aiwenxd:9281,aiwenxd:9262,reply
aiwenxd:9245,aiwenxd:9244,reply
aiwenxd:9244,aiwenxd:9243,reply
aiwenxd:9242,aiwenxd:9241,reply
aiwenxd:9241,aiwenxd:9240,reply
aiwenxd:9238,aiwenxd:9237,reply
aiwenxd:9236,aiwenxd:9235,reply
aiwenxd:9206,aiwenxd:9205,reply
aiwenxd:9204,aiwenxd:9203,reply
aiwenxd:9203,aiwenxd:9202,reply
aiwenxd:9198,aiwenxd:9197,reply
aiwenxd:9196,aiwenxd:9194,reply
aiwenxd:9195,aiwenxd:9194,reply
hollebrauch:71,sagnamadr:3472,forward
einherischannel:98,einherischannel:97,reply
einherischannel:88,einherischannel:87,reply
einherischannel:86,einherischannel:44,link
einherischannel:86,einherischannel:53,link
einherischannel:64,einherischannel:11,forward
einherischannel:63,einherischannel:5,forward
einherischannel:57,einherischannel:53,link
einherischannel:55,einherischannel:48,link
einherischannel:53,einherischannel:50,link
einherischannel:53,einherischannel:48,link
einherischannel:50,einherischannel:48,reply
einherischannel:49,einherischannel:48,link
einherischannel:48,einherischannel:28,link
einherischannel:46,einherischannel:42,link
einherischannel:45,einherischannel:42,reply
einherischannel:44,einherischannel:42,reply
einherischannel:43,einherischannel:42,reply
einherischannel:41,einherischannel:40,reply
einherischannel:40,einherischannel:38,reply
einherischannel:31,einherischannel:30,reply
einherischannel:20,einherischannel:19,reply
einherischannel:16,einherischannel:13,reply
einherischannel:15,einherischannel:12,reply
einherischannel:13,einherischannel:12,reply
einherischannel:9,einherischannel:8,reply
aehtemen:349,sagnamadr:3723,forward
aehtemen:344,aehtemen:270,link
aehtemen:332,sagnamadr:3663,forward
aehtemen:330,sagnamadr:3652,forward
aehtemen:329,aehtemen:259,forward
aehtemen:321,aehtemen:319,link
aehtemen:314,aehtemen:201,forward
aehtemen:298,aehtemen:293,link
aehtemen:294,sagnamadr:3510,forward
aehtemen:289,aehtemen:45,forward
aehtemen:288,aehtemen:70,forward
aehtemen:280,aehtemen:99,forward
aehtemen:278,thewessexnomad:1318,forward
aehtemen:277,sagnamadr:3446,link
aehtemen:277,aehtemen:85,link
aehtemen:276,sagnamadr:3446,forward
aehtemen:265,aehtemen:117,forward
aehtemen:231,aehtemen:230,link
aehtemen:228,aehtemen:74,link
aehtemen:138,aehtemen:130,link
aehtemen:84,thewessexnomad:1145,forward
aehtemen:47,germanic_religion:650,forward
aehtemen:43,hearthfireradio:195,link
aehtemen:42,thechadpastoralist:3095,forward
thechadpastoralist:3261,thechadpastoralist:2929,link
thechadpastoralist:3255,sagnamadr:3686,forward
thechadpastoralist:3254,aehtemen:343,forward
thechadpastoralist:3248,aehtemen:323,forward
thechadpastoralist:3241,sagnamadr:3626,forward
thechadpastoralist:3240,hollebrauch:91,forward
thechadpastoralist:3236,sagnamadr:3597,link
thechadpastoralist:3207,aehtemen:279,forward
thechadpastoralist:3192,thechadpastoralist:3170,link
thechadpastoralist:3171,thechadpastoralist:3170,link
thechadpastoralist:3164,aehtemen:200,forward
thechadpastoralist:3157,aehtemen:181,forward
thechadpastoralist:3141,thechadpastoralist:3066,forward
thechadpastoralist:3104,thechadpastoralist:3103,link
thechadpastoralist:3087,germanicpaganism:491,forward
thechadpastoralist:3085,thechadpastoralist:3082,link
thechadpastoralist:3065,thebeakergirl:309,link
thechadpastoralist:3054,thechadpastoralist:2993,link
thechadpastoralist:3054,thechadpastoralist:3019,link
thechadpastoralist:3054,thechadpastoralist:3010,link
thechadpastoralist:3054,thechadpastoralist:2970,link
thechadpastoralist:3054,thechadpastoralist:3036,link
thechadpastoralist:3054,thechadpastoralist:3017,link
thechadpastoralist:3054,thechadpastoralist:3017,link
thechadpastoralist:3054,thechadpastoralist:2964,link
thechadpastoralist:3054,thechadpastoralist:2974,link
thechadpastoralist:3054,thechadpastoralist:3024,link
thechadpastoralist:3051,thechadpastoralist:2957,link
thechadpastoralist:3037,germanicpaganism:440,forward
thechadpastoralist:3026,germanicpaganism:434,forward
thechadpastoralist:3024,thechadpastoralist:2970,link
thechadpastoralist:3019,germanicpaganism:419,link
thechadpastoralist:3019,germanicpaganism:420,link
thechadpastoralist:2947,germanicpaganism:364,forward
thechadpastoralist:2943,germanicpaganism:357,forward
thechadpastoralist:2933,thechadpastoralist:2929,link
sagnamadr:3738,sagnamadr:3737,reply
sagnamadr:3737,survivethejive:8960,forward
sagnamadr:3705,hammerandvajra:4868,forward
sagnamadr:3674,hearthfireradio:357,forward
sagnamadr:3624,hammerandvajra:4726,forward
sagnamadr:3617,hammerandvajra:4724,forward
sagnamadr:3613,sagnamadr:3609,reply
sagnamadr:3553,hammerandvajra:4639,forward
sagnamadr:3541,hammerandvajra:4616,forward
sagnamadr:3523,hammerandvajra:4623,forward
ansuzsociety:239,sagnamadr:3631,forward
ansuzsociety:231,hammerandvajra:4672,forward
ansuzsociety:221,survivethejive:8705,forward
hammerandvajra:4910,sagnamadr:3740,forward
hammerandvajra:4899,sagnamadr:3738,forward
hammerandvajra:4899,hammerandvajra:4898,reply
hammerandvajra:4898,survivethejive:8960,forward
hammerandvajra:4895,hammerandvajra:4889,reply
hammerandvajra:4889,hammerandvajra:4895,link
hammerandvajra:4886,aehtemen:350,forward
hammerandvajra:4884,genoshistoria:1150,forward
hammerandvajra:4882,survivethejive:8932,forward
hammerandvajra:4877,sagnamadr:3717,forward
hammerandvajra:4875,sagnamadr:3710,link
hammerandvajra:4875,hammerandvajra:4868,reply
hammerandvajra:4874,hammerandvajra:4873,reply
hammerandvajra:4866,sagnamadr:3703,link
hammerandvajra:4866,hammerandvajra:4859,reply
hammerandvajra:4864,hammerandvajra:4863,reply
hammerandvajra:4854,genoshistoria:1144,forward
hammerandvajra:4853,genoshistoria:1143,forward
hammerandvajra:4852,genoshistoria:1142,forward
hammerandvajra:4851,genoshistoria:1141,forward
hammerandvajra:4850,genoshistoria:1145,forward
hammerandvajra:4848,sagnamadr:3696,link
hammerandvajra:4848,hammerandvajra:4839,reply
hammerandvajra:4845,sagnamadr:3693,forward
hammerandvajra:4844,germanic_religion:729,forward
hammerandvajra:4840,hammerandvajra:4839,reply
hammerandvajra:4837,hammerandvajra:4836,reply
hammerandvajra:4836,hammerandvajra:4837,link
hammerandvajra:4828,sagnamadr:3666,forward
hammerandvajra:4824,sagnamadr:3665,forward
hammerandvajra:4821,survivethejive:8882,forward
hammerandvajra:4820,survivethejive:8901,forward
hammerandvajra:4819,sagnamadr:3657,forward
hammerandvajra:4816,hammerandvajra:4815,reply
hammerandvajra:4806,sagnamadr:3653,forward
hammerandvajra:4802,sagnamadr:3652,forward
hammerandvajra:4800,hammerandvajra:4797,reply
hammerandvajra:4799,sagnamadr:3628,forward
hammerandvajra:4798,genoshistoria:1139,forward
hammerandvajra:4797,genoshistoria:1138,forward
hammerandvajra:4795,hammerandvajra:4784,reply
hammerandvajra:4794,ansuzsociety:241,forward
hammerandvajra:4782,hammerandvajra:4780,reply
hammerandvajra:4780,hammerandvajra:4777,reply
hammerandvajra:4777,hammerandvajra:4775,reply
hammerandvajra:4771,hammerandvajra:4770,reply
hammerandvajra:4769,hammerandvajra:4768,reply
hammerandvajra:4759,hammerandvajra:4758,reply
hammerandvajra:4758,hammerandvajra:4759,link
hammerandvajra:4757,ansuzsociety:223,forward
hammerandvajra:4733,sagnamadr:3631,forward
hammerandvajra:4729,hammerandvajra:4728,reply
hammerandvajra:4727,hammerandvajra:4726,reply
hammerandvajra:4723,hammerandvajra:4721,reply
hammerandvajra:4721,thechadpastoralist:3238,forward
hammerandvajra:4719,sagnamadr:3606,forward
hammerandvajra:4715,hammerandvajra:4714,reply
hammerandvajra:4714,hammerandvajra:4715,link
hammerandvajra:4714,hammerandvajra:4711,reply
hammerandvajra:4713,hammerandvajra:4712,reply
hammerandvajra:4712,hammerandvajra:4713,link
hammerandvajra:4711,hammerandvajra:4710,reply
hammerandvajra:4710,hammerandvajra:4711,link
hammerandvajra:4709,hammerandvajra:4707,reply
hammerandvajra:4707,hammerandvajra:4709,link
hammerandvajra:4706,hammerandvajra:4705,reply
hammerandvajra:4689,hammerandvajra:4688,reply
hammerandvajra:4679,sagnamadr:3580,forward
hammerandvajra:4678,hammerandvajra:4676,reply
hammerandvajra:4677,hammerandvajra:4676,reply
hammerandvajra:4663,hammerandvajra:4662,reply
hammerandvajra:4662,sagnamadr:3568,forward
hammerandvajra:4660,hammerandvajra:4659,reply
hammerandvajra:4653,hammerandvajra:4650,reply
hammerandvajra:4650,hammerandvajra:4653,link
hammerandvajra:4650,hammerandvajra:4641,reply
hammerandvajra:4649,sagnamadr:3557,forward
hammerandvajra:4643,hammerandvajra:4642,reply
hammerandvajra:4642,hammerandvajra:4643,link
hammerandvajra:4632,sagnamadr:3516,forward
hammerandvajra:4622,survivethejive:8778,forward
maptism:75,maptism:69,reply
maptism:55,maptism:54,reply
maptism:38,maptism:4,reply
gothorum1996:12325,evavlaardingerbroek:1319,forward
gothorum1996:12319,evavlaardingerbroek:1316,forward
vaultofsecrets88:19113,vaultofsecrets88:19114,link
vaultofsecrets88:19099,vaultofsecrets88:19098,link
vaultofsecrets88:18855,realwelshnationalist:21009,forward
thebeakergirl:547,genoshistoria:1138,forward
thebeakergirl:546,maptism:64,forward
thebeakergirl:544,maptism:15,forward
thebeakergirl:541,maptism:12,forward
thebeakergirl:331,genoshistoria:935,forward
thebeakergirl:330,genoshistoria:934,forward
thebeakergirl:317,genoshistoria:933,forward
thebeakergirl:314,genoshistoria:925,forward
thebeakergirl:302,genoshistoria:898,forward
thebeakergirl:298,genoshistoria:895,forward
thebeakergirl:268,genoshistoria:876,forward
genoshistoria:1151,survivethejive:8932,forward
genoshistoria:1136,maptism:80,forward
genoshistoria:1116,maptism:29,forward
genoshistoria:1035,thebeakergirl:381,forward
genoshistoria:984,thebeakergirl:354,forward
genoshistoria:940,thebeakergirl:334,forward
genoshistoria:915,thebeakergirl:306,forward
genoshistoria:912,thebeakergirl:305,forward
genoshistoria:875,thebeakergirl:267,forward
genoshistoria:872,thebeakergirl:264,forward
genoshistoria:867,thebeakergirl:257,forward
genoshistoria:865,thebeakergirl:252,forward
genoshistoria:864,thebeakergirl:251,forward
odal24:17419,odal24:17363,reply
odal24:17379,odal24:17363,reply
odal24:17347,odal24:17333,reply
odal24:17322,odal24:17321,reply
odal24:17296,thebeakergirl:449,link
odal24:17290,odal24:17278,reply
odal24:17273,sagnamadr:3626,link
odal24:17200,odal24:17199,reply
odal24:17199,odal24:17198,reply
odal24:17180,odal24:17177,reply
odal24:17157,odal24:17132,link
odal24:17157,odal24:17151,reply
odal24:17151,odal24:17132,reply
odal24:17135,odal24:17132,reply
germanicpaganism:499,germanic_religion:652,forward
germanicpaganism:495,thechadpastoralist:3100,forward
germanicpaganism:480,thechadpastoralist:3066,forward
germanicpaganism:465,germanicpaganism:250,forward
germanicpaganism:442,thechadpastoralist:3044,forward
germanicpaganism:432,thechadpastoralist:2970,link
germanicpaganism:432,thechadpastoralist:3024,forward
germanicpaganism:430,germanicpaganism:419,link
germanicpaganism:430,germanicpaganism:420,link
germanicpaganism:430,thechadpastoralist:3019,forward
germanicpaganism:416,hollebrauch:29,forward
germanicpaganism:414,germanicpaganism:408,reply
germanicpaganism:398,germanicpaganism:391,reply
germanicpaganism:386,thechadpastoralist:2957,forward
germanicpaganism:385,thechadpastoralist:2956,forward
germanicpaganism:351,thechadpastoralist:2937,forward
germanicpaganism:328,hollebrauch:5,forward
germanicpaganism:325,hollebrauch:3,forward
redbadshall:342,thechadpastoralist:3194,link
redbadshall:340,thewessexnomad:1273,forward
redbadshall:339,thewessexnomad:1239,link
redbadshall:334,thechadpastoralist:3103,forward
redbadshall:329,redbadshall:328,reply
redbadshall:327,redbadshall:326,reply
redbadshall:309,germanicpaganism:296,forward
redbadshall:295,redbadshall:294,reply
redbadshall:169,redbadshall:167,reply
redbadshall:162,redbadshall:161,reply
redbadshall:134,redbadshall:133,reply
redbadshall:131,redbadshall:123,link
redbadshall:47,redbadshall:46,reply
thewessexnomad:1381,aehtemen:322,forward
thewessexnomad:1377,hearthfireradio:345,forward
thewessexnomad:1373,aehtemen:201,forward
thewessexnomad:1372,hearthfireradio:342,forward
thewessexnomad:1361,aehtemen:306,forward
thewessexnomad:1359,sagnamadr:3577,forward
thewessexnomad:1355,aehtemen:293,link
thewessexnomad:1355,aehtemen:298,forward
thewessexnomad:1327,hearthfireradio:320,forward
thewessexnomad:1325,aehtemen:283,forward
thewessexnomad:1315,aehtemen:272,forward
thewessexnomad:1314,hearthfireradio:306,forward
thewessexnomad:1238,hearthfireradio:261,forward
thewessexnomad:1236,aehtemen:210,forward
thewessexnomad:1230,hearthfireradio:249,forward
thewessexnomad:1228,hearthfireradio:246,forward
thewessexnomad:1222,thewessexnomad:1221,link
thewessexnomad:1204,hearthfireradio:221,forward
thewessexnomad:1202,aehtemen:143,forward
thewessexnomad:1199,hearthfireradio:220,forward
thewessexnomad:1196,aehtemen:139,forward
thewessexnomad:1189,aehtemen:135,forward
thewessexnomad:1175,hearthfireradio:213,forward
thewessexnomad:1166,hearthfireradio:208,forward
thewessexnomad:1163,aehtemen:107,forward
thewessexnomad:1149,aehtemen:91,forward
thewessexnomad:1146,aehtemen:85,forward
thewessexnomad:1144,aehtemen:82,forward
thewessexnomad:1142,hearthfireradio:200,forward
thewessexnomad:1136,hearthfireradio:195,link
thewessexnomad:1136,aehtemen:43,forward
thewessexnomad:1132,hearthfireradio:195,forward
vinniesullivan:34737,vinniesullivan:34666,reply
vinniesullivan:34620,vinniesullivan:34619,reply
thexyztelegram:9070,noticernews:2346,forward
thexyztelegram:9068,noticernews:2337,forward
thexyztelegram:9064,noticernews:2326,forward
thexyztelegram:9057,noticernews:2314,forward
thexyztelegram:9056,noticernews:2306,forward
thexyztelegram:9039,noticernews:2209,forward
thexyztelegram:9037,noticernews:2197,forward
theferrymanstoll:18609,theferrymanstoll:18608,reply
theferrymanstoll:18608,kiesdries:3524,forward
theferrymanstoll:18606,theferrymanstoll:18605,reply
theferrymanstoll:18604,theferrymanstoll:18602,reply
theferrymanstoll:18603,theferrymanstoll:18602,reply
theferrymanstoll:18599,theferrymanstoll:18483,forward
theferrymanstoll:18596,theferrymanstoll:18595,reply
theferrymanstoll:18587,noticernews:2438,forward
theferrymanstoll:18578,theferrymanstoll:18577,reply
theferrymanstoll:18574,theferrymanstoll:18573,reply
theferrymanstoll:18572,whitevanguard1:556,forward
theferrymanstoll:18565,theferrymanstoll:18564,reply
theferrymanstoll:18562,theferrymanstoll:18560,reply
theferrymanstoll:18558,theferrymanstoll:18547,reply
theferrymanstoll:18557,theferrymanstoll:18556,reply
theferrymanstoll:18551,noticernews:2415,forward
theferrymanstoll:18548,theferrymanstoll:18547,reply
theferrymanstoll:18543,theferrymanstoll:18542,reply
theferrymanstoll:18534,theferrymanstoll:18533,reply
theferrymanstoll:18529,markacollett:18519,forward
theferrymanstoll:18528,theferrymanstoll:18527,reply
theferrymanstoll:18524,realblaircottrell:6655,forward
theferrymanstoll:18519,theferrymanstoll:18518,reply
theferrymanstoll:18507,theferrymanstoll:18506,reply
theferrymanstoll:18500,theferrymanstoll:18499,reply
theferrymanstoll:18493,theferrymanstoll:18492,reply
theferrymanstoll:18489,theferrymanstoll:18488,reply
theferrymanstoll:18487,theferrymanstoll:18486,reply
theferrymanstoll:18483,theferrymanstoll:18482,reply
theferrymanstoll:18480,theferrymanstoll:18479,reply
theferrymanstoll:18478,theferrymanstoll:18477,reply
theferrymanstoll:18473,theferrymanstoll:18472,reply
theferrymanstoll:18468,theferrymanstoll:18467,reply
theferrymanstoll:18462,theferrymanstoll:18461,reply
theferrymanstoll:18461,theferrymanstoll:18460,reply
theferrymanstoll:18460,noticernews:2377,forward
theferrymanstoll:18454,theferrymanstoll:18453,reply
theferrymanstoll:18453,noticernews:2365,forward
theferrymanstoll:18448,theferrymanstoll:18447,reply
theferrymanstoll:18447,theferrymanstoll:18446,reply
theferrymanstoll:18441,theferrymanstoll:18440,reply
theferrymanstoll:18438,theferrymanstoll:18434,reply
theferrymanstoll:18430,theferrymanstoll:18429,reply
theferrymanstoll:18424,theferrymanstoll:18423,reply
theferrymanstoll:18420,noticernews:2346,forward
theferrymanstoll:18414,theferrymanstoll:18413,reply
theferrymanstoll:18413,theferrymanstoll:18412,reply
theferrymanstoll:18407,theferrymanstoll:18406,reply
theferrymanstoll:18395,theferrymanstoll:18394,reply
theferrymanstoll:18394,noticernews:2325,forward
theferrymanstoll:18385,noticernews:2314,forward
theferrymanstoll:18383,theferrymanstoll:18381,reply
theferrymanstoll:18380,whitevanguard1:497,forward
theferrymanstoll:18377,theferrymanstoll:18376,reply
theferrymanstoll:18376,noticernews:2306,forward
theferrymanstoll:18364,theferrymanstoll:18363,reply
theferrymanstoll:18345,informationliberation:4577,forward
theferrymanstoll:18343,theferrymanstoll:18342,reply
theferrymanstoll:18341,theferrymanstoll:18340,reply
theferrymanstoll:18340,whitevanguard1:493,forward
theferrymanstoll:18337,theferrymanstoll:18336,reply
theferrymanstoll:18336,theferrymanstoll:18335,reply
theferrymanstoll:18331,theferrymanstoll:18328,reply
theferrymanstoll:18317,theferrymanstoll:18316,reply
stevelaws19:12802,zoomerhistorian:899,forward
stevelaws19:12789,devonstack:3304,forward
stevelaws19:12768,stevelaws19:12767,reply
stevelaws19:12730,stevelaws19:12728,link
stevelaws19:12686,voxeuropaherald:840,forward
stevelaws19:12683,stevelaws19:12681,reply
stevelaws19:12648,stevelaws19:12647,reply
stevelaws19:12619,martinsellner_english:581,forward
stevelaws19:12586,resum25:13,forward
stevelaws19:12585,zoomerhistorian:863,forward
stevelaws19:12554,stevelaws19:12553,reply
stevelaws19:12492,stevelaws19:12491,reply
redicetv:15462,redicetv:15460,reply
redicetv:15459,redicetv:15458,reply
redicetv:15452,survivethejive:8937,forward
redicetv:15451,theferrymanstoll:18545,forward
redicetv:15449,redicetv:15447,reply
redicetv:15443,redicetv:15442,reply
redicetv:15439,redicetv:15429,forward
redicetv:15437,informationliberation:4716,forward
redicetv:15427,redicetv:15425,reply
redicetv:15426,redicetv:15425,reply
redicetv:15421,redicetv:15417,reply
redicetv:15414,markacollett:18484,forward
redicetv:15412,noticernews:2377,forward
redicetv:15411,markacollett:18476,forward
redicetv:15402,redicetv:15389,forward
redicetv:15391,redicetv:15390,reply
redicetv:15388,informationliberation:4679,forward
redicetv:15374,sagnamadr:3679,forward
redicetv:15370,theferrymanstoll:18448,forward
redicetv:15361,redicetv:15359,reply
redicetv:15358,informationliberation:4636,forward
redicetv:15352,redicetv:15332,reply
redicetv:15346,redicetv:15345,reply
redicetv:15341,markacollett:18367,forward
redicetv:15337,redicetv:15336,reply
redicetv:15329,redicetv:15328,reply
redicetv:15323,nativistconcern:5908,forward
redicetv:15321,redicetv:15320,reply
redicetv:15318,thuletide:7616,forward
redicetv:15314,markacollett:18322,forward
redicetv:15301,redicetv:15299,reply
redicetv:15297,redicetv:15296,reply
redicetv:15295,redicetv:15294,reply
redicetv:15293,redicetv:15292,reply
redicetv:15292,theferrymanstoll:18358,forward
redicetv:15272,redicetv:15271,reply
redicetv:15270,redicetv:15269,reply
redicetv:15268,redicetv:15254,forward
redicetv:15265,redicetv:15263,reply
redicetv:15264,redicetv:15263,reply
redicetv:15260,informationliberation:4477,forward
redicetv:15258,saintharrison:13381,forward
redicetv:15248,kiesdries:3503,forward
redicetv:15246,redicetv:15245,reply
redicetv:15236,redicetv:15235,reply
redicetv:15230,redicetv:15227,reply
redicetv:15229,redicetv:15224,link
redicetv:15229,redicetv:15224,reply
redicetv:15214,patrioticalternativeofficial:13438,forward
redicetv:15213,informationliberation:4471,forward
redicetv:15212,informationliberation:4470,forward
redicetv:15211,redicetv:15210,reply
redicetv:15205,redicetv:15204,reply
redicetv:15200,redicetv:15197,reply
redicetv:15192,redicetv:15184,reply
redicetv:15190,redicetv:15189,reply
redicetv:15188,redicetv:15187,reply
redicetv:15186,redicetv:15185,reply
redicetv:15182,redicetv:15181,reply
whitelivesmatterofficial:13615,whitelivesmatterofficial:13614,reply
whitelivesmatterofficial:13602,markacollett:18484,forward
whitelivesmatterofficial:13583,markacollett:18416,forward
whitelivesmatterofficial:13576,ultrasnotreds8:1118,forward
whitelivesmatterofficial:13575,whitelivesmatterofficial:13574,reply
whitelivesmatterofficial:13573,ultrasnotreds8:1113,forward
whitelivesmatterofficial:13544,markacollett:18305,forward
whitelivesmatterofficial:13477,ultrasnotreds8:1073,link
whitelivesmatterofficial:13475,ultrasnotreds8:1072,forward
whitelivesmatterofficial:13333,whitelivesmatterofficial:13332,reply
whitelivesmatterofficial:13326,ultrasnotreds8:986,forward
"whitelivesmatterofficial
:13615","whitelivesmatterofficial
:13614",reply
"whitelivesmatterofficial
:13602",markacollett:18484,forward
"whitelivesmatterofficial
:13583",markacollett:18416,forward
"whitelivesmatterofficial
:13576",ultrasnotreds8:1118,forward
"whitelivesmatterofficial
:13575","whitelivesmatterofficial
:13574",reply
"whitelivesmatterofficial
:13573",ultrasnotreds8:1113,forward
"whitelivesmatterofficial
:13544",markacollett:18305,forward
"whitelivesmatterofficial
:13477",ultrasnotreds8:1073,link
"whitelivesmatterofficial
:13475",ultrasnotreds8:1072,forward
"whitelivesmatterofficial
:13333","whitelivesmatterofficial
:13332",reply
"whitelivesmatterofficial
:13326",ultrasnotreds8:986,forward
bloccostudentesconazionale:9066,casapoundufficiale:6642,forward
bloccostudentesconazionale:9053,ecodelnord:1392,forward
bloccostudentesconazionale:9036,bloccoverona:1817,forward
bloccostudentesconazionale:9016,ilprimatonazionaleipn:4521,forward
bloccostudentesconazionale:8987,ecodelnord:1381,forward
bloccostudentesconazionale:8965,ilprimatonazionaleipn:4482,forward
bloccostudentesconazionale:8914,casapoundufficiale:6533,forward
bloccostudentesconazionale:8818,bloccoverona:1779,forward
"wlm_eu_italy
:1439",whitelivesmatterofficial:13563,forward
whitelivesmatterofficial:13615,whitelivesmatterofficial:13614,reply
whitelivesmatterofficial:13602,markacollett:18484,forward
whitelivesmatterofficial:13583,markacollett:18416,forward
whitelivesmatterofficial:13576,ultrasnotreds8:1118,forward
whitelivesmatterofficial:13575,whitelivesmatterofficial:13574,reply
whitelivesmatterofficial:13573,ultrasnotreds8:1113,forward
whitelivesmatterofficial:13544,markacollett:18305,forward
whitelivesmatterofficial:13477,ultrasnotreds8:1073,link
whitelivesmatterofficial:13475,ultrasnotreds8:1072,forward
whitelivesmatterofficial:13333,whitelivesmatterofficial:13332,reply
whitelivesmatterofficial:13326,ultrasnotreds8:986,forward
wlm_eu_italy:1439,whitelivesmatterofficial:13563,forward
rossmueller_dissident:2162,danerikssonse:5301,forward
rossmueller_dissident:2154,evavlaardingerbroek:1331,forward
rossmueller_dissident:2146,evavlaardingerbroek:1325,forward
rossmueller_dissident:2145,evavlaardingerbroek:1325,forward
rossmueller_dissident:2143,unitynewsnetwork:26000,forward
rossmueller_dissident:2142,markacollett:18503,forward
rossmueller_dissident:2133,markacollett:18463,forward
rossmueller_dissident:2080,evavlaardingerbroek:1288,forward
rossmueller_dissident:1932,danerikssonse:5075,forward
realwelshnationalist:21156,markacollett:18606,forward
realwelshnationalist:21153,markacollett:18588,forward
realwelshnationalist:21147,traditionalbritaingroup:33629,forward
realwelshnationalist:21142,southafricareports:4713,forward
realwelshnationalist:21137,markacollett:18556,forward
realwelshnationalist:21123,unitynewsnetwork:26092,forward
realwelshnationalist:21121,markacollett:18516,forward
realwelshnationalist:21120,realblaircottrell:6655,forward
realwelshnationalist:21119,evavlaardingerbroek:1326,forward
realwelshnationalist:21097,markacollett:18466,forward
realwelshnationalist:21077,realblaircottrell:6646,forward
realwelshnationalist:21076,markacollett:18439,forward
realwelshnationalist:21063,patrioticalternativeofficial:13489,forward
realwelshnationalist:21057,lauratowler:7530,forward
realwelshnationalist:21052,lauratowler:7528,forward
realwelshnationalist:21052,patrioticalternativeofficial:13476,link
realwelshnationalist:21050,evavlaardingerbroek:1316,forward
realwelshnationalist:21048,evavlaardingerbroek:1316,forward
realwelshnationalist:21044,markacollett:18366,forward
realwelshnationalist:21043,southafricareports:4704,forward
realwelshnationalist:21030,southafricareports:4703,forward
realwelshnationalist:21012,markacollett:18309,forward
realwelshnationalist:21007,evavlaardingerbroek:1306,forward
realwelshnationalist:21004,southafricareports:4700,forward
realwelshnationalist:20998,noticernews:2245,forward
realwelshnationalist:20989,evavlaardingerbroek:1298,forward
realwelshnationalist:20981,realblaircottrell:6604,forward
realwelshnationalist:20980,noticernews:2234,forward
realwelshnationalist:20968,evavlaardingerbroek:1292,forward
realwelshnationalist:20967,evavlaardingerbroek:1291,forward
realwelshnationalist:20957,patrioticalternativeofficial:13438,forward
realwelshnationalist:20937,patrioticalternativeofficial:13432,forward
realwelshnationalist:20927,evavlaardingerbroek:1288,forward
realwelshnationalist:20871,evavlaardingerbroek:1279,forward
realwelshnationalist:20846,lauratowler:7438,forward
realwelshnationalist:20845,lauratowler:7437,forward
unitynewsnetwork:26269,jamesgoddardnews2:4255,forward
unitynewsnetwork:26226,rossmueller_dissident:2164,forward
unitynewsnetwork:26182,markacollett:18572,forward
unitynewsnetwork:26150,rossmueller_dissident:2159,forward
unitynewsnetwork:26090,traditionalbritaingroup:33494,forward
unitynewsnetwork:26081,jamesgoddardnews2:4202,forward
unitynewsnetwork:26055,rossmueller_dissident:2147,forward
unitynewsnetwork:26005,unitynewsnetwork:26000,forward
unitynewsnetwork:25986,markacollett:18432,forward
danerikssonse:5208,patrioticalternativeofficial:13398,forward
danerikssonse:5177,danerikssonse:5171,forward
danerikssonse:5082,danerikssonse:5081,reply
danerikssonse:5054,danerikssonse:5050,forward
jamesgoddardnews2:4258,traditionalbritaingroup:33768,forward
realblaircottrell:6665,noticernews:2444,link
realblaircottrell:6661,noticernews:2438,forward
realblaircottrell:6658,markacollett:18484,forward
realblaircottrell:6656,markacollett:18525,forward
realblaircottrell:6650,noticernews:2377,forward
realblaircottrell:6642,noticernews:2344,link
realblaircottrell:6641,noticernews:2334,forward
realblaircottrell:6638,noticernews:2317,link
realblaircottrell:6632,noticernews:2315,forward
realblaircottrell:6630,realblaircottrell:6627,reply
realblaircottrell:6625,noticernews:2303,forward
realblaircottrell:6611,noticernews:2270,link
realblaircottrell:6609,noticernews:2255,forward
realblaircottrell:6604,realblaircottrell:6603,reply
realblaircottrell:6603,noticernews:2234,forward
realblaircottrell:6591,noticernews:2209,forward
realblaircottrell:6588,noticernews:2202,forward
realblaircottrell:6565,realwelshnationalist:20882,forward
realblaircottrell:6563,nativistconcern:5836,forward
realblaircottrell:6562,noticernews:2149,forward
realblaircottrell:6433,realblaircottrell:6432,reply
realblaircottrell:6382,realblaircottrell:6381,reply
realblaircottrell:6358,realblaircottrell:6357,reply
realblaircottrell:6318,realblaircottrell:6317,reply
realblaircottrell:6305,realblaircottrell:6304,reply
saintharrison:13581,nativistconcern:6025,forward
saintharrison:13577,noticernews:2438,forward
saintharrison:13572,lauratowler:7546,forward
saintharrison:13563,unitynewsnetwork:26154,forward
saintharrison:13558,unitynewsnetwork:26085,forward
saintharrison:13557,markacollett:18549,forward
saintharrison:13553,warrenbalogh88:12838,forward
saintharrison:13552,survivethejive:8937,forward
saintharrison:13545,jackeltis:125,forward
saintharrison:13539,markacollett:18502,forward
saintharrison:13527,markacollett:18490,forward
saintharrison:13522,markacollett:18480,forward
saintharrison:13515,noticernews:2377,forward
saintharrison:13510,markacollett:18466,forward
saintharrison:13505,whitelaborstrikeww:5411,forward
saintharrison:13504,nativistconcern:5952,forward
saintharrison:13501,realwelshnationalist:21092,forward
saintharrison:13500,realwelshnationalist:21091,forward
saintharrison:13496,jackeltis:98,forward
saintharrison:13495,nativistconcern:5917,forward
saintharrison:13487,markacollett:18428,forward
saintharrison:13482,markacollett:18419,forward
saintharrison:13472,noticernews:2346,forward
saintharrison:13469,zoomerhistorian:909,forward
saintharrison:13467,markacollett:18390,forward
saintharrison:13465,markacollett:18393,forward
saintharrison:13456,markacollett:18372,forward
saintharrison:13454,noticernews:2326,forward
saintharrison:13453,lauratowler:7526,forward
saintharrison:13452,markacollett:18366,forward
saintharrison:13451,patrioticalternativeofficial:13473,forward
saintharrison:13449,noticernews:2320,forward
saintharrison:13446,lauratowler:7521,forward
saintharrison:13445,lauratowler:7520,forward
saintharrison:13444,underwaterlair:10577,forward
saintharrison:13440,realblaircottrell:6630,forward
saintharrison:13436,markacollett:18323,forward
saintharrison:13434,markacollett:18324,forward
saintharrison:13427,saintharrison:13421,link
saintharrison:13405,realwelshnationalist:21009,forward
saintharrison:13400,thewessexnomad:1382,forward
saintharrison:13392,nativistconcern:5883,forward
saintharrison:13384,informationliberation:4516,forward
saintharrison:13378,lauratowler:7494,forward
saintharrison:13375,jackeltis:50,forward
saintharrison:13369,saintharrison:13361,forward
saintharrison:13362,realblaircottrell:6605,forward
saintharrison:13355,realblaircottrell:6599,forward
saintharrison:13351,zoomerhistorian:902,forward
saintharrison:13344,realblaircottrell:6595,forward
saintharrison:13339,nativistconcern:5870,forward
saintharrison:13331,patrioticalternativeofficial:13438,forward
saintharrison:13328,informationliberation:4470,forward
saintharrison:13325,realblaircottrell:6589,forward
saintharrison:13322,noticernews:2202,forward
saintharrison:13315,lauratowler:7480,forward
saintharrison:13310,nativistconcern:5862,forward
englishnationalist1066:12397,traditionalbritaingroup:33761,forward
englishnationalist1066:12381,vinniesullivan:34884,forward
englishnationalist1066:12375,unitynewsnetwork:26231,forward
englishnationalist1066:12372,markacollett:18588,forward
englishnationalist1066:12371,jamesgoddardnews2:4241,forward
englishnationalist1066:12369,unitynewsnetwork:26222,forward
englishnationalist1066:12363,unitynewsnetwork:26197,forward
englishnationalist1066:12362,unitynewsnetwork:26179,forward
englishnationalist1066:12356,unitynewsnetwork:26183,forward
englishnationalist1066:12344,traditionalbritaingroup:33629,forward
englishnationalist1066:12342,unitynewsnetwork:26166,forward
englishnationalist1066:12341,unitynewsnetwork:26165,forward
englishnationalist1066:12324,vinniesullivan:34865,forward
englishnationalist1066:12315,realwelshnationalist:21126,forward
englishnationalist1066:12314,unitynewsnetwork:26136,forward
englishnationalist1066:12301,markacollett:18534,forward
englishnationalist1066:12298,markacollett:18519,forward
englishnationalist1066:12293,markacollett:18517,forward
englishnationalist1066:12291,markacollett:18516,forward
englishnationalist1066:12290,unitynewsnetwork:26032,forward
englishnationalist1066:12289,patrioticalternativeofficial:13508,forward
englishnationalist1066:12288,patrioticalternativeofficial:13472,forward
englishnationalist1066:12284,markacollett:18513,forward
englishnationalist1066:12283,unitynewsnetwork:26015,forward
englishnationalist1066:12280,unitynewsnetwork:26011,forward
englishnationalist1066:12278,markacollett:18510,forward
englishnationalist1066:12275,unitynewsnetwork:26001,forward
englishnationalist1066:12270,markacollett:18466,forward
englishnationalist1066:12264,whitevanguard1:546,forward
englishnationalist1066:12250,markacollett:18463,forward
englishnationalist1066:12238,realwelshnationalist:21093,forward
englishnationalist1066:12223,markacollett:18439,forward
englishnationalist1066:12222,realwelshnationalist:21075,forward
englishnationalist1066:12201,patrioticalternativeofficial:13497,forward
englishnationalist1066:12174,patrioticalternativeofficial:13495,forward
englishnationalist1066:12171,patrioticalternativeofficial:13494,forward
englishnationalist1066:12165,markacollett:18415,forward
englishnationalist1066:12163,patrioticalternativeofficial:13493,forward
englishnationalist1066:12162,patrioticalternativeofficial:13492,forward
englishnationalist1066:12161,patrioticalternativeofficial:13491,forward
englishnationalist1066:12160,patrioticalternativeofficial:13490,forward
englishnationalist1066:12156,patrioticalternativeofficial:13476,forward
englishnationalist1066:12151,patrioticalternativeofficial:13479,forward
englishnationalist1066:12150,patrioticalternativeofficial:13489,forward
englishnationalist1066:12138,markacollett:18396,forward
englishnationalist1066:12134,patrioticalternativeofficial:13487,forward
englishnationalist1066:12133,patrioticalternativeofficial:13486,forward
englishnationalist1066:12131,patrioticalternativeofficial:13485,forward
englishnationalist1066:12130,jackeltis:84,forward
englishnationalist1066:12125,patrioticalternativeofficial:13484,forward
englishnationalist1066:12121,realwelshnationalist:21054,forward
englishnationalist1066:12115,patrioticalternativeofficial:13477,forward
englishnationalist1066:12111,whitevanguard1:515,forward
englishnationalist1066:12106,lauratowler:7529,forward
englishnationalist1066:12105,realwelshnationalist:21051,forward
englishnationalist1066:12101,patrioticalternativeofficial:13476,forward
englishnationalist1066:12091,lauratowler:7526,forward
englishnationalist1066:12083,markacollett:18366,forward
englishnationalist1066:12080,whitevanguard1:510,forward
englishnationalist1066:12076,realwelshnationalist:21039,forward
englishnationalist1066:12073,patrioticalternativeofficial:13473,forward
englishnationalist1066:12071,realwelshnationalist:21033,forward
englishnationalist1066:12069,realwelshnationalist:21034,forward
englishnationalist1066:12068,whitevanguard1:497,forward
englishnationalist1066:12067,whitevanguard1:501,forward
englishnationalist1066:12066,markacollett:18350,forward
englishnationalist1066:12063,markacollett:18358,forward
englishnationalist1066:12062,markacollett:18356,forward
englishnationalist1066:12047,markacollett:18346,forward
englishnationalist1066:12043,markacollett:18341,forward
englishnationalist1066:12042,markacollett:18340,forward
englishnationalist1066:12041,nativistconcern:5907,forward
englishnationalist1066:12027,markacollett:18332,forward
englishnationalist1066:12026,markacollett:18330,forward
lauratowler:7552,markacollett:18602,forward
lauratowler:7543,markacollett:18484,forward
lauratowler:7542,nativistconcern:5957,link
lauratowler:7541,markacollett:18470,forward
lauratowler:7540,realwelshnationalist:21091,link
lauratowler:7538,markacollett:18428,link
lauratowler:7537,englishnationalist1066:12202,forward
lauratowler:7534,markacollett:18415,forward
lauratowler:7528,patrioticalternativeofficial:13476,link
lauratowler:7525,patrioticalternativeofficial:13473,forward
lauratowler:7519,markacollett:18346,forward
lauratowler:7497,lauratowler:7492,reply
lauratowler:7492,lauratowler:7491,reply
lauratowler:7485,nativistconcern:5869,forward
lauratowler:7484,patrioticalternativeofficial:13438,forward
lauratowler:7477,patrioticalternativeofficial:13422,forward
lauratowler:7433,patrioticalternativeofficial:13372,forward
lauratowler:7429,patrioticalternativeofficial:13361,link
lauratowler:7419,patrioticalternativeofficial:13348,forward
lauratowler:6605,lauratowler:6603,reply
lauratowler:6599,lauratowler:6557,reply
lauratowler:6564,lauratowler:6562,reply
nativistconcern:6029,poleconnect:5915,link
nativistconcern:6024,traditionalbritaingroup:33700,forward
nativistconcern:6023,danerikssonse:5301,forward
nativistconcern:5997,markacollett:18541,forward
nativistconcern:5996,lauratowler:7544,link
nativistconcern:5988,jackeltis:125,forward
nativistconcern:5986,markacollett:18525,forward
nativistconcern:5971,markacollett:18498,forward
nativistconcern:5956,markacollett:18466,forward
nativistconcern:5948,lauratowler:7540,forward
nativistconcern:5948,realwelshnationalist:21091,link
nativistconcern:5936,zoomerhistorian:910,forward
nativistconcern:5928,noticernews:2346,forward
nativistconcern:5923,markacollett:18396,forward
nativistconcern:5916,zoomerhistorian:903,forward
nativistconcern:5910,noticernews:2315,forward
nativistconcern:5889,lauratowler:7501,link
nativistconcern:5864,realwelshnationalist:20928,forward
nativistconcern:5750,stevelaws19:12798,link
nativistconcern:5746,whitelaborstrikeww:5177,forward
nativistconcern:5743,stevelaws19:12797,forward
informationliberation:4761,informationliberation:4760,reply
informationliberation:4757,informationliberation:4756,reply
informationliberation:4750,informationliberation:4749,reply
informationliberation:4748,informationliberation:4737,reply
informationliberation:4746,informationliberation:4745,reply
informationliberation:4739,informationliberation:4738,reply
informationliberation:4734,informationliberation:4733,reply
informationliberation:4730,informationliberation:4729,reply
informationliberation:4722,informationliberation:4682,reply
informationliberation:4721,informationliberation:4720,reply
informationliberation:4715,informationliberation:4714,reply
informationliberation:4709,informationliberation:4708,reply
informationliberation:4706,informationliberation:4697,reply
informationliberation:4695,informationliberation:4667,reply
informationliberation:4678,informationliberation:4667,reply
informationliberation:4671,informationliberation:4669,reply
informationliberation:4669,informationliberation:4662,reply
informationliberation:4642,informationliberation:4582,reply
informationliberation:4637,informationliberation:4633,reply
informationliberation:4630,informationliberation:4629,reply
informationliberation:4597,informationliberation:4521,reply
informationliberation:4594,informationliberation:4593,reply
informationliberation:4591,informationliberation:4590,reply
informationliberation:4572,informationliberation:4571,reply
informationliberation:4540,informationliberation:4538,reply
informationliberation:4495,informationliberation:4494,reply
informationliberation:4480,informationliberation:4479,reply
informationliberation:4468,informationliberation:4467,reply
noticernews:2448,noticernews:2444,reply
noticernews:2439,noticernews:2438,reply
noticernews:2371,noticernews:2368,reply
noticernews:2347,noticernews:2346,reply
noticernews:2327,noticernews:2326,reply
noticernews:2283,noticernews:2282,reply
noticernews:2225,noticernews:2221,reply
jackeltis:151,noticernews:2446,forward
jackeltis:149,noticernews:2442,forward
jackeltis:148,jackeltis:145,reply
jackeltis:145,whitensw:128,forward
jackeltis:136,noticernews:2408,forward
jackeltis:126,whitensw:123,forward
jackeltis:85,jackeltis:44,link
jackeltis:65,whitensw:57,forward
jackeltis:60,noticernews:2314,forward
jackeltis:45,whitensw:109,forward
jackeltis:9,whitensw:94,forward
patrioticalternativeofficial:13519,markacollett:18602,forward
patrioticalternativeofficial:13518,markacollett:18583,forward
patrioticalternativeofficial:13513,markacollett:18558,forward
patrioticalternativeofficial:13511,markacollett:18541,forward
patrioticalternativeofficial:13509,markacollett:18519,forward
patrioticalternativeofficial:13506,markacollett:18498,forward
patrioticalternativeofficial:13504,markacollett:18484,forward
patrioticalternativeofficial:13503,realwelshnationalist:21091,forward
patrioticalternativeofficial:13502,markacollett:18466,forward
patrioticalternativeofficial:13499,markacollett:18434,forward
patrioticalternativeofficial:13498,markacollett:18428,forward
patrioticalternativeofficial:13496,markacollett:18415,forward
patrioticalternativeofficial:13488,markacollett:18390,forward
patrioticalternativeofficial:13478,whitevanguard1:515,forward
patrioticalternativeofficial:13475,lauratowler:7526,forward
patrioticalternativeofficial:13474,markacollett:18361,forward
patrioticalternativeofficial:13471,markacollett:18343,forward
patrioticalternativeofficial:13465,markacollett:18323,forward
patrioticalternativeofficial:13457,noticernews:2245,forward
patrioticalternativeofficial:13404,danerikssonse:5210,forward
patrioticalternativeofficial:13401,lauratowler:7460,forward
patrioticalternativeofficial:13396,lauratowler:7452,forward
patrioticalternativeofficial:13392,lauratowler:7450,forward
whitelaborstrikeww:5394,informationliberation:4636,forward
whitelaborstrikeww:5378,warrenbalogh88:12715,forward
whitelaborstrikeww:5363,whitelaborstrikeww:5362,reply
whitelaborstrikeww:5345,informationliberation:4577,forward
whitelaborstrikeww:5342,whitelaborstrikeww:5341,reply
whitelaborstrikeww:5335,warrenbalogh88:12658,forward
whitelaborstrikeww:5311,whitelaborstrikeww:5305,reply
whitelaborstrikeww:5310,informationliberation:4517,forward
whitelaborstrikeww:5298,whitelaborstrikeww:5297,reply
whitelaborstrikeww:5274,whitelaborstrikeww:5270,reply
whitelaborstrikeww:5262,whitelaborstrikeww:5260,reply
whitelaborstrikeww:5222,whitelaborstrikeww:5221,reply
whitelaborstrikeww:5185,whitelaborstrikeww:5184,reply
warrenbalogh88:12839,warrenbalogh88:12838,reply
warrenbalogh88:12832,whitelaborstrikeww:5441,forward
warrenbalogh88:12824,whitelaborstrikeww:5429,forward
warrenbalogh88:12810,whitelaborstrikeww:5424,forward
warrenbalogh88:12808,markacollett:18484,forward
warrenbalogh88:12805,whitelaborstrikeww:5415,forward
warrenbalogh88:12785,whitelaborstrikeww:5411,forward
warrenbalogh88:12784,whitelaborstrikeww:5410,forward
warrenbalogh88:12782,warrenbalogh88:12781,reply
warrenbalogh88:12771,whitelaborstrikeww:5404,forward
warrenbalogh88:12767,whitelaborstrikeww:5399,forward
warrenbalogh88:12757,warrenbalogh88:12756,link
warrenbalogh88:12754,informationliberation:4645,link
warrenbalogh88:12752,markacollett:18408,forward
warrenbalogh88:12744,informationliberation:4639,forward
warrenbalogh88:12739,warrenbalogh88:12738,reply
warrenbalogh88:12735,informationliberation:4636,forward
warrenbalogh88:12730,whitelaborstrikeww:5391,forward
warrenbalogh88:12722,informationliberation:4627,forward
warrenbalogh88:12719,whitelaborstrikeww:5384,forward
warrenbalogh88:12714,informationliberation:4614,forward
warrenbalogh88:12711,informationliberation:4610,forward
warrenbalogh88:12703,informationliberation:4605,link
warrenbalogh88:12702,informationliberation:4605,forward
warrenbalogh88:12700,whitelaborstrikeww:5362,forward
warrenbalogh88:12685,informationliberation:4577,forward
warrenbalogh88:12665,warrenbalogh88:12664,reply
warrenbalogh88:12660,informationliberation:4552,forward
warrenbalogh88:12658,warrenbalogh88:12657,reply
warrenbalogh88:12655,informationliberation:4550,forward
warrenbalogh88:12644,warrenbalogh88:12643,reply
warrenbalogh88:12638,informationliberation:4517,forward
warrenbalogh88:12629,whitelaborstrikeww:5305,forward
warrenbalogh88:12624,informationliberation:4502,forward
warrenbalogh88:12613,whitelaborstrikeww:5297,forward
warrenbalogh88:12605,warrenbalogh88:12604,reply
warrenbalogh88:12599,informationliberation:4498,forward
warrenbalogh88:12590,whitelaborstrikeww:5293,forward
warrenbalogh88:12584,informationliberation:4489,forward
warrenbalogh88:12583,whitelaborstrikeww:5286,forward
warrenbalogh88:12574,informationliberation:4480,forward
warrenbalogh88:12573,informationliberation:4467,link
warrenbalogh88:12571,informationliberation:4463,forward
warrenbalogh88:12568,whitelaborstrikeww:5275,forward
whitevanguard1:565,whitevanguard1:564,reply
whitevanguard1:561,jamesgoddardnews2:4241,forward
whitevanguard1:557,theferrymanstoll:18573,forward
whitevanguard1:552,whitevanguard1:546,reply
whitevanguard1:547,whitevanguard1:546,reply
whitevanguard1:542,whitevanguard1:541,reply
whitevanguard1:528,noticernews:2346,forward
whitevanguard1:522,patrioticalternativeofficial:13487,forward
whitevanguard1:520,jackeltis:81,forward
whitevanguard1:504,noticernews:2314,forward
whitevanguard1:468,jackeltis:50,forward
whitevanguard1:440,kiesdries:3498,forward
whitevanguard1:379,whitevanguard1:376,reply
whitevanguard1:294,whitensw:82,forward
whitevanguard1:280,whitevanguard1:279,reply
whitevanguard1:278,jamesgoddardnews2:4135,forward
whitevanguard1:265,stevelaws19:12762,forward
whitevanguard1:258,whitevanguard1:257,reply
whitevanguard1:246,realblaircottrell:6329,forward
zoomerhistorian:918,zoomerhistorian:917,reply
zoomerhistorian:909,zoomerhistorian:907,reply
zoomerhistorian:908,zoomerhistorian:904,reply
zoomerhistorian:907,markacollett:18390,forward
zoomerhistorian:906,noticernews:2339,forward
zoomerhistorian:853,zoomerhistorian:852,reply
zoomerhistorian:844,zoomerhistorian:841,reply
zoomerhistorian:842,zoomerhistorian:840,reply
zoomerhistorian:830,zoomerhistorian:829,reply
zoomerhistorian:791,zoomerhistorian:790,reply
zoomerhistorian:737,zoomerhistorian:730,reply
zoomerhistorian:730,zoomerhistorian:728,reply
zoomerhistorian:729,zoomerhistorian:728,reply
zoomerhistorian:695,zoomerhistorian:694,reply
zoomerhistorian:658,zoomerhistorian:657,reply
zoomerhistorian:657,zoomerhistorian:656,reply
zoomerhistorian:616,zoomerhistorian:615,reply
zoomerhistorian:613,zoomerhistorian:611,reply
whitensw:121,jackeltis:108,forward
whitensw:116,noticernews:2315,forward
whitensw:115,noticernews:2314,forward
whitensw:93,jackeltis:7,forward
whitensw:88,jackeltis:4,forward
whitensw:121,jackeltis:108,forward
whitensw:116,noticernews:2315,forward
whitensw:115,noticernews:2314,forward
whitensw:93,jackeltis:7,forward
whitensw:88,jackeltis:4,forward
leagueofpaladins:162,leagueofpaladins:154,link
leagueofpaladins:162,leagueofpaladins:155,link
leagueofpaladins:162,leagueofpaladins:156,link
leagueofpaladins:162,leagueofpaladins:159,link
leagueofpaladins:162,leagueofpaladins:160,link
leagueofpaladins:153,leagueofpaladins:140,link
leagueofpaladins:153,leagueofpaladins:141,link
leagueofpaladins:153,leagueofpaladins:142,link
leagueofpaladins:153,leagueofpaladins:145,link
leagueofpaladins:153,leagueofpaladins:146,link
leagueofpaladins:153,leagueofpaladins:147,link
leagueofpaladins:139,leagueofpaladins:123,link
leagueofpaladins:139,leagueofpaladins:124,link
leagueofpaladins:139,leagueofpaladins:127,link
leagueofpaladins:139,leagueofpaladins:129,link
leagueofpaladins:139,leagueofpaladins:137,link
leagueofpaladins:122,leagueofpaladins:103,link
leagueofpaladins:122,leagueofpaladins:111,link
leagueofpaladins:122,leagueofpaladins:113,link
leagueofpaladins:122,leagueofpaladins:114,link
leagueofpaladins:102,leagueofpaladins:86,link
leagueofpaladins:102,leagueofpaladins:87,link
leagueofpaladins:102,leagueofpaladins:88,link
leagueofpaladins:102,leagueofpaladins:89,link
leagueofpaladins:102,leagueofpaladins:100,link
leagueofpaladins:85,leagueofpaladins:63,link
leagueofpaladins:85,leagueofpaladins:64,link
leagueofpaladins:85,leagueofpaladins:65,link
leagueofpaladins:85,leagueofpaladins:68,link
leagueofpaladins:85,leagueofpaladins:69,link
leagueofpaladins:85,leagueofpaladins:82,link
leagueofpaladins:85,leagueofpaladins:83,link
leagueofpaladins:78,leagueofpaladins:64,link
leagueofpaladins:78,leagueofpaladins:65,link
leagueofpaladins:78,leagueofpaladins:68,link
leagueofpaladins:61,leagueofpaladins:47,link
leagueofpaladins:61,leagueofpaladins:48,link
leagueofpaladins:61,leagueofpaladins:49,link
leagueofpaladins:61,leagueofpaladins:58,link
leagueofpaladins:61,leagueofpaladins:60,link
leagueofpaladins:46,leagueofpaladins:29,link
leagueofpaladins:46,leagueofpaladins:32,link
leagueofpaladins:46,leagueofpaladins:36,link
leagueofpaladins:46,leagueofpaladins:45,link
leagueofpaladins:33,leagueofpaladins:30,reply
leagueofpaladins:28,leagueofpaladins:19,link
leagueofpaladins:28,leagueofpaladins:20,link
leagueofpaladins:28,leagueofpaladins:27,link
leagueofpaladins:16,leagueofpaladins:8,link
leagueofpaladins:16,leagueofpaladins:9,link
leagueofpaladins:16,leagueofpaladins:10,link
leagueofpaladins:16,leagueofpaladins:14,link
leagueofpaladins:16,leagueofpaladins:15,link
davidkurten:2984,davidkurten:2983,forward
traditionalbritaingroup:33735,lauratowler:7550,forward
traditionalbritaingroup:33718,martinsellner_english:875,forward
traditionalbritaingroup:33657,martinsellner_english:874,forward
traditionalbritaingroup:33624,unitynewsnetwork:26165,forward
traditionalbritaingroup:33613,southafricareports:4713,forward
traditionalbritaingroup:33605,traditionalbritaingroup:33604,reply
traditionalbritaingroup:33586,martinsellner_english:872,forward
traditionalbritaingroup:33514,nativistconcern:5957,forward
traditionalbritaingroup:33477,martinsellner_english:867,forward
ultrasnotreds8:1160,levskisofiascarves:1247,forward
ultrasnotreds8:1150,ultrasnotreds8:1149,reply
ultrasnotreds8:1142,levskisofiascarves:1238,forward
ultrasnotreds8:1124,ultrasnotreds8:1121,reply
ultrasnotreds8:1117,ultrasnotreds8:1113,reply
ultrasnotreds8:1068,whitegirls14:11,forward
ultrasnotreds8:1066,ultrasnotreds8:1065,reply
ultrasnotreds8:1000,ultrasnotreds8:999,reply
ultrasnotreds8:989,ultrasnotreds8:988,reply
ultrasnotreds8:974,ultrasnotreds8:973,reply
ultrasnotreds8:937,ultrasnotreds8:933,reply
ultrasnotreds8:908,ultrasnotreds8:907,reply
ultrasnotreds8:904,wbsthlm:101,forward
ultrasnotreds8:868,ultrasnotreds8:867,reply
ultrasnotreds8:844,ultrasnotreds8:843,reply
blut_und_ehre28:2463,blut_und_ehre28:2458,reply
blut_und_ehre28:2460,blut_und_ehre28:2458,link
blut_und_ehre28:2452,blut_und_ehre28:2412,link
blut_und_ehre28:2381,thuletide:7530,link
blut_und_ehre28:2271,blut_und_ehre28:2270,reply
blut_und_ehre28:2218,blut_und_ehre28:2217,reply
blut_und_ehre28:2216,blut_und_ehre28:2208,reply
blut_und_ehre28:2207,blut_und_ehre28:2190,link
ultrascroatia:1286,ultrascroatia:1284,reply
ultrascroatia:1285,ultrascroatia:1284,reply
ultrascroatia:1275,ultrascroatia:1274,reply
ultrascroatia:1270,ultrascroatia:1262,reply
ultrascroatia:1269,ultrascroatia:1268,reply
ultrascroatia:1267,ultrascroatia:1266,reply
ultrascroatia:1242,ultrascroatia:1241,reply
ultrascroatia:1239,ultrascroatia:1237,reply
ultrascroatia:1234,ultrascroatia:1233,reply
ultrascroatia:1224,ultrascroatia:1007,reply
ultrascroatia:1214,ultrascroatia:1213,reply
ultrascroatia:1212,ultrascroatia:1209,reply
ultrascroatia:1208,ultrascroatia:1207,reply
ultrascroatia:1199,ultrascroatia:1198,reply
ultrascroatia:1188,ultrascroatia:1185,reply
ultrascroatia:1181,ultrascroatia:1180,reply
ultrascroatia:1161,ultrascroatia:1159,reply
ultrascroatia:1160,ultrascroatia:1159,reply
ultrascroatia:1144,ultrascroatia:1138,reply
ultrascroatia:1143,ultrascroatia:1138,reply
ultrascroatia:1141,ultrascroatia:1140,reply
ultrascroatia:1140,ultrascroatia:1134,reply
ultrascroatia:1128,ultrascroatia:1117,reply
ultrascroatia:1127,ultrascroatia:1117,reply
ultrascroatia:1124,ultrascroatia:1117,reply
ultrascroatia:1123,ultrascroatia:1117,reply
ultrascroatia:1122,ultrascroatia:1121,reply
ultrascroatia:1101,ultrascroatia:1098,reply
ultrascroatia:1090,ultrascroatia:1087,reply
ultrascroatia:1088,ultrascroatia:1087,reply
ultrascroatia:1087,ultrascroatia:1082,reply
ultrascroatia:1079,ultrascroatia:1078,reply
ultrascroatia:1058,ultrascroatia:1053,reply
ultrascroatia:1036,ultrascroatia:1035,reply
ultrascroatia:1031,ultrascroatia:1030,reply
ultrascroatia:990,ultrascroatia:989,reply
"ultrascroatia
:1286","ultrascroatia
:1284",reply
"ultrascroatia
:1285","ultrascroatia
:1284",reply
"ultrascroatia
:1275","ultrascroatia
:1274",reply
"ultrascroatia
:1270","ultrascroatia
:1262",reply
"ultrascroatia
:1269","ultrascroatia
:1268",reply
"ultrascroatia
:1267","ultrascroatia
:1266",reply
"ultrascroatia
:1242","ultrascroatia
:1241",reply
"ultrascroatia
:1239","ultrascroatia
:1237",reply
"ultrascroatia
:1234","ultrascroatia
:1233",reply
"ultrascroatia
:1224","ultrascroatia
:1007",reply
"ultrascroatia
:1214","ultrascroatia
:1213",reply
"ultrascroatia
:1212","ultrascroatia
:1209",reply
"ultrascroatia
:1208","ultrascroatia
:1207",reply
"ultrascroatia
:1199","ultrascroatia
:1198",reply
"ultrascroatia
:1188","ultrascroatia
:1185",reply
"ultrascroatia
:1181","ultrascroatia
:1180",reply
"ultrascroatia
:1161","ultrascroatia
:1159",reply
"ultrascroatia
:1160","ultrascroatia
:1159",reply
"ultrascroatia
:1144","ultrascroatia
:1138",reply
"ultrascroatia
:1143","ultrascroatia
:1138",reply
"ultrascroatia
:1141","ultrascroatia
:1140",reply
"ultrascroatia
:1140","ultrascroatia
:1134",reply
"ultrascroatia
:1128","ultrascroatia
:1117",reply
"ultrascroatia
:1127","ultrascroatia
:1117",reply
"ultrascroatia
:1124","ultrascroatia
:1117",reply
"ultrascroatia
:1123","ultrascroatia
:1117",reply
"ultrascroatia
:1122","ultrascroatia
:1121",reply
"ultrascroatia
:1101","ultrascroatia
:1098",reply
"ultrascroatia
:1090","ultrascroatia
:1087",reply
"ultrascroatia
:1088","ultrascroatia
:1087",reply
"ultrascroatia
:1087","ultrascroatia
:1082",reply
"ultrascroatia
:1079","ultrascroatia
:1078",reply
"ultrascroatia
:1058","ultrascroatia
:1053",reply
"ultrascroatia
:1036","ultrascroatia
:1035",reply
"ultrascroatia
:1031","ultrascroatia
:1030",reply
"ultrascroatia
:990","ultrascroatia
:989",reply
krovna_yednist:614,krovna_yednist:613,reply
krovna_yednist:613,blut_und_ehre28:2323,forward
krovna_yednist:578,krovna_yednist:378,reply
krovna_yednist:572,krovna_yednist:563,reply
krovna_yednist:563,krovna_yednist:558,reply
krovna_yednist:544,krovna_yednist:543,reply
krovna_yednist:535,krovna_yednist:528,reply
krovna_yednist:513,krovna_yednist:512,reply
krovna_yednist:474,krovna_yednist:300,link
krovna_yednist:474,krovna_yednist:378,link
krovna_yednist:458,krovna_yednist:454,link
krovna_yednist:426,krovna_yednist:326,link
krovna_yednist:406,krovna_yednist:409,link
krovna_yednist:387,krovna_yednist:386,reply
krovna_yednist:383,krovna_yednist:382,link
krovna_yednist:383,krovna_yednist:382,reply
krovna_yednist:382,krovna_yednist:383,link
krovna_yednist:382,krovna_yednist:380,reply
krovna_yednist:378,krovna_yednist:350,link
krovna_yednist:370,krovna_yednist:368,link
krovna_yednist:370,krovna_yednist:368,reply
krovna_yednist:359,krovna_yednist:326,link
krovna_yednist:359,krovna_yednist:300,link
krovna_yednist:359,krovna_yednist:302,link
krovna_yednist:358,krovna_yednist:325,link
krovna_yednist:358,krovna_yednist:351,link
krovna_yednist:355,krovna_yednist:298,link
krovna_yednist:355,krovna_yednist:353,reply
krovna_yednist:302,krovna_yednist:300,reply
krovna_yednist:288,krovna_yednist:286,link
wbsthlm:100,wbsthlm:49,forward
wbsthlm:45,avanguardia_torino:480,forward
skumshot:1008,skumshot:835,forward
skumshot:941,skumshot:918,forward
skumshot:881,skumshot:871,forward
samuraideoccidente:5979,bloccostudentesconazionale:8976,forward
samuraideoccidente:5838,samuraideoccidente:5829,reply
samuraideoccidente:5799,arcadiapirata:2179,forward
korsernantes:318,activeclubfrance:1200,forward
korsernantes:276,korsernantes:177,forward
korsernantes:240,comitedu9mai:392,forward
korsernantes:173,ouestcasual3e:485,forward
korsernantes:141,activeclubfrance:1362,forward
korsernantes:108,comitedu9mai:277,forward
korsernantes:102,korsernantes:101,reply
korsernantes:33,korsernantes:27,reply
activeclubfrance:1419,comitedu9mai:296,forward
activeclubfrance:1360,activeclubfrance:1358,reply
activeclubfrance:1341,wbsthlm:46,forward
activeclubfrance:1329,wbsthlm:42,forward
activeclubfrance:1295,activeclubfrance:1290,reply
activeclubfrance:1292,ouestcasual3e:359,forward
activeclubfrance:1283,comitedu9mai:286,forward
activeclubfrance:1280,comitedu9mai:285,forward
activeclubfrance:1237,comitedu9mai:273,forward
activeclubfrance:1226,activeclubfrance:1225,reply
activeclubfrance:1220,comitedu9mai:261,forward
activeclubfrance:1214,wbsthlm:38,forward
activeclubfrance:1201,comitedu9mai:241,forward
activeclubfrance:1191,activeclubfrance:1190,reply
activeclubfrance:1187,comitedu9mai:225,forward
activeclubfrance:1141,ouestcasual3e:255,forward
activeclubfrance:1109,wbsthlm:36,forward
activeclubfrance:1091,activeclubfrance:1090,reply
auctorum:1268,comitedu9mai:392,forward
auctorum:1262,comitedu9mai:298,forward
auctorum:1248,comitedu9mai:286,forward
auctorum:1242,comitedu9mai:277,forward
auctorum:1238,comitedu9mai:273,forward
auctorum:1231,comitedu9mai:266,forward
auctorum:1229,comitedu9mai:261,forward
auctorum:1227,comitedu9mai:226,forward
auctorum:1219,auctorum:1214,reply
auctorum:1156,oriflammerennes:398,forward
auctorum:1155,oriflammerennes:400,forward
auctorum:1089,comitedu9mai:204,forward
auctorum:1088,comitedu9mai:203,forward
auctorum:1064,comitedu9mai:162,forward
auctorum:1060,comitedu9mai:161,forward
viridogalia:204,activeclubfrance:1382,forward
oriflammerennes:482,comitedu9mai:296,forward
oriflammerennes:469,ultrasnotreds2:3356,forward
oriflammerennes:465,comitedu9mai:277,forward
oriflammerennes:461,comitedu9mai:273,forward
oriflammerennes:454,comitedu9mai:266,forward
oriflammerennes:444,comitedu9mai:217,forward
oriflammerennes:353,comitedu9mai:203,forward
oriflammerennes:339,comitedu9mai:162,forward
oriflammerennes:255,oriflammerennes:252,reply
nsdniprocrew:1310,nsdniprocrew:1308,reply
nsdniprocrew:1307,nsdniprocrew:1302,reply
nsdniprocrew:1305,nsdniprocrew:1302,reply
nsdniprocrew:1304,nsdniprocrew:1302,reply
nsdniprocrew:1271,blut_und_ehre28:2412,link
nsdniprocrew:1271,blut_und_ehre28:2452,forward
nsdniprocrew:1212,blut_und_ehre28:2412,forward
nsdniprocrew:1204,nsdniprocrew:1200,reply
nsdniprocrew:1194,nsdniprocrew:1179,reply
nsdniprocrew:1173,blut_und_ehre28:2407,forward
nsdniprocrew:1143,blut_und_ehre28:2394,forward
nsdniprocrew:1142,nsdniprocrew:1133,reply
nsdniprocrew:1139,blut_und_ehre28:2385,forward
nsdniprocrew:1130,nsdniprocrew:1118,reply
nsdniprocrew:1087,blut_und_ehre28:2371,forward
nsdniprocrew:1071,blut_und_ehre28:2369,forward
nsdniprocrew:1057,ultrasnotreds8:909,forward
nsdniprocrew:1040,blut_und_ehre28:2353,forward
nsdniprocrew:1019,blut_und_ehre28:2351,forward
levskisofiascarves:1253,levskisofiascarves:1252,reply
levskisofiascarves:1252,levskisofiascarves:1219,reply
levskisofiascarves:1247,levskisofiascarves:1245,reply
levskisofiascarves:1245,levskisofiascarves:1219,reply
levskisofiascarves:1243,levskisofiascarves:985,forward
levskisofiascarves:1242,levskisofiascarves:1237,reply
levskisofiascarves:1238,levskisofiascarves:1237,reply
levskisofiascarves:1227,levskisofiascarves:1223,reply
levskisofiascarves:1208,levskisofiascarves:1199,reply
levskisofiascarves:1202,levskisofiascarves:1201,reply
levskisofiascarves:1201,levskisofiascarves:1199,reply
levskisofiascarves:1199,levskisofiascarves:1192,reply
levskisofiascarves:1197,levskisofiascarves:1196,reply
levskisofiascarves:1194,levskisofiascarves:1193,reply
levskisofiascarves:1192,levskisofiascarves:1191,reply
levskisofiascarves:1189,levskisofiascarves:947,reply
levskisofiascarves:1176,levskisofiascarves:1175,reply
levskisofiascarves:1173,levskisofiascarves:1036,reply
levskisofiascarves:1169,levskisofiascarves:1168,reply
levskisofiascarves:1157,levskisofiascarves:1154,reply
levskisofiascarves:1153,levskisofiascarves:1152,reply
levskisofiascarves:1148,levskisofiascarves:1140,reply
levskisofiascarves:1122,levskisofiascarves:1121,reply
levskisofiascarves:1120,levskisofiascarves:1119,reply
levskisofiascarves:1104,levskisofiascarves:1099,reply
levskisofiascarves:1097,levskisofiascarves:1056,reply
levskisofiascarves:1085,levskisofiascarves:1084,reply
levskisofiascarves:1082,levskisofiascarves:1081,reply
levskisofiascarves:1081,levskisofiascarves:1066,reply
levskisofiascarves:1071,levskisofiascarves:1067,reply
levskisofiascarves:1066,levskisofiascarves:1065,reply
levskisofiascarves:1065,levskisofiascarves:1064,reply
levskisofiascarves:1064,levskisofiascarves:1063,reply
levskisofiascarves:1063,levskisofiascarves:1062,reply
levskisofiascarves:1056,levskisofiascarves:1027,reply
levskisofiascarves:1026,levskisofiascarves:1023,reply
levskisofiascarves:1022,levskisofiascarves:1021,reply
levskisofiascarves:1019,levskisofiascarves:1018,reply
levskisofiascarves:1011,levskisofiascarves:1008,reply
levskisofiascarves:1009,levskisofiascarves:1008,reply
levskisofiascarves:983,levskisofiascarves:982,reply
levskisofiascarves:981,levskisofiascarves:980,reply
levskisofiascarves:980,levskisofiascarves:978,reply
levskisofiascarves:978,levskisofiascarves:977,reply
levskisofiascarves:977,levskisofiascarves:975,reply
levskisofiascarves:950,levskisofiascarves:949,reply
levskisofiascarves:945,levskisofiascarves:935,reply
russ_center:1798,russ_center:1797,link
russ_center:1780,russ_center:1778,link
russ_center:1780,russ_center:1778,reply
russ_center:1772,russ_center:1587,link
russ_center:1771,russ_center:1587,forward
russ_center:1759,russ_center:1558,link
russ_center:1741,russ_center:1739,reply
russ_center:1718,russ_center:1638,forward
russ_center:1696,russ_center:1646,link
russ_center:1682,russ_center:1594,link
russ_center:1680,russ_center:1666,link
russ_center:1669,russ_center:1668,reply
russ_center:1651,russ_center:1594,link
russ_center:1649,russ_center:1630,link
russ_center:1649,russ_center:1634,link
russ_center:1645,russ_center:1594,link
russ_center:1636,russ_center:1633,link
russ_center:1595,russ_center:1594,link
russ_center:1591,russ_center:1582,reply
russ_center:1576,russ_center:1573,reply
russ_center:1575,russ_center:1574,reply
russ_center:1522,russ_center:1505,reply
russ_center:1511,russ_center:1510,reply
gymxiv:4402,gymxiv:4399,forward
gymxiv:4392,wbsthlm:49,forward
gymxiv:4299,ultrasnotreds2:3408,forward
gymxiv:4291,activeclubfrance:1362,forward
gymxiv:4281,wbsthlm:48,forward
gymxiv:4258,ultrasnotreds2:3349,forward
ouestcasual3e:436,ouestcasual3e:432,reply
ouestcasual3e:418,activeclubfrance:1385,forward
ouestcasual3e:403,ouestcasual3e:360,reply
ouestcasual3e:399,ouestcasual3e:397,reply
ouestcasual3e:378,ultrasnotreds2:3183,forward
ouestcasual3e:372,ouestcasual3e:370,reply
ouestcasual3e:362,ouestcasual3e:360,reply
ouestcasual3e:348,ouestcasual3e:347,reply
ouestcasual3e:347,comitedu9mai:286,forward
ouestcasual3e:328,comitedu9mai:277,forward
ouestcasual3e:320,ouestcasual3e:318,reply
ouestcasual3e:303,comitedu9mai:241,forward
ouestcasual3e:301,comitedu9mai:225,forward
ouestcasual3e:293,ouestcasual3e:291,reply
ouestcasual3e:264,ouestcasual3e:263,reply
ouestcasual3e:258,ouestcasual3e:257,reply
ouestcasual3e:248,comitedu9mai:217,forward