source,target,message_id
jungenationalisten,jungenationalisten,4698
jungenationalisten,heimat2023,4697
jungenationalisten,schmidtkeswelt,4696
jungenationalisten,dortmundsrechte,4695
jungenationalisten,mundsrechte,4695
jungenationalisten,"eimatDo!
",4695
jungenationalisten,heimat2023,4694
jungenationalisten,JN_Sachsen_Anhalt,4692
jungenationalisten,JN_Sachsen_Anhalt,4691
jungenationalisten,HeimatSachsenAnhalt,4690
jungenationalisten,JungeNationalisten,4690
jungenationalisten,JN_voran,4690
jungenationalisten,JN_Sachsen_Anhalt,4690
jungenationalisten,Frontdienst,4689
jungenationalisten,Balaclavagraphics,4689
jungenationalisten,EB_official,4689
jungenationalisten,fsnrev,4689
jungenationalisten,KDN2013,4689
jungenationalisten,pcrecords,4689
jungenationalisten,theresia_brand,4689
jungenationalisten,niederlausitzInfo,4688
jungenationalisten,niederlausitzInfo,4687
jungenationalisten,niederlausitzInfo,4686
jungenationalisten,jungenationalisten,4685
jungenationalisten,niederlausitzInfo,4685
jungenationalisten,braunschweigverteidigen,4680
jungenationalisten,jungenationalisten,4679
jungenationalisten,JN_MuP,4679
jungenationalisten,WiderstandinAktion,4678
jungenationalisten,WiderstandinAktion,4677
jungenationalisten,WiderstandinAktion,4676
jungenationalisten,WiderstandinAktion,4675
jungenationalisten,WiderstandinAktion,4674
jungenationalisten,WiderstandinAktion,4673
jungenationalisten,WiderstandinAktion,4672
jungenationalisten,WiderstandinAktion,4671
jungenationalisten,WiderstandinAktion,4670
jungenationalisten,jungenationalisten,4669
jungenationalisten,eimatsachsen ⚙,4669
jungenationalisten,WiderstandinAktion,4669
jungenationalisten,sturmzeichen,4668
jungenationalisten,sturmzeichen,4667
jungenationalisten,sturmzeichen,4666
jungenationalisten,turmzeichen,4665
jungenationalisten,sturmzeichen,4665
jungenationalisten,jungenationalisten,4664
jungenationalisten,JN_MuP,4664
jungenationalisten,jungenationalisten,4663
jungenationalisten,JN_MuP,4663
jungenationalisten,jungenationalisten,4662
jungenationalisten,jungenationalisten,4661
jungenationalisten,WiderstandinAktion,4661
jungenationalisten,JN_MuP,4660
jungenationalisten,JN_MuP,4659
jungenationalisten,JN_MuP,4658
jungenationalisten,JN_MuP,4657
jungenationalisten,JN_MuP,4656
jungenationalisten,JN_MuP,4655
jungenationalisten,JN_MuP,4654
jungenationalisten,JN_MuP,4653
jungenationalisten,dieheimatmv,4653
jungenationalisten,jungenationlisten,4653
jungenationalisten,JN_Th,4652
jungenationalisten,JN_Th,4651
jungenationalisten,JN_Th,4650
jungenationalisten,JN_Th,4649
jungenationalisten,JN_Th,4648
jungenationalisten,JN_Th,4647
jungenationalisten,JN_Th,4646
jungenationalisten,JN_Th,4645
jungenationalisten,JN_Th,4644
jungenationalisten,JN_Th,4643
jungenationalisten,jungenationalisten,4642
jungenationalisten,JN_Th,4642
jungenationalisten,jnhessen,4641
jungenationalisten,harzverteidigen,4633
jungenationalisten,harzverteidigen,4632
jungenationalisten,harzverteidigen,4631
jungenationalisten,harzverteidigen,4630
jungenationalisten,harzverteidigen,4629
jungenationalisten,harzverteidigen,4628
jungenationalisten,harzverteidigen,4627
jungenationalisten,harzverteidigen,4626
jungenationalisten,HeimatSachsenAnhalt,4625
jungenationalisten,HeimatSachsenAnhalt,4624
jungenationalisten,HeimatSachsenAnhalt,4623
jungenationalisten,HeimatSachsenAnhalt,4622
jungenationalisten,HeimatSachsenAnhalt,4621
jungenationalisten,HeimatSachsenAnhalt,4620
jungenationalisten,HeimatSachsenAnhalt,4619
jungenationalisten,HeimatSachsenAnhalt,4618
jungenationalisten,HeimatSachsenAnhalt,4617
jungenationalisten,DieHeimat,4616
jungenationalisten,HeimatSachsenAnhalt,4616
jungenationalisten,JungeNationalisten,4616
jungenationalisten,heimatsachsenanhalt,4616
jungenationalisten,hermanns_heide,4615
jungenationalisten,hermanns_heide,4614
jungenationalisten,hermanns_heide,4613
jungenationalisten,hermanns_heide,4612
jungenationalisten,hermanns_heide,4611
jungenationalisten,hermanns_heide,4610
jungenationalisten,jungenationalisten,4609
jungenationalisten,hermanns_heide,4609
jungenationalisten,WiderstandinAktion,4608
jungenationalisten,WiderstandinAktion,4607
jungenationalisten,WiderstandinAktion,4606
jungenationalisten,WiderstandinAktion,4605
jungenationalisten,WiderstandinAktion,4604
jungenationalisten,WiderstandinAktion,4603
jungenationalisten,jungenationalisten,4602
jungenationalisten,WiderstandinAktion,4602
jungenationalisten,jungenationalisten,4601
jungenationalisten,JN_MuP,4601
jungenationalisten,jungenationalisten,4600
jungenationalisten,WiderstandinAktion,4600
jungenationalisten,freiesachsen,4599
jungenationalisten,unetenucleonacional,4597
jungenationalisten,unetenucleonacional,4596
jungenationalisten,jungenationalisten,4595
jungenationalisten,WiderstandinAktion,4595
jungenationalisten,freiesachsen,4594
jungenationalisten,jungenationalisten,4593
jungenationalisten,JN_Th,4593
jungenationalisten,jungenationalisten,4592
jungenationalisten,JN_MuP,4592
jungenationalisten,turmzeichen,4591
jungenationalisten,sturmzeichen,4591
jungenationalisten,jungenationalisten,4588
jungenationalisten,JN_Th,4588
jungenationalisten,Frontdienst,4587
jungenationalisten,JN_Westverband,4586
jungenationalisten,jungenationalisten,4585
jungenationalisten,JN_Th,4585
jungenationalisten,athenscene,4584
jungenationalisten,jungenationalisten,4583
jungenationalisten,heimat_th,4583
jungenationalisten,JN_Th,4583
jungenationalisten,jungenationalisten ,4575
jungenationalisten,Frontdienst,4573
jungenationalisten,jungenationalisten,4572
jungenationalisten,heimat_th,4572
jungenationalisten,JN_Th,4572
jungenationalisten,gegenstrom,4571
jungenationalisten,heimat2023,4570
jungenationalisten,jungenationalisten,4558
jungenationalisten,JN_Th,4558
jungenationalisten,WiderstandinAktion ,4557
jungenationalisten,WiderstandinAktion,4557
jungenationalisten,jungenationalisten,4556
jungenationalisten,Frontdienst,4556
jungenationalisten,jungenationalisten,4555
jungenationalisten,harzverteidigen,4554
jungenationalisten,jungenationalisten,4553
jungenationalisten,jungenationalisten,4552
jungenationalisten,WiderstandinAktion,4552
jungenationalisten,Frontdienst,4551
jungenationalisten,Frontdienst,4550
jungenationalisten,Frontdienst,4549
jungenationalisten,jungenationalisten,4548
jungenationalisten,JN_Th,4548
jungenationalisten,JN_Westverband,4547
jungenationalisten,JN_Westverband,4546
jungenationalisten,JN_Westverband,4545
jungenationalisten,JN_Westverband,4544
jungenationalisten,JN_Westverband,4543
jungenationalisten,JN_Westverband,4542
jungenationalisten,JN_Westverband,4541
jungenationalisten,JN_Westverband,4540
jungenationalisten,JN_Westverband,4539
jungenationalisten,JN_Westverband,4538
jungenationalisten,Frontdienst,4537
jungenationalisten,rossmueller,4534
jungenationalisten,jungenationalisten,4533
jungenationalisten,rossmueller,4533
jungenationalisten,jungenationalisten,4532
jungenationalisten,WiderstandinAktion,4532
jungenationalisten,JN_Westverband,4531
jungenationalisten,jungenationalisten,4530
jungenationalisten,JN_Th,4530
jungenationalisten,JN_Sachsen_Anhalt,4529
jungenationalisten,JN_Sachsen_Anhalt,4528
jungenationalisten,JN_Sachsen_Anhalt,4527
jungenationalisten,JN_Sachsen_Anhalt,4526
jungenationalisten,jungenationalisten,4525
jungenationalisten,JN_Sachsen_Anhalt,4525
jungenationalisten,wie_gesagt,4524
jungenationalisten,jungenationalisten,4523
jungenationalisten,JN_Th,4523
jungenationalisten,jungenationalisten,4521
jungenationalisten,JN_Th,4521
jungenationalisten,jungenationalisten,4520
jungenationalisten,jungenationalisten,4517
jungenationalisten,JN_Th,4517
jungenationalisten,Frontdienst,4515
jungenationalisten,dortmundsrechte,4514
jungenationalisten,ortmundsrechte,4514
jungenationalisten,WiderstandinAktion,4513
jungenationalisten,WiderstandinAktion,4512
jungenationalisten,WiderstandinAktion,4511
jungenationalisten,WiderstandinAktion,4510
jungenationalisten,jungenationalisten,4509
jungenationalisten,WiderstandinAktion,4509
jungenationalisten,jungenationalisten,4508
jungenationalisten,JN_Th,4508
jungenationalisten,sicherheitshinweise,4507
jungenationalisten,Sicherheitshinweise,4507
jungenationalisten,jungenationalisten,4496
jungenationalisten,WiderstandinAktion,4495
jungenationalisten,WiderstandinAktion,4494
jungenationalisten,WiderstandinAktion,4493
jungenationalisten,WiderstandinAktion,4492
jungenationalisten,WiderstandinAktion,4491
jungenationalisten,WiderstandinAktion,4490
jungenationalisten,WiderstandinAktion,4489
jungenationalisten,WiderstandinAktion,4488
jungenationalisten,WiderstandinAktion,4487
jungenationalisten,jungenationalisten,4486
jungenationalisten,WiderstandinAktion,4486
jungenationalisten,heimat2023,4485
jungenationalisten,dortmundsrechte,4484
jungenationalisten,mundsrechte,4484
jungenationalisten,"eimatDo!
",4484
jungenationalisten,jungenationalisten,4483
jungenationalisten,WiderstandinAktion,4483
jungenationalisten,Frontdienst,4482
jungenationalisten,Frontdienst,4481
jungenationalisten,Frontdienst,4480
jungenationalisten,Frontdienst,4479
jungenationalisten,Frontdienst,4478
jungenationalisten,Frontdienst,4477
jungenationalisten,Frontdienst,4476
jungenationalisten,Frontdienst,4475
jungenationalisten,Frontdienst,4474
jungenationalisten,jungenationalisten,4473
jungenationalisten,JN_Th,4473
jungenationalisten,jungenationalisten,4472
jungenationalisten,WiderstandinAktion,4472
jungenationalisten,ungenationalisten 🇩,4470
jungenationalisten,jungenationalisten,4469
jungenationalisten,jungenationalisten,4468
jungenationalisten,JN_Th,4468
jungenationalisten,jungenationalisten,4467
jungenationalisten,WiderstandinAktion,4467
jungenationalisten,JN_Sachsen_Anhalt,4465
jungenationalisten,JN_Sachsen_Anhalt,4464
jungenationalisten,JN_Sachsen_Anhalt,4463
jungenationalisten,jungenationalisten,4462
jungenationalisten,JN_Sachsen_Anhalt,4462
jungenationalisten,heimatnrw,4461
jungenationalisten,tnrw,4461
jungenationalisten,heimatnrw,4460
jungenationalisten,heimat2023,4459
jungenationalisten,heimat2023,4458
jungenationalisten,heimat2023,4457
jungenationalisten,WiderstandinAktion,4456
jungenationalisten,WiderstandinAktion,4455
jungenationalisten,WiderstandinAktion,4454
jungenationalisten,WiderstandinAktion,4453
jungenationalisten,WiderstandinAktion,4452
jungenationalisten,WiderstandinAktion,4451
jungenationalisten,WiderstandinAktion,4450
jungenationalisten,WiderstandinAktion,4449
jungenationalisten,jungenationalisten,4448
jungenationalisten,WiderstandinAktion,4448
jungenationalisten,JN_Westverband,4447
jungenationalisten,jungenationalisten,4446
jungenationalisten,JN_Th,4446
jungenationalisten,JN_Westverband,4445
jungenationalisten,N_Westverband,4445
jungenationalisten,jungenationalisten,4444
jungenationalisten,JN_Th,4444
jungenationalisten,jungenationalisten,4443
jungenationalisten,WiderstandinAktion,4443
jungenationalisten,Frontdienst,4442
jungenationalisten,"Freiheitsgedanken01
",4442
jungenationalisten,sturmzeichen,4441
jungenationalisten,sturmzeichen,4440
jungenationalisten,dortmundsrechte,4439
jungenationalisten,heimat2023,4438
jungenationalisten,heimatnrw,4437
jungenationalisten,heimatnrw,4436
jungenationalisten,heimatnrw,4435
jungenationalisten,heimatnrw,4434
jungenationalisten,matnrw,4434
jungenationalisten,jungenationalisten,4433
jungenationalisten,JN_Th,4433
jungenationalisten,sicherheitshinweise,4432
jungenationalisten,Sicherheitshinweise,4432
jungenationalisten,imatnrw,4431
jungenationalisten,heimatnrw,4431
jungenationalisten,WiderstandinAktion,4430
jungenationalisten,Frontdienst,4428
jungenationalisten,dortmundsrechte,4427
jungenationalisten,dortmundsrechte,4426
jungenationalisten,eimatDo o,4426
jungenationalisten,mundsrechte,4426
jungenationalisten,jungenationalisten,4416
jungenationalisten,jungenationalisten,4406
jungenationalisten,jungenationalisten,4405
jungenationalisten,braunschweigverteidigen,4405
jungenationalisten,jungenationalisten,4402
jungenationalisten,JN_Sachsen_Anhalt,4400
jungenationalisten,JN_Sachsen_Anhalt,4399
jungenationalisten,JN_Sachsen_Anhalt,4398
jungenationalisten,jungenationalisten,4397
jungenationalisten,JN_Sachsen_Anhalt,4397
jungenationalisten,jnhessen,4396
jungenationalisten,JN_Sachsen_Anhalt,4395
jungenationalisten,JN_Sachsen_Anhalt,4394
jungenationalisten,JN_Sachsen_Anhalt,4393
jungenationalisten,JN_Sachsen_Anhalt,4392
jungenationalisten,JN_Sachsen_Anhalt,4391
jungenationalisten,JN_Sachsen_Anhalt,4390
jungenationalisten,JN_Sachsen_Anhalt,4389
jungenationalisten,JN_Sachsen_Anhalt,4388
jungenationalisten,jungenationalisten,4387
jungenationalisten,JN_Sachsen_Anhalt,4387
jungenationalisten,jungenationalisten,4377
jungenationalisten,Frontdienst,4377
jungenationalisten,deutschestimmemagazin,4376
jungenationalisten,jungenationalisten,4374
jungenationalisten,jungenationalisten,4373
jungenationalisten,jungenationalisten,4372
jungenationalisten,heimat_th,4372
jungenationalisten,JN_Th,4372
jungenationalisten,WiderstandinAktion,4371
jungenationalisten,WiderstandinAktion,4370
jungenationalisten,WiderstandinAktion,4369
jungenationalisten,WiderstandinAktion,4368
jungenationalisten,WiderstandinAktion,4367
jungenationalisten,WiderstandinAktion,4366
jungenationalisten,WiderstandinAktion,4365
jungenationalisten,WiderstandinAktion,4364
jungenationalisten,WiderstandinAktion,4363
jungenationalisten,jungenationalisten,4362
jungenationalisten,WiderstandinAktion,4362
jungenationalisten,freiesachsen,4361
jungenationalisten,jungenationalisten,4360
jungenationalisten,jungenationalisten,4359
jungenationalisten,jungenationalisten,4358
jungenationalisten,WiderstandinAktion,4358
jungenationalisten,jungenationalisten,4357
jungenationalisten,WiderstandinAktion,4357
jungenationalisten,jungenationalisten,4356
jungenationalisten,WiderstandinAktion,4356
jungenationalisten,jungenationalisten,4355
jungenationalisten,WiderstandinAktion,4355
jungenationalisten,WiderstandinAktion,4354
jungenationalisten,WiderstandinAktion,4353
jungenationalisten,WiderstandinAktion,4352
jungenationalisten,jungenationalisten,4351
jungenationalisten,WiderstandinAktion,4351
jungenationalisten,jungenationalisten,4350
jungenationalisten,heimat_th,4350
jungenationalisten,JN_Th,4350
jungenationalisten,WiderstandinAktion,4349
jungenationalisten,jungenationalisten,4348
jungenationalisten,WiderstandinAktion,4348
jungenationalisten,heimatnrw,4347
jungenationalisten,estverband,4346
jungenationalisten,JN_Westverband,4346
jungenationalisten,JN_Westverband,4345
jungenationalisten,dortmundsrechte,4344
jungenationalisten,HeimatDo,4344
jungenationalisten,WiderstandinAktion,4343
jungenationalisten,WiderstandinAktion,4342
jungenationalisten,WiderstandinAktion,4341
jungenationalisten,WiderstandinAktion,4340
jungenationalisten,WiderstandinAktion,4339
jungenationalisten,WiderstandinAktion,4338
jungenationalisten,WiderstandinAktion,4337
jungenationalisten,WiderstandinAktion,4336
jungenationalisten,WiderstandinAktion,4335
jungenationalisten,jungenationalisten,4334
jungenationalisten,WiderstandinAktion,4334
jungenationalisten,WiderstandinAktion,4333
jungenationalisten,urbsturrium,4332
jungenationalisten,ontdienst 🪧🔥,4331
jungenationalisten,Frontdienst,4331
jungenationalisten, auf Tele,4331
jungenationalisten,WiderstandinAktion,4330
jungenationalisten,jungenationalisten,4329
jungenationalisten,heimat_th,4329
jungenationalisten,JN_Th,4329
jungenationalisten,jungenationalisten,4328
jungenationalisten,JN_Th,4328
jungenationalisten,heimat2023,4325
jungenationalisten,sicherheitshinweise,4324
jungenationalisten,Sicherheitshinweise,4324
jungenationalisten,dortmundsrechte,4323
jungenationalisten,dortmundsrechte,4322
jungenationalisten,dortmundsrechte,4321
jungenationalisten,dortmundsrechte,4320
jungenationalisten,dortmundsrechte,4319
jungenationalisten,dortmundsrechte,4318
jungenationalisten,BlickpunktTV,4318
jungenationalisten,jungenationalisten,4317
jungenationalisten,JN_Th,4316
jungenationalisten,Jungenationalisten,4316
jungenationalisten,jungenationalisten,4314
jungenationalisten,Frontdienst,4314
jungenationalisten,jungenationalisten,4313
jungenationalisten,"itsgedanken01
Telefo",4313
jungenationalisten,Frontdienst,4311
jungenationalisten,jungenationalisten,4310
jungenationalisten,Frontdienst,4310
jungenationalisten,Frontdienst,4309
jungenationalisten,ungenationalisten,4308
jungenationalisten,WiderstandinAktion,4306
jungenationalisten,deutschestimmemagazin,4301
jungenationalisten,heimat2023,4300
jungenationalisten,Freiheitsgedanken01,4299
jungenationalisten,Frontdienst,4299
jungenationalisten,jungenationalisten,4298
jungenationalisten,JN_Th,4298
jungenationalisten,WiderstandinAktion,4297
jungenationalisten,WiderstandinAktion,4296
jungenationalisten,WiderstandinAktion,4295
jungenationalisten,WiderstandinAktion,4294
jungenationalisten,WiderstandinAktion,4293
jungenationalisten,WiderstandinAktion,4292
jungenationalisten,WiderstandinAktion,4291
jungenationalisten,WiderstandinAktion,4290
jungenationalisten,jungenationalisten,4289
jungenationalisten,WiderstandinAktion,4289
jungenationalisten,jungenationalisten,4288
jungenationalisten,jnhessen,4288
jungenationalisten,heimatnrw,4287
jungenationalisten,heimatnrw,4286
jungenationalisten,heimatnrw,4285
jungenationalisten,imatnrw,4284
jungenationalisten,heimatnrw,4284
jungenationalisten,jungenationalisten,4283
jungenationalisten,WiderstandinAktion,4283
jungenationalisten,jungenationalisten,4282
jungenationalisten,WiderstandinAktion,4282
jungenationalisten,Frontdienst,4281
jungenationalisten,jungenationalisten,4280
jungenationalisten,jnhessen,4280
jungenationalisten,jungenationalisten,4279
jungenationalisten,jnhessen,4279
jungenationalisten,jungenationalisten,4278
jungenationalisten,jungenationalisten,4275
jungenationalisten,dortmundsrechte,4274
jungenationalisten,dortmundsrechte,4273
jungenationalisten,dortmundsrechte,4272
jungenationalisten,dortmundsrechte,4271
jungenationalisten,dortmundsrechte,4270
jungenationalisten,BlickpunktTV,4270
jungenationalisten,jungenationalisten,4269
jungenationalisten,Schreiberklagtan,4268
jungenationalisten,jungenationalisten,4267
jungenationalisten,JN_Th,4267
jungenationalisten,jungenationalisten,4266
jungenationalisten,JN_Sachsen_Anhalt,4266
jungenationalisten,jungenationalisten,4265
jungenationalisten,WiderstandinAktion,4265
jungenationalisten,jungenationalisten,4264
jungenationalisten,braunschweigverteidigen,4264
jungenationalisten,sturmzeichen,4263
jungenationalisten,sturmzeichen,4262
jungenationalisten,sturmzeichen,4261
jungenationalisten,DerAppell,4259
jungenationalisten,AufbauHolstein,4258
jungenationalisten,"ungenationalisten

",4258
jungenationalisten,Frontdienst,4257
jungenationalisten,wie_gesagt,4256
jungenationalisten,jungenationalisten,4255
jungenationalisten,heimat2023,4255
jungenationalisten,JN_Th,4255
jungenationalisten,jungenationalisten,4254
jungenationalisten,WiderstandinAktion,4254
jungenationalisten,jungenationalisten ,4253
jungenationalisten,jungenationalisten,4252
jungenationalisten,JN_Th,4252
jungenationalisten,jungenationalisten,4251
jungenationalisten,JN_Sachsen_Anhalt,4251
jungenationalisten,loiswagnerjn,4250
jungenationalisten,WiderstandinAktion,4249
jungenationalisten,WiderstandinAktion,4248
jungenationalisten,WiderstandinAktion,4247
jungenationalisten,WiderstandinAktion,4246
jungenationalisten,WiderstandinAktion,4245
jungenationalisten,WiderstandinAktion,4244
jungenationalisten,WiderstandinAktion,4243
jungenationalisten,WiderstandinAktion,4242
jungenationalisten,WiderstandinAktion,4241
jungenationalisten,jungenationalisten,4240
jungenationalisten,WiderstandinAktion,4240
jungenationalisten,Frontdienst,4238
jungenationalisten,jungenationalisten,4237
jungenationalisten,KGxPR,4236
jungenationalisten,dieband,4236
jungenationalisten,eimat2023) ,4236
jungenationalisten,WiderstandinAktion,4235
jungenationalisten,WiderstandinAktion,4234
jungenationalisten,WiderstandinAktion,4233
jungenationalisten,WiderstandinAktion,4232
jungenationalisten,WiderstandinAktion,4231
jungenationalisten,WiderstandinAktion,4230
jungenationalisten,jungenationalisten,4229
jungenationalisten,WiderstandinAktion,4229
jungenationalisten,jungenationalisten,4226
jungenationalisten,Frontdienst,4225
jungenationalisten,"alaclavagraphics
@",4224
jungenationalisten,"snrev
@",4224
jungenationalisten,"DN2013
@",4224
jungenationalisten,KDN2013,4224
jungenationalisten,"crecords
@",4224
jungenationalisten,jungenationalisten,4223
jungenationalisten,nhessen,4223
jungenationalisten,jungenationalisten ,4222
jungenationalisten,"eitsgedanken01

📞 01",4222
jungenationalisten,WiderstandinAktion,4222
jungenationalisten,Frontdienst,4221
jungenationalisten,jungenationalisten,4220
jungenationalisten,Frontdienst,4220
jungenationalisten,jungenationalisten,4219
jungenationalisten,jnhessen,4219
jungenationalisten,jungenationalisten,4217
jungenationalisten,JN_Sachsen_Anhalt,4217
jungenationalisten,JN_Sachsen_Anhalt,4216
jungenationalisten,JN_Sachsen_Anhalt,4215
jungenationalisten,JN_Sachsen_Anhalt,4214
jungenationalisten,JN_Sachsen_Anhalt,4213
jungenationalisten,JN_Sachsen_Anhalt,4212
jungenationalisten,JN_Sachsen_Anhalt,4211
jungenationalisten,jungenationalisten ,4210
jungenationalisten,JN_Sachsen_Anhalt,4210
jungenationalisten,Frontdienst,4209
jungenationalisten,Frontdienst,4208
jungenationalisten,WiderstandinAktion,4207
jungenationalisten,WiderstandinAktion,4206
jungenationalisten,WiderstandinAktion,4205
jungenationalisten,jungenationalisten,4204
jungenationalisten,elblandrevolte,4204
jungenationalisten,WiderstandinAktion,4204
jungenationalisten,WiderstandinAktion,4202
jungenationalisten,harzverteidigen,4201
jungenationalisten,harzverteidigen,4200
jungenationalisten,harzverteidigen,4199
jungenationalisten,harzverteidigen,4198
jungenationalisten,harzverteidigen,4197
jungenationalisten,harzverteidigen,4196
jungenationalisten,harzverteidigen,4195
jungenationalisten,JN_Westverband,4194
jungenationalisten,WiderstandinAktion,4193
jungenationalisten,WiderstandinAktion,4192
jungenationalisten,WiderstandinAktion,4191
jungenationalisten,WiderstandinAktion,4190
jungenationalisten,WiderstandinAktion,4189
jungenationalisten,WiderstandinAktion,4188
jungenationalisten,WiderstandinAktion,4187
jungenationalisten,WiderstandinAktion,4186
jungenationalisten,WiderstandinAktion,4185
jungenationalisten,jungenationalisten,4184
jungenationalisten,WiderstandinAktion,4184
jungenationalisten,jungenationalisten,4183
jungenationalisten,elblandrevolte,4183
jungenationalisten,Frontdienst,4171
jungenationalisten,Frontdienst,4170
jungenationalisten,Frontdienst,4169
jungenationalisten,Frontdienst,4168
jungenationalisten,Frontdienst,4167
jungenationalisten,Frontdienst,4166
jungenationalisten,Frontdienst,4165
jungenationalisten,Frontdienst,4164
jungenationalisten,Frontdienst,4163
jungenationalisten,jungenationalisten,4153
jungenationalisten,JN_Th,4153
jungenationalisten,jungenationalisten,4145
jungenationalisten,jungenationalisten,4144
jungenationalisten,WiderstandinAktion,4144
jungenationalisten,jungenationalisten,4143
jungenationalisten,jungenationalisten,4142
jungenationalisten,jungenationalisten,4141
jungenationalisten,jungenationalisten,4140
jungenationalisten,WiderstandinAktion,4139
jungenationalisten,WiderstandinAktion,4138
jungenationalisten,jungenationalisten ,4134
jungenationalisten,Frontdienst,4133
jungenationalisten,Frontdienst,4132
jungenationalisten,jungenationalisten,4131
jungenationalisten,elblandrevolte,4131
jungenationalisten,jungenationalisten,4130
jungenationalisten,Frontdienst,4129
jungenationalisten,Frontdienst,4128
jungenationalisten,jungenationalisten,4127
jungenationalisten,WiderstandinAktion,4127
jungenationalisten,stefantrautmannDL,4124
jungenationalisten,"ungenationalisten

",4123
jungenationalisten,jungenationalisten,4122
jungenationalisten,Frontdienst,4122
jungenationalisten,jungenationalisten,4121
jungenationalisten,"ungenationalisten

",4120
jungenationalisten,Frontdienst,4119
jungenationalisten,comitedu9mai,4118
jungenationalisten,comitedu9mai,4117
jungenationalisten,comitedu9mai,4116
jungenationalisten,comitedu9mai,4115
jungenationalisten,mitedu9mai,4114
jungenationalisten,comitedu9mai,4114
jungenationalisten,jungenationalisten,4113
jungenationalisten,comitedu9mai,4113
jungenationalisten,jungenationalisten,4109
jungenationalisten,JN_Th,4109
jungenationalisten,niederlausitzInfo,4106
jungenationalisten,WiderstandinAktion,4105
jungenationalisten,JN_Th,4104
jungenationalisten,JN_Th,4103
jungenationalisten,JN_Th,4102
jungenationalisten,jungenationalisten,4101
jungenationalisten,JN_Th,4101
jungenationalisten,stefantrautmannDL,4100
jungenationalisten,Frontdienst,4099
jungenationalisten,estverband,4098
jungenationalisten,JN_Westverband,4098
jungenationalisten,enationalisten,4097
jungenationalisten,WiderstandinAktion,4095
jungenationalisten,WiderstandinAktion,4094
jungenationalisten,WiderstandinAktion,4093
jungenationalisten,WiderstandinAktion,4092
jungenationalisten,WiderstandinAktion,4091
jungenationalisten,WiderstandinAktion,4090
jungenationalisten,WiderstandinAktion,4089
jungenationalisten,WiderstandinAktion,4088
jungenationalisten,WiderstandinAktion,4087
jungenationalisten,jungenationalisten,4086
jungenationalisten,WiderstandinAktion,4086
jungenationalisten,jungenationalisten,4085
jungenationalisten,jungenationalisten,4061
jungenationalisten,heimat2023,4061
jungenationalisten,jungenationalisten,4059
jungenationalisten,WiderstandinAktion,4059
jungenationalisten,dortmundsrechte,4058
jungenationalisten,dortmundsrechte,4057
jungenationalisten,dortmundsrechte,4056
jungenationalisten,dortmundsrechte,4055
jungenationalisten,dortmundsrechte,4054
jungenationalisten,ortmundsrechte,4054
jungenationalisten,freiesachsen,4053
jungenationalisten,JN_Westverband,4052
jungenationalisten,heimatnrw,4052
jungenationalisten,JN_Westverband,4051
jungenationalisten,jungenationalisten,4050
jungenationalisten,JN_Th,4050
jungenationalisten,ungenationalisten,4049
jungenationalisten,jungenationalisten,4048
jungenationalisten,JN_Th,4048
jungenationalisten,jungenationalisten,4047
jungenationalisten,JN_Th,4047
jungenationalisten,ngenationalisten,4046
jungenationalisten,jungenationalisten,4041
jungenationalisten,jungenationalisten,4040
jungenationalisten,jungenationalisten,4039
jungenationalisten,jungenationalisten,4038
jungenationalisten,jungenationalisten,4037
jungenationalisten,jungenationalisten,4036
jungenationalisten,jungenationalisten,4035
jungenationalisten,jungenationalisten,4034
jungenationalisten,jungenationalisten,4033
jungenationalisten,jungenationalisten,4032
jungenationalisten,jungenationalisten,4031
jungenationalisten,jungenationalisten,4030
jungenationalisten,gespraeche,4029
jungenationalisten,"23
🗨 Diskus",4029
jungenationalisten,heimat2023,4029
jungenationalisten,jungenationalisten,4028
jungenationalisten,nvoran,4028
jungenationalisten,jungenationalisten,4025
jungenationalisten,JN_Sachsen_Anhalt,4025
jungenationalisten,WiderstandinAktion,4024
jungenationalisten,WiderstandinAktion,4023
jungenationalisten,WiderstandinAktion,4022
jungenationalisten,WiderstandinAktion,4021
jungenationalisten,WiderstandinAktion,4020
jungenationalisten,WiderstandinAktion,4019
jungenationalisten,jungenationalisten,4018
jungenationalisten,elblandrevolte,4018
jungenationalisten,WiderstandinAktion,4018
jungenationalisten,jungenationalisten,4017
jungenationalisten,jungenationalisten,4016
jungenationalisten,Hessen,4014
jungenationalisten,jungenationalisten,4014
jungenationalisten,jungenationalisten,4013
jungenationalisten,heimat2023,4013
jungenationalisten,espraeche,4012
jungenationalisten,"3
🗨 Diskuss",4012
jungenationalisten,heimat2023,4012
jungenationalisten,dortmundsrechte,4011
jungenationalisten,rtmundsrechte,4011
jungenationalisten,"eimatDo!
",4011
jungenationalisten,WiderstandinAktion,4010
jungenationalisten,WiderstandinAktion,4009
jungenationalisten,WiderstandinAktion,4008
jungenationalisten,WiderstandinAktion,4007
jungenationalisten,WiderstandinAktion,4006
jungenationalisten,WiderstandinAktion,4005
jungenationalisten,hermanns_heide,4004
jungenationalisten,hermanns_heide,4003
jungenationalisten,hermanns_heide,4002
jungenationalisten,hermanns_heide,4001
jungenationalisten,hermanns_heide,4000
jungenationalisten,hermanns_heide,3999
jungenationalisten,hermanns_heide,3998
jungenationalisten,hermanns_heide,3997
jungenationalisten,jungenationalisten,3996
jungenationalisten,hermanns_heide,3996
jungenationalisten,DerAppell,3995
jungenationalisten,jungenationalisten,3994
jungenationalisten,"023
🧠 Disku",3993
jungenationalisten,tgespraeche,3993
jungenationalisten,heimat2023,3993
jungenationalisten,jungenationalisten,3991
jungenationalisten,heimat2023,3991
jungenationalisten,"23
🧠 Diskus",3990
jungenationalisten,heimat2023,3990
jungenationalisten,gespraeche,3990
jungenationalisten,deutschestimmemagazin,3989
jungenationalisten,Frontdienst,3988
jungenationalisten,Frontdienst,3984
jungenationalisten,Frontdienst,3983
jungenationalisten,Frontdienst,3982
jungenationalisten,Frontdienst,3981
jungenationalisten,Frontdienst,3980
jungenationalisten,Frontdienst,3979
jungenationalisten,Frontdienst,3978
jungenationalisten,Frontdienst,3977
jungenationalisten,Frontdienst,3976
jungenationalisten,jungenationalisten,3975
jungenationalisten,JN_Th,3975
jungenationalisten,skussionsgr,3974
jungenationalisten,heimat2023,3974
jungenationalisten,che,3974
jungenationalisten,WiderstandinAktion,3973
jungenationalisten,WiderstandinAktion,3972
jungenationalisten,WiderstandinAktion,3971
jungenationalisten,WiderstandinAktion,3970
jungenationalisten,WiderstandinAktion,3969
jungenationalisten,jungenationalisten,3968
jungenationalisten,WiderstandinAktion,3968
jungenationalisten,jungenationalisten,3967
jungenationalisten,Frontdienst,3966
jungenationalisten,espraeche,3965
jungenationalisten,"3
🗨 Diskuss",3965
jungenationalisten,heimat2023,3965
jungenationalisten,braunschweigverteidigen,3964
jungenationalisten,jungenationalisten,3962
jungenationalisten,Frontdienst,3961
jungenationalisten,jungenationalisten,3960
jungenationalisten,JN_Th,3960
jungenationalisten,harzverteidigen,3959
jungenationalisten,JN_Sachsen_Anhalt,3959
jungenationalisten,braunschweigverteidigen,3959
jungenationalisten,WiderstandinAktion,3958
jungenationalisten,WiderstandinAktion,3957
jungenationalisten,WiderstandinAktion,3956
jungenationalisten,WiderstandinAktion,3955
jungenationalisten,WiderstandinAktion,3954
jungenationalisten,jungenationalisten,3953
jungenationalisten,JN_Th,3953
jungenationalisten,JN_Th,3952
jungenationalisten,JN_Th,3951
jungenationalisten,JN_Th,3950
jungenationalisten,jungenationalisten,3949
jungenationalisten,JN_TH,3949
jungenationalisten,JN_Th,3949
jungenationalisten,Frontdienst,3948
jungenationalisten,jungenationalisten,3946
jungenationalisten,jn_voran,3945
jungenationalisten,jungenationalisten,3944
jungenationalisten,JN_TH,3944
jungenationalisten,JN_Th,3944
jungenationalisten,WiderstandinAktion,3943
jungenationalisten,WiderstandinAktion,3942
jungenationalisten,WiderstandinAktion,3941
jungenationalisten,WiderstandinAktion,3940
jungenationalisten,WiderstandinAktion,3939
jungenationalisten,WiderstandinAktion,3938
jungenationalisten,WiderstandinAktion,3937
jungenationalisten,WiderstandinAktion,3936
jungenationalisten,WiderstandinAktion,3935
jungenationalisten,WiderstandinAktion,3934
jungenationalisten,wuerttemberg_verteidigen,3933
jungenationalisten,wuerttemberg_verteidigen,3932
jungenationalisten,wuerttemberg_verteidigen,3931
jungenationalisten,jungenationalisten,3930
jungenationalisten,wuerttemberg_verteidigen,3930
jungenationalisten,espraeche,3929
jungenationalisten,heimat2023,3929
jungenationalisten,"3  

💬 Komm",3929
jungenationalisten,Frontdienst,3928
jungenationalisten,Frontdienst,3927
jungenationalisten,Frontdienst,3926
jungenationalisten,Frontdienst,3925
jungenationalisten,turmzeichen,3924
jungenationalisten,gefangenenhilfe,3924
jungenationalisten,sturmzeichen,3924
jungenationalisten,sturmzeichen,3922
jungenationalisten,turmzeichen,3921
jungenationalisten,sturmzeichen,3921
jungenationalisten,Frontdienst,3920
jungenationalisten,Frontdienst,3919
jungenationalisten,jungenationalisten,3918
jungenationalisten,JN_TH,3918
jungenationalisten,JN_Th,3918
jungenationalisten,jungenationalisten,3917
jungenationalisten,JN_Sachsen_Anhalt,3916
jungenationalisten,JN_Sachsen_Anhalt,3915
jungenationalisten,jungenationalisten,3914
jungenationalisten,JN_Sachsen_Anhalt,3914
jungenationalisten,jungenationalisten,3911
jungenationalisten,raeche,3901
jungenationalisten,heimat2023,3901
jungenationalisten,"

💬 Kommt i",3901
jungenationalisten,jungenationalisten,3900
jungenationalisten,jungenationalisten,3899
jungenationalisten,braunschweigverteidigen,3899
jungenationalisten,jungenationalisten,3898
jungenationalisten,JN_TH,3898
jungenationalisten,JN_Th,3898
jungenationalisten,genationalisten 🇩🇪,3897
jungenationalisten,"defunken
@ju",3897
jungenationalisten,muldefunken,3897
jungenationalisten,WiderstandinAktion,3896
jungenationalisten,"
💬 Kommt in",3895
jungenationalisten,heimat2023,3895
jungenationalisten,praeche,3895
jungenationalisten,PAxActiveClub,3894
jungenationalisten,PAxActiveClub,3893
jungenationalisten,PAxActiveClub,3892
jungenationalisten,PAxActiveClub,3891
jungenationalisten,PAxActiveClu,3891
jungenationalisten,"activeclubger

😊",3891
jungenationalisten,Freiheitsgedanken01,3890
jungenationalisten,Frontdienst,3890
jungenationalisten,jungenationalisten,3889
jungenationalisten,atgespraeche,3888
jungenationalisten,"2023

Kommt",3888
jungenationalisten,heimat2023,3888
jungenationalisten,schmidtkeswelt,3887
jungenationalisten,gegenstrom,3885
jungenationalisten,lukovmarch,3884
jungenationalisten,jungenationalisten,3882
jungenationalisten,WiderstandinAktion,3881
jungenationalisten,JN_Th,3880
jungenationalisten,JN_Th,3879
jungenationalisten,JN_Th,3878
jungenationalisten,JN_Th,3877
jungenationalisten,JN_Th,3876
jungenationalisten,jungenationalisten,3875
jungenationalisten,JN_Th,3875
jungenationalisten,WiderstandinAktion,3874
jungenationalisten,heimatNDS,3873
jungenationalisten,heimatNDS,3872
jungenationalisten,heimatNDS,3871
jungenationalisten,heimatNDS,3870
jungenationalisten,heimatNDS,3869
jungenationalisten,"heimatNDS
",3868
jungenationalisten,heimatNDS,3868
jungenationalisten,iskursNDS,3868
jungenationalisten,WiderstandinAktion,3866
jungenationalisten,WiderstandinAktion,3865
jungenationalisten,WiderstandinAktion,3864
jungenationalisten,WiderstandinAktion,3863
jungenationalisten,WiderstandinAktion,3862
jungenationalisten,WiderstandinAktion,3861
jungenationalisten,WiderstandinAktion,3860
jungenationalisten,WiderstandinAktion,3859
jungenationalisten,WiderstandinAktion,3858
jungenationalisten,WiderstandinAktion,3857
jungenationalisten,deutschestimmemagazin,3856
jungenationalisten,hermanns_heide,3855
jungenationalisten,hermanns_heide,3854
jungenationalisten,hermanns_heide,3853
jungenationalisten,hermanns_heide,3852
jungenationalisten,hermanns_heide,3851
jungenationalisten,hermanns_heide,3850
jungenationalisten,hermanns_heide,3849
jungenationalisten,hermanns_heide,3848
jungenationalisten,hermanns_heide,3847
jungenationalisten,jungenationalisten,3846
jungenationalisten,hermanns_heide,3846
jungenationalisten,WiderstandinAktion,3845
jungenationalisten,jungenationalisten,3844
jungenationalisten,WiderstandinAktion,3841
jungenationalisten,jungenationalisten,3837
jungenationalisten,jungenationalisten,3836
jungenationalisten,jungenationalisten,3835
jungenationalisten,jungenationalisten,3834
jungenationalisten,jungenationalisten,3833
jungenationalisten,jungenationalisten,3832
jungenationalisten,jungenationalisten,3831
jungenationalisten,WiderstandinAktion,3830
jungenationalisten,dresden_gedenken,3829
jungenationalisten,stefantrautmannDL,3828
jungenationalisten,atgespraeche,3827
jungenationalisten,"2023

Kommt",3827
jungenationalisten,heimat2023,3827
jungenationalisten,hermanns_heide,3826
jungenationalisten,hermanns_heide,3825
jungenationalisten,hermanns_heide,3824
jungenationalisten,hermanns_heide,3823
jungenationalisten,jungenationalisten,3822
jungenationalisten,hermanns_heide,3822
jungenationalisten,dresden_gedenken,3821
jungenationalisten,WiderstandinAktion,3820
jungenationalisten,WiderstandinAktion,3819
jungenationalisten,dresden_gedenken,3818
jungenationalisten,jungenationalisten,3818
jungenationalisten,sicherheitshinweise,3817
jungenationalisten,Sicherheitshinweise,3817
jungenationalisten,WiderstandinAktion,3816
jungenationalisten,WiderstandinAktion,3815
jungenationalisten,WiderstandinAktion,3814
jungenationalisten,jungenationalisten,3813
jungenationalisten,"lblandrevolte

",3813
jungenationalisten,WiderstandinAktion,3813
jungenationalisten,dresden_gedenken,3812
jungenationalisten,peterschreiber,3811
jungenationalisten,prototelegram,3810
jungenationalisten,aufgewachtonline,3809
jungenationalisten,WiderstandinAktion,3808
jungenationalisten,WiderstandinAktion,3807
jungenationalisten,WiderstandinAktion,3806
jungenationalisten,jungenationalisten,3805
jungenationalisten,WiderstandinAktion,3805
jungenationalisten,jungenationalisten,3804
jungenationalisten,JN_Th,3804
jungenationalisten,jungenationalisten,3803
jungenationalisten,elblandrevolte,3803
jungenationalisten,wie_gesagt,3802
jungenationalisten,JN_Sachsen_Anhalt,3801
jungenationalisten,JN_Sachsen_Anhalt,3800
jungenationalisten,JN_Sachsen_Anhalt,3799
jungenationalisten,JN_Sachsen_Anhalt,3798
jungenationalisten,dresden_gedenken,3797
jungenationalisten,jungenationalisten,3797
jungenationalisten,JN_Sachsen_Anhalt,3797
jungenationalisten,jungenationalisten,3788
jungenationalisten,jn_voran,3788
jungenationalisten,WiderstandinAktion,3787
jungenationalisten,jungenationalisten,3785
jungenationalisten,lukovmarch,3785
jungenationalisten,dresden_gedenken,3784
jungenationalisten,jungenationalisten,3784
jungenationalisten,jungenationalisten,3783
jungenationalisten,eimatjugendrl 🥁,3782
jungenationalisten,jungenationalisten,3782
jungenationalisten,heimatsachsen,3781
jungenationalisten,jungenationalisten,3780
jungenationalisten,jungenationalisten,3779
jungenationalisten,heimatsachsen,3776
jungenationalisten,genationalisten 🇩🇪,3775
jungenationalisten,"defunken
@ju",3775
jungenationalisten,muldefunken,3775
jungenationalisten,WiderstandinAktion,3774
jungenationalisten,dortmundsrechte,3773
jungenationalisten,HeimatDo!,3773
jungenationalisten,ortmundsrechte,3773
jungenationalisten,jungenationalisten,3772
jungenationalisten,stefantrautmannDL,3770
jungenationalisten,jungenationalisten,3760
jungenationalisten,jungenationalisten,3759
jungenationalisten,dresden_gedenken,3758
jungenationalisten,jungenationalisten,3758
jungenationalisten,uldefunken 📢,3758
jungenationalisten,WiderstandinAktion,3757
jungenationalisten,freiesachsen,3755
jungenationalisten,Frontdienst,3753
jungenationalisten,Frontdienst,3752
jungenationalisten,jungenationalisten,3751
jungenationalisten,JN_Th,3751
jungenationalisten,jungenationalisten,3750
jungenationalisten,AufbauHolstein,3750
jungenationalisten,dresden_gedenken,3749
jungenationalisten,jungenationalisten,3749
jungenationalisten,uldefunken 📢,3749
jungenationalisten,stefantrautmannDL,3747
jungenationalisten,eimatjugendrl 🥁,3746
jungenationalisten,jungenationalisten,3746
jungenationalisten,dresden_gedenken,3745
jungenationalisten,Frontdienst,3745
jungenationalisten,jungenationalisten,3744
jungenationalisten,JN_Th,3744
jungenationalisten,harzverteidigen,3743
jungenationalisten,N_voran 🙋,3741
jungenationalisten,jungenationalisten,3741
jungenationalisten,AufbauHolstein,3739
jungenationalisten,jungenationalisten,3739
jungenationalisten,"agner_jn
F",3739
jungenationalisten,jungenationalisten,3738
jungenationalisten,JA_Deutschland,3737
jungenationalisten,JNDeutschland,3737
jungenationalisten,peterschreiber,3737
jungenationalisten,jungenationalisten,3736
jungenationalisten,frontdienst,3736
jungenationalisten,JN_Th,3736
jungenationalisten,jungenationalisten,3735
jungenationalisten,JN_Th,3735
jungenationalisten,jungenationalisten,3734
jungenationalisten,JN_Sachsen_Anhalt,3734
jungenationalisten,jungenationalisten,3733
jungenationalisten,heimat2023,3732
jungenationalisten,"eimat2023

",3731
jungenationalisten,heimat2023,3731
jungenationalisten,eheimatgespraeche,3731
jungenationalisten,wuerttemberg_verteidigen,3729
jungenationalisten,dresden_gedenken,3727
jungenationalisten,dresden_gedenken,3726
jungenationalisten,Frontdienst,3726
jungenationalisten,jungenationalisten,3724
jungenationalisten,jungenationalisten,3723
jungenationalisten,jungenationalisten,3722
jungenationalisten,jungenationalisten,3721
jungenationalisten,WiderstandinAktion,3720
jungenationalisten,WiderstandinAktion,3719
jungenationalisten,WiderstandinAktion,3718
jungenationalisten,WiderstandinAktion,3717
jungenationalisten,jungenationalisten,3716
jungenationalisten,WiderstandinAktion,3716
jungenationalisten,weseremsaktion,3715
jungenationalisten,Frontdienst,3714
jungenationalisten,WiderstandinAktion,3713
jungenationalisten,WiderstandinAktion,3712
jungenationalisten,WiderstandinAktion,3711
jungenationalisten,WiderstandinAktion,3710
jungenationalisten,WiderstandinAktion,3709
jungenationalisten,WiderstandinAktion,3708
jungenationalisten,WiderstandinAktion,3707
jungenationalisten,WiderstandinAktion,3706
jungenationalisten,WiderstandinAktion,3705
jungenationalisten,jungenationalisten,3704
jungenationalisten,WiderstandinAktion,3704
jungenationalisten,WiderstandinAktion,3703
jungenationalisten,WiderstandinAktion,3702
jungenationalisten,jungenationalisten,3701
jungenationalisten,hermanns_heide,3701
jungenationalisten,jungenationalisten,3700
jungenationalisten,WiderstandinAktion,3700
jungenationalisten,jungenationalisten,3698
jungenationalisten,jungenationalisten,3697
jungenationalisten,Frontdienst,3696
jungenationalisten,deutschestimmemagazin,3695
jungenationalisten,WiderstandinAktion,3694
jungenationalisten,jungenationalisten,3693
jungenationalisten,hermanns_heide,3692
jungenationalisten,hermanns_heide,3691
jungenationalisten,hermanns_heide,3690
jungenationalisten,hermanns_heide,3689
jungenationalisten,hermanns_heide,3688
jungenationalisten,jungenationalisten,3687
jungenationalisten,clauscremernrw,3683
jungenationalisten,jungenationalisten,3683
jungenationalisten,jndortmund,3683
jungenationalisten,JN_Pfalz,3678
jungenationalisten,flakdieband,3677
jungenationalisten,jungenationalisten,3677
jungenationalisten,JN_Pfalz,3677
jungenationalisten,dortmundsrechte,3676
jungenationalisten,ortmundsrechte,3676
jungenationalisten,dortmundsrechte,3675
jungenationalisten,ortmundsrechte,3675
jungenationalisten,dresden_gedenken,3674
jungenationalisten,Frontdienst,3674
jungenationalisten,WiderstandinAktion,3673
jungenationalisten,WiderstandinAktion,3672
jungenationalisten,WiderstandinAktion,3671
jungenationalisten,dresden_gedenken,3670
jungenationalisten,Frontdienst,3670
jungenationalisten,jungenationalisten,3668
jungenationalisten,WiderstandinAktion,3668
jungenationalisten,jungenationalisten,3666
jungenationalisten,auf1tv,3663
jungenationalisten,Frontdienst,3662
jungenationalisten,jungenationalisten,3661
jungenationalisten,hermanns_heide,3661
jungenationalisten,jungenationalisten,3660
jungenationalisten,"eimat2023

",3659
jungenationalisten,jungenationalisten,3659
jungenationalisten,"eheimatgespraeche

🖤",3659
jungenationalisten,heimat2023,3659
jungenationalisten,jungenationalisten,3658
jungenationalisten,heimatsachsen,3655
jungenationalisten,dortmundsrechte,3654
jungenationalisten,WiderstandinAktion,3653
jungenationalisten,WiderstandinAktion,3652
jungenationalisten,WiderstandinAktion,3651
jungenationalisten,WiderstandinAktion,3650
jungenationalisten,WiderstandinAktion,3649
jungenationalisten,WiderstandinAktion,3648
jungenationalisten,WiderstandinAktion,3647
jungenationalisten,jungenationalisten,3646
jungenationalisten,WiderstandinAktion,3646
jungenationalisten,dresden_gedenken,3645
jungenationalisten,jfeseu,3644
jungenationalisten,jungenationalisten,3644
jungenationalisten,"eimat2023

",3640
jungenationalisten,"eheimatgespraeche

🖤",3640
jungenationalisten,heimat2023,3640
jungenationalisten,heimatsachsen,3639
jungenationalisten,jungenationalisten,3638
jungenationalisten,sturmzeichen,3637
jungenationalisten,jungenationalisten,3636
jungenationalisten,WiderstandinAktion,3636
jungenationalisten,"eimat2023

",3634
jungenationalisten,"eheimatgespraeche

🖤",3634
jungenationalisten,heimat2023,3634
jungenationalisten,"eimat2023

",3633
jungenationalisten,"eheimatgespraeche

🖤",3633
jungenationalisten,heimat2023,3633
jungenationalisten,"eimat2023

",3632
jungenationalisten,"eheimatgespraeche

🖤",3632
jungenationalisten,heimat2023,3632
jungenationalisten,heimat2023,3631
jungenationalisten,heimat2023,3630
jungenationalisten,heimat2023,3629
jungenationalisten,heimat2023,3628
jungenationalisten,heimat2023,3627
jungenationalisten,heimat2023,3626
jungenationalisten,heimat2023,3625
jungenationalisten,"eimat2023

",3624
jungenationalisten,"eheimatgespraeche

🖤",3624
jungenationalisten,heimat2023,3624
jungenationalisten,jungenationalisten,3623
jungenationalisten,jungenationalisten,3619
jungenationalisten,dresden_gedenken,3618
jungenationalisten,hannoververteidigen,3617
jungenationalisten,hannoververteidigen,3616
jungenationalisten,jungenationalisten,3615
jungenationalisten,hannoververteidigen,3615
jungenationalisten,JN_Sachsen_Anhalt,3614
jungenationalisten,JN_Sachsen_Anhalt,3613
jungenationalisten,JN_Sachsen_Anhalt,3612
jungenationalisten,JN_Sachsen_Anhalt,3611
jungenationalisten,JN_Sachsen_Anhalt,3610
jungenationalisten,J_F457,3610
jungenationalisten,WiderstandinAktion,3609
jungenationalisten,dortmundsrechte,3608
jungenationalisten,dortmundsrechte,3607
jungenationalisten,dortmundsrechte,3606
jungenationalisten,dortmundsrechte,3605
jungenationalisten,ortmundsrechte,3605
jungenationalisten,hermanns_heide,3604
jungenationalisten,hermanns_heide,3603
jungenationalisten,hermanns_heide,3602
jungenationalisten,hermanns_heide,3601
jungenationalisten,hermanns_heide,3600
jungenationalisten,JN_Th,3599
jungenationalisten,JN_Th,3598
jungenationalisten,JN_Th,3597
jungenationalisten,jungenationalisten,3596
jungenationalisten,JN_Th,3596
jungenationalisten,elblandrevolte,3595
jungenationalisten,elblandrevolte,3594
jungenationalisten,elblandrevolte,3593
jungenationalisten,stefantrautmannDL,3592
jungenationalisten,sicherheitshinweise,3591
jungenationalisten,Sicherheitshinweise,3591
jungenationalisten,Frontdienst,3589
jungenationalisten,jungenationalisten ,3588
jungenationalisten,WiderstandinAktion,3588
jungenationalisten,harzverteidigen,3587
jungenationalisten,zukunftHBS,3586
jungenationalisten,michaelbrueck90,3586
jungenationalisten,harzverteidigen,3586
jungenationalisten,jungenationalisten,3584
jungenationalisten,JN_Th,3584
jungenationalisten,Frontdienst,3583
jungenationalisten,jungenationalisten,3582
jungenationalisten,Frontdienst,3582
jungenationalisten,WiderstandinAktion,3581
jungenationalisten,WiderstandinAktion,3580
jungenationalisten,elblandrevolte,3579
jungenationalisten,jungenationalisten,3574
jungenationalisten,WiderstandinAktion ,3573
jungenationalisten,WiderstandinAktion,3573
jungenationalisten,jungenationalisten,3569
jungenationalisten,prphellas,3569
jungenationalisten,athenscene,3568
jungenationalisten,athenscene,3567
jungenationalisten,athenscene,3566
jungenationalisten,athenscene,3565
jungenationalisten,athenscene,3564
jungenationalisten,athenscene,3563
jungenationalisten,athenscene,3562
jungenationalisten,athenscene,3561
jungenationalisten,athenscene,3560
jungenationalisten,athenscene,3559
jungenationalisten,WiderstandinAktion,3558
jungenationalisten,WiderstandinAktion,3557
jungenationalisten,WiderstandinAktion,3556
jungenationalisten,WiderstandinAktion,3555
jungenationalisten,WiderstandinAktion,3554
jungenationalisten,WiderstandinAktion,3553
jungenationalisten,WiderstandinAktion,3552
jungenationalisten,"genationalisten 💪🏻
",3551
jungenationalisten,WiderstandinAktion,3551
jungenationalisten,athenscene,3550
jungenationalisten,sturmzeichen,3549
jungenationalisten,"turmzeichen

",3549
jungenationalisten,jungenationalisten,3548
jungenationalisten,stefantrautmannDL,3547
jungenationalisten,stefantrautmannDL,3546
jungenationalisten,jungenationalisten,3545
jungenationalisten,erblehre,3543
jungenationalisten,stefantrautmannDL,3542
jungenationalisten,jungenationalisten,3541
jungenationalisten,jungenationalisten,3540
jungenationalisten,egiohungaria 🇭,3540
jungenationalisten,legiohungaria,3539
jungenationalisten,Frontdienst,3538
jungenationalisten,heimat2023,3537
jungenationalisten,jungenationalisten,3536
jungenationalisten,jungenationalisten,3535
jungenationalisten,jungenationalisten,3534
jungenationalisten,eimatNDS 🔥,3534
jungenationalisten,jungenationalisten,3533
jungenationalisten,niewiederaltpartei,3533
jungenationalisten,stefantrautmannDL,3532
jungenationalisten,jungenationalisten,3530
jungenationalisten,heimat2023,3530
jungenationalisten,JN_Th,3530
jungenationalisten,jungenationalisten,3529
jungenationalisten,Frontdienst,3528
jungenationalisten,WiderstandinAktion,3527
jungenationalisten,WiderstandinAktion,3526
jungenationalisten,WiderstandinAktion,3525
jungenationalisten,WiderstandinAktion,3524
jungenationalisten,jungenationalisten,3523
jungenationalisten,WiderstandinAktion,3523
jungenationalisten,kavalier_nds,3522
jungenationalisten,jungenationalisten,3521
jungenationalisten,jungenationalisten,3517
jungenationalisten,WiderstandinAktion,3517
jungenationalisten,gespraeche,3516
jungenationalisten,"23

Kommt i",3516
jungenationalisten,heimat2023,3516
jungenationalisten,jungenationalisten,3513
jungenationalisten,eimatNDS 🔥,3513
jungenationalisten,jungenationalisten,3512
jungenationalisten,WiderstandinAktion,3512
jungenationalisten,jungenationalisten,3511
jungenationalisten,WiderstandinAktion,3511
jungenationalisten,jungenationalisten,3510
jungenationalisten,jungenationalisten,3505
jungenationalisten,JN_Sachsen_Anhalt,3505
jungenationalisten,jungenationalisten,3504
jungenationalisten,heimatbw,3502
jungenationalisten,gefangenenhilfe,3501
jungenationalisten,jungenationalisten,3500
jungenationalisten,Frontdienst,3500
jungenationalisten,jungenationalisten,3495
jungenationalisten,heinlandbande ⛺,3495
jungenationalisten,WiderstandinAktion,3483
jungenationalisten,WiderstandinAktion,3482
jungenationalisten,WiderstandinAktion,3481
jungenationalisten,WiderstandinAktion,3480
jungenationalisten,WiderstandinAktion,3479
jungenationalisten,WiderstandinAktion,3478
jungenationalisten,WiderstandinAktion,3477
jungenationalisten,stefantrautmannDL,3476
jungenationalisten,jungenationalisten,3474
jungenationalisten,Frontdienst,3474
jungenationalisten,DerAppell,3473
jungenationalisten,DerAppell,3472
jungenationalisten,jungenationalisten,3471
jungenationalisten,jungenationalisten,3470
jungenationalisten,JN_Th,3470
jungenationalisten,Frontdienst,3469
jungenationalisten,freiesachsen,3468
jungenationalisten,gegenstrom,3467
jungenationalisten,gegenstrom,3466
jungenationalisten,jungenationalisten ,3465
jungenationalisten,Frontdienst,3465
jungenationalisten,JN_Th,3464
jungenationalisten,gespraeche,3463
jungenationalisten,"23

Kommt i",3463
jungenationalisten,deutschestimmemagazin,3463
jungenationalisten,heimat2023,3463
jungenationalisten,"

Kommt in ",3462
jungenationalisten,heimat2023,3462
jungenationalisten,spraeche,3462
jungenationalisten,Frontdienst,3461
jungenationalisten,Frontdienst,3460
jungenationalisten,Frontdienst,3459
jungenationalisten,Frontdienst,3458
jungenationalisten,Frontdienst,3457
jungenationalisten,freiesachsen,3456
jungenationalisten,imatgespraeche,3455
jungenationalisten,heimat2023,3455
jungenationalisten,"at2023

Kom",3455
jungenationalisten,elblandrevolte,3454
jungenationalisten,jungenationalisten,3452
jungenationalisten,jungenationalisten,3451
jungenationalisten,rontdienst 📢,3451
jungenationalisten,Frontdienst,3451
jungenationalisten,jungenationalisten,3450
jungenationalisten,WiderstandinAktion,3449
jungenationalisten,WiderstandinAktion,3448
jungenationalisten,WiderstandinAktion,3447
jungenationalisten,WiderstandinAktion,3446
jungenationalisten,WiderstandinAktion,3445
jungenationalisten,WiderstandinAktion,3444
jungenationalisten,WiderstandinAktion,3443
jungenationalisten,WiderstandinAktion,3442
jungenationalisten,WiderstandinAktion,3441
jungenationalisten,jungenationalisten,3440
jungenationalisten,WiderstandinAktion,3440
jungenationalisten,jungenationalisten,3439
jungenationalisten,landrevolte,3439
jungenationalisten,jungenationalisten,3438
jungenationalisten,Frontdienst,3438
jungenationalisten,jungenationalisten,3437
jungenationalisten,Frontdienst,3437
jungenationalisten,deutschestimmemagazin,3436
jungenationalisten,wie_gesagt,3435
jungenationalisten,wie_gesagt,3434
jungenationalisten,jungenationalisten,3433
jungenationalisten,jungenationalisten,3431
jungenationalisten,heimat2023,3431
jungenationalisten,JN_Th,3431
jungenationalisten,elblandrevolte,3430
jungenationalisten,jungenationalisten ,3429
jungenationalisten,Frontdienst,3429
jungenationalisten,iheitsgedanken01,3429
jungenationalisten,deutschestimmemagazin,3427
jungenationalisten,Frontdienst,3426
jungenationalisten,prototelegram,3425
jungenationalisten,jungenationalisten,3424
jungenationalisten,heimat_bayern,3424
jungenationalisten,JN_voran,3423
jungenationalisten,Frontdienst,3422
jungenationalisten,WiderstandinAktion,3420
jungenationalisten,Frontdienst,3419
jungenationalisten,Frontdienst,3418
jungenationalisten,Frontdienst,3417
jungenationalisten,Frontdienst,3416
jungenationalisten,Frontdienst,3415
jungenationalisten,Frontdienst,3414
jungenationalisten,Frontdienst,3413
jungenationalisten,Frontdienst,3412
jungenationalisten,Frontdienst,3411
jungenationalisten,WiderstandinAktion,3410
jungenationalisten,WiderstandinAktion,3409
jungenationalisten,WiderstandinAktion,3408
jungenationalisten,WiderstandinAktion,3407
jungenationalisten,WiderstandinAktion,3406
jungenationalisten,WiderstandinAktion,3405
jungenationalisten,WiderstandinAktion,3404
jungenationalisten,jungenationalisten,3403
jungenationalisten,WiderstandinAktion,3403
jungenationalisten,forzheimrevolte 📢,3402
jungenationalisten,jungenationalisten,3402
jungenationalisten,jungenationalisten,3401
jungenationalisten,DerAppell,3401
jungenationalisten,jungenationalisten,3400
jungenationalisten,WiderstandinAktion,3399
jungenationalisten,WiderstandinAktion,3398
jungenationalisten,WiderstandinAktion,3397
jungenationalisten,WiderstandinAktion,3396
jungenationalisten,WiderstandinAktion,3395
jungenationalisten,WiderstandinAktion,3394
jungenationalisten,Frontdienst,3393
jungenationalisten,Frontdienst,3392
jungenationalisten,SchwarzeKreuze,3391
jungenationalisten,jungenationalisten,3391
jungenationalisten,Frontdienst,3391
jungenationalisten,stefantrautmannDL,3390
jungenationalisten,ungenationalisten 🇩,3389
jungenationalisten,SchwarzeKreuze,3388
jungenationalisten,jungenationalisten,3388
jungenationalisten,DerAppell,3388
jungenationalisten,deutschestimmemagazin,3387
jungenationalisten,DerAppell,3386
jungenationalisten,DerAppell,3385
jungenationalisten,DerAppell,3384
jungenationalisten,WiderstandinAktion,3383
jungenationalisten,jungenationalisten,3382
jungenationalisten,HeimatSachsenAnhalt,3382
jungenationalisten,jungenationalisten,3379
jungenationalisten,blocmtp,3379
jungenationalisten,JN_Th,3378
jungenationalisten,JN_Th,3377
jungenationalisten,jungenationalisten,3370
jungenationalisten,michaelbrueck90,3370
jungenationalisten,JN_Th,3369
jungenationalisten,jungenationalisten,3368
jungenationalisten,stefantrautmannDL,3367
jungenationalisten,Frontdienst,3366
jungenationalisten,jungenationalisten,3365
jungenationalisten,jungenationalisten,3363
jungenationalisten,jungenationalisten,3359
jungenationalisten,heimat2023,3359
jungenationalisten,heimat2023,3358
jungenationalisten,heimatNDS,3352
jungenationalisten,ursNDS,3352
jungenationalisten,"matNDS

Ko",3352
jungenationalisten,jungenationalisten,3347
jungenationalisten,heimat2023,3347
jungenationalisten,heimat2023,3344
jungenationalisten,heimatnrw,3343
jungenationalisten,heimatnrw,3342
jungenationalisten,imatnrw,3341
jungenationalisten,heimatnrw,3341
jungenationalisten,jungenationalisten,3340
jungenationalisten,jungenationalisten,3336
jungenationalisten,elblandrevolte,3336
jungenationalisten,jungenationalisten,3333
jungenationalisten,jungenationalisten,3332
jungenationalisten,jungenationalisten,3331
jungenationalisten,Frontdienst,3331
jungenationalisten,fsnrev,3330
jungenationalisten,imatgespraeche,3329
jungenationalisten,heimat2023,3329
jungenationalisten,"at2023

Kom",3329
jungenationalisten,deutschestimmemagazin,3328
jungenationalisten,Frontdienst,3327
jungenationalisten,Balaclavagraphics,3327
jungenationalisten,EB_official,3327
jungenationalisten,fsnrev,3327
jungenationalisten,pcrecords,3327
jungenationalisten,activeclubger,3327
jungenationalisten,heimat2023,3321
jungenationalisten,BNSIYI,3320
jungenationalisten,jungenationalisten,3319
jungenationalisten,rphellas 🇬,3319
jungenationalisten,nationalistesfr,3318
jungenationalisten,jungenationalisten,3317
jungenationalisten,ForteresseEurope,3317
jungenationalisten,nationalistesfr,3317
jungenationalisten,nationalistesfr,3316
jungenationalisten,nationalistesfr,3315
jungenationalisten,nationalistesfr,3314
jungenationalisten,nationalistesfr,3313
jungenationalisten,nationalistesfr,3312
jungenationalisten,nationalistesfr,3311
jungenationalisten,nationalistesfr,3310
jungenationalisten,legiohungaria,3309
jungenationalisten,clauscremernrw,3308
jungenationalisten,emernrw,3308
jungenationalisten,prphellas,3307
jungenationalisten,prphellas,3306
jungenationalisten,prphellas,3305
jungenationalisten,prphellas,3304
jungenationalisten,prphellas,3303
jungenationalisten,prphellas,3302
jungenationalisten,prphellas,3301
jungenationalisten,jungenationalisten,3293
jungenationalisten,jungenationalisten,3292
jungenationalisten,jungenationalisten,3290
jungenationalisten,sturmzeichen,3289
jungenationalisten,Frontdienst,3288
jungenationalisten,jungenationalisten,3285
jungenationalisten,Frontdienst,3284
jungenationalisten,jungenationalisten,3283
jungenationalisten,JN_Th,3283
jungenationalisten,dortmundsrechte,3282
jungenationalisten,dortmundsrechte,3281
jungenationalisten,ortmundsrechte,3281
jungenationalisten,"eimat2023

",3280
jungenationalisten,heimat2023,3280
jungenationalisten,eheimatgespraeche,3280
jungenationalisten,jungenationalisten ,3279
jungenationalisten,jungenationalisten,3275
jungenationalisten,Frontdienst,3275
jungenationalisten,stefantrautmannDL,3274
jungenationalisten,Frontdienst,3273
jungenationalisten,jungenationalisten,3272
jungenationalisten,jungenationalisten,3270
jungenationalisten,jungenationalisten,3269
jungenationalisten,heimat2023,3268
jungenationalisten,deutschestimmemagazin,3267
jungenationalisten,braunschweigverteidigen,3266
jungenationalisten,Frontdienst,3265
jungenationalisten,deutschestimmemagazin,3264
jungenationalisten,heimat2023,3263
jungenationalisten,heimat2023,3262
jungenationalisten,heimat2023,3261
jungenationalisten,imatgespraeche,3260
jungenationalisten,heimat2023,3260
jungenationalisten,"at2023

Kom",3260
jungenationalisten,jungenationalisten,3259
jungenationalisten,heimatgespraeche,3258
jungenationalisten,heimat2023,3258
jungenationalisten,"imat2023

K",3258
jungenationalisten,freiesachsen,3257
jungenationalisten,Sondershausen_geht_spazieren,3256
jungenationalisten,freiesth,3256
jungenationalisten,jungenationalisten,3253
jungenationalisten,dortmundsrechte,3252
jungenationalisten,jungenationalisten,3251
jungenationalisten,DerAppell,3250
jungenationalisten,jungenationalisten,3248
jungenationalisten,heimat2023,3247
jungenationalisten,heimat2023,3246
jungenationalisten,clauscremernrw,3245
jungenationalisten,imatgespraeche,3245
jungenationalisten,heimat2023,3245
jungenationalisten,"at2023

Kom",3245
jungenationalisten,jungenationalisten,3243
jungenationalisten,DerAppell,3241
jungenationalisten,DerAppell,3240
jungenationalisten,DerAppell,3239
jungenationalisten,Frontdienst,3238
jungenationalisten,jungenationalisten,3230
jungenationalisten,atgespraeche,3209
jungenationalisten,"2023

Kommt",3209
jungenationalisten,heimat2023,3209
jungenationalisten,"turmzeichen

",3209
jungenationalisten,jungenationalisten,3208
jungenationalisten,lauscremernrw (,3208
jungenationalisten,jungenationalisten,3201
jungenationalisten,jungenationalisten,3199
jungenationalisten,heimatNDS,3199
jungenationalisten,kursNDS,3199
jungenationalisten,"imatNDS

K",3199
jungenationalisten,jungenationalisten,3198
jungenationalisten,jungenationalisten,3197
jungenationalisten,heimatgespraeche,3195
jungenationalisten,heimat2023,3195
jungenationalisten,"imat2023

K",3195
jungenationalisten,infodeutschoesterreich,3194
jungenationalisten,aufklebergegenlinks,3193
jungenationalisten,ebergegenlinks 🙋🏼,3193
jungenationalisten,JN_voran ,3192
jungenationalisten,jungenationalisten,3191
jungenationalisten,DerAppell,3190
jungenationalisten,deutschestimmemagazin,3189
jungenationalisten,"eimat2023

",3188
jungenationalisten,heimat2023,3188
jungenationalisten,eheimatgespraeche,3188
jungenationalisten,tgespraeche,3187
jungenationalisten,"023

Kommt ",3187
jungenationalisten,heimat2023,3187
jungenationalisten,JN_voran,3186
jungenationalisten,tgespraeche,3185
jungenationalisten,"023

Kommt ",3185
jungenationalisten,heimat2023,3185
jungenationalisten,jungenationalisten ,3183
jungenationalisten,dortmundsrechte,3179
jungenationalisten,dortmundsrechte,3178
jungenationalisten,dortmundsrechte,3177
jungenationalisten,dortmundsrechte,3176
jungenationalisten,dortmundsrechte,3175
jungenationalisten,dortmundsrechte,3174
jungenationalisten,rtmundsrechte,3174
jungenationalisten,DerAppell,3167
jungenationalisten,Frontdienst,3166
jungenationalisten,ein_prozent,3164
jungenationalisten,"eimat2023

",3163
jungenationalisten,heimat2023,3163
jungenationalisten,eheimatgespraeche,3163
jungenationalisten,"eimat2023

",3162
jungenationalisten,heimat2023,3162
jungenationalisten,eheimatgespraeche,3162
jungenationalisten,Frontdienst,3161
jungenationalisten,Frontdienst,3160
jungenationalisten,Frontdienst,3159
jungenationalisten,Frontdienst,3158
jungenationalisten,Frontdienst,3157
jungenationalisten,jungenationalisten ,3156
jungenationalisten,esden_gedenken,3156
jungenationalisten,jungenationalisten,3149
jungenationalisten,wie_gesagt,3138
jungenationalisten,DerAppell,3137
jungenationalisten,jungenationalisten,3136
jungenationalisten,dresden_gedenken,3130
jungenationalisten,dortmundsrechte,3129
jungenationalisten,jungenationalisten,3126
jungenationalisten,jungenationalisten ,3122
jungenationalisten,jungenationalisten,3115
jungenationalisten,dresden_gedenken,3114
jungenationalisten,jungenationalisten,3112
jungenationalisten,jungenationalisten,3110
jungenationalisten,Frontdienst,3110
jungenationalisten,jungenationalisten,3109
jungenationalisten,heimatnrw,3109
jungenationalisten,atnrw,3109
jungenationalisten,jungenationalisten ,3108
jungenationalisten,atgespraeche,3106
jungenationalisten,"2023

Kommt",3106
jungenationalisten,heimat2023,3106
jungenationalisten,dortmundsrechte,3105
jungenationalisten,dortmundsrechte,3104
jungenationalisten,dortmundsrechte,3103
jungenationalisten,ortmundsrechte,3103
jungenationalisten,DerAppell,3100
jungenationalisten,"atgespraeche

https:",3099
jungenationalisten,"2023

Kommt",3099
jungenationalisten,heimat2023,3099
jungenationalisten,jungenationalisten,3098
jungenationalisten,jungenationalisten,3097
jungenationalisten,atgespraeche,3096
jungenationalisten,"2023

Kommt",3096
jungenationalisten,heimat2023,3096
jungenationalisten,pforzheimrevolte,3095
jungenationalisten,jungenationalisten,3092
jungenationalisten,jungenationalisten ,3091
jungenationalisten,"2023

Kommt",3090
jungenationalisten,heimat2023,3090
jungenationalisten,atgespraeche der,3090
jungenationalisten,jungenationalisten,3089
jungenationalisten,jungenationalisten,3088
jungenationalisten,"genationalisten

- ",3087
jungenationalisten,Frontdienst,3087
jungenationalisten,jungenationalisten,3086
jungenationalisten,heimat2023,3085
jungenationalisten,heimat2023,3084
jungenationalisten,heimat2023,3083
jungenationalisten,atgespraeche,3082
jungenationalisten,"2023

Kommt",3082
jungenationalisten,heimat2023,3082
jungenationalisten,jungenationalisten,3081
jungenationalisten,atgespraeche,3080
jungenationalisten,"2023

Kommt",3080
jungenationalisten,heimat2023,3080
jungenationalisten,stefantrautmannDL,3079
jungenationalisten,dresden_gedenken,3078
jungenationalisten,HeimatNDS ,3077
jungenationalisten,jungenationalisten,3077
jungenationalisten,heimatNDS,3077
jungenationalisten,protestkarte,3076
jungenationalisten,jungenationalisten,3075
jungenationalisten,InfernoDE,3074
jungenationalisten,jungenationalisten,3073
jungenationalisten,dresden_gedenken,3072
jungenationalisten,Frontdienst,3072
jungenationalisten,heimatNDS,3071
jungenationalisten,kursNDS,3071
jungenationalisten,"imatNDS

K",3071
jungenationalisten,dresden_gedenken,3070
jungenationalisten,Frontdienst,3070
jungenationalisten,jungenationalisten,3069
jungenationalisten,atgespraeche,3068
jungenationalisten,"2023

Kommt",3068
jungenationalisten,heimat2023,3068
jungenationalisten,jungenationalisten,3067
jungenationalisten,dresden_gedenken,3066
jungenationalisten,Frontdienst,3066
jungenationalisten,InfernoDE,3065
jungenationalisten,atgespraeche,3063
jungenationalisten,"2023

Kommt",3063
jungenationalisten,heimat2023,3063
jungenationalisten,"eimat2023

",3062
jungenationalisten,heimat2023,3062
jungenationalisten,eheimatgespraeche,3062
jungenationalisten,gefangenenhilfe,3061
jungenationalisten,dresden_gedenken,3060
jungenationalisten,Frontdienst,3060
jungenationalisten,jungenationalisten,3059
jungenationalisten,turmzeichen,3058
jungenationalisten,sturmzeichen,3058
jungenationalisten,jungenationalisten,3052
jungenationalisten,jungenationalisten,3045
jungenationalisten,jungenationalisten,3044
jungenationalisten,jungenationalisten,3039
jungenationalisten,jungenationalisten,3036
jungenationalisten,jungenationalisten,3034
jungenationalisten,heimatNDS,3033
jungenationalisten,heimatNDS,3032
jungenationalisten,skursNDS,3031
jungenationalisten,heimatNDS,3031
jungenationalisten,"eimatNDS

",3031
jungenationalisten,jungenationalisten,3029
jungenationalisten,jungenationalisten,3026
jungenationalisten,jungenationalisten,3024
jungenationalisten,jungenationalisten,3021
jungenationalisten,jungenationalisten,3018
jungenationalisten,jungenationalisten,3015
jungenationalisten,jungenationalisten,3012
jungenationalisten,Frontdienst,3011
jungenationalisten,dortmundsrechte,3010
jungenationalisten,rtmundsrechte,3010
jungenationalisten,jungenationalisten,3009
jungenationalisten,jungenationalisten,3005
jungenationalisten,"tgespraeche

Heimatm",3004
jungenationalisten,"023

Kommt ",3004
jungenationalisten,erial,3004
jungenationalisten,heimat2023,3004
jungenationalisten,Frontdienst,3003
jungenationalisten,jungenationalisten,3002
jungenationalisten,jungenationalisten,3000
jungenationalisten,"eimatNDS

",3000
jungenationalisten,sturmzeichen,2998
jungenationalisten,rmzeichen,2998
jungenationalisten,jungenationalisten,2989
jungenationalisten,jungenationalisten,2986
jungenationalisten,heimatsachsen,2985
jungenationalisten,niederlausitzInfo,2984
jungenationalisten,jungenationalisten,2983
jungenationalisten,heimatNDS,2982
jungenationalisten,heimatNDS,2981
jungenationalisten,heimatNDS,2980
jungenationalisten,heimatNDS,2979
jungenationalisten,heimatNDS,2978
jungenationalisten,heimatNDS,2977
jungenationalisten,heimatNDS,2976
jungenationalisten,skursNDS,2975
jungenationalisten,heimatNDS,2975
jungenationalisten,"eimatNDS

",2975
jungenationalisten,heimatNDS,2974
jungenationalisten,heimatNDS,2973
jungenationalisten,heimatNDS,2972
jungenationalisten,heimatNDS,2971
jungenationalisten,jungenationalisten,2970
jungenationalisten,Frontdienst,2970
jungenationalisten,schmidtkeswelt,2969
jungenationalisten,jungenationalisten,2968
jungenationalisten,jungenationalisten,2967
jungenationalisten,sturmzeichen,2966
jungenationalisten,sturmzeichen,2965
jungenationalisten,sturmzeichen,2964
jungenationalisten,turmzeichen,2963
jungenationalisten,sturmzeichen,2963
jungenationalisten,jungenationalisten,2961
jungenationalisten,jungenationalisten,2958
jungenationalisten,jungenationalisten,2957
jungenationalisten,jungenationalisten,2956
jungenationalisten,eutschestimmemagazin d,2956
jungenationalisten,jungenationalisten,2948
jungenationalisten,Frontdienst,2948
jungenationalisten,atgespraeche,2947
jungenationalisten,"2023

Kommt",2947
jungenationalisten,heimat2023,2947
jungenationalisten,heimatNDS,2946
jungenationalisten,heimatNDS,2945
jungenationalisten,skursNDS,2944
jungenationalisten,heimatNDS,2944
jungenationalisten,"eimatNDS

",2944
jungenationalisten,jungenationalisten,2943
jungenationalisten,forzheimRevolte,2943
jungenationalisten,deutschestimmemagazin,2942
jungenationalisten,deutschestimmemagazin,2941
jungenationalisten,deutschestimmemagazin,2940
jungenationalisten,deutschestimmemagazin,2939
jungenationalisten,deutschestimmemagazin,2938
jungenationalisten,jungenationalisten,2937
jungenationalisten,jungenationalisten,2936
jungenationalisten,jungenationalisten,2935
jungenationalisten,sicherheitshinweise,2934
jungenationalisten,Sicherheitshinweise,2934
jungenationalisten,lebensart_survival,2930
jungenationalisten,jungenationalisten,2929
jungenationalisten,jungenationalisten,2928
jungenationalisten,Frontdienst,2928
jungenationalisten,Frontdienst,2927
jungenationalisten,jungenationalisten,2926
jungenationalisten,rontdienst 📢,2926
jungenationalisten,jungenationalisten,2923
jungenationalisten,jungenationalisten,2918
jungenationalisten,"N_Th

",2918
jungenationalisten,Frontdienst,2917
jungenationalisten,jungenationalisten,2915
jungenationalisten,jungenationalisten,2910
jungenationalisten,deutschestimmemagazin,2909
jungenationalisten,atgespraeche,2908
jungenationalisten,"2023

Kommt",2908
jungenationalisten,heimat2023,2908
jungenationalisten,sturmzeichen,2907
jungenationalisten,skursNDS,2906
jungenationalisten,heimatNDS,2906
jungenationalisten,"eimatNDS

",2906
jungenationalisten,jungenationalisten,2905
jungenationalisten,nsfronta,2905
jungenationalisten,nsfronta,2904
jungenationalisten,heimatundidentitaet,2903
jungenationalisten,jungenationalisten,2902
jungenationalisten,Frontdienst,2900
jungenationalisten,jungenationalisten,2899
jungenationalisten,jungenationalisten,2898
jungenationalisten,prototelegram,2897
jungenationalisten,Frontdienst,2896
jungenationalisten,jungenationalisten,2895
jungenationalisten,atgespraeche,2894
jungenationalisten,"2023

Kommt",2894
jungenationalisten,heimat2023,2894
jungenationalisten,Frontdienst,2893
jungenationalisten,Frontdienst,2891
jungenationalisten,jungenationalisten,2886
jungenationalisten,Frontdienst,2885
jungenationalisten,jungenationalisten,2883
jungenationalisten,jungenationalisten,2882
jungenationalisten,dortmundsrechte,2881
jungenationalisten,"Do 👈

⚫️🟡",2880
jungenationalisten,dortmundsrechte,2880
jungenationalisten,srechte,2880
jungenationalisten,jungenationalisten,2870
jungenationalisten,ungenationalisten 🇩,2869
jungenationalisten,jungenationalisten,2866
jungenationalisten,jungenationalisten,2865
jungenationalisten,"eimat2023

",2864
jungenationalisten,heimat2023,2864
jungenationalisten,eheimatgespraeche,2864
jungenationalisten,jungenationalisten,2855
jungenationalisten,jungenationalisten ,2846
jungenationalisten,jungenationalisten,2841
jungenationalisten,aktionschwarzekreuze,2841
jungenationalisten,jungenationalisten,2832
jungenationalisten,jungenationalisten,2823
jungenationalisten,jungenationalisten,2813
jungenationalisten,jungenationalisten,2805
jungenationalisten,ungenationalisten 🇩,2804
jungenationalisten,Frontdienst,2803
jungenationalisten,Frontdienst,2802
jungenationalisten,Frontdienst,2801
jungenationalisten,jungenationalisten,2791
jungenationalisten,Frontdienst,2790
jungenationalisten,Frontdienst,2789
jungenationalisten,prototelegram,2788
jungenationalisten,mkdnds,2786
jungenationalisten,prototelegram,2786
jungenationalisten,jungenationalisten,2785
jungenationalisten,"eimat2023

",2784
jungenationalisten,heimat2023,2784
jungenationalisten,eheimatgespraeche,2784
jungenationalisten,jungenationalisten,2783
jungenationalisten,jungenationalisten ,2782
jungenationalisten,deutschestimmemagazin,2780
jungenationalisten,jungenationalisten,2779
jungenationalisten,jnpdniedersachsen,2778
jungenationalisten,jnpdniedersachsen,2777
jungenationalisten,jnpdniedersachsen,2776
jungenationalisten,jnpdniedersachsen,2775
jungenationalisten,SchwarzeKreuze,2774
jungenationalisten,jungenationalisten ,2772
jungenationalisten,"eimat2023

",2771
jungenationalisten,heimat2023,2771
jungenationalisten,eheimatgespraeche,2771
jungenationalisten,jungenationalisten,2770
jungenationalisten,jungenationalisten,2765
jungenationalisten,jungenationalisten,2761
jungenationalisten,jungenationalisten,2758
jungenationalisten,jungenationalisten,2757
jungenationalisten,jungenationalisten,2755
jungenationalisten,jungenationalisten,2754
jungenationalisten,jungenationalisten,2753
jungenationalisten,"eimat2023

",2752
jungenationalisten,heimat2023,2752
jungenationalisten,eheimatgespraeche,2752
jungenationalisten,turmzeichen,2751
jungenationalisten,sturmzeichen,2751
jungenationalisten,deutschestimmemagazin,2750
jungenationalisten,jungenationalisten,2749
jungenationalisten,Frontdienst,2748
jungenationalisten,jungenationalisten,2746
jungenationalisten,ungenationalisten 🇩,2745
jungenationalisten,DerAppell,2742
jungenationalisten,"eimat2023

",2741
jungenationalisten,heimat2023,2741
jungenationalisten,eheimatgespraeche,2741
jungenationalisten,genationalisten 🇩🇪,2739
jungenationalisten,npdbundesverband,2738
jungenationalisten,jungenationalisten,2737
jungenationalisten,npdbundesverband,2735
jungenationalisten,jungenationalisten,2732
jungenationalisten,jungenationalisten,2728
jungenationalisten,stefantrautmannDL,2726
jungenationalisten,derdritteblickwinkel,2725
jungenationalisten,sturmzeichen,2724
jungenationalisten,sturmzeichen,2723
jungenationalisten,sturmzeichen,2722
jungenationalisten,turmzeichen,2721
jungenationalisten,sturmzeichen,2721
jungenationalisten,dortmundsrechte,2720
jungenationalisten,dortmundsrechte,2719
jungenationalisten,dortmundsrechte,2718
jungenationalisten,dortmundsrechte,2717
jungenationalisten,dortmundsrechte,2716
jungenationalisten,dortmundsrechte,2715
jungenationalisten,dortmundsrechte,2714
jungenationalisten,Frontdienst,2712
jungenationalisten,DerAppell,2711
jungenationalisten,jnpdniedersachsen,2710
jungenationalisten,jungenationalisten,2708
jungenationalisten,DeutscheDD,2707
jungenationalisten,deutschedichter,2707
jungenationalisten,jungenationalisten,2706
jungenationalisten,Frontdienst,2705
jungenationalisten,deutschestimmemagazin,2704
jungenationalisten,oposrecords,2703
jungenationalisten,jungenationalisten,2700
jungenationalisten,deutschestimmemagazin,2699
jungenationalisten,Frontdienst,2698
jungenationalisten,"eimat2023

",2694
jungenationalisten,heimat2023,2694
jungenationalisten,eheimatgespraeche,2694
jungenationalisten,deutschestimmemagazin,2693
jungenationalisten,stefantrautmannDL,2692
jungenationalisten,jungenationalisten,2690
jungenationalisten,jungenationalisten,2689
jungenationalisten,deutschestimmemagazin,2688
jungenationalisten,jungenationalisten,2686
jungenationalisten,wirpackenan,2685
jungenationalisten,wirpackenan,2684
jungenationalisten,wirpackenan,2683
jungenationalisten,wirpackenan,2682
jungenationalisten,wirpackenan,2681
jungenationalisten,jungenationalisten,2678
jungenationalisten,zusammenruecken,2677
jungenationalisten,jungenationalisten,2674
jungenationalisten,DerAppell,2673
jungenationalisten,npdbundesverband,2672
jungenationalisten,jnpdniedersachsen,2671
jungenationalisten,jungenationalisten,2670
jungenationalisten,Frontdienst,2669
jungenationalisten,gegenstrom,2667
jungenationalisten,gegenstrom,2666
jungenationalisten,jungenationalisten,2664
jungenationalisten,jungenationalisten,2660
jungenationalisten,deutschestimmemagazin,2659
jungenationalisten,deutschestimmemagazin,2658
jungenationalisten,deutschestimmemagazin,2657
jungenationalisten,deutschestimmemagazin,2656
jungenationalisten,deutschestimmemagazin,2655
jungenationalisten,deutschestimmemagazin,2654
jungenationalisten,BlickpunktTV,2653
jungenationalisten,BlickpunktTV,2652
jungenationalisten,jungenationalisten,2650
jungenationalisten,jungenationalisten,2649
jungenationalisten,jungenationalisten,2645
jungenationalisten,Frontdienst,2644
jungenationalisten,JN_Th,2643
jungenationalisten,jungenationalisten,2642
jungenationalisten,JN_Th,2642
jungenationalisten,derdritteblickwinkel,2638
jungenationalisten,jungenationalisten,2632
jungenationalisten,Frontdienst,2630
jungenationalisten,jungenationalisten,2629
jungenationalisten,JN_Th,2629
jungenationalisten,legiohungaria,2627
jungenationalisten,jungenationalisten,2626
jungenationalisten,ungenationalisten 🇩,2625
jungenationalisten,jungenationalisten,2624
jungenationalisten,Frontdienst,2623
jungenationalisten,wirpackenan,2622
jungenationalisten,wirpackenan,2621
jungenationalisten,wirpackenan,2620
jungenationalisten,wirpackenan,2619
jungenationalisten,JN_Th,2618
jungenationalisten,jungenationalisten,2618
jungenationalisten,Frontdienst,2616
jungenationalisten,stefantrautmannDL,2615
jungenationalisten,stefantrautmannDL,2614
jungenationalisten,stefantrautmannDL,2613
jungenationalisten,jungenationalisten,2612
jungenationalisten,youngheartofeurope,2611
jungenationalisten,deutschestimmemagazin,2610
jungenationalisten,gegenstrom,2609
jungenationalisten,Frontdienst,2608
jungenationalisten,jungenationalisten,2603
jungenationalisten,jungenationalisten,2598
jungenationalisten,ein_prozent,2597
jungenationalisten,jungenationalisten,2596
jungenationalisten,DerAppell,2595
jungenationalisten,sturmzeichen,2594
jungenationalisten,sturmzeichen,2593
jungenationalisten,sturmzeichen,2592
jungenationalisten,sturmzeichen,2591
jungenationalisten,Frontdienst,2590
jungenationalisten,jungenationalisten,2589
jungenationalisten,Frontdienst,2588
jungenationalisten,jungenationalisten,2587
jungenationalisten,jungenationalisten ,2582
jungenationalisten,inbewegung2020,2581
jungenationalisten,jungenationalisten,2578
jungenationalisten,jungenationalisten,2576
jungenationalisten,DerAppell,2574
jungenationalisten,jungenationalisten,2573
jungenationalisten,Frontdienst,2572
jungenationalisten,jungenationalisten,2569
jungenationalisten,jungenationalisten,2566
jungenationalisten,Frontdienst,2565
jungenationalisten,deutschestimmemagazin,2564
jungenationalisten,legiohungaria,2563
jungenationalisten,youngheartofeurope,2563
jungenationalisten,Frontdienst,2561
jungenationalisten,jungenationalisten,2558
jungenationalisten,DerAppell,2557
jungenationalisten,Freiheitsgedanken01,2556
jungenationalisten,Frontdienst,2556
jungenationalisten,kavalier_nds,2555
jungenationalisten,freiesachsen,2554
jungenationalisten,freiesachsen,2553
jungenationalisten,ein_prozent,2552
jungenationalisten,jungenationalisten,2551
jungenationalisten,JN_Th,2551
jungenationalisten,jungenationalisten,2548
jungenationalisten,dresden_gedenken,2540
jungenationalisten,dresden_gedenken,2539
jungenationalisten,jungenationalisten,2535
jungenationalisten,jungenationalisten,2528
jungenationalisten,jungenationalisten,2527
jungenationalisten,jungenationalisten,2526
jungenationalisten,schmidtkeswelt,2522
jungenationalisten,schmidtkeswelt,2521
jungenationalisten,schmidtkeswelt,2520
jungenationalisten,dresden_gedenken,2519
jungenationalisten,dresden_gedenken,2518
jungenationalisten,jungenationalisten,2517
jungenationalisten,dresden_gedenken,2516
jungenationalisten,dresden_gedenken,2513
jungenationalisten,jungenationalisten ,2513
jungenationalisten,DerAppell,2509
jungenationalisten,lebensart_survival,2508
jungenationalisten,hexogenoutdoor,2508
jungenationalisten,youngheartofeurope,2507
jungenationalisten,youngheartofeurope,2506
jungenationalisten,FactaESP,2505
jungenationalisten,youngheartofeurope,2505
jungenationalisten,sturmzeichen,2501
jungenationalisten,dresden_gedenken,2499
jungenationalisten,jungenationalisten,2497
jungenationalisten,Freiheitsgedanken01,2496
jungenationalisten,Frontdienst,2496
jungenationalisten,jungenationalisten,2495
jungenationalisten,jungenationalisten,2493
jungenationalisten,jnpdniedersachsen,2492
jungenationalisten,jnpdniedersachsen,2491
jungenationalisten,jnpdniedersachsen,2490
jungenationalisten,jnpdniedersachsen,2489
jungenationalisten,jnpdniedersachsen,2488
jungenationalisten,jungenationalisten,2487
jungenationalisten,jungenationalisten,2484
jungenationalisten,Frontdienst,2483
jungenationalisten,jungenationalisten,2482
jungenationalisten,JN_Th,2482
jungenationalisten,jungenationalisten,2481
jungenationalisten,Frontdienst,2479
jungenationalisten,wirpackenan,2477
jungenationalisten,jungenationalisten,2476
jungenationalisten,jungenationalisten,2475
jungenationalisten,jungenationalisten,2474
jungenationalisten,derdritteblickwinkel,2473
jungenationalisten,Frontdienst,2472
jungenationalisten,jungenationalisten,2470
jungenationalisten,jungenationalisten,2467
jungenationalisten,wirpackenan,2466
jungenationalisten,jungenationalisten,2464
jungenationalisten,Frontdienst,2462
jungenationalisten,DerAppell,2461
jungenationalisten,dresden_gedenken,2460
jungenationalisten,Frontdienst,2460
jungenationalisten,jungenationalisten,2458
jungenationalisten,jungenationalisten,2454
jungenationalisten,jungenationalisten,2453
jungenationalisten,jungenationalisten,2451
jungenationalisten,turmzeichen,2447
jungenationalisten,sturmzeichen,2447
jungenationalisten,wie_gesagt,2446
jungenationalisten,DerAppell,2444
jungenationalisten,wirpackenan,2443
jungenationalisten,wirpackenan,2442
jungenationalisten,wirpackenan,2441
jungenationalisten,jungenationalisten,2440
jungenationalisten,jungenationalisten,2439
jungenationalisten,jungenationalisten,2435
jungenationalisten,jungenationalisten,2430
jungenationalisten,jungenationalisten,2418
jungenationalisten,auf1tv,2417
jungenationalisten,ungenationalisten 🇩,2416
jungenationalisten,jungenationalisten,2415
jungenationalisten,gefangenenhilfe,2414
jungenationalisten,jungenationalisten,2412
jungenationalisten,deutschestimmemagazin,2412
jungenationalisten,schuelersprecher,2411
jungenationalisten,jungenationalisten,2408
jungenationalisten,Frontdienst,2408
jungenationalisten,jungenationalisten,2405
jungenationalisten,jungenationalisten,2401
jungenationalisten,DerAppell,2400
jungenationalisten,deutschestimmemagazin,2399
jungenationalisten,jungenationalisten ,2398
jungenationalisten,jungenationalisten,2395
jungenationalisten,derdritteblickwinkel,2392
jungenationalisten,Frontdienst,2391
jungenationalisten,deutschestimmemagazin,2390
jungenationalisten,dortmundsrechte,2389
jungenationalisten,jungenationalisten,2388
jungenationalisten,Frontdienst,2387
jungenationalisten,dresden_gedenken,2386
jungenationalisten,jungenationalisten,2385
jungenationalisten,npd_nrw,2384
jungenationalisten,npd_nrw,2383
jungenationalisten,jungenationalisten,2382
jungenationalisten,Frontdienst,2382
jungenationalisten,jungenationalisten,2374
jungenationalisten,jungenationalisten,2366
jungenationalisten,Frontdienst,2364
jungenationalisten,artikel5,2363
jungenationalisten,Er_Volkslehrer,2362
jungenationalisten,Frontdienst,2361
jungenationalisten,Frontdienst,2360
jungenationalisten,jungenationalisten,2359
jungenationalisten,jungenationalisten,2357
jungenationalisten,DerAppell,2356
jungenationalisten,Frontdienst,2355
jungenationalisten,jungenationalisten,2353
jungenationalisten,jungenationalisten,2351
jungenationalisten,jungenationalisten,2350
jungenationalisten,jungenationalisten,2349
jungenationalisten,jungenationalisten,2347
jungenationalisten,jungenationalisten,2346
jungenationalisten,jungenationalisten,2345
jungenationalisten,jungenationalisten,2342
jungenationalisten,jungenationalisten,2341
jungenationalisten,jungenationalisten,2340
jungenationalisten,jungenationalisten,2337
jungenationalisten,jungenationalisten,2336
jungenationalisten,jungenationalisten,2334
jungenationalisten,jungenationalisten,2333
jungenationalisten,deutschestimmemagazin,2332
jungenationalisten,deutschestimmemagazin,2331
jungenationalisten,deutschestimmemagazin,2330
jungenationalisten,deutschestimmemagazin,2329
jungenationalisten,deutschestimmemagazin,2328
jungenationalisten,deutschestimmemagazin,2327
jungenationalisten,deutschestimmemagazin,2326
jungenationalisten,deutschestimmemagazin,2325
jungenationalisten,deutschestimmemagazin,2324
jungenationalisten,deutschestimmemagazin,2323
jungenationalisten,jungenationalisten,2319
jungenationalisten,wirpackenan ,2318
jungenationalisten,wirpackenan,2318
jungenationalisten,ultrasnotreds2,2317
jungenationalisten,jungenationalisten,2316
jungenationalisten,lebensart_survival,2315
jungenationalisten,jungenationalisten,2314
jungenationalisten,jungenationalisten,2311
jungenationalisten,jungenationalisten,2310
jungenationalisten,deutschestimmemagazin,2308
jungenationalisten,jungenationalisten,2305
jungenationalisten,rontdienst,2305
jungenationalisten,jungenationalisten,2304
jungenationalisten,jungenationalisten,2303
jungenationalisten,jungenationalisten,2300
jungenationalisten,jungenationalisten,2298
jungenationalisten,jungenationalisten,2297
jungenationalisten,jungenationalisten,2296
jungenationalisten,jungenationalisten,2295
jungenationalisten,jungenationalisten,2294
jungenationalisten,turmzeichen,2293
jungenationalisten,sturmzeichen,2293
jungenationalisten,jungenationalisten,2292
jungenationalisten,jungenationalisten,2291
jungenationalisten,Frontdienst,2290
jungenationalisten,jungenationalisten,2287
jungenationalisten,jungenationalisten,2283
jungenationalisten,jungenationalisten,2280
jungenationalisten,Frontdienst,2279
jungenationalisten,jungenationalisten,2274
jungenationalisten,Frontdienst,2270
jungenationalisten,DerAppell,2269
jungenationalisten,jungenationalisten,2268
jungenationalisten,jungenationalisten,2267
jungenationalisten,Frontdienst,2266
jungenationalisten,Frontdienst,2265
jungenationalisten,jungenationalisten,2264
jungenationalisten,Frontdienst,2264
jungenationalisten,lebensart_survival,2263
jungenationalisten,ationalisten 🇩🇪,2254
jungenationalisten,jungenationalisten,2250
jungenationalisten,deutschestimmemagazin,2248
jungenationalisten,jungenationalisten,2240
jungenationalisten,jungenationalisten ,2231
jungenationalisten,stefantrautmannDL,2230
jungenationalisten,stefantrautmannDL,2229
jungenationalisten,stefantrautmannDL,2228
jungenationalisten,jungenationalisten,2227
jungenationalisten,Frontdienst,2225
jungenationalisten,deutschestimmemagazin,2221
jungenationalisten,DerAppell,2220
jungenationalisten,jungenationalisten,2219
jungenationalisten,Er_Volkslehrer,2219
jungenationalisten,jungenationalisten,2218
jungenationalisten,jungenationalisten,2215
jungenationalisten,Frontdienst,2211
jungenationalisten,Frontdienst,2210
jungenationalisten,Frontdienst,2209
jungenationalisten,Frontdienst,2208
jungenationalisten,Frontdienst,2207
jungenationalisten,jungenationalisten,2206
jungenationalisten,jungenationalisten,2203
jungenationalisten,Er_Volkslehrer,2203
jungenationalisten,deutschestimmemagazin,2202
jungenationalisten,deutschestimmemagazin,2201
jungenationalisten,deutschestimmemagazin,2200
jungenationalisten,deutschestimmemagazin,2199
jungenationalisten,deutschestimmemagazin,2198
jungenationalisten,deutschestimmemagazin,2197
jungenationalisten,BlickpunktTV,2196
jungenationalisten,jungenationalisten,2195
jungenationalisten,deutschestimmemagazin,2195
jungenationalisten,DerAppell,2194
jungenationalisten,rAppell,2194
jungenationalisten,SturmfestOS,2192
jungenationalisten,jungenationalisten,2191
jungenationalisten,jungenationalisten ,2189
jungenationalisten,jungenationalisten,2186
jungenationalisten,DerAppell,2185
jungenationalisten,Frontdienst,2184
jungenationalisten,jungenationalisten,2183
jungenationalisten,jungenationalisten,2182
jungenationalisten,Er_Volkslehrer,2181
jungenationalisten,jungenationalisten,2180
jungenationalisten,jnpdniedersachsen,2179
jungenationalisten,jungenationalisten,2178
jungenationalisten,deutschestimmemagazin,2178
jungenationalisten,rontdienst f,2175
jungenationalisten,Frontdienst,2175
jungenationalisten,Frontdienst,2174
jungenationalisten,jungenationalisten,2173
jungenationalisten,jnpdniedersachsen,2173
jungenationalisten,DeutscheDD,2172
jungenationalisten,deutschedichter,2172
jungenationalisten,Frontdienst,2171
jungenationalisten,Frontdienst,2170
jungenationalisten,jungenationalisten,2169
jungenationalisten,wie_gesagt,2168
jungenationalisten,DerAppell,2167
jungenationalisten,jungenationalisten ,2164
jungenationalisten,jungenationalisten,2163
jungenationalisten,Frontdienst,2161
jungenationalisten,jungenationalisten,2157
jungenationalisten,lebensart_survival,2155
jungenationalisten,Frontdienst,2154
jungenationalisten,jungenationalisten,2153
jungenationalisten,ein_prozent,2151
jungenationalisten,Frontdienst,2147
jungenationalisten,ungenationalisten 🇩,2146
jungenationalisten,DerAppell,2144
jungenationalisten,deutschestimmemagazin,2143
jungenationalisten,en,2141
jungenationalisten,sturmzeichen,2141
jungenationalisten,jungenationalisten,2140
jungenationalisten,jungenationalisten,2135
jungenationalisten,jungenationalisten ,2134
jungenationalisten,jungenationalisten ,2131
jungenationalisten,SturmfestOS,2118
jungenationalisten,ungenationalisten 🇩,2114
jungenationalisten,Frontdienst,2109
jungenationalisten,jungenationalisten,2107
jungenationalisten,ngenationalisten 🇩🇪,2104
jungenationalisten,deutschestimmemagazin,2103
jungenationalisten,jungenationalisten ,2102
jungenationalisten,DerAppell,2101
jungenationalisten,jungenationalisten,2100
jungenationalisten,jungenationalisten,2099
jungenationalisten,prozessbeobachtung,2098
jungenationalisten,jungenationalisten,2097
jungenationalisten,jungenationalisten,2090
jungenationalisten,jungenationalisten ,2069
jungenationalisten,jungenationalisten,2063
jungenationalisten,jungenationalisten,2056
jungenationalisten,SchwarzeKreuze,2054
jungenationalisten,jungenationalisten,2054
jungenationalisten,jnpdniedersachsen,2053
jungenationalisten,SchwarzeKreuze,2052
jungenationalisten,jungenationalisten,2052
jungenationalisten,jnpdniedersachsen,2052
jungenationalisten,SchwarzeKreuze,2049
jungenationalisten,jungenationalisten,2049
jungenationalisten,SchwarzeKreuze,2047
jungenationalisten,jungenationalisten,2047
jungenationalisten,schuelersprecher,2046
jungenationalisten,schuelersprecher,2045
jungenationalisten,schuelersprecher,2044
jungenationalisten,schuelersprecher,2043
jungenationalisten,schuelersprecher,2042
jungenationalisten,erAppell,2041
jungenationalisten,Frontdienst,2040
jungenationalisten,Frontdienst,2039
jungenationalisten,DerAppell,2038
jungenationalisten,ngenationalisten,2037
jungenationalisten,jungenationalisten ,2036
jungenationalisten,DerAppell,2035
jungenationalisten,Frontdienst,2034
jungenationalisten,Frontdienst,2033
jungenationalisten,Frontdienst,2032
jungenationalisten,CompactMagazin,2028
jungenationalisten,jungenationalisten,2027
jungenationalisten,deutschestimmemagazin,2026
jungenationalisten,deutschestimmemagazin,2025
jungenationalisten,SchwarzeKreuze,2023
jungenationalisten,Frontdienst,2022
jungenationalisten,Frontdienst,2021
jungenationalisten,jungenationalisten,2020
jungenationalisten,jungenationalisten,2016
jungenationalisten,jungenationalisten,2015
jungenationalisten,jungenationalisten,2005
jungenationalisten,jungenationalisten,2004
jungenationalisten,jungenationalisten,2002
jungenationalisten,jungenationalisten,2001
jungenationalisten,Frontdienst,2001
jungenationalisten,Frontdienst,2000
jungenationalisten,jungenationalisten,1999
jungenationalisten,jungenationalisten ,1998
jungenationalisten,SturmfestOS,1997
jungenationalisten,freiesachsen,1995
jungenationalisten,jungenationalisten,1991
jungenationalisten,jungenationalisten,1989
jungenationalisten,jungenationalisten,1984
jungenationalisten,gegenstrom,1983
jungenationalisten,gegenstrom,1982
jungenationalisten,Frontdienst,1980
jungenationalisten,jungenationalisten,1976
jungenationalisten,Frontdienst,1974
jungenationalisten,jungenationalisten,1973
jungenationalisten,jnpdniedersachsen,1971
jungenationalisten,enationalisten 🇩🇪,1970
jungenationalisten,jungenationalisten,1969
jungenationalisten,Frontdienst,1968
jungenationalisten,SturmfestOS,1967
jungenationalisten,Frontdienst,1965
jungenationalisten,Frontdienst,1964
jungenationalisten,Frontdienst,1963
jungenationalisten,deutschestimmemagazin,1962
jungenationalisten,gegenstrom,1961
jungenationalisten,rontdienst f,1960
jungenationalisten,Frontdienst,1960
jungenationalisten,jungenationalisten,1957
jungenationalisten,deutschestimmemagazin,1953
jungenationalisten,Frontdienst,1952
jungenationalisten,jnpdniedersachsen,1951
jungenationalisten,Frontdienst,1949
jungenationalisten,schuelersprecher,1945
jungenationalisten,ungenationalisten🇩🇪,1944
jungenationalisten,ungenationalisten 🇩,1943
jungenationalisten,schuelersprecher,1942
jungenationalisten,schuelersprecher,1941
jungenationalisten,Schuelersprecher,1940
jungenationalisten,schuelersprecher,1940
jungenationalisten,jungenationalisten,1934
jungenationalisten,jungenationalisten,1921
jungenationalisten,Frontdienst,1920
jungenationalisten,jungenationalisten,1919
jungenationalisten,comitedu9mai,1918
jungenationalisten,comitedu9mai,1917
jungenationalisten,comitedu9mai,1916
jungenationalisten,comitedu9mai,1915
jungenationalisten,ungenationalisten🇩🇪,1914
jungenationalisten,jungenationalisten,1913
jungenationalisten,jungenationalisten,1911
jungenationalisten,ungenationalisten <,1910
jungenationalisten,Frontdienst,1909
jungenationalisten,ungenationalisten 🇩,1907
jungenationalisten,jungenationalisten,1899
jungenationalisten,jungenationalisten ,1897
jungenationalisten,jungenationalisten,1894
jungenationalisten,jnpdniedersachsen,1893
jungenationalisten,jungenationalisten ,1890
jungenationalisten,"tagderarbeit
",1890
jungenationalisten,jungenationalisten,1885
jungenationalisten,jungenationalisten,1879
jungenationalisten,jungenationalisten,1878
jungenationalisten,ngenationalisten 🇩🇪,1875
jungenationalisten,Frontdienst,1874
jungenationalisten,jungenationalisten,1873
jungenationalisten,tagderarbeit,1872
jungenationalisten,Frontdienst,1871
jungenationalisten,agderarbeit 🛠,1870
jungenationalisten,Frontdienst,1865
jungenationalisten,npdrn,1862
jungenationalisten,guenterdeckert,1862
jungenationalisten,jungenationalisten,1861
jungenationalisten,schuelersprecher,1860
jungenationalisten,Frontdienst,1858
jungenationalisten,npdrn,1850
jungenationalisten,tagderarbeit,1849
jungenationalisten,jnpdniedersachsen,1841
jungenationalisten,jnpdniedersachsen,1840
jungenationalisten,rdritteblickwinkel du,1839
jungenationalisten,jnpdniedersachsen,1839
jungenationalisten,ationalisten <<,1839
jungenationalisten,jungenationalisten ,1835
jungenationalisten,jungenationalisten,1826
jungenationalisten,jnpdniedersachsen,1826
jungenationalisten,genationalisten 🇩🇪 ,1820
jungenationalisten,jnpdniedersachsen,1817
jungenationalisten,jnpdniedersachsen,1805
jungenationalisten,jungenationalisten,1800
jungenationalisten,schuelersprecher,1796
jungenationalisten,jungenationalisten,1791
jungenationalisten,schuelersprecher,1785
jungenationalisten,schuelersprecher,1784
jungenationalisten,schuelersprecher,1783
jungenationalisten,schuelersprecher,1782
jungenationalisten,Schuelersprecher,1781
jungenationalisten,schuelersprecher,1781
jungenationalisten,jungenationalisten,1780
jungenationalisten,dresden_gedenken,1762
jungenationalisten,deutschestimmemagazin,1760
jungenationalisten,deutschestimmemagazin,1759
jungenationalisten,deutschestimmemagazin,1758
jungenationalisten,deutschestimmemagazin,1757
jungenationalisten,deutschestimmemagazin,1756
jungenationalisten,deutschestimmemagazin,1755
jungenationalisten,werra_elbflorenz,1744
jungenationalisten,werra_elbflorenz,1743
jungenationalisten,werra_elbflorenz,1742
jungenationalisten,werra_elbflorenz,1741
jungenationalisten,dresden2020,1732
jungenationalisten,dresden_gedenken,1728
jungenationalisten,dresden2020,1728
jungenationalisten,dresden2020,1722
jungenationalisten,dresden_gedenken,1713
jungenationalisten,dresden_gedenken,1711
jungenationalisten,schuelersprecher,1708
jungenationalisten,npdrn,1701
jungenationalisten,npdrn,1700
jungenationalisten,npdrn,1699
jungenationalisten,npdrn,1698
jungenationalisten,Schuelersprecher,1696
jungenationalisten,schuelersprecher,1696
jungenationalisten,schuelersprecher,1689
jungenationalisten,CoronaWahnsinnStoppen,1684
jungenationalisten,schuelersprecher,1682
jungenationalisten,CoronaWahnsinnStoppen,1678
jungenationalisten,hexogenoutdoor,1678
jungenationalisten,ngenationalisten,1677
jungenationalisten,dresden_gedenken,1673
jungenationalisten,Balaclavagraphics,1672
jungenationalisten,balaclavagraphics,1672
jungenationalisten,Balaclavagraphics,1671
jungenationalisten,Balaclavagraphics,1670
jungenationalisten,CompactMagazin,1668
jungenationalisten,schuelersprecher,1666
jungenationalisten,jungenationalisten,1655
jungenationalisten,jnpdniedersachsen,1654
jungenationalisten,CoronaWahnsinnStoppen,1621
jungenationalisten,schuelersprecher,1616
jungenationalisten,schuelersprecher,1614
jungenationalisten,freiesachsen,1611
jungenationalisten,martinkohlmann,1609
jungenationalisten,blklgnwear,1603
jungenationalisten,blklgnwear,1602
jungenationalisten,schuelersprecher,1600
jungenationalisten,npdrn,1595
jungenationalisten,wirpackenan,1591
jungenationalisten,jnpdniedersachsen,1590
jungenationalisten,jnpdniedersachsen,1589
jungenationalisten,jnpdniedersachsen,1588
jungenationalisten,jnpdniedersachsen,1587
jungenationalisten,jnpdniedersachsen,1586
jungenationalisten,jnpdniedersachsen,1585
jungenationalisten,npdhessen,1584
jungenationalisten,schuelersprecher,1583
jungenationalisten,schuelersprecher,1575
jungenationalisten,schuelersprecher,1574
jungenationalisten,schuelersprecher,1573
jungenationalisten,CoronaWahnsinnStoppen,1572
jungenationalisten,CoronaWahnsinnStoppen,1571
jungenationalisten,CoronaWahnsinnStoppen,1570
jungenationalisten,wirpackenan,1564
jungenationalisten,gefangenenhilfe,1563
jungenationalisten,zukunft_heimat,1562
jungenationalisten,HeimatSachsenAnhalt,1560
jungenationalisten,CoronaWahnsinnStoppen,1553
jungenationalisten,CoronaWahnsinnStoppen,1551
jungenationalisten,schuelersprecher,1550
jungenationalisten,RheinwiesenlagerBretzenheim,1549
jungenationalisten,jnpdniedersachsen,1544
jungenationalisten,jnpdniedersachsen,1543
jungenationalisten,jnpdniedersachsen,1542
jungenationalisten,jnpdniedersachsen,1541
jungenationalisten,jnpdniedersachsen,1540
jungenationalisten,jnpdniedersachsen,1539
jungenationalisten,npdrn,1538
jungenationalisten,npdrn,1537
jungenationalisten,npdrn,1536
jungenationalisten,schmidtkeswelt,1534
jungenationalisten,BlickpunktTV,1533
jungenationalisten,BlickpunktTV,1532
jungenationalisten,BlickpunktTV,1531
jungenationalisten,BlickpunktTV,1530
jungenationalisten,BlickpunktTV,1529
jungenationalisten,RheinwiesenlagerBretzenheim,1524
jungenationalisten,jungenationalisten,1523
jungenationalisten,schuelersprecher,1519
jungenationalisten,messestadtaktivisten,1518
jungenationalisten,messestadtaktivisten,1517
jungenationalisten,Schuelersprecher,1516
jungenationalisten,Messestadtaktivisten,1516
jungenationalisten,messestadtaktivisten,1515
jungenationalisten,TremoniaKollektiv,1514
jungenationalisten,schuelersprecher,1508
jungenationalisten,schuelersprecher,1507
jungenationalisten,schuelersprecher,1506
jungenationalisten,jnpdniedersachsen,1503
jungenationalisten,messestadtaktivisten,1499
jungenationalisten,wirpackenan,1498
jungenationalisten,messestadtaktivisten,1489
jungenationalisten,schuelersprecher,1486
jungenationalisten,schuelersprecher,1485
jungenationalisten,schuelersprecher,1484
jungenationalisten,freie_mittelsachsen,1482
jungenationalisten,messestadtaktivisten,1472
jungenationalisten,messestadtaktivisten,1471
jungenationalisten,messestadtaktivisten,1470
jungenationalisten,messestadtaktivisten,1469
jungenationalisten,Schuelersprecher,1468
jungenationalisten,schuelersprecher,1468
jungenationalisten,Harzrevolte,1462
jungenationalisten,dortmundsrechte,1458
jungenationalisten,messestadtaktivisten,1450
jungenationalisten,messestadtaktivisten,1449
jungenationalisten,messestadtaktivisten,1448
jungenationalisten,messestadtaktivisten,1445
jungenationalisten,freie_mittelsachsen,1440
jungenationalisten,freie_mittelsachsen,1439
jungenationalisten,freie_mittelsachsen,1438
jungenationalisten,freie_mittelsachsen,1435
jungenationalisten,dieheimatmv,1434
jungenationalisten,npdmv,1432
jungenationalisten,messestadtaktivisten,1430
jungenationalisten,messestadtaktivisten,1429
jungenationalisten,messestadtaktivisten,1428
jungenationalisten,messestadtaktivisten,1427
jungenationalisten,messestadtaktivisten,1426
jungenationalisten,messestadtaktivisten,1425
jungenationalisten,dieheimatmv,1424
jungenationalisten,schuelersprecher,1422
jungenationalisten,schuelersprecher,1421
jungenationalisten,schuelersprecher,1420
jungenationalisten,messestadtaktivisten,1415
jungenationalisten,dieheimatmv,1414
jungenationalisten,wirpackenan,1408
jungenationalisten,messestadtaktivisten,1406
jungenationalisten,schuelersprecher,1404
jungenationalisten,schuelersprecher,1403
jungenationalisten,schuelersprecher,1402
jungenationalisten,schuelersprecher,1401
jungenationalisten,aktivde,1400
jungenationalisten,schuelersprecher,1400
jungenationalisten,jnpdniedersachsen,1394
jungenationalisten,jnpdniedersachsen,1393
jungenationalisten,jnpdniedersachsen,1392
jungenationalisten,jnpdniedersachsen,1390
jungenationalisten,jnpdniedersachsen,1389
jungenationalisten,fsnrev,1385
jungenationalisten,fsnrev,1384
jungenationalisten,pdbundesverband,1377
jungenationalisten,CoronaWahnsinnStoppen,1374
jungenationalisten,schuelersprecher,1373
jungenationalisten,freie_mittelsachsen,1371
jungenationalisten,schuelersprecher,1370
jungenationalisten,CoronaWahnsinnStoppen,1364
jungenationalisten,wirpackenan,1355
jungenationalisten,dieheimatmv,1354
jungenationalisten,freiesachsen,1343
jungenationalisten,schuelersprecher,1342
jungenationalisten,wirpackenan,1325
jungenationalisten,deutschestimmemagazin,1323
jungenationalisten,wirpackenan,1315
jungenationalisten,schuelersprecher,1315
jungenationalisten,wirpackenan,1308
jungenationalisten,wirpackenan,1307
jungenationalisten,freiesachsen ,1307
jungenationalisten,wirpackenan,1305
jungenationalisten,jnpdniedersachsen,1304
jungenationalisten,wirpackenan,1303
jungenationalisten,wirpackenan,1295
jungenationalisten,jnpdniedersachsen,1290
jungenationalisten,jnpdniedersachsen,1289
jungenationalisten,jnpdniedersachsen,1288
jungenationalisten,jnpdniedersachsen,1287
jungenationalisten,SchwarzeKreuze,1286
jungenationalisten,jnpdniedersachsen,1286
jungenationalisten,WiderstandinAktion,1275
jungenationalisten,SchwarzeKreuze,1269
jungenationalisten,schwarzeKreuze,1262
jungenationalisten,RheinwiesenlagerBretzenheim,1260
jungenationalisten,schuelersprecher,1252
jungenationalisten,Schuelersprecher,1251
jungenationalisten,schuelersprecher,1251
jungenationalisten,SchwarzeKreuze,1243
jungenationalisten,wirpackenan,1233
jungenationalisten,SchwarzeKreuze,1221
jungenationalisten,inbewegung2020,1219
jungenationalisten,HeimatSachsenAnhalt,1216
jungenationalisten,jnpdniedersachsen,1215
jungenationalisten,jnpdniedersachsen,1214
jungenationalisten,jnpdniedersachsen,1213
jungenationalisten,jnpdniedersachsen,1212
jungenationalisten,jnpdniedersachsen,1211
jungenationalisten,jnpdniedersachsen,1210
jungenationalisten,jnpdniedersachsen,1209
jungenationalisten,jnpdniedersachsen,1208
jungenationalisten,jnpdniedersachsen,1207
jungenationalisten,wirpackenan,1194
jungenationalisten,schuelersprecher,1191
jungenationalisten,schuelersprecher,1190
jungenationalisten,schuelersprecher,1189
jungenationalisten,schuelersprecher,1188
jungenationalisten,schuelersprecher,1187
jungenationalisten,schuelersprecher,1186
jungenationalisten,schuelersprecher,1167
jungenationalisten,schmidtkeswelt,1163
jungenationalisten,SchwarzeKreuze,1162
jungenationalisten,CompactMagazin,1147
jungenationalisten,schuelersprecher,1146
jungenationalisten,schuelersprecher,1144
jungenationalisten,schuelersprecher,1143
jungenationalisten,schuelersprecher,1142
jungenationalisten,schuelersprecher,1141
jungenationalisten,schuelersprecher,1140
jungenationalisten,schuelersprecher,1139
jungenationalisten,Schuelersprecher,1138
jungenationalisten,schuelersprecher,1138
jungenationalisten,schuelersprecher,1134
jungenationalisten,schuelersprecher,1133
jungenationalisten,pdbundesverband,1131
jungenationalisten,schuelersprecher,1130
jungenationalisten,schuelersprecher,1129
jungenationalisten,schuelersprecher,1128
jungenationalisten,derdritteblickwinkel,1127
jungenationalisten,derdritteblickwinkel,1126
jungenationalisten,derdritteblickwinkel,1125
jungenationalisten,derdritteblickwinkel,1124
jungenationalisten,derdritteblickwinkel,1123
jungenationalisten,derdritteblickwinkel,1122
jungenationalisten,derdritteblickwinkel,1121
jungenationalisten,derdritteblickwinkel,1120
jungenationalisten,derdritteblickwinkel,1119
jungenationalisten,schuelersprecher,1113
jungenationalisten,jnpdniedersachsen,1112
jungenationalisten,schuelersprecher,1102
jungenationalisten,schuelersprecher,1101
jungenationalisten,CompactMagazin,1098
jungenationalisten,jnpdniedersachsen,1097
jungenationalisten,schuelersprecher,1092
jungenationalisten,schuelersprecher,1091
jungenationalisten,schuelersprecher,1090
jungenationalisten,NPDUckermark,1087
jungenationalisten,NPDUckermark,1086
jungenationalisten,NPDUckermark,1085
jungenationalisten,NPDUckermark,1084
jungenationalisten,NPDUckermark,1083
jungenationalisten,NPDUckermark,1082
jungenationalisten,NPDUckermark,1081
jungenationalisten,aktionsgruppezittau,1080
jungenationalisten,aktionsgruppezittau,1079
jungenationalisten,wirpackenan,1078
jungenationalisten,jnpdniedersachsen,1069
jungenationalisten,aktionsgruppezittau,1061
jungenationalisten,schuelersprecher,1046
jungenationalisten,CompactMagazin,1043
jungenationalisten,Schuelersprecher,1039
jungenationalisten,schuelersprecher,1039
jungenationalisten,Schuelersprecher,1038
jungenationalisten,schuelersprecher,1038
jungenationalisten,clauscremernrw,1025
jungenationalisten,clauscremernrw,1024
jungenationalisten,clauscremernrw,1023
jungenationalisten,clauscremernrw,1022
jungenationalisten,deutschestimmemagazin,1021
jungenationalisten,deutschestimmemagazin,1020
jungenationalisten,deutschestimmemagazin,1019
jungenationalisten,deutschestimmemagazin,1018
jungenationalisten,deutschestimmemagazin,1017
jungenationalisten,deutschestimmemagazin,1016
jungenationalisten,jnpdniedersachsen,998
jungenationalisten,jnpdniedersachsen,997
jungenationalisten,jnpdniedersachsen,996
jungenationalisten,"npdniedersachsen

",996
jungenationalisten,pdbundesverband,982
jungenationalisten,schuelersprecher,981
jungenationalisten,wirpackenan,980
jungenationalisten,schuelersprecher,979
jungenationalisten,deutschestimmemagazin,976
jungenationalisten,Schuelersprecher,974
jungenationalisten,schuelersprecher,974
jungenationalisten,freiesachsen,973
jungenationalisten,schuelersprecher,972
jungenationalisten,deutschestimmemagazin,967
jungenationalisten,schuelersprecher,961
jungenationalisten,schuelersprecher,960
jungenationalisten,jnpdniedersachsen,954
jungenationalisten,schuelersprecher,952
jungenationalisten,schuelersprecher,951
jungenationalisten,schuelersprecher,950
jungenationalisten,schuelersprecher,949
jungenationalisten,schuelersprecher,948
jungenationalisten,wirpackenan,947
jungenationalisten,jnpdniedersachsen,943
jungenationalisten,jnpdniedersachsen,942
jungenationalisten,jnpdniedersachsen,941
jungenationalisten,"npdniedersachsen

",941
jungenationalisten,ignazbearth,934
jungenationalisten,ignazbearth,932
jungenationalisten,wirpackenan,917
jungenationalisten,wirpackenan,915
jungenationalisten,wirpackenan,911
jungenationalisten,rpackenan,911
jungenationalisten,clauscremernrw,909
jungenationalisten,wirpackenan,908
jungenationalisten,schuelersprecher,907
jungenationalisten,schuelersprecher,904
jungenationalisten,schuelersprecher,903
jungenationalisten,schuelersprecher,902
jungenationalisten,schuelersprecher,901
jungenationalisten,wirpackenan,900
jungenationalisten,schuelersprecher,900
jungenationalisten,CompactMagazin,899
jungenationalisten,CompactMagazin,898
jungenationalisten,CompactMagazin,897
jungenationalisten,CompactMagazin,896
jungenationalisten,CompactMagazin,895
jungenationalisten,CompactMagazin,894
jungenationalisten,CompactMagazin,893
jungenationalisten,wirpackenan,890
jungenationalisten,schuelersprecher,888
jungenationalisten,schuelersprecher,887
jungenationalisten,schuelersprecher,886
jungenationalisten,Gefangenenhilfe,881
jungenationalisten,jnpdniedersachsen,880
jungenationalisten,"npdniedersachsen

",880
jungenationalisten,schuelersprecher,879
jungenationalisten,schuelersprecher,878
jungenationalisten,schuelersprecher,877
jungenationalisten,deutschestimmemagazin,873
jungenationalisten,CoronaWahnsinnStoppen,866
jungenationalisten,deutschestimmemagazin,858
jungenationalisten,npdrn,853
jungenationalisten,jnpdniedersachsen,852
jungenationalisten,wirpackenan,850
jungenationalisten,schuelersprecher,849
jungenationalisten,jnpdniedersachsen,848
jungenationalisten,"npdniedersachsen

",848
jungenationalisten,er_Volkslehrer u,848
jungenationalisten,schuelersprecher,842
jungenationalisten,aktionsgruppezittau,841
jungenationalisten,aktionsgruppezittau,840
jungenationalisten,aktionsgruppezittau,839
jungenationalisten,wirpackenan,835
jungenationalisten,joinchat,828
jungenationalisten,CoronaWahnsinnStoppen,825
jungenationalisten,schuelersprecher,824
jungenationalisten,schuelersprecher,823
jungenationalisten,schuelersprecher,822
jungenationalisten,BlickpunktTV,816
jungenationalisten,BlickpunktTV,815
jungenationalisten,schuelersprecher,814
jungenationalisten,CoronaWahnsinnStoppen,811
jungenationalisten,PROsition,804
jungenationalisten,schuelersprecher,803
jungenationalisten,"oronaWahnsinnStoppen

",802
jungenationalisten,CoronaWahnsinnStoppen,802
jungenationalisten,deutschestimmemagazin,796
jungenationalisten,dresden_gedenken,794
jungenationalisten,dresden_gedenken,793
jungenationalisten,dresden_gedenken,792
jungenationalisten,jnpdniedersachsen,786
jungenationalisten,jnpdniedersachsen,785
jungenationalisten,jnpdniedersachsen,784
jungenationalisten,jnpdniedersachsen,783
jungenationalisten,schuelersprecher,777
jungenationalisten,schuelersprecher,776
jungenationalisten,schuelersprecher,775
jungenationalisten,schuelersprecher,774
jungenationalisten,dresden2020,770
jungenationalisten,jnpdniedersachsen,770
jungenationalisten,aktionsgruppezittau,767
jungenationalisten,schuelersprecher,766
jungenationalisten,dresden_gedenken,753
jungenationalisten,wirpackenan,752
jungenationalisten,schuelersprecher,751
jungenationalisten,jnpdniedersachsen,747
jungenationalisten,dresden_gedenken,745
jungenationalisten,dresden_gedenken,734
jungenationalisten,schuelersprecher,733
jungenationalisten,schuelersprecher,731
jungenationalisten,PROsition,730
jungenationalisten,dresden_gedenken,727
jungenationalisten,wirpackenan,723
jungenationalisten,dresden_gedenken,717
jungenationalisten,wirpackenan,704
jungenationalisten,wirpackenan,694
jungenationalisten,wirpackenan,691
jungenationalisten,wirpackenan,686
jungenationalisten,jnpdniedersachsen,684
jungenationalisten,jnpdniedersachsen,683
jungenationalisten,jnpdniedersachsen,679
jungenationalisten,jnpdniedersachsen,674
jungenationalisten,wirpackenan,672
jungenationalisten,wirpackenan,671
jungenationalisten,wirpackenan,670
jungenationalisten,wirpackenan,669
jungenationalisten,wirpackenan,668
jungenationalisten,wirpackenan,667
jungenationalisten,wirpackenan,666
jungenationalisten,wirpackenan,665
jungenationalisten,wirpackenan,664
jungenationalisten,wirpackenan,663
jungenationalisten,wirpackenan,657
jungenationalisten,wirpackenan,655
jungenationalisten,wirpackenan,653
jungenationalisten,tradition_und_ordnung,649
jungenationalisten,wirpackenan,646
jungenationalisten,jnpdniedersachsen,644
jungenationalisten,Jungetat,642
jungenationalisten,wirpackenan,636
jungenationalisten,wirpackenan,633
jungenationalisten,jnpdniedersachsen,626
jungenationalisten,wirpackenan,625
jungenationalisten,deutschestimmemagazin,609
jungenationalisten,deutschestimmemagazin,608
jungenationalisten,deutschestimmemagazin,607
jungenationalisten,deutschestimmemagazin,606
jungenationalisten,deutschestimmemagazin,605
jungenationalisten,CoronaWahnsinnStoppen,595
jungenationalisten,jnpdniedersachsen,586
jungenationalisten,hexogenoutdoor,586
jungenationalisten,jnpdniedersachsen,562
jungenationalisten,jnpdniedersachsen,561
jungenationalisten,jnpdniedersachsen,560
jungenationalisten,jnpdniedersachsen,559
jungenationalisten,jnpdniedersachsen,558
jungenationalisten,jnpdniedersachsen,525
jungenationalisten,jnpdniedersachsen,518
jungenationalisten,jnpdniedersachsen,514
jungenationalisten,CoronaWahnsinnStoppen,513
jungenationalisten,CoronaWahnsinnStoppen,512
jungenationalisten,CoronaWahnsinnStoppen,508
jungenationalisten,BlickpunktTV,504
jungenationalisten,deutschestimmemagazin,503
jungenationalisten,deutschestimmemagazin,502
jungenationalisten,deutschestimmemagazin,501
jungenationalisten,artikel5,500
jungenationalisten,tradition_und_ordnung,499
jungenationalisten,jnpdniedersachsen,479
jungenationalisten,jnpdniedersachsen,478
jungenationalisten,jnpdniedersachsen,477
jungenationalisten,jnpdniedersachsen,476
jungenationalisten,jnpdniedersachsen,475
jungenationalisten,jnpdniedersachsen,474
jungenationalisten,jnpdniedersachsen,469
jungenationalisten,jnpdniedersachsen,468
jungenationalisten,CoronaWahnsinnStoppen,464
jungenationalisten,CoronaWahnsinnStoppen,454
jungenationalisten,deutschestimmemagazin,432
jungenationalisten,jnpdniedersachsen,430
jungenationalisten,heimatsachsen,429
jungenationalisten,heimatsachsen,428
jungenationalisten,heimatsachsen,427
jungenationalisten,heimatsachsen,426
jungenationalisten,heimatsachsen,425
jungenationalisten,heimatsachsen,424
jungenationalisten,jnpdniedersachsen,411
jungenationalisten,jnpdniedersachsen,408
jungenationalisten,jnpdniedersachsen,399
jungenationalisten,jnpdniedersachsen,396
jungenationalisten,wirpackenan,395
jungenationalisten,jnpdniedersachsen,393
jungenationalisten,jungenationalisten,383
jungenationalisten,jnpdniedersachsen,367
jungenationalisten,jnpdniedersachsen,354
jungenationalisten,jnpdniedersachsen,346
jungenationalisten,CoronaWahnsinnStoppen,343
jungenationalisten,wirpackenan,341
jungenationalisten,jnpdniedersachsen,324
jungenationalisten,jnpdniedersachsen,319
jungenationalisten,jnpdniedersachsen,305
jungenationalisten,jnpdniedersachsen,304
jungenationalisten,jnpdniedersachsen,303
jungenationalisten,jnpdniedersachsen,302
jungenationalisten,jnpdniedersachsen,301
jungenationalisten,jnpdniedersachsen,300
jungenationalisten,pcrecords,293
jungenationalisten,jnpdniedersachsen,291
jungenationalisten,jungenationalisten,283
jungenationalisten,wirpackenan,276
jungenationalisten,jnpdniedersachsen,267
jungenationalisten,jnpdniedersachsen,253
jungenationalisten,dresden_gedenken,251
jungenationalisten,dresden_gedenken,250
jungenationalisten,dresden_gedenken,249
jungenationalisten,dresden_gedenken,247
jungenationalisten,dresden_gedenken,246
jungenationalisten,dresden_gedenken,245
jungenationalisten,dresden_gedenken,244
jungenationalisten,dresden_gedenken,243
jungenationalisten,dresden_gedenken,242
jungenationalisten,dresden_gedenken,241
jungenationalisten,dresden_gedenken,240
jungenationalisten,dresden_gedenken,239
jungenationalisten,dresden_gedenken,238
jungenationalisten,jnpdniedersachsen,237
jungenationalisten,jnpdniedersachsen,236
jungenationalisten,jnpdniedersachsen,235
jungenationalisten,jnpdniedersachsen,234
jungenationalisten,dresden_gedenken,232
jungenationalisten,jnpdniedersachsen,231
jungenationalisten,dresden_gedenken,228
jungenationalisten,dresden_gedenken,227
jungenationalisten,dresden_gedenken,223
jungenationalisten,dresden_gedenken,220
jungenationalisten,dresden_gedenken,218
jungenationalisten,dresden_gedenken,217
jungenationalisten,dresden_gedenken,212
jungenationalisten,npdbundesverband,211
jungenationalisten,dresden_gedenken,207
jungenationalisten,jnpdniedersachsen,206
jungenationalisten,dresden_gedenken,204
jungenationalisten,dresden_gedenken,203
jungenationalisten,dresden_gedenken,202
jungenationalisten,dresden_gedenken,201
jungenationalisten,dresden_gedenken,199
jungenationalisten,dresden_gedenken,189
jungenationalisten,jnpdniedersachsen,183
jungenationalisten,jnpdniedersachsen,181
jungenationalisten,jnpdniedersachsen,180
jungenationalisten,jnpdniedersachsen,179
jungenationalisten,jnpdniedersachsen,178
jungenationalisten,jnpdniedersachsen,177
jungenationalisten,jnpdniedersachsen,176
jungenationalisten,jnpdniedersachsen,175
jungenationalisten,jnpdniedersachsen,174
jungenationalisten,jnpdniedersachsen,173
jungenationalisten,jnpdniedersachsen,172
jungenationalisten,jnpdniedersachsen,171
jungenationalisten,jnpdniedersachsen,170
jungenationalisten,jnpdniedersachsen,169
jungenationalisten,jnpdniedersachsen,168
jungenationalisten,jnpdniedersachsen,165
jungenationalisten,jnpdniedersachsen,164
jungenationalisten,jnpdniedersachsen,163
jungenationalisten,dresden_gedenken,161
jungenationalisten,dresden_gedenken,160
jungenationalisten,joinchat,160
jungenationalisten,pcrecords,159
jungenationalisten,jnpdniedersachsen,152
jungenationalisten,jnpdniedersachsen,151
jungenationalisten,jnpdniedersachsen,150
jungenationalisten,jnpdniedersachsen,149
jungenationalisten,jnpdniedersachsen,148
jungenationalisten,jnpdniedersachsen,147
jungenationalisten,jnpdniedersachsen,146
jungenationalisten,jnpdniedersachsen,145
jungenationalisten,jnpdniedersachsen,141
jungenationalisten,dresden_gedenken,126
jungenationalisten,joinchat,124
jungenationalisten,jnpdniedersachsen,106
jungenationalisten,jnpdniedersachsen,105
jungenationalisten,jnpdniedersachsen,104
jungenationalisten,jnpdniedersachsen,103
jungenationalisten,jnpdniedersachsen,49
jungenationalisten,jnpdniedersachsen,21
jungenationalisten,fsnrev,17
