source,target,type
jungenationalisten:4697,heimat2023:1551,forward
jungenationalisten:4696,schmidtkeswelt:2567,forward
jungenationalisten:4695,dortmundsrechte:4764,forward
jungenationalisten:4694,heimat2023:1541,forward
jungenationalisten:4692,JN_Sachsen_Anhalt:481,forward
jungenationalisten:4691,JN_Sachsen_Anhalt:480,forward
jungenationalisten:4690,JN_Sachsen_Anhalt:479,forward
jungenationalisten:4689,pcrecords:7528,forward
jungenationalisten:4688,niederlausitzInfo:1700,forward
jungenationalisten:4687,niederlausitzInfo:1699,forward
jungenationalisten:4686,niederlausitzInfo:1698,forward
jungenationalisten:4685,niederlausitzInfo:1697,forward
jungenationalisten:4680,braunschweigverteidigen:172,forward
jungenationalisten:4679,JN_MuP:29,forward
jungenationalisten:4678,WiderstandinAktion:748,forward
jungenationalisten:4677,WiderstandinAktion:747,forward
jungenationalisten:4676,WiderstandinAktion:746,forward
jungenationalisten:4675,WiderstandinAktion:745,forward
jungenationalisten:4674,WiderstandinAktion:744,forward
jungenationalisten:4673,WiderstandinAktion:743,forward
jungenationalisten:4672,WiderstandinAktion:742,forward
jungenationalisten:4671,WiderstandinAktion:741,forward
jungenationalisten:4670,WiderstandinAktion:740,forward
jungenationalisten:4669,WiderstandinAktion:739,forward
jungenationalisten:4668,sturmzeichen:8184,forward
jungenationalisten:4667,sturmzeichen:8183,forward
jungenationalisten:4666,sturmzeichen:8182,forward
jungenationalisten:4665,sturmzeichen:8181,forward
jungenationalisten:4664,JN_MuP:24,forward
jungenationalisten:4663,JN_MuP:23,forward
jungenationalisten:4661,WiderstandinAktion:693,forward
jungenationalisten:4660,JN_MuP:21,forward
jungenationalisten:4659,JN_MuP:20,forward
jungenationalisten:4658,JN_MuP:19,forward
jungenationalisten:4657,JN_MuP:18,forward
jungenationalisten:4656,JN_MuP:17,forward
jungenationalisten:4655,JN_MuP:16,forward
jungenationalisten:4654,JN_MuP:15,forward
jungenationalisten:4653,JN_MuP:14,forward
jungenationalisten:4652,JN_Th:1188,forward
jungenationalisten:4651,JN_Th:1187,forward
jungenationalisten:4650,JN_Th:1186,forward
jungenationalisten:4649,JN_Th:1185,forward
jungenationalisten:4648,JN_Th:1184,forward
jungenationalisten:4647,JN_Th:1183,forward
jungenationalisten:4646,JN_Th:1182,forward
jungenationalisten:4645,JN_Th:1181,forward
jungenationalisten:4644,JN_Th:1180,forward
jungenationalisten:4643,JN_Th:1179,forward
jungenationalisten:4642,JN_Th:1178,forward
jungenationalisten:4641,jnhessen:133,forward
jungenationalisten:4633,harzverteidigen:468,forward
jungenationalisten:4632,harzverteidigen:467,forward
jungenationalisten:4631,harzverteidigen:466,forward
jungenationalisten:4630,harzverteidigen:465,forward
jungenationalisten:4629,harzverteidigen:464,forward
jungenationalisten:4628,harzverteidigen:463,forward
jungenationalisten:4627,harzverteidigen:462,forward
jungenationalisten:4626,harzverteidigen:461,forward
jungenationalisten:4625,HeimatSachsenAnhalt:1036,forward
jungenationalisten:4624,HeimatSachsenAnhalt:1035,forward
jungenationalisten:4623,HeimatSachsenAnhalt:1034,forward
jungenationalisten:4622,HeimatSachsenAnhalt:1033,forward
jungenationalisten:4621,HeimatSachsenAnhalt:1032,forward
jungenationalisten:4620,HeimatSachsenAnhalt:1031,forward
jungenationalisten:4619,HeimatSachsenAnhalt:1030,forward
jungenationalisten:4618,HeimatSachsenAnhalt:1029,forward
jungenationalisten:4617,HeimatSachsenAnhalt:1028,forward
jungenationalisten:4616,HeimatSachsenAnhalt:1027,forward
jungenationalisten:4615,hermanns_heide:344,forward
jungenationalisten:4614,hermanns_heide:343,forward
jungenationalisten:4613,hermanns_heide:342,forward
jungenationalisten:4612,hermanns_heide:341,forward
jungenationalisten:4611,hermanns_heide:340,forward
jungenationalisten:4610,hermanns_heide:339,forward
jungenationalisten:4609,hermanns_heide:338,forward
jungenationalisten:4608,WiderstandinAktion:729,forward
jungenationalisten:4607,WiderstandinAktion:728,forward
jungenationalisten:4606,WiderstandinAktion:727,forward
jungenationalisten:4605,WiderstandinAktion:726,forward
jungenationalisten:4604,WiderstandinAktion:725,forward
jungenationalisten:4603,WiderstandinAktion:724,forward
jungenationalisten:4602,WiderstandinAktion:723,forward
jungenationalisten:4601,JN_MuP:13,forward
jungenationalisten:4600,WiderstandinAktion:721,forward
jungenationalisten:4599,freiesachsen:11522,forward
jungenationalisten:4597,unetenucleonacional:602,forward
jungenationalisten:4596,unetenucleonacional:601,forward
jungenationalisten:4595,WiderstandinAktion:719,forward
jungenationalisten:4594,freiesachsen:11488,forward
jungenationalisten:4593,JN_Th:1171,forward
jungenationalisten:4592,JN_MuP:6,forward
jungenationalisten:4591,sturmzeichen:7993,forward
jungenationalisten:4588,JN_Th:1167,forward
jungenationalisten:4587,Frontdienst:680,forward
jungenationalisten:4586,JN_Westverband:249,forward
jungenationalisten:4585,JN_Th:1165,forward
jungenationalisten:4584,athenscene:828,forward
jungenationalisten:4583,JN_Th:1164,forward
jungenationalisten:4573,Frontdienst:677,forward
jungenationalisten:4572,JN_Th:1162,forward
jungenationalisten:4571,gegenstrom:409,forward
jungenationalisten:4570,heimat2023:1443,forward
jungenationalisten:4558,JN_Th:1161,forward
jungenationalisten:4557,WiderstandinAktion:697,forward
jungenationalisten:4556,Frontdienst:675,forward
jungenationalisten:4555,jungenationalisten:2206,forward
jungenationalisten:4554,harzverteidigen:415,forward
jungenationalisten:4552,WiderstandinAktion:693,forward
jungenationalisten:4551,Frontdienst:673,forward
jungenationalisten:4550,Frontdienst:672,forward
jungenationalisten:4549,Frontdienst:671,forward
jungenationalisten:4548,JN_Th:1155,forward
jungenationalisten:4547,JN_Westverband:220,forward
jungenationalisten:4546,JN_Westverband:219,forward
jungenationalisten:4545,JN_Westverband:218,forward
jungenationalisten:4544,JN_Westverband:217,forward
jungenationalisten:4543,JN_Westverband:216,forward
jungenationalisten:4542,JN_Westverband:215,forward
jungenationalisten:4541,JN_Westverband:214,forward
jungenationalisten:4540,JN_Westverband:213,forward
jungenationalisten:4539,JN_Westverband:212,forward
jungenationalisten:4538,JN_Westverband:211,forward
jungenationalisten:4537,Frontdienst:668,forward
jungenationalisten:4534,rossmueller:2973,forward
jungenationalisten:4533,rossmueller:2972,forward
jungenationalisten:4532,WiderstandinAktion:684,forward
jungenationalisten:4531,JN_Westverband:210,forward
jungenationalisten:4530,JN_Th:1147,forward
jungenationalisten:4529,JN_Sachsen_Anhalt:415,forward
jungenationalisten:4528,JN_Sachsen_Anhalt:414,forward
jungenationalisten:4527,JN_Sachsen_Anhalt:413,forward
jungenationalisten:4526,JN_Sachsen_Anhalt:412,forward
jungenationalisten:4525,JN_Sachsen_Anhalt:411,forward
jungenationalisten:4524,wie_gesagt:153,forward
jungenationalisten:4523,JN_Th:1144,forward
jungenationalisten:4521,JN_Th:1121,forward
jungenationalisten:4517,JN_Th:1138,forward
jungenationalisten:4515,Frontdienst:658,forward
jungenationalisten:4514,dortmundsrechte:4708,forward
jungenationalisten:4513,WiderstandinAktion:668,forward
jungenationalisten:4512,WiderstandinAktion:667,forward
jungenationalisten:4511,WiderstandinAktion:666,forward
jungenationalisten:4510,WiderstandinAktion:665,forward
jungenationalisten:4509,WiderstandinAktion:664,forward
jungenationalisten:4508,JN_Th:1136,forward
jungenationalisten:4507,sicherheitshinweise:1428,forward
jungenationalisten:4506,jungenationalisten:4496,reply
jungenationalisten:4495,WiderstandinAktion:662,forward
jungenationalisten:4494,WiderstandinAktion:661,forward
jungenationalisten:4493,WiderstandinAktion:660,forward
jungenationalisten:4492,WiderstandinAktion:659,forward
jungenationalisten:4491,WiderstandinAktion:658,forward
jungenationalisten:4490,WiderstandinAktion:657,forward
jungenationalisten:4489,WiderstandinAktion:656,forward
jungenationalisten:4488,WiderstandinAktion:655,forward
jungenationalisten:4487,WiderstandinAktion:654,forward
jungenationalisten:4486,WiderstandinAktion:653,forward
jungenationalisten:4485,heimat2023:1377,forward
jungenationalisten:4484,dortmundsrechte:4707,forward
jungenationalisten:4483,WiderstandinAktion:650,forward
jungenationalisten:4482,Frontdienst:538,forward
jungenationalisten:4481,Frontdienst:537,forward
jungenationalisten:4480,Frontdienst:536,forward
jungenationalisten:4479,Frontdienst:535,forward
jungenationalisten:4478,Frontdienst:534,forward
jungenationalisten:4477,Frontdienst:533,forward
jungenationalisten:4476,Frontdienst:532,forward
jungenationalisten:4475,Frontdienst:531,forward
jungenationalisten:4474,Frontdienst:530,forward
jungenationalisten:4473,JN_Th:1124,forward
jungenationalisten:4472,WiderstandinAktion:648,forward
jungenationalisten:4469,jungenationalisten:3772,forward
jungenationalisten:4468,JN_Th:1121,forward
jungenationalisten:4467,WiderstandinAktion:643,forward
jungenationalisten:4465,JN_Sachsen_Anhalt:382,forward
jungenationalisten:4464,JN_Sachsen_Anhalt:381,forward
jungenationalisten:4463,JN_Sachsen_Anhalt:380,forward
jungenationalisten:4462,JN_Sachsen_Anhalt:379,forward
jungenationalisten:4461,heimatnrw:486,forward
jungenationalisten:4460,heimatnrw:480,forward
jungenationalisten:4459,heimat2023:1342,forward
jungenationalisten:4458,heimat2023:1341,forward
jungenationalisten:4457,heimat2023:1340,forward
jungenationalisten:4456,WiderstandinAktion:638,forward
jungenationalisten:4455,WiderstandinAktion:637,forward
jungenationalisten:4454,WiderstandinAktion:636,forward
jungenationalisten:4453,WiderstandinAktion:635,forward
jungenationalisten:4452,WiderstandinAktion:634,forward
jungenationalisten:4451,WiderstandinAktion:633,forward
jungenationalisten:4450,WiderstandinAktion:632,forward
jungenationalisten:4449,WiderstandinAktion:631,forward
jungenationalisten:4448,WiderstandinAktion:630,forward
jungenationalisten:4447,JN_Westverband:190,forward
jungenationalisten:4446,JN_Th:1115,forward
jungenationalisten:4445,JN_Westverband:192,forward
jungenationalisten:4444,JN_Th:1114,forward
jungenationalisten:4443,WiderstandinAktion:626,forward
jungenationalisten:4442,Frontdienst:645,forward
jungenationalisten:4441,sturmzeichen:7669,forward
jungenationalisten:4440,sturmzeichen:7668,forward
jungenationalisten:4439,dortmundsrechte:4664,forward
jungenationalisten:4438,heimat2023:1336,forward
jungenationalisten:4437,heimatnrw:463,forward
jungenationalisten:4436,heimatnrw:462,forward
jungenationalisten:4435,heimatnrw:461,forward
jungenationalisten:4434,heimatnrw:460,forward
jungenationalisten:4433,JN_Th:1107,forward
jungenationalisten:4432,sicherheitshinweise:1425,forward
jungenationalisten:4431,heimatnrw:457,forward
jungenationalisten:4430,WiderstandinAktion:622,forward
jungenationalisten:4428,Frontdienst:642,forward
jungenationalisten:4427,dortmundsrechte:4653,forward
jungenationalisten:4426,dortmundsrechte:4652,forward
jungenationalisten:4405,braunschweigverteidigen:128,forward
jungenationalisten:4404,jungenationalisten:4403,reply
jungenationalisten:4403,jungenationalisten:4402,reply
jungenationalisten:4402,jungenationalisten:4374,forward
jungenationalisten:4400,JN_Sachsen_Anhalt:332,forward
jungenationalisten:4399,JN_Sachsen_Anhalt:330,forward
jungenationalisten:4398,JN_Sachsen_Anhalt:329,forward
jungenationalisten:4397,JN_Sachsen_Anhalt:328,forward
jungenationalisten:4396,jnhessen:88,forward
jungenationalisten:4395,JN_Sachsen_Anhalt:341,forward
jungenationalisten:4394,JN_Sachsen_Anhalt:340,forward
jungenationalisten:4393,JN_Sachsen_Anhalt:339,forward
jungenationalisten:4392,JN_Sachsen_Anhalt:338,forward
jungenationalisten:4391,JN_Sachsen_Anhalt:337,forward
jungenationalisten:4390,JN_Sachsen_Anhalt:336,forward
jungenationalisten:4389,JN_Sachsen_Anhalt:335,forward
jungenationalisten:4388,JN_Sachsen_Anhalt:334,forward
jungenationalisten:4387,JN_Sachsen_Anhalt:333,forward
jungenationalisten:4377,Frontdienst:639,forward
jungenationalisten:4376,deutschestimmemagazin:5319,forward
jungenationalisten:4375,jungenationalisten:4374,reply
jungenationalisten:4372,JN_Th:1077,forward
jungenationalisten:4371,WiderstandinAktion:597,forward
jungenationalisten:4370,WiderstandinAktion:596,forward
jungenationalisten:4369,WiderstandinAktion:595,forward
jungenationalisten:4368,WiderstandinAktion:594,forward
jungenationalisten:4367,WiderstandinAktion:593,forward
jungenationalisten:4366,WiderstandinAktion:592,forward
jungenationalisten:4365,WiderstandinAktion:591,forward
jungenationalisten:4364,WiderstandinAktion:590,forward
jungenationalisten:4363,WiderstandinAktion:589,forward
jungenationalisten:4362,WiderstandinAktion:588,forward
jungenationalisten:4361,freiesachsen:11056,forward
jungenationalisten:4358,WiderstandinAktion:586,forward
jungenationalisten:4357,WiderstandinAktion:585,forward
jungenationalisten:4356,WiderstandinAktion:584,forward
jungenationalisten:4355,WiderstandinAktion:583,forward
jungenationalisten:4354,WiderstandinAktion:582,forward
jungenationalisten:4353,WiderstandinAktion:581,forward
jungenationalisten:4352,WiderstandinAktion:580,forward
jungenationalisten:4351,WiderstandinAktion:579,forward
jungenationalisten:4350,JN_Th:1074,forward
jungenationalisten:4349,WiderstandinAktion:578,forward
jungenationalisten:4348,WiderstandinAktion:577,forward
jungenationalisten:4347,heimatnrw:427,forward
jungenationalisten:4346,JN_Westverband:110,forward
jungenationalisten:4345,JN_Westverband:109,forward
jungenationalisten:4344,dortmundsrechte:4631,forward
jungenationalisten:4343,WiderstandinAktion:573,forward
jungenationalisten:4342,WiderstandinAktion:572,forward
jungenationalisten:4341,WiderstandinAktion:571,forward
jungenationalisten:4340,WiderstandinAktion:570,forward
jungenationalisten:4339,WiderstandinAktion:569,forward
jungenationalisten:4338,WiderstandinAktion:568,forward
jungenationalisten:4337,WiderstandinAktion:567,forward
jungenationalisten:4336,WiderstandinAktion:566,forward
jungenationalisten:4335,WiderstandinAktion:565,forward
jungenationalisten:4334,WiderstandinAktion:564,forward
jungenationalisten:4333,WiderstandinAktion:562,forward
jungenationalisten:4332,urbsturrium:24,forward
jungenationalisten:4331,Frontdienst:620,forward
jungenationalisten:4330,WiderstandinAktion:561,forward
jungenationalisten:4329,JN_Th:1067,forward
jungenationalisten:4328,JN_Th:1066,forward
jungenationalisten:4325,heimat2023:1234,forward
jungenationalisten:4324,sicherheitshinweise:1417,forward
jungenationalisten:4323,dortmundsrechte:4604,forward
jungenationalisten:4322,dortmundsrechte:4603,forward
jungenationalisten:4321,dortmundsrechte:4602,forward
jungenationalisten:4320,dortmundsrechte:4601,forward
jungenationalisten:4319,dortmundsrechte:4600,forward
jungenationalisten:4318,dortmundsrechte:4557,link
jungenationalisten:4318,dortmundsrechte:4599,forward
jungenationalisten:4317,jungenationalisten:3452,forward
jungenationalisten:4316,JN_Th:1060,forward
jungenationalisten:4315,jungenationalisten:4314,reply
jungenationalisten:4314,Frontdienst:617,forward
jungenationalisten:4311,Frontdienst:572,forward
jungenationalisten:4310,Frontdienst:571,forward
jungenationalisten:4309,Frontdienst:614,forward
jungenationalisten:4306,WiderstandinAktion:556,forward
jungenationalisten:4301,deutschestimmemagazin:5319,forward
jungenationalisten:4300,heimat2023:1218,forward
jungenationalisten:4299,Frontdienst:613,forward
jungenationalisten:4298,JN_Th:1053,forward
jungenationalisten:4297,WiderstandinAktion:554,forward
jungenationalisten:4296,WiderstandinAktion:553,forward
jungenationalisten:4295,WiderstandinAktion:552,forward
jungenationalisten:4294,WiderstandinAktion:551,forward
jungenationalisten:4293,WiderstandinAktion:550,forward
jungenationalisten:4292,WiderstandinAktion:549,forward
jungenationalisten:4291,WiderstandinAktion:548,forward
jungenationalisten:4290,WiderstandinAktion:547,forward
jungenationalisten:4289,WiderstandinAktion:546,forward
jungenationalisten:4288,jnhessen:81,forward
jungenationalisten:4287,heimatnrw:399,forward
jungenationalisten:4286,heimatnrw:398,forward
jungenationalisten:4285,heimatnrw:397,forward
jungenationalisten:4284,heimatnrw:396,forward
jungenationalisten:4283,WiderstandinAktion:544,forward
jungenationalisten:4282,WiderstandinAktion:542,forward
jungenationalisten:4281,Frontdienst:612,forward
jungenationalisten:4280,jnhessen:73,forward
jungenationalisten:4279,jnhessen:71,forward
jungenationalisten:4278,jungenationalisten:3772,forward
jungenationalisten:4274,dortmundsrechte:4561,forward
jungenationalisten:4273,dortmundsrechte:4560,forward
jungenationalisten:4272,dortmundsrechte:4559,forward
jungenationalisten:4271,dortmundsrechte:4558,forward
jungenationalisten:4270,dortmundsrechte:4557,forward
jungenationalisten:4268,Schreiberklagtan:1012,forward
jungenationalisten:4267,JN_Th:1031,forward
jungenationalisten:4266,JN_Sachsen_Anhalt:293,forward
jungenationalisten:4265,WiderstandinAktion:538,forward
jungenationalisten:4264,braunschweigverteidigen:118,forward
jungenationalisten:4263,sturmzeichen:7284,forward
jungenationalisten:4262,sturmzeichen:7283,forward
jungenationalisten:4261,sturmzeichen:7282,forward
jungenationalisten:4259,DerAppell:51,forward
jungenationalisten:4258,AufbauHolstein:251,forward
jungenationalisten:4257,Frontdienst:379,forward
jungenationalisten:4256,wie_gesagt:148,forward
jungenationalisten:4255,JN_Th:1020,forward
jungenationalisten:4254,WiderstandinAktion:523,forward
jungenationalisten:4252,JN_Th:1021,forward
jungenationalisten:4251,JN_Sachsen_Anhalt:285,forward
jungenationalisten:4250,loiswagnerjn:10,forward
jungenationalisten:4249,WiderstandinAktion:489,forward
jungenationalisten:4248,WiderstandinAktion:488,forward
jungenationalisten:4247,WiderstandinAktion:487,forward
jungenationalisten:4246,WiderstandinAktion:486,forward
jungenationalisten:4245,WiderstandinAktion:485,forward
jungenationalisten:4244,WiderstandinAktion:484,forward
jungenationalisten:4243,WiderstandinAktion:483,forward
jungenationalisten:4242,WiderstandinAktion:482,forward
jungenationalisten:4241,WiderstandinAktion:481,forward
jungenationalisten:4240,WiderstandinAktion:480,forward
jungenationalisten:4238,Frontdienst:604,forward
jungenationalisten:4236,KGxPR:14,forward
jungenationalisten:4235,WiderstandinAktion:519,forward
jungenationalisten:4234,WiderstandinAktion:518,forward
jungenationalisten:4233,WiderstandinAktion:517,forward
jungenationalisten:4232,WiderstandinAktion:516,forward
jungenationalisten:4231,WiderstandinAktion:515,forward
jungenationalisten:4230,WiderstandinAktion:514,forward
jungenationalisten:4229,WiderstandinAktion:513,forward
jungenationalisten:4225,Frontdienst:602,forward
jungenationalisten:4224,KDN2013:1653,forward
jungenationalisten:4222,WiderstandinAktion:496,forward
jungenationalisten:4221,Frontdienst:600,forward
jungenationalisten:4220,Frontdienst:599,forward
jungenationalisten:4219,jnhessen:53,forward
jungenationalisten:4217,JN_Sachsen_Anhalt:285,forward
jungenationalisten:4216,JN_Sachsen_Anhalt:284,forward
jungenationalisten:4215,JN_Sachsen_Anhalt:283,forward
jungenationalisten:4214,JN_Sachsen_Anhalt:282,forward
jungenationalisten:4213,JN_Sachsen_Anhalt:281,forward
jungenationalisten:4212,JN_Sachsen_Anhalt:280,forward
jungenationalisten:4211,JN_Sachsen_Anhalt:279,forward
jungenationalisten:4210,JN_Sachsen_Anhalt:278,forward
jungenationalisten:4209,Frontdienst:597,forward
jungenationalisten:4208,Frontdienst:596,forward
jungenationalisten:4207,WiderstandinAktion:495,forward
jungenationalisten:4206,WiderstandinAktion:494,forward
jungenationalisten:4205,WiderstandinAktion:493,forward
jungenationalisten:4204,WiderstandinAktion:492,forward
jungenationalisten:4202,WiderstandinAktion:491,forward
jungenationalisten:4201,harzverteidigen:264,forward
jungenationalisten:4200,harzverteidigen:263,forward
jungenationalisten:4199,harzverteidigen:262,forward
jungenationalisten:4198,harzverteidigen:261,forward
jungenationalisten:4197,harzverteidigen:260,forward
jungenationalisten:4196,harzverteidigen:259,forward
jungenationalisten:4195,harzverteidigen:258,forward
jungenationalisten:4194,JN_Westverband:30,forward
jungenationalisten:4193,WiderstandinAktion:489,forward
jungenationalisten:4192,WiderstandinAktion:488,forward
jungenationalisten:4191,WiderstandinAktion:487,forward
jungenationalisten:4190,WiderstandinAktion:486,forward
jungenationalisten:4189,WiderstandinAktion:485,forward
jungenationalisten:4188,WiderstandinAktion:484,forward
jungenationalisten:4187,WiderstandinAktion:483,forward
jungenationalisten:4186,WiderstandinAktion:482,forward
jungenationalisten:4185,WiderstandinAktion:481,forward
jungenationalisten:4184,WiderstandinAktion:480,forward
jungenationalisten:4183,elblandrevolte:135,forward
jungenationalisten:4171,Frontdienst:538,forward
jungenationalisten:4170,Frontdienst:537,forward
jungenationalisten:4169,Frontdienst:536,forward
jungenationalisten:4168,Frontdienst:535,forward
jungenationalisten:4167,Frontdienst:534,forward
jungenationalisten:4166,Frontdienst:533,forward
jungenationalisten:4165,Frontdienst:532,forward
jungenationalisten:4164,Frontdienst:531,forward
jungenationalisten:4163,Frontdienst:530,forward
jungenationalisten:4153,JN_Th:1004,forward
jungenationalisten:4152,jungenationalisten:4145,reply
jungenationalisten:4144,WiderstandinAktion:472,forward
jungenationalisten:4139,WiderstandinAktion:471,forward
jungenationalisten:4138,WiderstandinAktion:470,forward
jungenationalisten:4133,Frontdienst:576,forward
jungenationalisten:4132,Frontdienst:575,forward
jungenationalisten:4131,elblandrevolte:134,forward
jungenationalisten:4129,Frontdienst:570,forward
jungenationalisten:4128,Frontdienst:563,forward
jungenationalisten:4127,WiderstandinAktion:463,forward
jungenationalisten:4124,stefantrautmannDL:814,forward
jungenationalisten:4122,Frontdienst:560,forward
jungenationalisten:4121,jungenationalisten:3772,forward
jungenationalisten:4119,Frontdienst:556,forward
jungenationalisten:4118,comitedu9mai:384,forward
jungenationalisten:4117,comitedu9mai:383,forward
jungenationalisten:4116,comitedu9mai:382,forward
jungenationalisten:4115,comitedu9mai:381,forward
jungenationalisten:4114,comitedu9mai:380,forward
jungenationalisten:4109,JN_Th:989,forward
jungenationalisten:4105,WiderstandinAktion:457,forward
jungenationalisten:4104,JN_Th:983,forward
jungenationalisten:4103,JN_Th:982,forward
jungenationalisten:4102,JN_Th:981,forward
jungenationalisten:4101,JN_Th:980,forward
jungenationalisten:4100,stefantrautmannDL:807,forward
jungenationalisten:4099,Frontdienst:555,forward
jungenationalisten:4098,JN_Westverband:8,forward
jungenationalisten:4095,WiderstandinAktion:455,forward
jungenationalisten:4094,WiderstandinAktion:454,forward
jungenationalisten:4093,WiderstandinAktion:453,forward
jungenationalisten:4092,WiderstandinAktion:452,forward
jungenationalisten:4091,WiderstandinAktion:451,forward
jungenationalisten:4090,WiderstandinAktion:450,forward
jungenationalisten:4089,WiderstandinAktion:449,forward
jungenationalisten:4088,WiderstandinAktion:448,forward
jungenationalisten:4087,WiderstandinAktion:447,forward
jungenationalisten:4086,WiderstandinAktion:446,forward
jungenationalisten:4084,jungenationalisten:4061,reply
jungenationalisten:4059,WiderstandinAktion:436,forward
jungenationalisten:4058,dortmundsrechte:4460,forward
jungenationalisten:4057,dortmundsrechte:4459,forward
jungenationalisten:4056,dortmundsrechte:4458,forward
jungenationalisten:4055,dortmundsrechte:4457,forward
jungenationalisten:4054,dortmundsrechte:4456,forward
jungenationalisten:4053,freiesachsen:10551,forward
jungenationalisten:4052,JN_Westverband:4,forward
jungenationalisten:4052,heimatnrw:347,link
jungenationalisten:4051,JN_Westverband:3,forward
jungenationalisten:4050,JN_Th:968,forward
jungenationalisten:4048,JN_Th:965,forward
jungenationalisten:4047,JN_Th:964,forward
jungenationalisten:4040,jungenationalisten:3452,forward
jungenationalisten:4039,jungenationalisten:3769,forward
jungenationalisten:4038,jungenationalisten:3768,forward
jungenationalisten:4037,jungenationalisten:3767,forward
jungenationalisten:4036,jungenationalisten:3766,forward
jungenationalisten:4035,jungenationalisten:3765,forward
jungenationalisten:4034,jungenationalisten:3764,forward
jungenationalisten:4033,jungenationalisten:3763,forward
jungenationalisten:4032,jungenationalisten:3762,forward
jungenationalisten:4031,jungenationalisten:3761,forward
jungenationalisten:4030,jungenationalisten:3760,forward
jungenationalisten:4029,heimat2023:992,forward
jungenationalisten:4025,JN_Sachsen_Anhalt:223,forward
jungenationalisten:4024,WiderstandinAktion:424,forward
jungenationalisten:4023,WiderstandinAktion:423,forward
jungenationalisten:4022,WiderstandinAktion:422,forward
jungenationalisten:4021,WiderstandinAktion:421,forward
jungenationalisten:4020,WiderstandinAktion:420,forward
jungenationalisten:4019,WiderstandinAktion:419,forward
jungenationalisten:4018,WiderstandinAktion:418,forward
jungenationalisten:4017,jungenationalisten:2895,forward
jungenationalisten:4016,jungenationalisten:3772,forward
jungenationalisten:4013,heimat2023:953,link
jungenationalisten:4013,jungenationalisten:3991,forward
jungenationalisten:4012,heimat2023:953,forward
jungenationalisten:4011,dortmundsrechte:4404,forward
jungenationalisten:4010,WiderstandinAktion:415,forward
jungenationalisten:4009,WiderstandinAktion:414,forward
jungenationalisten:4008,WiderstandinAktion:413,forward
jungenationalisten:4007,WiderstandinAktion:412,forward
jungenationalisten:4006,WiderstandinAktion:411,forward
jungenationalisten:4005,WiderstandinAktion:410,forward
jungenationalisten:4004,hermanns_heide:209,forward
jungenationalisten:4003,hermanns_heide:208,forward
jungenationalisten:4002,hermanns_heide:207,forward
jungenationalisten:4001,hermanns_heide:206,forward
jungenationalisten:4000,hermanns_heide:205,forward
jungenationalisten:3999,hermanns_heide:204,forward
jungenationalisten:3998,hermanns_heide:203,forward
jungenationalisten:3997,hermanns_heide:202,forward
jungenationalisten:3996,hermanns_heide:201,forward
jungenationalisten:3995,DerAppell:52,forward
jungenationalisten:3993,heimat2023:980,forward
jungenationalisten:3992,jungenationalisten:3991,reply
jungenationalisten:3991,heimat2023:953,link
jungenationalisten:3990,heimat2023:966,forward
jungenationalisten:3989,deutschestimmemagazin:4944,forward
jungenationalisten:3988,Frontdienst:539,forward
jungenationalisten:3987,jungenationalisten:3965,reply
jungenationalisten:3986,jungenationalisten:3962,reply
jungenationalisten:3985,jungenationalisten:3965,reply
jungenationalisten:3984,Frontdienst:538,forward
jungenationalisten:3983,Frontdienst:537,forward
jungenationalisten:3982,Frontdienst:536,forward
jungenationalisten:3981,Frontdienst:535,forward
jungenationalisten:3980,Frontdienst:534,forward
jungenationalisten:3979,Frontdienst:533,forward
jungenationalisten:3978,Frontdienst:532,forward
jungenationalisten:3977,Frontdienst:531,forward
jungenationalisten:3976,Frontdienst:530,forward
jungenationalisten:3975,JN_Th:946,forward
jungenationalisten:3974,heimat2023:961,forward
jungenationalisten:3973,WiderstandinAktion:405,forward
jungenationalisten:3972,WiderstandinAktion:404,forward
jungenationalisten:3971,WiderstandinAktion:403,forward
jungenationalisten:3970,WiderstandinAktion:402,forward
jungenationalisten:3969,WiderstandinAktion:401,forward
jungenationalisten:3968,WiderstandinAktion:400,forward
jungenationalisten:3966,Frontdienst:519,forward
jungenationalisten:3965,heimat2023:953,forward
jungenationalisten:3964,braunschweigverteidigen:89,forward
jungenationalisten:3961,Frontdienst:518,forward
jungenationalisten:3960,JN_Th:925,forward
jungenationalisten:3959,braunschweigverteidigen:81,forward
jungenationalisten:3958,WiderstandinAktion:367,forward
jungenationalisten:3957,WiderstandinAktion:366,forward
jungenationalisten:3956,WiderstandinAktion:365,forward
jungenationalisten:3955,WiderstandinAktion:364,forward
jungenationalisten:3954,WiderstandinAktion:363,forward
jungenationalisten:3953,JN_Th:924,forward
jungenationalisten:3952,JN_Th:923,forward
jungenationalisten:3951,JN_Th:922,forward
jungenationalisten:3950,JN_Th:921,forward
jungenationalisten:3949,JN_Th:920,forward
jungenationalisten:3948,Frontdienst:514,forward
jungenationalisten:3944,JN_Th:914,forward
jungenationalisten:3943,WiderstandinAktion:361,forward
jungenationalisten:3942,WiderstandinAktion:360,forward
jungenationalisten:3941,WiderstandinAktion:359,forward
jungenationalisten:3940,WiderstandinAktion:358,forward
jungenationalisten:3939,WiderstandinAktion:357,forward
jungenationalisten:3938,WiderstandinAktion:356,forward
jungenationalisten:3937,WiderstandinAktion:355,forward
jungenationalisten:3936,WiderstandinAktion:354,forward
jungenationalisten:3935,WiderstandinAktion:353,forward
jungenationalisten:3934,WiderstandinAktion:352,forward
jungenationalisten:3933,wuerttemberg_verteidigen:292,forward
jungenationalisten:3932,wuerttemberg_verteidigen:291,forward
jungenationalisten:3931,wuerttemberg_verteidigen:290,forward
jungenationalisten:3930,wuerttemberg_verteidigen:289,forward
jungenationalisten:3929,heimat2023:933,forward
jungenationalisten:3928,Frontdienst:500,forward
jungenationalisten:3927,Frontdienst:499,forward
jungenationalisten:3926,Frontdienst:498,forward
jungenationalisten:3925,Frontdienst:497,forward
jungenationalisten:3924,gefangenenhilfe:821,link
jungenationalisten:3924,sturmzeichen:5838,link
jungenationalisten:3924,sturmzeichen:6826,forward
jungenationalisten:3922,sturmzeichen:6790,forward
jungenationalisten:3921,sturmzeichen:6789,forward
jungenationalisten:3920,Frontdienst:487,forward
jungenationalisten:3919,Frontdienst:494,forward
jungenationalisten:3918,JN_Th:901,forward
jungenationalisten:3916,JN_Sachsen_Anhalt:194,forward
jungenationalisten:3915,JN_Sachsen_Anhalt:193,forward
jungenationalisten:3914,JN_Sachsen_Anhalt:192,forward
jungenationalisten:3901,heimat2023:919,forward
jungenationalisten:3899,braunschweigverteidigen:77,forward
jungenationalisten:3898,JN_Th:895,forward
jungenationalisten:3897,muldefunken:51,forward
jungenationalisten:3896,WiderstandinAktion:331,forward
jungenationalisten:3895,heimat2023:912,forward
jungenationalisten:3894,PAxActiveClub:416,forward
jungenationalisten:3893,PAxActiveClub:415,forward
jungenationalisten:3892,PAxActiveClub:414,forward
jungenationalisten:3891,PAxActiveClub:138,link
jungenationalisten:3891,PAxActiveClub:413,forward
jungenationalisten:3890,Frontdienst:482,forward
jungenationalisten:3889,jungenationalisten:3112,forward
jungenationalisten:3888,heimat2023:904,forward
jungenationalisten:3887,schmidtkeswelt:2110,forward
jungenationalisten:3885,gegenstrom:388,forward
jungenationalisten:3884,lukovmarch:163,forward
jungenationalisten:3883,jungenationalisten:3788,reply
jungenationalisten:3881,WiderstandinAktion:316,forward
jungenationalisten:3880,JN_Th:875,forward
jungenationalisten:3879,JN_Th:874,forward
jungenationalisten:3878,JN_Th:873,forward
jungenationalisten:3877,JN_Th:872,forward
jungenationalisten:3876,JN_Th:871,forward
jungenationalisten:3875,JN_Th:870,forward
jungenationalisten:3874,WiderstandinAktion:313,forward
jungenationalisten:3873,heimatNDS:98,forward
jungenationalisten:3872,heimatNDS:97,forward
jungenationalisten:3871,heimatNDS:96,forward
jungenationalisten:3870,heimatNDS:95,forward
jungenationalisten:3869,heimatNDS:94,forward
jungenationalisten:3868,heimatNDS:93,forward
jungenationalisten:3867,jungenationalisten:3788,reply
jungenationalisten:3866,WiderstandinAktion:312,forward
jungenationalisten:3865,WiderstandinAktion:311,forward
jungenationalisten:3864,WiderstandinAktion:310,forward
jungenationalisten:3863,WiderstandinAktion:309,forward
jungenationalisten:3862,WiderstandinAktion:308,forward
jungenationalisten:3861,WiderstandinAktion:307,forward
jungenationalisten:3860,WiderstandinAktion:306,forward
jungenationalisten:3859,WiderstandinAktion:305,forward
jungenationalisten:3858,WiderstandinAktion:304,forward
jungenationalisten:3857,WiderstandinAktion:303,forward
jungenationalisten:3856,deutschestimmemagazin:4798,forward
jungenationalisten:3855,hermanns_heide:176,forward
jungenationalisten:3854,hermanns_heide:175,forward
jungenationalisten:3853,hermanns_heide:174,forward
jungenationalisten:3852,hermanns_heide:173,forward
jungenationalisten:3851,hermanns_heide:172,forward
jungenationalisten:3850,hermanns_heide:171,forward
jungenationalisten:3849,hermanns_heide:170,forward
jungenationalisten:3848,hermanns_heide:169,forward
jungenationalisten:3847,hermanns_heide:168,forward
jungenationalisten:3846,hermanns_heide:167,forward
jungenationalisten:3845,WiderstandinAktion:302,forward
jungenationalisten:3841,WiderstandinAktion:300,forward
jungenationalisten:3830,WiderstandinAktion:299,forward
jungenationalisten:3829,dresden_gedenken:292,forward
jungenationalisten:3828,stefantrautmannDL:733,forward
jungenationalisten:3827,heimat2023:861,forward
jungenationalisten:3826,hermanns_heide:165,forward
jungenationalisten:3825,hermanns_heide:164,forward
jungenationalisten:3824,hermanns_heide:163,forward
jungenationalisten:3823,hermanns_heide:162,forward
jungenationalisten:3822,hermanns_heide:161,forward
jungenationalisten:3821,dresden_gedenken:290,forward
jungenationalisten:3820,WiderstandinAktion:296,forward
jungenationalisten:3819,WiderstandinAktion:295,forward
jungenationalisten:3818,jungenationalisten:3784,forward
jungenationalisten:3817,sicherheitshinweise:1369,forward
jungenationalisten:3816,WiderstandinAktion:294,forward
jungenationalisten:3815,WiderstandinAktion:293,forward
jungenationalisten:3814,WiderstandinAktion:292,forward
jungenationalisten:3813,WiderstandinAktion:291,forward
jungenationalisten:3812,dresden_gedenken:288,forward
jungenationalisten:3811,peterschreiber:2851,forward
jungenationalisten:3810,prototelegram:1706,forward
jungenationalisten:3809,aufgewachtonline:712,forward
jungenationalisten:3808,WiderstandinAktion:289,forward
jungenationalisten:3807,WiderstandinAktion:288,forward
jungenationalisten:3806,WiderstandinAktion:287,forward
jungenationalisten:3805,WiderstandinAktion:286,forward
jungenationalisten:3804,JN_Th:827,forward
jungenationalisten:3802,wie_gesagt:140,forward
jungenationalisten:3801,JN_Sachsen_Anhalt:169,forward
jungenationalisten:3800,JN_Sachsen_Anhalt:168,forward
jungenationalisten:3799,JN_Sachsen_Anhalt:167,forward
jungenationalisten:3798,JN_Sachsen_Anhalt:166,forward
jungenationalisten:3797,JN_Sachsen_Anhalt:165,forward
jungenationalisten:3796,jungenationalisten:3788,reply
jungenationalisten:3787,WiderstandinAktion:284,forward
jungenationalisten:3785,lukovmarch:75,forward
jungenationalisten:3782,jungenationalisten:3746,forward
jungenationalisten:3781,heimatsachsen:2521,forward
jungenationalisten:3776,heimatsachsen:2517,forward
jungenationalisten:3775,muldefunken:51,forward
jungenationalisten:3774,WiderstandinAktion:278,forward
jungenationalisten:3773,dortmundsrechte:4288,forward
jungenationalisten:3771,jungenationalisten:3760,reply
jungenationalisten:3770,stefantrautmannDL:724,forward
jungenationalisten:3759,jungenationalisten:3112,forward
jungenationalisten:3757,WiderstandinAktion:262,forward
jungenationalisten:3755,freiesachsen:9990,forward
jungenationalisten:3753,Frontdienst:472,forward
jungenationalisten:3752,Frontdienst:471,forward
jungenationalisten:3751,JN_Th:809,forward
jungenationalisten:3750,AufbauHolstein:165,forward
jungenationalisten:3747,stefantrautmannDL:719,forward
jungenationalisten:3745,Frontdienst:470,forward
jungenationalisten:3744,JN_Th:805,forward
jungenationalisten:3743,harzverteidigen:104,forward
jungenationalisten:3737,peterschreiber:2787,forward
jungenationalisten:3736,JN_Th:800,forward
jungenationalisten:3735,JN_Th:799,forward
jungenationalisten:3734,JN_Sachsen_Anhalt:129,forward
jungenationalisten:3732,heimat2023:787,forward
jungenationalisten:3731,heimat2023:789,forward
jungenationalisten:3729,wuerttemberg_verteidigen:190,forward
jungenationalisten:3727,dresden_gedenken:263,forward
jungenationalisten:3726,Frontdienst:468,forward
jungenationalisten:3725,jungenationalisten:3722,reply
jungenationalisten:3720,WiderstandinAktion:252,forward
jungenationalisten:3719,WiderstandinAktion:251,forward
jungenationalisten:3718,WiderstandinAktion:250,forward
jungenationalisten:3717,WiderstandinAktion:249,forward
jungenationalisten:3716,WiderstandinAktion:248,forward
jungenationalisten:3715,weseremsaktion:56,forward
jungenationalisten:3714,Frontdienst:467,forward
jungenationalisten:3713,WiderstandinAktion:245,forward
jungenationalisten:3712,WiderstandinAktion:244,forward
jungenationalisten:3711,WiderstandinAktion:243,forward
jungenationalisten:3710,WiderstandinAktion:242,forward
jungenationalisten:3709,WiderstandinAktion:241,forward
jungenationalisten:3708,WiderstandinAktion:240,forward
jungenationalisten:3707,WiderstandinAktion:239,forward
jungenationalisten:3706,WiderstandinAktion:238,forward
jungenationalisten:3705,WiderstandinAktion:237,forward
jungenationalisten:3704,WiderstandinAktion:236,forward
jungenationalisten:3703,WiderstandinAktion:235,forward
jungenationalisten:3702,WiderstandinAktion:234,forward
jungenationalisten:3701,hermanns_heide:101,forward
jungenationalisten:3700,WiderstandinAktion:232,forward
jungenationalisten:3696,Frontdienst:461,forward
jungenationalisten:3695,deutschestimmemagazin:4600,forward
jungenationalisten:3694,WiderstandinAktion:231,forward
jungenationalisten:3692,hermanns_heide:79,forward
jungenationalisten:3691,hermanns_heide:78,forward
jungenationalisten:3690,hermanns_heide:77,forward
jungenationalisten:3689,hermanns_heide:76,forward
jungenationalisten:3688,hermanns_heide:75,forward
jungenationalisten:3683,jungenationalisten:3678,link
jungenationalisten:3683,jungenationalisten:3676,link
jungenationalisten:3678,JN_Pfalz:68,forward
jungenationalisten:3677,JN_Pfalz:67,forward
jungenationalisten:3676,dortmundsrechte:4272,forward
jungenationalisten:3675,dortmundsrechte:4276,forward
jungenationalisten:3674,Frontdienst:458,forward
jungenationalisten:3673,WiderstandinAktion:223,forward
jungenationalisten:3672,WiderstandinAktion:222,forward
jungenationalisten:3671,WiderstandinAktion:221,forward
jungenationalisten:3670,Frontdienst:457,forward
jungenationalisten:3668,WiderstandinAktion:218,forward
jungenationalisten:3663,auf1tv:11215,forward
jungenationalisten:3662,Frontdienst:456,forward
jungenationalisten:3661,hermanns_heide:68,forward
jungenationalisten:3659,heimat2023:693,forward
jungenationalisten:3655,heimatsachsen:2315,forward
jungenationalisten:3654,dortmundsrechte:4242,forward
jungenationalisten:3653,WiderstandinAktion:201,forward
jungenationalisten:3652,WiderstandinAktion:200,forward
jungenationalisten:3651,WiderstandinAktion:199,forward
jungenationalisten:3650,WiderstandinAktion:198,forward
jungenationalisten:3649,WiderstandinAktion:197,forward
jungenationalisten:3648,WiderstandinAktion:196,forward
jungenationalisten:3647,WiderstandinAktion:195,forward
jungenationalisten:3646,WiderstandinAktion:194,forward
jungenationalisten:3645,dresden_gedenken:238,forward
jungenationalisten:3640,heimat2023:682,forward
jungenationalisten:3639,heimatsachsen:2290,forward
jungenationalisten:3637,sturmzeichen:6322,forward
jungenationalisten:3636,WiderstandinAktion:189,forward
jungenationalisten:3634,heimat2023:671,forward
jungenationalisten:3633,heimat2023:670,forward
jungenationalisten:3632,heimat2023:646,forward
jungenationalisten:3631,heimat2023:668,forward
jungenationalisten:3630,heimat2023:667,forward
jungenationalisten:3629,heimat2023:666,forward
jungenationalisten:3628,heimat2023:665,forward
jungenationalisten:3627,heimat2023:664,forward
jungenationalisten:3626,heimat2023:663,forward
jungenationalisten:3625,heimat2023:662,forward
jungenationalisten:3624,heimat2023:661,forward
jungenationalisten:3618,dresden_gedenken:236,forward
jungenationalisten:3617,hannoververteidigen:24,forward
jungenationalisten:3616,hannoververteidigen:23,forward
jungenationalisten:3615,hannoververteidigen:22,forward
jungenationalisten:3614,JN_Sachsen_Anhalt:76,forward
jungenationalisten:3613,JN_Sachsen_Anhalt:75,forward
jungenationalisten:3612,JN_Sachsen_Anhalt:74,forward
jungenationalisten:3611,JN_Sachsen_Anhalt:73,forward
jungenationalisten:3610,JN_Sachsen_Anhalt:72,forward
jungenationalisten:3609,WiderstandinAktion:186,forward
jungenationalisten:3608,dortmundsrechte:4228,forward
jungenationalisten:3607,dortmundsrechte:4227,forward
jungenationalisten:3606,dortmundsrechte:4226,forward
jungenationalisten:3605,dortmundsrechte:4225,forward
jungenationalisten:3604,hermanns_heide:51,forward
jungenationalisten:3603,hermanns_heide:50,forward
jungenationalisten:3602,hermanns_heide:49,forward
jungenationalisten:3601,hermanns_heide:48,forward
jungenationalisten:3600,hermanns_heide:47,forward
jungenationalisten:3599,JN_Th:737,forward
jungenationalisten:3598,JN_Th:736,forward
jungenationalisten:3597,JN_Th:735,forward
jungenationalisten:3596,JN_Th:734,forward
jungenationalisten:3595,elblandrevolte:87,forward
jungenationalisten:3594,elblandrevolte:86,forward
jungenationalisten:3593,elblandrevolte:85,forward
jungenationalisten:3592,stefantrautmannDL:680,forward
jungenationalisten:3591,sicherheitshinweise:1359,forward
jungenationalisten:3589,Frontdienst:454,forward
jungenationalisten:3588,WiderstandinAktion:183,forward
jungenationalisten:3587,harzverteidigen:42,forward
jungenationalisten:3586,harzverteidigen:35,link
jungenationalisten:3586,harzverteidigen:41,link
jungenationalisten:3586,harzverteidigen:43,forward
jungenationalisten:3584,JN_Th:726,forward
jungenationalisten:3583,Frontdienst:453,forward
jungenationalisten:3582,Frontdienst:452,forward
jungenationalisten:3581,WiderstandinAktion:182,forward
jungenationalisten:3580,WiderstandinAktion:180,forward
jungenationalisten:3579,elblandrevolte:78,forward
jungenationalisten:3573,WiderstandinAktion:172,forward
jungenationalisten:3568,athenscene:510,forward
jungenationalisten:3567,athenscene:509,forward
jungenationalisten:3566,athenscene:508,forward
jungenationalisten:3565,athenscene:507,forward
jungenationalisten:3564,athenscene:506,forward
jungenationalisten:3563,athenscene:505,forward
jungenationalisten:3562,athenscene:504,forward
jungenationalisten:3561,athenscene:503,forward
jungenationalisten:3560,athenscene:502,forward
jungenationalisten:3559,athenscene:501,forward
jungenationalisten:3558,WiderstandinAktion:171,forward
jungenationalisten:3557,WiderstandinAktion:170,forward
jungenationalisten:3556,WiderstandinAktion:169,forward
jungenationalisten:3555,WiderstandinAktion:168,forward
jungenationalisten:3554,WiderstandinAktion:167,forward
jungenationalisten:3553,WiderstandinAktion:166,forward
jungenationalisten:3552,WiderstandinAktion:165,forward
jungenationalisten:3551,WiderstandinAktion:164,forward
jungenationalisten:3550,athenscene:485,forward
jungenationalisten:3549,sturmzeichen:6146,forward
jungenationalisten:3547,stefantrautmannDL:659,forward
jungenationalisten:3546,stefantrautmannDL:658,forward
jungenationalisten:3543,erblehre:26,forward
jungenationalisten:3542,stefantrautmannDL:655,forward
jungenationalisten:3539,legiohungaria:2270,forward
jungenationalisten:3538,Frontdienst:438,forward
jungenationalisten:3537,heimat2023:622,forward
jungenationalisten:3536,jungenationalisten:3515,forward
jungenationalisten:3535,jungenationalisten:3514,forward
jungenationalisten:3534,jungenationalisten:3513,forward
jungenationalisten:3533,niewiederaltpartei:1531,forward
jungenationalisten:3532,stefantrautmannDL:650,forward
jungenationalisten:3530,JN_Th:678,forward
jungenationalisten:3528,Frontdienst:436,forward
jungenationalisten:3527,WiderstandinAktion:147,forward
jungenationalisten:3526,WiderstandinAktion:146,forward
jungenationalisten:3525,WiderstandinAktion:145,forward
jungenationalisten:3524,WiderstandinAktion:144,forward
jungenationalisten:3523,WiderstandinAktion:143,forward
jungenationalisten:3522,kavalier_nds:325,forward
jungenationalisten:3516,heimat2023:611,forward
jungenationalisten:3505,JN_Sachsen_Anhalt:44,forward
jungenationalisten:3502,heimatbw:322,forward
jungenationalisten:3501,gefangenenhilfe:760,forward
jungenationalisten:3500,Frontdienst:434,forward
jungenationalisten:3483,WiderstandinAktion:126,forward
jungenationalisten:3482,WiderstandinAktion:125,forward
jungenationalisten:3481,WiderstandinAktion:124,forward
jungenationalisten:3480,WiderstandinAktion:123,forward
jungenationalisten:3479,WiderstandinAktion:122,forward
jungenationalisten:3478,WiderstandinAktion:121,forward
jungenationalisten:3477,WiderstandinAktion:120,forward
jungenationalisten:3476,stefantrautmannDL:624,forward
jungenationalisten:3474,Frontdienst:427,forward
jungenationalisten:3472,DerAppell:67,forward
jungenationalisten:3470,JN_Th:622,forward
jungenationalisten:3469,Frontdienst:423,forward
jungenationalisten:3468,freiesachsen:9148,forward
jungenationalisten:3467,gegenstrom:347,forward
jungenationalisten:3466,gegenstrom:348,forward
jungenationalisten:3465,Frontdienst:422,forward
jungenationalisten:3464,JN_Th:618,forward
jungenationalisten:3463,heimat2023:599,forward
jungenationalisten:3462,heimat2023:597,forward
jungenationalisten:3461,Frontdienst:421,forward
jungenationalisten:3460,Frontdienst:420,forward
jungenationalisten:3459,Frontdienst:419,forward
jungenationalisten:3458,Frontdienst:418,forward
jungenationalisten:3457,Frontdienst:417,forward
jungenationalisten:3456,freiesachsen:9103,forward
jungenationalisten:3455,heimat2023:596,forward
jungenationalisten:3454,elblandrevolte:40,forward
jungenationalisten:3453,jungenationalisten:3452,reply
jungenationalisten:3451,Frontdienst:415,forward
jungenationalisten:3449,WiderstandinAktion:113,forward
jungenationalisten:3448,WiderstandinAktion:112,forward
jungenationalisten:3447,WiderstandinAktion:111,forward
jungenationalisten:3446,WiderstandinAktion:110,forward
jungenationalisten:3445,WiderstandinAktion:109,forward
jungenationalisten:3444,WiderstandinAktion:108,forward
jungenationalisten:3443,WiderstandinAktion:107,forward
jungenationalisten:3442,WiderstandinAktion:106,forward
jungenationalisten:3441,WiderstandinAktion:105,forward
jungenationalisten:3440,WiderstandinAktion:104,forward
jungenationalisten:3438,Frontdienst:414,forward
jungenationalisten:3437,Frontdienst:413,forward
jungenationalisten:3436,deutschestimmemagazin:4126,forward
jungenationalisten:3435,wie_gesagt:121,forward
jungenationalisten:3434,wie_gesagt:122,forward
jungenationalisten:3432,jungenationalisten:3430,reply
jungenationalisten:3431,JN_Th:595,forward
jungenationalisten:3430,elblandrevolte:36,forward
jungenationalisten:3429,Frontdienst:412,forward
jungenationalisten:3427,deutschestimmemagazin:4096,forward
jungenationalisten:3426,Frontdienst:410,forward
jungenationalisten:3425,prototelegram:1502,forward
jungenationalisten:3422,Frontdienst:408,forward
jungenationalisten:3420,WiderstandinAktion:98,forward
jungenationalisten:3419,Frontdienst:407,forward
jungenationalisten:3418,Frontdienst:406,forward
jungenationalisten:3417,Frontdienst:405,forward
jungenationalisten:3416,Frontdienst:404,forward
jungenationalisten:3415,Frontdienst:403,forward
jungenationalisten:3414,Frontdienst:402,forward
jungenationalisten:3413,Frontdienst:401,forward
jungenationalisten:3412,Frontdienst:400,forward
jungenationalisten:3411,Frontdienst:399,forward
jungenationalisten:3410,WiderstandinAktion:96,forward
jungenationalisten:3409,WiderstandinAktion:95,forward
jungenationalisten:3408,WiderstandinAktion:94,forward
jungenationalisten:3407,WiderstandinAktion:93,forward
jungenationalisten:3406,WiderstandinAktion:92,forward
jungenationalisten:3405,WiderstandinAktion:91,forward
jungenationalisten:3404,WiderstandinAktion:90,forward
jungenationalisten:3403,WiderstandinAktion:89,forward
jungenationalisten:3399,WiderstandinAktion:80,forward
jungenationalisten:3398,WiderstandinAktion:79,forward
jungenationalisten:3397,WiderstandinAktion:78,forward
jungenationalisten:3396,WiderstandinAktion:77,forward
jungenationalisten:3395,WiderstandinAktion:76,forward
jungenationalisten:3394,WiderstandinAktion:75,forward
jungenationalisten:3393,Frontdienst:397,forward
jungenationalisten:3392,Frontdienst:396,forward
jungenationalisten:3391,Frontdienst:395,forward
jungenationalisten:3390,stefantrautmannDL:605,forward
jungenationalisten:3387,deutschestimmemagazin:4067,forward
jungenationalisten:3385,DerAppell:63,forward
jungenationalisten:3383,WiderstandinAktion:65,forward
jungenationalisten:3382,HeimatSachsenAnhalt:648,forward
jungenationalisten:3382,jungenationalisten:3336,link
jungenationalisten:3378,JN_Th:543,forward
jungenationalisten:3377,JN_Th:542,forward
jungenationalisten:3369,JN_Th:532,forward
jungenationalisten:3367,stefantrautmannDL:589,forward
jungenationalisten:3366,Frontdienst:390,forward
jungenationalisten:3358,heimat2023:570,forward
jungenationalisten:3352,heimatNDS:72,forward
jungenationalisten:3344,heimat2023:557,forward
jungenationalisten:3343,heimatnrw:194,forward
jungenationalisten:3342,heimatnrw:193,forward
jungenationalisten:3341,heimatnrw:192,forward
jungenationalisten:3336,elblandrevolte:11,link
jungenationalisten:3334,jungenationalisten:3333,reply
jungenationalisten:3331,Frontdienst:387,forward
jungenationalisten:3330,fsnrev:5462,forward
jungenationalisten:3329,heimat2023:540,forward
jungenationalisten:3328,deutschestimmemagazin:4002,forward
jungenationalisten:3327,pcrecords:6004,forward
jungenationalisten:3321,heimat2023:530,forward
jungenationalisten:3320,BNSIYI:998,forward
jungenationalisten:3318,nationalistesfr:2329,forward
jungenationalisten:3317,nationalistesfr:2328,forward
jungenationalisten:3316,nationalistesfr:2327,forward
jungenationalisten:3315,nationalistesfr:2326,forward
jungenationalisten:3314,nationalistesfr:2325,forward
jungenationalisten:3313,nationalistesfr:2324,forward
jungenationalisten:3312,nationalistesfr:2323,forward
jungenationalisten:3311,nationalistesfr:2322,forward
jungenationalisten:3310,nationalistesfr:2321,forward
jungenationalisten:3309,legiohungaria:1982,forward
jungenationalisten:3308,clauscremernrw:1450,forward
jungenationalisten:3307,prphellas:112,forward
jungenationalisten:3306,prphellas:111,forward
jungenationalisten:3305,prphellas:110,forward
jungenationalisten:3304,prphellas:109,forward
jungenationalisten:3303,prphellas:108,forward
jungenationalisten:3302,prphellas:107,forward
jungenationalisten:3301,prphellas:106,forward
jungenationalisten:3300,jungenationalisten:3293,reply
jungenationalisten:3293,jungenationalisten:3293,link
jungenationalisten:3289,sturmzeichen:5432,forward
jungenationalisten:3288,Frontdienst:380,forward
jungenationalisten:3284,Frontdienst:379,forward
jungenationalisten:3283,JN_Th:448,forward
jungenationalisten:3282,dortmundsrechte:4059,forward
jungenationalisten:3281,dortmundsrechte:4058,forward
jungenationalisten:3280,heimat2023:503,forward
jungenationalisten:3275,Frontdienst:378,forward
jungenationalisten:3274,stefantrautmannDL:546,forward
jungenationalisten:3273,Frontdienst:374,forward
jungenationalisten:3268,heimat2023:495,forward
jungenationalisten:3267,deutschestimmemagazin:3959,forward
jungenationalisten:3266,braunschweigverteidigen:7,forward
jungenationalisten:3265,Frontdienst:373,forward
jungenationalisten:3264,deutschestimmemagazin:3950,forward
jungenationalisten:3263,heimat2023:489,forward
jungenationalisten:3262,heimat2023:488,forward
jungenationalisten:3261,heimat2023:487,forward
jungenationalisten:3260,heimat2023:486,forward
jungenationalisten:3258,heimat2023:485,forward
jungenationalisten:3257,freiesachsen:8397,forward
jungenationalisten:3256,Sondershausen_geht_spazieren:11685,forward
jungenationalisten:3252,dortmundsrechte:4027,forward
jungenationalisten:3250,DerAppell:59,forward
jungenationalisten:3249,jungenationalisten:3248,reply
jungenationalisten:3247,heimat2023:475,forward
jungenationalisten:3246,heimat2023:474,forward
jungenationalisten:3245,heimat2023:473,forward
jungenationalisten:3241,DerAppell:12,link
jungenationalisten:3241,DerAppell:12,link
jungenationalisten:3241,DerAppell:13,link
jungenationalisten:3241,DerAppell:15,link
jungenationalisten:3241,DerAppell:18,link
jungenationalisten:3241,DerAppell:19,link
jungenationalisten:3241,DerAppell:22,link
jungenationalisten:3241,DerAppell:25,link
jungenationalisten:3241,DerAppell:26,link
jungenationalisten:3241,DerAppell:27,link
jungenationalisten:3241,DerAppell:28,link
jungenationalisten:3241,DerAppell:29,link
jungenationalisten:3241,DerAppell:30,link
jungenationalisten:3241,DerAppell:31,link
jungenationalisten:3241,DerAppell:33,link
jungenationalisten:3241,DerAppell:34,link
jungenationalisten:3241,DerAppell:35,link
jungenationalisten:3241,DerAppell:36,link
jungenationalisten:3241,DerAppell:37,link
jungenationalisten:3241,DerAppell:38,link
jungenationalisten:3241,DerAppell:39,link
jungenationalisten:3241,DerAppell:41,link
jungenationalisten:3241,DerAppell:42,link
jungenationalisten:3241,DerAppell:43,link
jungenationalisten:3241,DerAppell:46,link
jungenationalisten:3241,DerAppell:47,link
jungenationalisten:3241,DerAppell:49,link
jungenationalisten:3241,DerAppell:50,link
jungenationalisten:3241,DerAppell:51,link
jungenationalisten:3241,DerAppell:52,link
jungenationalisten:3241,DerAppell:55,link
jungenationalisten:3241,DerAppell:57,forward
jungenationalisten:3239,DerAppell:53,forward
jungenationalisten:3238,Frontdienst:369,forward
jungenationalisten:3209,heimat2023:470,forward
jungenationalisten:3199,heimatNDS:60,forward
jungenationalisten:3195,heimat2023:449,forward
jungenationalisten:3194,infodeutschoesterreich:1843,forward
jungenationalisten:3193,aufklebergegenlinks:6,forward
jungenationalisten:3190,DerAppell:50,forward
jungenationalisten:3189,deutschestimmemagazin:3855,forward
jungenationalisten:3188,heimat2023:436,forward
jungenationalisten:3187,heimat2023:434,forward
jungenationalisten:3185,heimat2023:432,forward
jungenationalisten:3184,jungenationalisten:3181,reply
jungenationalisten:3179,dortmundsrechte:3915,forward
jungenationalisten:3178,dortmundsrechte:3914,forward
jungenationalisten:3177,dortmundsrechte:3913,forward
jungenationalisten:3176,dortmundsrechte:3912,forward
jungenationalisten:3175,dortmundsrechte:3911,forward
jungenationalisten:3174,dortmundsrechte:3910,forward
jungenationalisten:3167,DerAppell:49,forward
jungenationalisten:3166,Frontdienst:363,forward
jungenationalisten:3164,ein_prozent:3017,forward
jungenationalisten:3163,heimat2023:421,forward
jungenationalisten:3162,heimat2023:420,forward
jungenationalisten:3161,Frontdienst:359,forward
jungenationalisten:3160,Frontdienst:358,forward
jungenationalisten:3159,Frontdienst:357,forward
jungenationalisten:3158,Frontdienst:356,forward
jungenationalisten:3157,Frontdienst:355,forward
jungenationalisten:3138,wie_gesagt:105,forward
jungenationalisten:3137,DerAppell:47,forward
jungenationalisten:3130,dresden_gedenken:210,forward
jungenationalisten:3129,dortmundsrechte:3898,forward
jungenationalisten:3114,dresden_gedenken:207,forward
jungenationalisten:3113,jungenationalisten:3112,reply
jungenationalisten:3110,Frontdienst:342,forward
jungenationalisten:3109,heimatnrw:141,forward
jungenationalisten:3106,heimat2023:394,forward
jungenationalisten:3105,dortmundsrechte:3885,forward
jungenationalisten:3104,dortmundsrechte:3884,forward
jungenationalisten:3103,dortmundsrechte:3883,forward
jungenationalisten:3100,DerAppell:45,forward
jungenationalisten:3099,heimat2023:389,forward
jungenationalisten:3096,heimat2023:384,forward
jungenationalisten:3095,pforzheimrevolte:637,forward
jungenationalisten:3094,jungenationalisten:3087,reply
jungenationalisten:3090,heimat2023:378,forward
jungenationalisten:3087,Frontdienst:331,forward
jungenationalisten:3085,heimat2023:361,forward
jungenationalisten:3084,heimat2023:360,forward
jungenationalisten:3083,heimat2023:359,forward
jungenationalisten:3082,heimat2023:358,forward
jungenationalisten:3080,heimat2023:355,forward
jungenationalisten:3079,stefantrautmannDL:467,forward
jungenationalisten:3078,dresden_gedenken:191,forward
jungenationalisten:3077,heimatNDS:57,forward
jungenationalisten:3074,InfernoDE:163,forward
jungenationalisten:3072,Frontdienst:317,forward
jungenationalisten:3071,heimatNDS:56,forward
jungenationalisten:3070,Frontdienst:314,forward
jungenationalisten:3068,heimat2023:335,forward
jungenationalisten:3066,Frontdienst:312,forward
jungenationalisten:3065,InfernoDE:162,forward
jungenationalisten:3063,heimat2023:325,forward
jungenationalisten:3062,heimat2023:324,forward
jungenationalisten:3061,gefangenenhilfe:598,forward
jungenationalisten:3060,Frontdienst:308,forward
jungenationalisten:3058,sturmzeichen:4702,forward
jungenationalisten:3033,heimatNDS:38,forward
jungenationalisten:3032,heimatNDS:37,forward
jungenationalisten:3031,heimatNDS:36,forward
jungenationalisten:3011,Frontdienst:292,forward
jungenationalisten:3010,dortmundsrechte:3751,forward
jungenationalisten:3004,heimat2023:282,forward
jungenationalisten:3003,Frontdienst:290,forward
jungenationalisten:3001,jungenationalisten:3000,reply
jungenationalisten:2998,sturmzeichen:4478,forward
jungenationalisten:2985,heimatsachsen:1315,forward
jungenationalisten:2984,niederlausitzInfo:684,forward
jungenationalisten:2982,heimatNDS:22,forward
jungenationalisten:2981,heimatNDS:21,forward
jungenationalisten:2980,heimatNDS:20,forward
jungenationalisten:2979,heimatNDS:19,forward
jungenationalisten:2978,heimatNDS:18,forward
jungenationalisten:2977,heimatNDS:17,forward
jungenationalisten:2976,heimatNDS:16,forward
jungenationalisten:2975,heimatNDS:15,forward
jungenationalisten:2974,heimatNDS:14,forward
jungenationalisten:2973,heimatNDS:13,forward
jungenationalisten:2972,heimatNDS:12,forward
jungenationalisten:2971,heimatNDS:11,forward
jungenationalisten:2970,Frontdienst:287,forward
jungenationalisten:2969,schmidtkeswelt:1531,forward
jungenationalisten:2966,sturmzeichen:4406,forward
jungenationalisten:2965,sturmzeichen:4405,forward
jungenationalisten:2964,sturmzeichen:4404,forward
jungenationalisten:2963,sturmzeichen:4403,forward
jungenationalisten:2948,Frontdienst:283,forward
jungenationalisten:2947,heimat2023:232,forward
jungenationalisten:2946,heimatNDS:10,forward
jungenationalisten:2945,heimatNDS:9,forward
jungenationalisten:2944,heimatNDS:8,forward
jungenationalisten:2942,deutschestimmemagazin:3415,forward
jungenationalisten:2941,deutschestimmemagazin:3414,forward
jungenationalisten:2940,deutschestimmemagazin:3413,forward
jungenationalisten:2939,deutschestimmemagazin:3412,forward
jungenationalisten:2938,deutschestimmemagazin:3411,forward
jungenationalisten:2934,sicherheitshinweise:1235,forward
jungenationalisten:2930,lebensart_survival:1778,forward
jungenationalisten:2928,Frontdienst:279,forward
jungenationalisten:2927,Frontdienst:278,forward
jungenationalisten:2917,Frontdienst:275,forward
jungenationalisten:2909,deutschestimmemagazin:3313,forward
jungenationalisten:2908,heimat2023:191,forward
jungenationalisten:2907,sturmzeichen:4216,forward
jungenationalisten:2906,heimatNDS:6,forward
jungenationalisten:2904,nsfronta:418,forward
jungenationalisten:2903,heimatundidentitaet:419,forward
jungenationalisten:2900,Frontdienst:270,forward
jungenationalisten:2897,prototelegram:1161,forward
jungenationalisten:2896,Frontdienst:266,forward
jungenationalisten:2894,heimat2023:173,forward
jungenationalisten:2893,Frontdienst:263,forward
jungenationalisten:2891,Frontdienst:261,forward
jungenationalisten:2885,Frontdienst:260,forward
jungenationalisten:2881,dortmundsrechte:3539,forward
jungenationalisten:2880,dortmundsrechte:3538,forward
jungenationalisten:2864,heimat2023:154,forward
jungenationalisten:2803,Frontdienst:253,forward
jungenationalisten:2802,Frontdienst:252,forward
jungenationalisten:2801,Frontdienst:251,forward
jungenationalisten:2790,Frontdienst:250,forward
jungenationalisten:2789,Frontdienst:249,forward
jungenationalisten:2788,prototelegram:1133,forward
jungenationalisten:2786,prototelegram:1130,forward
jungenationalisten:2784,heimat2023:140,forward
jungenationalisten:2780,deutschestimmemagazin:2976,forward
jungenationalisten:2778,jnpdniedersachsen:1505,forward
jungenationalisten:2777,jnpdniedersachsen:1504,forward
jungenationalisten:2776,jnpdniedersachsen:1503,forward
jungenationalisten:2775,jnpdniedersachsen:1506,forward
jungenationalisten:2774,SchwarzeKreuze:282,forward
jungenationalisten:2771,heimat2023:116,forward
jungenationalisten:2752,heimat2023:112,forward
jungenationalisten:2751,sturmzeichen:3937,forward
jungenationalisten:2750,deutschestimmemagazin:3105,forward
jungenationalisten:2748,Frontdienst:246,forward
jungenationalisten:2742,DerAppell:43,forward
jungenationalisten:2741,heimat2023:96,forward
jungenationalisten:2740,jungenationalisten:2739,reply
jungenationalisten:2726,stefantrautmannDL:288,forward
jungenationalisten:2725,derdritteblickwinkel:3918,forward
jungenationalisten:2724,sturmzeichen:3826,forward
jungenationalisten:2723,sturmzeichen:3825,forward
jungenationalisten:2722,sturmzeichen:3824,forward
jungenationalisten:2721,sturmzeichen:3823,forward
jungenationalisten:2720,dortmundsrechte:3459,forward
jungenationalisten:2719,dortmundsrechte:3458,forward
jungenationalisten:2718,dortmundsrechte:3457,forward
jungenationalisten:2717,dortmundsrechte:3456,forward
jungenationalisten:2716,dortmundsrechte:3455,forward
jungenationalisten:2715,dortmundsrechte:3454,forward
jungenationalisten:2714,dortmundsrechte:3453,forward
jungenationalisten:2712,Frontdienst:239,forward
jungenationalisten:2711,DerAppell:42,forward
jungenationalisten:2710,jnpdniedersachsen:1488,forward
jungenationalisten:2707,DeutscheDD:2698,forward
jungenationalisten:2705,Frontdienst:238,forward
jungenationalisten:2704,deutschestimmemagazin:2976,forward
jungenationalisten:2703,oposrecords:4335,forward
jungenationalisten:2699,deutschestimmemagazin:2958,forward
jungenationalisten:2698,Frontdienst:236,forward
jungenationalisten:2694,heimat2023:75,forward
jungenationalisten:2693,deutschestimmemagazin:2954,forward
jungenationalisten:2692,stefantrautmannDL:282,forward
jungenationalisten:2688,deutschestimmemagazin:2931,forward
jungenationalisten:2685,wirpackenan:745,forward
jungenationalisten:2684,wirpackenan:744,forward
jungenationalisten:2683,wirpackenan:743,forward
jungenationalisten:2682,wirpackenan:742,forward
jungenationalisten:2681,wirpackenan:741,forward
jungenationalisten:2673,DerAppell:41,forward
jungenationalisten:2671,jnpdniedersachsen:1487,forward
jungenationalisten:2669,Frontdienst:231,forward
jungenationalisten:2667,gegenstrom:309,forward
jungenationalisten:2666,gegenstrom:310,forward
jungenationalisten:2663,jungenationalisten:2650,reply
jungenationalisten:2659,deutschestimmemagazin:2910,forward
jungenationalisten:2658,deutschestimmemagazin:2909,forward
jungenationalisten:2657,deutschestimmemagazin:2908,forward
jungenationalisten:2656,deutschestimmemagazin:2907,forward
jungenationalisten:2655,deutschestimmemagazin:2906,forward
jungenationalisten:2654,deutschestimmemagazin:2905,forward
jungenationalisten:2653,BlickpunktTV:832,forward
jungenationalisten:2652,BlickpunktTV:817,forward
jungenationalisten:2644,Frontdienst:228,forward
jungenationalisten:2643,JN_Th:126,forward
jungenationalisten:2642,JN_Th:125,forward
jungenationalisten:2638,derdritteblickwinkel:3841,forward
jungenationalisten:2630,Frontdienst:224,forward
jungenationalisten:2629,JN_Th:113,forward
jungenationalisten:2627,legiohungaria:1324,forward
jungenationalisten:2623,Frontdienst:221,forward
jungenationalisten:2622,wirpackenan:739,forward
jungenationalisten:2621,wirpackenan:738,forward
jungenationalisten:2620,wirpackenan:737,forward
jungenationalisten:2619,wirpackenan:736,forward
jungenationalisten:2618,JN_Th:109,forward
jungenationalisten:2616,Frontdienst:219,forward
jungenationalisten:2615,stefantrautmannDL:245,forward
jungenationalisten:2614,stefantrautmannDL:244,forward
jungenationalisten:2613,stefantrautmannDL:243,forward
jungenationalisten:2611,youngheartofeurope:36,forward
jungenationalisten:2610,deutschestimmemagazin:2828,forward
jungenationalisten:2609,gegenstrom:296,forward
jungenationalisten:2608,Frontdienst:218,forward
jungenationalisten:2597,ein_prozent:2761,forward
jungenationalisten:2595,DerAppell:38,forward
jungenationalisten:2594,sturmzeichen:3499,forward
jungenationalisten:2593,sturmzeichen:3498,forward
jungenationalisten:2592,sturmzeichen:3497,forward
jungenationalisten:2591,sturmzeichen:3496,forward
jungenationalisten:2590,Frontdienst:208,forward
jungenationalisten:2588,Frontdienst:207,forward
jungenationalisten:2585,jungenationalisten:2582,reply
jungenationalisten:2574,DerAppell:37,forward
jungenationalisten:2572,Frontdienst:201,forward
jungenationalisten:2565,Frontdienst:200,forward
jungenationalisten:2564,deutschestimmemagazin:2780,forward
jungenationalisten:2563,youngheartofeurope:18,forward
jungenationalisten:2561,Frontdienst:198,forward
jungenationalisten:2557,DerAppell:36,forward
jungenationalisten:2556,Frontdienst:196,forward
jungenationalisten:2555,kavalier_nds:151,forward
jungenationalisten:2554,freiesachsen:5916,forward
jungenationalisten:2553,freiesachsen:5915,forward
jungenationalisten:2552,ein_prozent:2738,forward
jungenationalisten:2551,JN_Th:51,forward
jungenationalisten:2540,dresden_gedenken:168,forward
jungenationalisten:2539,dresden_gedenken:167,forward
jungenationalisten:2522,schmidtkeswelt:1168,forward
jungenationalisten:2521,schmidtkeswelt:1167,forward
jungenationalisten:2520,schmidtkeswelt:1166,forward
jungenationalisten:2519,dresden_gedenken:164,forward
jungenationalisten:2518,dresden_gedenken:162,forward
jungenationalisten:2516,dresden_gedenken:159,forward
jungenationalisten:2509,DerAppell:35,forward
jungenationalisten:2508,lebensart_survival:1417,forward
jungenationalisten:2507,youngheartofeurope:10,forward
jungenationalisten:2506,youngheartofeurope:9,forward
jungenationalisten:2505,youngheartofeurope:7,forward
jungenationalisten:2501,sturmzeichen:3263,forward
jungenationalisten:2500,jungenationalisten:2498,reply
jungenationalisten:2499,dresden_gedenken:154,forward
jungenationalisten:2496,Frontdienst:184,forward
jungenationalisten:2492,jnpdniedersachsen:1461,forward
jungenationalisten:2491,jnpdniedersachsen:1460,forward
jungenationalisten:2490,jnpdniedersachsen:1459,forward
jungenationalisten:2489,jnpdniedersachsen:1458,forward
jungenationalisten:2488,jnpdniedersachsen:1457,forward
jungenationalisten:2483,Frontdienst:183,forward
jungenationalisten:2482,JN_Th:4,forward
jungenationalisten:2479,Frontdienst:181,forward
jungenationalisten:2477,wirpackenan:692,forward
jungenationalisten:2473,derdritteblickwinkel:3725,forward
jungenationalisten:2472,Frontdienst:180,forward
jungenationalisten:2466,wirpackenan:689,forward
jungenationalisten:2462,Frontdienst:179,forward
jungenationalisten:2461,DerAppell:33,forward
jungenationalisten:2460,Frontdienst:178,forward
jungenationalisten:2452,jungenationalisten:2451,reply
jungenationalisten:2447,sturmzeichen:3085,forward
jungenationalisten:2446,wie_gesagt:42,forward
jungenationalisten:2444,DerAppell:31,forward
jungenationalisten:2443,wirpackenan:680,forward
jungenationalisten:2442,wirpackenan:679,forward
jungenationalisten:2441,wirpackenan:678,forward
jungenationalisten:2417,auf1tv:4414,forward
jungenationalisten:2414,gefangenenhilfe:315,forward
jungenationalisten:2413,jungenationalisten:1969,reply
jungenationalisten:2411,schuelersprecher:631,forward
jungenationalisten:2400,DerAppell:30,forward
jungenationalisten:2399,deutschestimmemagazin:2562,forward
jungenationalisten:2392,derdritteblickwinkel:3647,forward
jungenationalisten:2391,Frontdienst:167,forward
jungenationalisten:2390,deutschestimmemagazin:2529,forward
jungenationalisten:2389,dortmundsrechte:3005,forward
jungenationalisten:2387,Frontdienst:166,forward
jungenationalisten:2386,dresden_gedenken:145,forward
jungenationalisten:2384,npd_nrw:233,forward
jungenationalisten:2383,npd_nrw:232,forward
jungenationalisten:2382,Frontdienst:165,forward
jungenationalisten:2364,Frontdienst:160,forward
jungenationalisten:2363,artikel5:302,forward
jungenationalisten:2362,Er_Volkslehrer:1085,forward
jungenationalisten:2361,Frontdienst:159,forward
jungenationalisten:2360,Frontdienst:158,forward
jungenationalisten:2356,DerAppell:28,forward
jungenationalisten:2355,Frontdienst:157,forward
jungenationalisten:2332,deutschestimmemagazin:2437,forward
jungenationalisten:2331,deutschestimmemagazin:2436,forward
jungenationalisten:2330,deutschestimmemagazin:2435,forward
jungenationalisten:2329,deutschestimmemagazin:2434,forward
jungenationalisten:2328,deutschestimmemagazin:2433,forward
jungenationalisten:2327,deutschestimmemagazin:2432,forward
jungenationalisten:2326,deutschestimmemagazin:2431,forward
jungenationalisten:2325,deutschestimmemagazin:2430,forward
jungenationalisten:2324,deutschestimmemagazin:2429,forward
jungenationalisten:2323,deutschestimmemagazin:2428,forward
jungenationalisten:2318,wirpackenan:659,forward
jungenationalisten:2317,ultrasnotreds2:501,forward
jungenationalisten:2315,lebensart_survival:1222,forward
jungenationalisten:2308,deutschestimmemagazin:2362,forward
jungenationalisten:2293,sturmzeichen:2676,forward
jungenationalisten:2290,Frontdienst:151,forward
jungenationalisten:2279,Frontdienst:150,forward
jungenationalisten:2270,Frontdienst:137,forward
jungenationalisten:2269,DerAppell:26,forward
jungenationalisten:2266,Frontdienst:148,forward
jungenationalisten:2265,Frontdienst:147,forward
jungenationalisten:2264,Frontdienst:146,forward
jungenationalisten:2263,lebensart_survival:1160,forward
jungenationalisten:2248,deutschestimmemagazin:2319,forward
jungenationalisten:2245,jungenationalisten:2244,reply
jungenationalisten:2230,stefantrautmannDL:163,forward
jungenationalisten:2229,stefantrautmannDL:162,forward
jungenationalisten:2228,stefantrautmannDL:161,forward
jungenationalisten:2225,Frontdienst:136,forward
jungenationalisten:2224,jungenationalisten:2223,reply
jungenationalisten:2221,deutschestimmemagazin:2291,forward
jungenationalisten:2220,DerAppell:22,forward
jungenationalisten:2211,Frontdienst:132,forward
jungenationalisten:2210,Frontdienst:131,forward
jungenationalisten:2209,Frontdienst:130,forward
jungenationalisten:2208,Frontdienst:129,forward
jungenationalisten:2207,Frontdienst:128,forward
jungenationalisten:2202,deutschestimmemagazin:2259,forward
jungenationalisten:2201,deutschestimmemagazin:2258,forward
jungenationalisten:2200,deutschestimmemagazin:2257,forward
jungenationalisten:2199,deutschestimmemagazin:2256,forward
jungenationalisten:2198,deutschestimmemagazin:2255,forward
jungenationalisten:2197,deutschestimmemagazin:2254,forward
jungenationalisten:2196,BlickpunktTV:672,forward
jungenationalisten:2194,DerAppell:20,forward
jungenationalisten:2185,DerAppell:19,forward
jungenationalisten:2184,Frontdienst:115,forward
jungenationalisten:2181,Er_Volkslehrer:423,forward
jungenationalisten:2179,jnpdniedersachsen:1403,forward
jungenationalisten:2175,Frontdienst:112,forward
jungenationalisten:2174,Frontdienst:111,forward
jungenationalisten:2173,jnpdniedersachsen:904,link
jungenationalisten:2172,DeutscheDD:2205,forward
jungenationalisten:2171,Frontdienst:110,forward
jungenationalisten:2170,Frontdienst:109,forward
jungenationalisten:2168,wie_gesagt:18,forward
jungenationalisten:2167,DerAppell:17,forward
jungenationalisten:2161,Frontdienst:103,forward
jungenationalisten:2155,lebensart_survival:1072,forward
jungenationalisten:2154,Frontdienst:102,forward
jungenationalisten:2151,ein_prozent:2583,forward
jungenationalisten:2150,jungenationalisten:1986,reply
jungenationalisten:2149,jungenationalisten:2134,reply
jungenationalisten:2148,jungenationalisten:2137,reply
jungenationalisten:2147,Frontdienst:101,forward
jungenationalisten:2144,DerAppell:15,forward
jungenationalisten:2143,deutschestimmemagazin:2169,forward
jungenationalisten:2141,sturmzeichen:2096,forward
jungenationalisten:2139,jungenationalisten:2134,reply
jungenationalisten:2138,jungenationalisten:2137,reply
jungenationalisten:2109,Frontdienst:98,forward
jungenationalisten:2103,deutschestimmemagazin:2141,forward
jungenationalisten:2101,DerAppell:13,forward
jungenationalisten:2098,prozessbeobachtung:85,forward
jungenationalisten:2053,jnpdniedersachsen:1379,forward
jungenationalisten:2052,jnpdniedersachsen:1378,forward
jungenationalisten:2046,schuelersprecher:580,forward
jungenationalisten:2045,schuelersprecher:579,forward
jungenationalisten:2044,schuelersprecher:578,forward
jungenationalisten:2043,schuelersprecher:577,forward
jungenationalisten:2042,schuelersprecher:576,forward
jungenationalisten:2040,Frontdienst:86,forward
jungenationalisten:2039,Frontdienst:85,forward
jungenationalisten:2038,DerAppell:10,forward
jungenationalisten:2035,DerAppell:8,forward
jungenationalisten:2034,Frontdienst:78,forward
jungenationalisten:2033,Frontdienst:77,forward
jungenationalisten:2032,Frontdienst:76,forward
jungenationalisten:2028,CompactMagazin:19208,forward
jungenationalisten:2026,deutschestimmemagazin:2086,forward
jungenationalisten:2025,deutschestimmemagazin:2085,forward
jungenationalisten:2023,SchwarzeKreuze:183,forward
jungenationalisten:2022,Frontdienst:71,forward
jungenationalisten:2021,Frontdienst:70,forward
jungenationalisten:2001,Frontdienst:59,forward
jungenationalisten:2000,Frontdienst:58,forward
jungenationalisten:1995,freiesachsen:4217,forward
jungenationalisten:1987,jungenationalisten:1986,reply
jungenationalisten:1985,jungenationalisten:1969,reply
jungenationalisten:1983,gegenstrom:263,forward
jungenationalisten:1982,gegenstrom:264,forward
jungenationalisten:1974,Frontdienst:50,forward
jungenationalisten:1971,jnpdniedersachsen:1357,forward
jungenationalisten:1968,Frontdienst:44,forward
jungenationalisten:1965,Frontdienst:41,forward
jungenationalisten:1964,Frontdienst:40,forward
jungenationalisten:1963,Frontdienst:39,forward
jungenationalisten:1962,deutschestimmemagazin:2037,forward
jungenationalisten:1961,gegenstrom:257,forward
jungenationalisten:1960,Frontdienst:35,forward
jungenationalisten:1953,deutschestimmemagazin:2023,forward
jungenationalisten:1952,Frontdienst:33,forward
jungenationalisten:1951,jnpdniedersachsen:1345,forward
jungenationalisten:1949,Frontdienst:30,forward
jungenationalisten:1947,jungenationalisten:1940,reply
jungenationalisten:1945,schuelersprecher:541,forward
jungenationalisten:1942,schuelersprecher:539,forward
jungenationalisten:1941,schuelersprecher:538,forward
jungenationalisten:1940,schuelersprecher:537,forward
jungenationalisten:1939,jungenationalisten:1921,reply
jungenationalisten:1938,jungenationalisten:1921,reply
jungenationalisten:1937,jungenationalisten:1921,reply
jungenationalisten:1936,jungenationalisten:1921,reply
jungenationalisten:1935,jungenationalisten:1921,reply
jungenationalisten:1920,Frontdienst:26,forward
jungenationalisten:1918,comitedu9mai:128,forward
jungenationalisten:1917,comitedu9mai:127,forward
jungenationalisten:1916,comitedu9mai:126,forward
jungenationalisten:1915,comitedu9mai:125,forward
jungenationalisten:1909,Frontdienst:24,forward
jungenationalisten:1893,jnpdniedersachsen:1314,forward
jungenationalisten:1874,Frontdienst:15,forward
jungenationalisten:1872,tagderarbeit:27,forward
jungenationalisten:1871,Frontdienst:14,forward
jungenationalisten:1865,Frontdienst:5,forward
jungenationalisten:1862,npdrn:1146,forward
jungenationalisten:1860,schuelersprecher:523,forward
jungenationalisten:1858,Frontdienst:4,forward
jungenationalisten:1857,jungenationalisten:1856,reply
jungenationalisten:1850,npdrn:1128,forward
jungenationalisten:1841,jnpdniedersachsen:1297,forward
jungenationalisten:1840,jnpdniedersachsen:1296,forward
jungenationalisten:1839,jnpdniedersachsen:1295,forward
jungenationalisten:1826,jnpdniedersachsen:1291,forward
jungenationalisten:1817,jnpdniedersachsen:1287,forward
jungenationalisten:1805,jnpdniedersachsen:1284,forward
jungenationalisten:1796,schuelersprecher:498,forward
jungenationalisten:1785,schuelersprecher:496,forward
jungenationalisten:1784,schuelersprecher:495,forward
jungenationalisten:1783,schuelersprecher:494,forward
jungenationalisten:1782,schuelersprecher:493,forward
jungenationalisten:1781,schuelersprecher:492,forward
jungenationalisten:1762,dresden_gedenken:115,forward
jungenationalisten:1760,deutschestimmemagazin:1762,forward
jungenationalisten:1759,deutschestimmemagazin:1761,forward
jungenationalisten:1758,deutschestimmemagazin:1760,forward
jungenationalisten:1757,deutschestimmemagazin:1759,forward
jungenationalisten:1756,deutschestimmemagazin:1758,forward
jungenationalisten:1755,deutschestimmemagazin:1757,forward
jungenationalisten:1744,werra_elbflorenz:163,forward
jungenationalisten:1743,werra_elbflorenz:162,forward
jungenationalisten:1742,werra_elbflorenz:161,forward
jungenationalisten:1741,werra_elbflorenz:160,forward
jungenationalisten:1728,dresden_gedenken:113,forward
jungenationalisten:1713,dresden_gedenken:110,forward
jungenationalisten:1711,dresden_gedenken:108,forward
jungenationalisten:1708,schuelersprecher:488,forward
jungenationalisten:1701,npdrn:989,forward
jungenationalisten:1700,npdrn:988,forward
jungenationalisten:1699,npdrn:987,forward
jungenationalisten:1698,npdrn:986,forward
jungenationalisten:1696,schuelersprecher:479,forward
jungenationalisten:1689,schuelersprecher:467,forward
jungenationalisten:1684,CoronaWahnsinnStoppen:2426,forward
jungenationalisten:1682,schuelersprecher:464,forward
jungenationalisten:1678,CoronaWahnsinnStoppen:2402,forward
jungenationalisten:1673,dresden_gedenken:105,forward
jungenationalisten:1672,Balaclavagraphics:539,forward
jungenationalisten:1671,Balaclavagraphics:546,forward
jungenationalisten:1670,Balaclavagraphics:542,forward
jungenationalisten:1668,CompactMagazin:14943,forward
jungenationalisten:1666,schuelersprecher:455,forward
jungenationalisten:1654,jnpdniedersachsen:1245,forward
jungenationalisten:1621,CoronaWahnsinnStoppen:2307,forward
jungenationalisten:1616,schuelersprecher:424,forward
jungenationalisten:1614,schuelersprecher:423,forward
jungenationalisten:1611,freiesachsen:2618,forward
jungenationalisten:1609,martinkohlmann:14,forward
jungenationalisten:1603,blklgnwear:352,forward
jungenationalisten:1602,blklgnwear:351,forward
jungenationalisten:1600,schuelersprecher:404,forward
jungenationalisten:1595,npdrn:933,forward
jungenationalisten:1591,wirpackenan:626,forward
jungenationalisten:1590,jnpdniedersachsen:1228,forward
jungenationalisten:1589,jnpdniedersachsen:1227,forward
jungenationalisten:1588,jnpdniedersachsen:1226,forward
jungenationalisten:1587,jnpdniedersachsen:1225,forward
jungenationalisten:1586,jnpdniedersachsen:1224,forward
jungenationalisten:1585,jnpdniedersachsen:1223,forward
jungenationalisten:1583,schuelersprecher:390,forward
jungenationalisten:1575,schuelersprecher:377,forward
jungenationalisten:1574,schuelersprecher:376,forward
jungenationalisten:1573,schuelersprecher:375,forward
jungenationalisten:1572,CoronaWahnsinnStoppen:2147,forward
jungenationalisten:1571,CoronaWahnsinnStoppen:2137,forward
jungenationalisten:1570,CoronaWahnsinnStoppen:2138,forward
jungenationalisten:1564,wirpackenan:623,forward
jungenationalisten:1563,gefangenenhilfe:187,forward
jungenationalisten:1562,zukunft_heimat:187,forward
jungenationalisten:1560,HeimatSachsenAnhalt:205,forward
jungenationalisten:1553,CoronaWahnsinnStoppen:2021,forward
jungenationalisten:1551,CoronaWahnsinnStoppen:2016,forward
jungenationalisten:1550,schuelersprecher:342,forward
jungenationalisten:1549,RheinwiesenlagerBretzenheim:31,forward
jungenationalisten:1544,jnpdniedersachsen:1197,forward
jungenationalisten:1543,jnpdniedersachsen:1196,forward
jungenationalisten:1542,jnpdniedersachsen:1195,forward
jungenationalisten:1541,jnpdniedersachsen:1194,forward
jungenationalisten:1540,jnpdniedersachsen:1193,forward
jungenationalisten:1539,jnpdniedersachsen:1192,forward
jungenationalisten:1538,npdrn:869,forward
jungenationalisten:1537,npdrn:868,forward
jungenationalisten:1536,npdrn:867,forward
jungenationalisten:1534,schmidtkeswelt:562,forward
jungenationalisten:1533,BlickpunktTV:485,forward
jungenationalisten:1532,BlickpunktTV:484,forward
jungenationalisten:1531,BlickpunktTV:477,forward
jungenationalisten:1530,BlickpunktTV:476,forward
jungenationalisten:1529,BlickpunktTV:475,forward
jungenationalisten:1524,RheinwiesenlagerBretzenheim:32,forward
jungenationalisten:1519,schuelersprecher:339,forward
jungenationalisten:1518,messestadtaktivisten:84,forward
jungenationalisten:1517,messestadtaktivisten:83,forward
jungenationalisten:1515,messestadtaktivisten:79,forward
jungenationalisten:1514,TremoniaKollektiv:124,forward
jungenationalisten:1508,schuelersprecher:332,forward
jungenationalisten:1507,schuelersprecher:331,forward
jungenationalisten:1506,schuelersprecher:330,forward
jungenationalisten:1503,jnpdniedersachsen:1177,forward
jungenationalisten:1498,wirpackenan:608,forward
jungenationalisten:1489,messestadtaktivisten:75,forward
jungenationalisten:1488,jungenationalisten:1487,reply
jungenationalisten:1486,schuelersprecher:321,forward
jungenationalisten:1485,schuelersprecher:320,forward
jungenationalisten:1484,schuelersprecher:319,forward
jungenationalisten:1482,freie_mittelsachsen:279,forward
jungenationalisten:1472,messestadtaktivisten:59,forward
jungenationalisten:1471,messestadtaktivisten:58,forward
jungenationalisten:1470,messestadtaktivisten:57,forward
jungenationalisten:1469,messestadtaktivisten:56,forward
jungenationalisten:1468,schuelersprecher:308,forward
jungenationalisten:1458,dortmundsrechte:1914,forward
jungenationalisten:1450,messestadtaktivisten:47,forward
jungenationalisten:1449,messestadtaktivisten:46,forward
jungenationalisten:1448,messestadtaktivisten:44,forward
jungenationalisten:1445,messestadtaktivisten:43,forward
jungenationalisten:1440,freie_mittelsachsen:226,forward
jungenationalisten:1439,freie_mittelsachsen:225,forward
jungenationalisten:1438,freie_mittelsachsen:224,forward
jungenationalisten:1435,freie_mittelsachsen:223,forward
jungenationalisten:1434,dieheimatmv:99,forward
jungenationalisten:1430,messestadtaktivisten:37,forward
jungenationalisten:1429,messestadtaktivisten:42,forward
jungenationalisten:1428,messestadtaktivisten:41,forward
jungenationalisten:1427,messestadtaktivisten:40,forward
jungenationalisten:1426,messestadtaktivisten:39,forward
jungenationalisten:1425,messestadtaktivisten:38,forward
jungenationalisten:1424,dieheimatmv:93,forward
jungenationalisten:1422,schuelersprecher:273,forward
jungenationalisten:1421,schuelersprecher:272,forward
jungenationalisten:1420,schuelersprecher:271,forward
jungenationalisten:1415,messestadtaktivisten:18,forward
jungenationalisten:1414,dieheimatmv:85,forward
jungenationalisten:1408,wirpackenan:585,forward
jungenationalisten:1404,schuelersprecher:258,forward
jungenationalisten:1403,schuelersprecher:257,forward
jungenationalisten:1402,schuelersprecher:256,forward
jungenationalisten:1401,schuelersprecher:255,forward
jungenationalisten:1400,schuelersprecher:254,forward
jungenationalisten:1394,jnpdniedersachsen:1103,forward
jungenationalisten:1393,jnpdniedersachsen:1102,forward
jungenationalisten:1392,jnpdniedersachsen:1101,forward
jungenationalisten:1390,jnpdniedersachsen:1096,forward
jungenationalisten:1389,jnpdniedersachsen:1095,forward
jungenationalisten:1385,fsnrev:2083,forward
jungenationalisten:1384,fsnrev:2082,forward
jungenationalisten:1374,CoronaWahnsinnStoppen:1777,forward
jungenationalisten:1373,schuelersprecher:248,forward
jungenationalisten:1371,freie_mittelsachsen:167,forward
jungenationalisten:1370,schuelersprecher:246,forward
jungenationalisten:1364,CoronaWahnsinnStoppen:1762,forward
jungenationalisten:1355,wirpackenan:574,forward
jungenationalisten:1354,dieheimatmv:47,forward
jungenationalisten:1343,freiesachsen:1178,forward
jungenationalisten:1342,schuelersprecher:240,forward
jungenationalisten:1325,wirpackenan:563,forward
jungenationalisten:1323,deutschestimmemagazin:1123,forward
jungenationalisten:1315,schuelersprecher:217,forward
jungenationalisten:1308,wirpackenan:558,forward
jungenationalisten:1307,wirpackenan:555,forward
jungenationalisten:1305,wirpackenan:554,forward
jungenationalisten:1304,jnpdniedersachsen:1032,forward
jungenationalisten:1303,wirpackenan:552,forward
jungenationalisten:1295,wirpackenan:545,forward
jungenationalisten:1290,jnpdniedersachsen:1024,forward
jungenationalisten:1289,jnpdniedersachsen:1023,forward
jungenationalisten:1288,jnpdniedersachsen:1022,forward
jungenationalisten:1287,jnpdniedersachsen:1021,forward
jungenationalisten:1286,jnpdniedersachsen:1020,forward
jungenationalisten:1275,WiderstandinAktion:5,forward
jungenationalisten:1269,SchwarzeKreuze:48,forward
jungenationalisten:1260,RheinwiesenlagerBretzenheim:14,forward
jungenationalisten:1252,schuelersprecher:201,forward
jungenationalisten:1251,schuelersprecher:200,forward
jungenationalisten:1233,wirpackenan:537,forward
jungenationalisten:1221,SchwarzeKreuze:17,forward
jungenationalisten:1216,HeimatSachsenAnhalt:115,forward
jungenationalisten:1215,jnpdniedersachsen:996,forward
jungenationalisten:1214,jnpdniedersachsen:995,forward
jungenationalisten:1213,jnpdniedersachsen:994,forward
jungenationalisten:1212,jnpdniedersachsen:993,forward
jungenationalisten:1211,jnpdniedersachsen:992,forward
jungenationalisten:1210,jnpdniedersachsen:991,forward
jungenationalisten:1209,jnpdniedersachsen:990,forward
jungenationalisten:1208,jnpdniedersachsen:989,forward
jungenationalisten:1207,jnpdniedersachsen:988,forward
jungenationalisten:1194,wirpackenan:534,forward
jungenationalisten:1191,schuelersprecher:172,forward
jungenationalisten:1190,schuelersprecher:171,forward
jungenationalisten:1189,schuelersprecher:170,forward
jungenationalisten:1188,schuelersprecher:169,forward
jungenationalisten:1187,schuelersprecher:168,forward
jungenationalisten:1186,schuelersprecher:167,forward
jungenationalisten:1167,schuelersprecher:163,forward
jungenationalisten:1163,schmidtkeswelt:358,forward
jungenationalisten:1162,SchwarzeKreuze:13,forward
jungenationalisten:1147,CompactMagazin:8851,forward
jungenationalisten:1146,schuelersprecher:154,forward
jungenationalisten:1144,schuelersprecher:152,forward
jungenationalisten:1143,schuelersprecher:151,forward
jungenationalisten:1142,schuelersprecher:150,forward
jungenationalisten:1141,schuelersprecher:149,forward
jungenationalisten:1140,schuelersprecher:148,forward
jungenationalisten:1139,schuelersprecher:147,forward
jungenationalisten:1138,schuelersprecher:146,forward
jungenationalisten:1134,schuelersprecher:145,forward
jungenationalisten:1133,schuelersprecher:144,forward
jungenationalisten:1130,schuelersprecher:143,forward
jungenationalisten:1129,schuelersprecher:142,forward
jungenationalisten:1128,schuelersprecher:141,forward
jungenationalisten:1127,derdritteblickwinkel:2466,forward
jungenationalisten:1126,derdritteblickwinkel:2465,forward
jungenationalisten:1125,derdritteblickwinkel:2464,forward
jungenationalisten:1124,derdritteblickwinkel:2463,forward
jungenationalisten:1123,derdritteblickwinkel:2462,forward
jungenationalisten:1122,derdritteblickwinkel:2461,forward
jungenationalisten:1121,derdritteblickwinkel:2460,forward
jungenationalisten:1120,derdritteblickwinkel:2459,forward
jungenationalisten:1119,derdritteblickwinkel:2458,forward
jungenationalisten:1113,schuelersprecher:138,forward
jungenationalisten:1112,jnpdniedersachsen:959,forward
jungenationalisten:1102,schuelersprecher:137,forward
jungenationalisten:1101,schuelersprecher:136,forward
jungenationalisten:1098,CompactMagazin:8466,forward
jungenationalisten:1097,jnpdniedersachsen:953,forward
jungenationalisten:1092,schuelersprecher:129,forward
jungenationalisten:1091,schuelersprecher:128,forward
jungenationalisten:1090,schuelersprecher:127,forward
jungenationalisten:1087,NPDUckermark:376,forward
jungenationalisten:1086,NPDUckermark:375,forward
jungenationalisten:1085,NPDUckermark:374,forward
jungenationalisten:1084,NPDUckermark:373,forward
jungenationalisten:1083,NPDUckermark:372,forward
jungenationalisten:1082,NPDUckermark:371,forward
jungenationalisten:1081,NPDUckermark:370,forward
jungenationalisten:1080,aktionsgruppezittau:37,forward
jungenationalisten:1079,aktionsgruppezittau:36,forward
jungenationalisten:1078,wirpackenan:484,forward
jungenationalisten:1069,jnpdniedersachsen:942,forward
jungenationalisten:1046,schuelersprecher:121,forward
jungenationalisten:1043,CompactMagazin:8132,forward
jungenationalisten:1039,schuelersprecher:115,forward
jungenationalisten:1038,schuelersprecher:114,forward
jungenationalisten:1025,clauscremernrw:193,forward
jungenationalisten:1024,clauscremernrw:192,forward
jungenationalisten:1023,clauscremernrw:191,forward
jungenationalisten:1022,clauscremernrw:188,forward
jungenationalisten:1021,deutschestimmemagazin:766,forward
jungenationalisten:1020,deutschestimmemagazin:765,forward
jungenationalisten:1019,deutschestimmemagazin:764,forward
jungenationalisten:1018,deutschestimmemagazin:763,forward
jungenationalisten:1017,deutschestimmemagazin:762,forward
jungenationalisten:1016,deutschestimmemagazin:761,forward
jungenationalisten:998,jnpdniedersachsen:928,forward
jungenationalisten:997,jnpdniedersachsen:927,forward
jungenationalisten:996,jnpdniedersachsen:926,forward
jungenationalisten:981,schuelersprecher:108,forward
jungenationalisten:980,wirpackenan:473,forward
jungenationalisten:979,schuelersprecher:107,forward
jungenationalisten:976,deutschestimmemagazin:677,forward
jungenationalisten:974,schuelersprecher:105,forward
jungenationalisten:973,freiesachsen:444,forward
jungenationalisten:972,schuelersprecher:103,forward
jungenationalisten:967,deutschestimmemagazin:643,forward
jungenationalisten:961,schuelersprecher:98,forward
jungenationalisten:960,schuelersprecher:97,forward
jungenationalisten:954,jnpdniedersachsen:909,forward
jungenationalisten:952,schuelersprecher:96,forward
jungenationalisten:951,schuelersprecher:95,forward
jungenationalisten:950,schuelersprecher:94,forward
jungenationalisten:949,schuelersprecher:93,forward
jungenationalisten:948,schuelersprecher:92,forward
jungenationalisten:947,wirpackenan:461,forward
jungenationalisten:943,jnpdniedersachsen:906,forward
jungenationalisten:942,jnpdniedersachsen:905,forward
jungenationalisten:941,jnpdniedersachsen:904,forward
jungenationalisten:934,ignazbearth:10716,forward
jungenationalisten:932,ignazbearth:10702,forward
jungenationalisten:917,wirpackenan:449,forward
jungenationalisten:915,wirpackenan:445,forward
jungenationalisten:911,wirpackenan:444,forward
jungenationalisten:909,clauscremernrw:167,forward
jungenationalisten:908,wirpackenan:437,forward
jungenationalisten:907,schuelersprecher:75,forward
jungenationalisten:904,schuelersprecher:73,forward
jungenationalisten:903,schuelersprecher:72,forward
jungenationalisten:902,schuelersprecher:71,forward
jungenationalisten:901,schuelersprecher:70,forward
jungenationalisten:900,schuelersprecher:69,forward
jungenationalisten:899,CompactMagazin:6804,forward
jungenationalisten:898,CompactMagazin:6803,forward
jungenationalisten:897,CompactMagazin:6802,forward
jungenationalisten:896,CompactMagazin:6801,forward
jungenationalisten:895,CompactMagazin:6800,forward
jungenationalisten:894,CompactMagazin:6799,forward
jungenationalisten:893,CompactMagazin:6798,forward
jungenationalisten:890,wirpackenan:408,forward
jungenationalisten:888,schuelersprecher:56,forward
jungenationalisten:887,schuelersprecher:55,forward
jungenationalisten:886,schuelersprecher:54,forward
jungenationalisten:880,jnpdniedersachsen:886,forward
jungenationalisten:879,schuelersprecher:46,forward
jungenationalisten:878,schuelersprecher:45,forward
jungenationalisten:877,schuelersprecher:44,forward
jungenationalisten:873,deutschestimmemagazin:557,forward
jungenationalisten:866,CoronaWahnsinnStoppen:1204,forward
jungenationalisten:858,deutschestimmemagazin:551,forward
jungenationalisten:853,npdrn:545,forward
jungenationalisten:852,jnpdniedersachsen:878,forward
jungenationalisten:850,wirpackenan:369,forward
jungenationalisten:849,schuelersprecher:37,forward
jungenationalisten:848,jnpdniedersachsen:876,forward
jungenationalisten:842,schuelersprecher:33,forward
jungenationalisten:841,aktionsgruppezittau:21,forward
jungenationalisten:840,aktionsgruppezittau:20,forward
jungenationalisten:839,aktionsgruppezittau:19,forward
jungenationalisten:835,wirpackenan:358,forward
jungenationalisten:825,CoronaWahnsinnStoppen:1125,forward
jungenationalisten:824,schuelersprecher:30,forward
jungenationalisten:823,schuelersprecher:29,forward
jungenationalisten:822,schuelersprecher:28,forward
jungenationalisten:816,BlickpunktTV:308,forward
jungenationalisten:815,BlickpunktTV:305,forward
jungenationalisten:814,schuelersprecher:25,forward
jungenationalisten:811,CoronaWahnsinnStoppen:1086,forward
jungenationalisten:803,schuelersprecher:23,forward
jungenationalisten:802,CoronaWahnsinnStoppen:992,forward
jungenationalisten:794,dresden_gedenken:101,forward
jungenationalisten:793,dresden_gedenken:100,forward
jungenationalisten:792,dresden_gedenken:99,forward
jungenationalisten:786,jnpdniedersachsen:851,forward
jungenationalisten:785,jnpdniedersachsen:850,forward
jungenationalisten:784,jnpdniedersachsen:849,forward
jungenationalisten:783,jnpdniedersachsen:848,forward
jungenationalisten:777,schuelersprecher:18,forward
jungenationalisten:776,schuelersprecher:17,forward
jungenationalisten:775,schuelersprecher:16,forward
jungenationalisten:774,schuelersprecher:15,forward
jungenationalisten:770,jnpdniedersachsen:847,forward
jungenationalisten:766,schuelersprecher:14,forward
jungenationalisten:753,dresden_gedenken:88,forward
jungenationalisten:752,wirpackenan:334,forward
jungenationalisten:751,schuelersprecher:10,forward
jungenationalisten:747,jnpdniedersachsen:842,forward
jungenationalisten:745,dresden_gedenken:86,forward
jungenationalisten:734,dresden_gedenken:84,forward
jungenationalisten:733,schuelersprecher:8,forward
jungenationalisten:731,schuelersprecher:5,forward
jungenationalisten:727,dresden_gedenken:80,forward
jungenationalisten:723,wirpackenan:315,forward
jungenationalisten:717,dresden_gedenken:78,forward
jungenationalisten:704,wirpackenan:301,forward
jungenationalisten:694,wirpackenan:299,forward
jungenationalisten:691,wirpackenan:288,forward
jungenationalisten:686,wirpackenan:281,forward
jungenationalisten:684,jnpdniedersachsen:807,forward
jungenationalisten:683,jnpdniedersachsen:806,forward
jungenationalisten:679,jnpdniedersachsen:804,forward
jungenationalisten:674,jnpdniedersachsen:793,forward
jungenationalisten:672,wirpackenan:267,forward
jungenationalisten:671,wirpackenan:266,forward
jungenationalisten:670,wirpackenan:265,forward
jungenationalisten:669,wirpackenan:264,forward
jungenationalisten:668,wirpackenan:263,forward
jungenationalisten:667,wirpackenan:262,forward
jungenationalisten:666,wirpackenan:261,forward
jungenationalisten:665,wirpackenan:260,forward
jungenationalisten:664,wirpackenan:259,forward
jungenationalisten:663,wirpackenan:258,forward
jungenationalisten:657,wirpackenan:253,forward
jungenationalisten:655,wirpackenan:249,forward
jungenationalisten:653,wirpackenan:235,forward
jungenationalisten:649,tradition_und_ordnung:228,forward
jungenationalisten:646,wirpackenan:229,forward
jungenationalisten:644,jnpdniedersachsen:783,forward
jungenationalisten:642,Jungetat:18,forward
jungenationalisten:636,wirpackenan:221,forward
jungenationalisten:633,wirpackenan:220,forward
jungenationalisten:626,jnpdniedersachsen:776,forward
jungenationalisten:625,wirpackenan:208,forward
jungenationalisten:609,deutschestimmemagazin:297,forward
jungenationalisten:608,deutschestimmemagazin:296,forward
jungenationalisten:607,deutschestimmemagazin:295,forward
jungenationalisten:606,deutschestimmemagazin:294,forward
jungenationalisten:605,deutschestimmemagazin:293,forward
jungenationalisten:595,CoronaWahnsinnStoppen:493,forward
jungenationalisten:592,jungenationalisten:591,reply
jungenationalisten:586,jnpdniedersachsen:763,forward
jungenationalisten:562,jnpdniedersachsen:759,forward
jungenationalisten:561,jnpdniedersachsen:758,forward
jungenationalisten:560,jnpdniedersachsen:757,forward
jungenationalisten:559,jnpdniedersachsen:756,forward
jungenationalisten:558,jnpdniedersachsen:755,forward
jungenationalisten:525,jnpdniedersachsen:754,forward
jungenationalisten:518,jnpdniedersachsen:749,forward
jungenationalisten:514,jnpdniedersachsen:744,forward
jungenationalisten:513,CoronaWahnsinnStoppen:444,forward
jungenationalisten:512,CoronaWahnsinnStoppen:440,forward
jungenationalisten:508,CoronaWahnsinnStoppen:430,forward
jungenationalisten:504,BlickpunktTV:228,forward
jungenationalisten:503,deutschestimmemagazin:201,forward
jungenationalisten:502,deutschestimmemagazin:200,forward
jungenationalisten:501,deutschestimmemagazin:199,forward
jungenationalisten:500,artikel5:181,forward
jungenationalisten:499,tradition_und_ordnung:174,forward
jungenationalisten:479,jnpdniedersachsen:731,forward
jungenationalisten:478,jnpdniedersachsen:730,forward
jungenationalisten:477,jnpdniedersachsen:729,forward
jungenationalisten:476,jnpdniedersachsen:728,forward
jungenationalisten:475,jnpdniedersachsen:727,forward
jungenationalisten:474,jnpdniedersachsen:726,forward
jungenationalisten:469,jnpdniedersachsen:725,forward
jungenationalisten:468,jnpdniedersachsen:724,forward
jungenationalisten:464,CoronaWahnsinnStoppen:362,forward
jungenationalisten:454,CoronaWahnsinnStoppen:346,forward
jungenationalisten:432,deutschestimmemagazin:126,forward
jungenationalisten:430,jnpdniedersachsen:710,forward
jungenationalisten:429,heimatsachsen:167,forward
jungenationalisten:428,heimatsachsen:166,forward
jungenationalisten:427,heimatsachsen:165,forward
jungenationalisten:426,heimatsachsen:164,forward
jungenationalisten:425,heimatsachsen:163,forward
jungenationalisten:424,heimatsachsen:162,forward
jungenationalisten:411,jnpdniedersachsen:705,forward
jungenationalisten:408,jnpdniedersachsen:702,forward
jungenationalisten:399,jnpdniedersachsen:688,forward
jungenationalisten:396,jnpdniedersachsen:676,forward
jungenationalisten:395,wirpackenan:142,forward
jungenationalisten:393,jnpdniedersachsen:674,forward
jungenationalisten:383,jungenationalisten:364,forward
jungenationalisten:367,jnpdniedersachsen:668,forward
jungenationalisten:354,jnpdniedersachsen:657,forward
jungenationalisten:346,jnpdniedersachsen:649,forward
jungenationalisten:343,CoronaWahnsinnStoppen:175,forward
jungenationalisten:341,wirpackenan:132,forward
jungenationalisten:324,jnpdniedersachsen:638,forward
jungenationalisten:319,jnpdniedersachsen:639,forward
jungenationalisten:305,jnpdniedersachsen:626,forward
jungenationalisten:304,jnpdniedersachsen:625,forward
jungenationalisten:303,jnpdniedersachsen:622,forward
jungenationalisten:302,jnpdniedersachsen:621,forward
jungenationalisten:301,jnpdniedersachsen:620,forward
jungenationalisten:300,jnpdniedersachsen:619,forward
jungenationalisten:293,pcrecords:716,forward
jungenationalisten:291,jnpdniedersachsen:585,forward
jungenationalisten:267,jnpdniedersachsen:514,forward
jungenationalisten:253,jnpdniedersachsen:477,forward
jungenationalisten:251,dresden_gedenken:65,forward
jungenationalisten:250,dresden_gedenken:60,forward
jungenationalisten:249,dresden_gedenken:59,forward
jungenationalisten:247,dresden_gedenken:58,forward
jungenationalisten:246,dresden_gedenken:57,forward
jungenationalisten:245,dresden_gedenken:56,forward
jungenationalisten:244,dresden_gedenken:55,forward
jungenationalisten:243,dresden_gedenken:54,forward
jungenationalisten:242,dresden_gedenken:53,forward
jungenationalisten:241,dresden_gedenken:52,forward
jungenationalisten:240,dresden_gedenken:51,forward
jungenationalisten:239,dresden_gedenken:50,forward
jungenationalisten:238,dresden_gedenken:49,forward
jungenationalisten:237,jnpdniedersachsen:462,forward
jungenationalisten:236,jnpdniedersachsen:461,forward
jungenationalisten:235,jnpdniedersachsen:460,forward
jungenationalisten:234,jnpdniedersachsen:456,forward
jungenationalisten:232,dresden_gedenken:44,forward
jungenationalisten:231,jnpdniedersachsen:450,forward
jungenationalisten:228,dresden_gedenken:43,forward
jungenationalisten:227,dresden_gedenken:41,forward
jungenationalisten:223,dresden_gedenken:39,forward
jungenationalisten:220,dresden_gedenken:38,forward
jungenationalisten:218,dresden_gedenken:37,forward
jungenationalisten:217,dresden_gedenken:36,forward
jungenationalisten:212,dresden_gedenken:32,forward
jungenationalisten:207,dresden_gedenken:31,forward
jungenationalisten:206,jnpdniedersachsen:409,forward
jungenationalisten:204,dresden_gedenken:27,forward
jungenationalisten:203,dresden_gedenken:26,forward
jungenationalisten:202,dresden_gedenken:25,forward
jungenationalisten:201,dresden_gedenken:24,forward
jungenationalisten:199,dresden_gedenken:23,forward
jungenationalisten:189,dresden_gedenken:22,forward
jungenationalisten:183,jnpdniedersachsen:368,forward
jungenationalisten:181,jnpdniedersachsen:360,forward
jungenationalisten:180,jnpdniedersachsen:359,forward
jungenationalisten:179,jnpdniedersachsen:358,forward
jungenationalisten:178,jnpdniedersachsen:357,forward
jungenationalisten:177,jnpdniedersachsen:356,forward
jungenationalisten:176,jnpdniedersachsen:355,forward
jungenationalisten:175,jnpdniedersachsen:354,forward
jungenationalisten:174,jnpdniedersachsen:353,forward
jungenationalisten:173,jnpdniedersachsen:352,forward
jungenationalisten:172,jnpdniedersachsen:351,forward
jungenationalisten:171,jnpdniedersachsen:350,forward
jungenationalisten:170,jnpdniedersachsen:349,forward
jungenationalisten:169,jnpdniedersachsen:348,forward
jungenationalisten:168,jnpdniedersachsen:347,forward
jungenationalisten:165,jnpdniedersachsen:327,forward
jungenationalisten:164,jnpdniedersachsen:326,forward
jungenationalisten:163,jnpdniedersachsen:325,forward
jungenationalisten:161,dresden_gedenken:21,forward
jungenationalisten:160,dresden_gedenken:20,forward
jungenationalisten:159,pcrecords:343,forward
jungenationalisten:152,jnpdniedersachsen:257,forward
jungenationalisten:151,jnpdniedersachsen:255,forward
jungenationalisten:150,jnpdniedersachsen:254,forward
jungenationalisten:149,jnpdniedersachsen:253,forward
jungenationalisten:148,jnpdniedersachsen:248,forward
jungenationalisten:147,jnpdniedersachsen:247,forward
jungenationalisten:146,jnpdniedersachsen:235,forward
jungenationalisten:145,jnpdniedersachsen:233,forward
jungenationalisten:141,jnpdniedersachsen:225,forward
jungenationalisten:126,dresden_gedenken:14,forward
jungenationalisten:106,jnpdniedersachsen:157,forward
jungenationalisten:105,jnpdniedersachsen:156,forward
jungenationalisten:104,jnpdniedersachsen:151,forward
jungenationalisten:103,jnpdniedersachsen:150,forward
jungenationalisten:49,jnpdniedersachsen:57,forward
jungenationalisten:17,fsnrev:180,forward
