id,label,chat,message_id,date,views,reaction_count,url
jungenationalisten:4698,Wir wünschen euch einen schönen ersten Advent!  @jungenationalisten 🇩🇪  Kommt gut durch diese verrückte Zeit und bleibt ,jungenationalisten,4698,2025-11-30T13:13:53+00:00,2098,73,https://t.me/jungenationalisten/4698
jungenationalisten:4697,Ein Gruß aus der Hauptstadt!  Die deutsche Jugend erhebt sich – auch in der Hauptstadt – entschlossen für Kultur und gel,jungenationalisten,4697,2025-11-29T13:50:48+00:00,1606,126,https://t.me/jungenationalisten/4697
jungenationalisten:4696,"Guten Morgen allerseits. Um ca 5 Uhr geht’s los, teilt gern den Beitrag   https://www.youtube.com/live/ppfv5Mk4Pdo?si=qJ",jungenationalisten,4696,2025-11-29T08:59:27+00:00,1681,23,https://t.me/jungenationalisten/4696
jungenationalisten:4695,📢 🤝 Kommt heute zum letzten Offenen Abend des Jahres im Ruhrgebiet - um 19.30 Uhr geht es los!  Adresse auf Anfrage: Nut,jungenationalisten,4695,2025-11-28T09:54:54+00:00,1935,31,https://t.me/jungenationalisten/4695
jungenationalisten:4694,Nur noch 3 Tage... 📢 DEMO IN BERLIN! 🇩🇪  ✊🏻 Betrüger und kriminelle Ausländer raus! ✊🏻  Kommt nach Berlin und setzt mit ,jungenationalisten,4694,2025-11-28T07:05:51+00:00,1494,57,https://t.me/jungenationalisten/4694
jungenationalisten:4692,,jungenationalisten,4692,2025-11-26T10:26:21+00:00,2278,0,https://t.me/jungenationalisten/4692
jungenationalisten:4691,,jungenationalisten,4691,2025-11-26T10:26:21+00:00,2359,0,https://t.me/jungenationalisten/4691
jungenationalisten:4690,"""Macher suchen Macher"" und ""Umweltschutz von rechts"" - unter diesem Motto wurden vergangenes Wochenende in Mansfeld-Südh",jungenationalisten,4690,2025-11-26T10:26:21+00:00,2291,78,https://t.me/jungenationalisten/4690
jungenationalisten:4689,🎅Nikolausmarkt am 06.12.2025 bei PC Records in Chemnitz 🎅  Es ist wieder so weit:  Das Jahr neigt sich dem Ende und PC R,jungenationalisten,4689,2025-11-25T12:22:24+00:00,1958,49,https://t.me/jungenationalisten/4689
jungenationalisten:4688,,jungenationalisten,4688,2025-11-24T10:40:09+00:00,2422,0,https://t.me/jungenationalisten/4688
jungenationalisten:4687,,jungenationalisten,4687,2025-11-24T10:40:08+00:00,2691,0,https://t.me/jungenationalisten/4687
jungenationalisten:4686,,jungenationalisten,4686,2025-11-24T10:40:08+00:00,2649,0,https://t.me/jungenationalisten/4686
jungenationalisten:4685,Zusammenhalt und Aktivismus im Einsatz! @jungenationalisten 🇩🇪   Am vergangenen Freitag versammelten sich die Mitglieder,jungenationalisten,4685,2025-11-24T10:40:08+00:00,2314,72,https://t.me/jungenationalisten/4685
jungenationalisten:4680,Montag 01.12.2025 ab 19Uhr  Offener Abend in der Region Elm-Lappwald  Lockeres Kennenlernen & Vernetzen zwischen poltisc,jungenationalisten,4680,2025-11-23T16:47:29+00:00,2294,55,https://t.me/jungenationalisten/4680
jungenationalisten:4679,"Jugend aus MuP zu uns! @jungenationalisten  In einer Zeit des Zerfalls unserer Heimat durch fehlgeleitete Politik, stehe",jungenationalisten,4679,2025-11-21T20:10:21+00:00,2819,64,https://t.me/jungenationalisten/4679
jungenationalisten:4678,,jungenationalisten,4678,2025-11-21T11:20:01+00:00,2760,0,https://t.me/jungenationalisten/4678
jungenationalisten:4677,,jungenationalisten,4677,2025-11-21T11:20:01+00:00,2909,0,https://t.me/jungenationalisten/4677
jungenationalisten:4676,,jungenationalisten,4676,2025-11-21T11:20:01+00:00,2586,0,https://t.me/jungenationalisten/4676
jungenationalisten:4675,,jungenationalisten,4675,2025-11-21T11:20:00+00:00,2368,0,https://t.me/jungenationalisten/4675
jungenationalisten:4674,,jungenationalisten,4674,2025-11-21T11:20:00+00:00,2352,0,https://t.me/jungenationalisten/4674
jungenationalisten:4673,,jungenationalisten,4673,2025-11-21T11:20:00+00:00,2048,0,https://t.me/jungenationalisten/4673
jungenationalisten:4672,,jungenationalisten,4672,2025-11-21T11:20:00+00:00,2083,0,https://t.me/jungenationalisten/4672
jungenationalisten:4671,,jungenationalisten,4671,2025-11-21T11:20:00+00:00,1940,0,https://t.me/jungenationalisten/4671
jungenationalisten:4670,,jungenationalisten,4670,2025-11-21T11:20:00+00:00,2049,0,https://t.me/jungenationalisten/4670
jungenationalisten:4669,"Heimat erleben, Gemeinschaft stärken – Unsere Wanderung durchs Herz Mittelsachsens! @jungenationalisten 🇩🇪  @heimatsachs",jungenationalisten,4669,2025-11-21T11:20:00+00:00,1905,70,https://t.me/jungenationalisten/4669
jungenationalisten:4668,,jungenationalisten,4668,2025-11-20T12:01:33+00:00,2179,0,https://t.me/jungenationalisten/4668
jungenationalisten:4667,,jungenationalisten,4667,2025-11-20T12:01:32+00:00,1989,0,https://t.me/jungenationalisten/4667
jungenationalisten:4666,,jungenationalisten,4666,2025-11-20T12:01:32+00:00,1941,0,https://t.me/jungenationalisten/4666
jungenationalisten:4665,📌 Ursula Haverbeck - Ein Jahrhundertleben. Nachruf zum 1. Todestag von Sascha Krolzig  Als sich in den Abendstunden des ,jungenationalisten,4665,2025-11-20T12:01:32+00:00,1939,119,https://t.me/jungenationalisten/4665
jungenationalisten:4664,Flugblattverteilung in Vorpommern -  Greifswald @jungenationalisten  Am Wochenende verteilten Aktivisten hunderte Flugbl,jungenationalisten,4664,2025-11-19T15:38:21+00:00,2274,68,https://t.me/jungenationalisten/4664
jungenationalisten:4663,"Wir stehen bereit! @jungenationalisten  Bereits heute engagieren sich heimattreue Deutsche in der JN, um für ein bessere",jungenationalisten,4663,2025-11-18T15:18:23+00:00,2293,67,https://t.me/jungenationalisten/4663
jungenationalisten:4662,"Heute: Offener Abend – Raum Dresden  @jungenationalisten 🇩🇪  18. November 2025 | Ab 17:30 Uhr  Steh auf, komm dazu und r",jungenationalisten,4662,2025-11-18T13:06:26+00:00,2431,37,https://t.me/jungenationalisten/4662
jungenationalisten:4661,"Heimat verbindet – Wanderung in Mittelsachsen! @jungenationalisten 🇩🇪  Am Mittwoch zum Feiertag (Buß und Bettag), dem 19",jungenationalisten,4661,2025-11-18T11:57:18+00:00,1953,42,https://t.me/jungenationalisten/4661
jungenationalisten:4660,,jungenationalisten,4660,2025-11-17T15:10:23+00:00,2130,0,https://t.me/jungenationalisten/4660
jungenationalisten:4659,,jungenationalisten,4659,2025-11-17T15:10:23+00:00,2707,0,https://t.me/jungenationalisten/4659
jungenationalisten:4658,,jungenationalisten,4658,2025-11-17T15:10:23+00:00,2451,0,https://t.me/jungenationalisten/4658
jungenationalisten:4657,,jungenationalisten,4657,2025-11-17T15:10:23+00:00,2188,0,https://t.me/jungenationalisten/4657
jungenationalisten:4656,,jungenationalisten,4656,2025-11-17T15:10:23+00:00,2036,0,https://t.me/jungenationalisten/4656
jungenationalisten:4655,,jungenationalisten,4655,2025-11-17T15:10:23+00:00,2074,0,https://t.me/jungenationalisten/4655
jungenationalisten:4654,,jungenationalisten,4654,2025-11-17T15:10:23+00:00,2018,71,https://t.me/jungenationalisten/4654
jungenationalisten:4653,Heldengedenken in der Mecklenburgischen Seenplatte @jungenationlisten @dieheimatmv   Am gestrigen Sonntag gingen anlässl,jungenationalisten,4653,2025-11-17T15:10:23+00:00,2042,35,https://t.me/jungenationalisten/4653
jungenationalisten:4652,,jungenationalisten,4652,2025-11-17T15:04:39+00:00,1574,0,https://t.me/jungenationalisten/4652
jungenationalisten:4651,,jungenationalisten,4651,2025-11-17T15:04:39+00:00,1751,0,https://t.me/jungenationalisten/4651
jungenationalisten:4650,,jungenationalisten,4650,2025-11-17T15:04:39+00:00,1780,0,https://t.me/jungenationalisten/4650
jungenationalisten:4649,,jungenationalisten,4649,2025-11-17T15:04:38+00:00,1590,0,https://t.me/jungenationalisten/4649
jungenationalisten:4648,,jungenationalisten,4648,2025-11-17T15:04:38+00:00,1493,0,https://t.me/jungenationalisten/4648
jungenationalisten:4647,,jungenationalisten,4647,2025-11-17T15:04:38+00:00,1524,0,https://t.me/jungenationalisten/4647
jungenationalisten:4646,,jungenationalisten,4646,2025-11-17T15:04:38+00:00,1472,0,https://t.me/jungenationalisten/4646
jungenationalisten:4645,,jungenationalisten,4645,2025-11-17T15:04:38+00:00,1500,0,https://t.me/jungenationalisten/4645
jungenationalisten:4644,,jungenationalisten,4644,2025-11-17T15:04:38+00:00,1480,0,https://t.me/jungenationalisten/4644
jungenationalisten:4643,,jungenationalisten,4643,2025-11-17T15:04:38+00:00,1489,35,https://t.me/jungenationalisten/4643
jungenationalisten:4642,Heldengedenken in Thüringen  @jungenationalisten  Am gestrigen Sonntag besuchten Mitglieder und Anwärter der JN die Gräb,jungenationalisten,4642,2025-11-17T15:04:38+00:00,1553,30,https://t.me/jungenationalisten/4642
jungenationalisten:4641,"Hier ein Redeauszug von Thassilo Hantusch am Immelmann Denkmal:  ""1978 lud Hans Ulrich Rudel die Jungen Nationaldemokrat",jungenationalisten,4641,2025-11-17T09:23:48+00:00,1734,68,https://t.me/jungenationalisten/4641
jungenationalisten:4640,,jungenationalisten,4640,2025-11-16T22:11:11+00:00,1888,0,https://t.me/jungenationalisten/4640
jungenationalisten:4639,,jungenationalisten,4639,2025-11-16T22:11:11+00:00,1978,0,https://t.me/jungenationalisten/4639
jungenationalisten:4638,,jungenationalisten,4638,2025-11-16T22:11:11+00:00,1879,0,https://t.me/jungenationalisten/4638
jungenationalisten:4637,,jungenationalisten,4637,2025-11-16T22:11:11+00:00,1858,0,https://t.me/jungenationalisten/4637
jungenationalisten:4636,,jungenationalisten,4636,2025-11-16T22:11:11+00:00,1838,0,https://t.me/jungenationalisten/4636
jungenationalisten:4635,,jungenationalisten,4635,2025-11-16T22:11:11+00:00,1826,75,https://t.me/jungenationalisten/4635
jungenationalisten:4634,Zum diesjährigen Volkstrauertag trafen sich wieder einige treue Kameraden zusammen um den gefallenen deutschen und verbü,jungenationalisten,4634,2025-11-16T22:10:42+00:00,1828,36,https://t.me/jungenationalisten/4634
jungenationalisten:4633,,jungenationalisten,4633,2025-11-16T22:02:55+00:00,1562,0,https://t.me/jungenationalisten/4633
jungenationalisten:4632,,jungenationalisten,4632,2025-11-16T22:02:55+00:00,1744,0,https://t.me/jungenationalisten/4632
jungenationalisten:4631,,jungenationalisten,4631,2025-11-16T22:02:54+00:00,1646,0,https://t.me/jungenationalisten/4631
jungenationalisten:4630,,jungenationalisten,4630,2025-11-16T22:02:54+00:00,1479,0,https://t.me/jungenationalisten/4630
jungenationalisten:4629,,jungenationalisten,4629,2025-11-16T22:02:54+00:00,1409,0,https://t.me/jungenationalisten/4629
jungenationalisten:4628,,jungenationalisten,4628,2025-11-16T22:02:54+00:00,1440,0,https://t.me/jungenationalisten/4628
jungenationalisten:4627,,jungenationalisten,4627,2025-11-16T22:02:54+00:00,1442,0,https://t.me/jungenationalisten/4627
jungenationalisten:4626,"🏴 Heldengedenken im Harz  In den Abendstunden des 16.11. wurde im Kreis Harz ein Heldengedenken durchgeführt, an dem zah",jungenationalisten,4626,2025-11-16T22:02:54+00:00,1459,62,https://t.me/jungenationalisten/4626
jungenationalisten:4625,,jungenationalisten,4625,2025-11-16T21:47:21+00:00,1488,0,https://t.me/jungenationalisten/4625
jungenationalisten:4624,,jungenationalisten,4624,2025-11-16T21:47:20+00:00,1548,0,https://t.me/jungenationalisten/4624
jungenationalisten:4623,,jungenationalisten,4623,2025-11-16T21:47:20+00:00,1497,0,https://t.me/jungenationalisten/4623
jungenationalisten:4622,,jungenationalisten,4622,2025-11-16T21:47:20+00:00,1470,0,https://t.me/jungenationalisten/4622
jungenationalisten:4621,,jungenationalisten,4621,2025-11-16T21:47:20+00:00,1466,0,https://t.me/jungenationalisten/4621
jungenationalisten:4620,,jungenationalisten,4620,2025-11-16T21:47:20+00:00,1522,0,https://t.me/jungenationalisten/4620
jungenationalisten:4619,,jungenationalisten,4619,2025-11-16T21:47:20+00:00,1520,0,https://t.me/jungenationalisten/4619
jungenationalisten:4618,,jungenationalisten,4618,2025-11-16T21:47:20+00:00,1559,0,https://t.me/jungenationalisten/4618
jungenationalisten:4617,,jungenationalisten,4617,2025-11-16T21:47:20+00:00,1597,0,https://t.me/jungenationalisten/4617
jungenationalisten:4616,Überall im Land gedachten auch unsere Mitglieder beim heutigen Heldengedenken.  Ehre wem Ehre gebührt!   @DieHeimat  @he,jungenationalisten,4616,2025-11-16T21:47:20+00:00,1598,61,https://t.me/jungenationalisten/4616
jungenationalisten:4615,,jungenationalisten,4615,2025-11-16T17:31:32+00:00,1751,0,https://t.me/jungenationalisten/4615
jungenationalisten:4614,,jungenationalisten,4614,2025-11-16T17:31:32+00:00,1841,0,https://t.me/jungenationalisten/4614
jungenationalisten:4613,,jungenationalisten,4613,2025-11-16T17:31:32+00:00,1844,0,https://t.me/jungenationalisten/4613
jungenationalisten:4612,,jungenationalisten,4612,2025-11-16T17:31:32+00:00,1863,0,https://t.me/jungenationalisten/4612
jungenationalisten:4611,,jungenationalisten,4611,2025-11-16T17:31:32+00:00,1786,0,https://t.me/jungenationalisten/4611
jungenationalisten:4610,,jungenationalisten,4610,2025-11-16T17:31:32+00:00,1769,0,https://t.me/jungenationalisten/4610
jungenationalisten:4609,Das Heldengedenken haben wir im Lk Celle mit anschließender Kranzniederlegung in Celle durchgeführt.  Der zweite WK ist ,jungenationalisten,4609,2025-11-16T17:31:32+00:00,1782,86,https://t.me/jungenationalisten/4609
jungenationalisten:4608,,jungenationalisten,4608,2025-11-16T12:20:25+00:00,1992,0,https://t.me/jungenationalisten/4608
jungenationalisten:4607,,jungenationalisten,4607,2025-11-16T12:20:25+00:00,1980,0,https://t.me/jungenationalisten/4607
jungenationalisten:4606,,jungenationalisten,4606,2025-11-16T12:20:25+00:00,1996,0,https://t.me/jungenationalisten/4606
jungenationalisten:4605,,jungenationalisten,4605,2025-11-16T12:20:25+00:00,1993,0,https://t.me/jungenationalisten/4605
jungenationalisten:4604,,jungenationalisten,4604,2025-11-16T12:20:25+00:00,2006,0,https://t.me/jungenationalisten/4604
jungenationalisten:4603,,jungenationalisten,4603,2025-11-16T12:20:25+00:00,1999,0,https://t.me/jungenationalisten/4603
jungenationalisten:4602,"Döbeln: Volkstrauertag 2025  @jungenationalisten 🇩🇪   Hier liegen jene, denen es um Deutschlands Zukunft ging – weil Deu",jungenationalisten,4602,2025-11-16T12:20:25+00:00,2001,85,https://t.me/jungenationalisten/4602
jungenationalisten:4601,Heraus zum Heldengedenken! @jungenationalisten,jungenationalisten,4601,2025-11-16T08:24:21+00:00,2061,87,https://t.me/jungenationalisten/4601
jungenationalisten:4600,Aus der Stille wächst ein Licht - Volkstrauertag 2025 @jungenationalisten 🇩🇪   Nur wenige sind es in diesen sturmumwogte,jungenationalisten,4600,2025-11-13T11:21:03+00:00,2761,70,https://t.me/jungenationalisten/4600
jungenationalisten:4599,👉 Noch wenige Tage bis zum großen AUFGEWACHT-Kongress in Altenburg.  ⚠️ Jetzt Karten bestellen und dabei sein! ⚠️  Bald ,jungenationalisten,4599,2025-11-11T15:48:04+00:00,2656,32,https://t.me/jungenationalisten/4599
jungenationalisten:4597,CADA DÍA MÁS Y MÁS FUERTES  VENCEREMOS  https://x.com/nucleonesp/status/1987247523510046742?s=46,jungenationalisten,4597,2025-11-10T08:27:13+00:00,2944,46,https://t.me/jungenationalisten/4597
jungenationalisten:4596,,jungenationalisten,4596,2025-11-10T08:27:13+00:00,2889,35,https://t.me/jungenationalisten/4596
jungenationalisten:4595,Gedenkt ihres Vermächtnisses. https://t.me/jungenationalisten 🇩🇪   Ursula Haverbeck wäre heute 97 Jahre alt geworden.  I,jungenationalisten,4595,2025-11-08T16:32:13+00:00,3221,118,https://t.me/jungenationalisten/4595
jungenationalisten:4594,"Diesen Sonntag (9. November): Großer Bürgerprotest in Hartha!  Mit Demonstration durch die Stadt!  Am Sonntag, den 9. No",jungenationalisten,4594,2025-11-08T11:14:28+00:00,2769,42,https://t.me/jungenationalisten/4594
jungenationalisten:4593,"Deutschland uns Deutschen, wem auch sonst?! @jungenationalisten  Während andere ihr trostloses Leben vor sich hin leben ",jungenationalisten,4593,2025-11-07T14:14:32+00:00,2698,70,https://t.me/jungenationalisten/4593
jungenationalisten:4592,Ihr wollt immer auf dem neusten Stand unserer Aktivitäten in Mecklenburg und Pommern sein? Ihr wollt das noch mehr Mensc,jungenationalisten,4592,2025-11-07T09:02:33+00:00,2672,38,https://t.me/jungenationalisten/4592
jungenationalisten:4591,"💥 EILMELDUNG: Dieter Stein (""Junge Freiheit"") betreibt Ausschluss von ""Sturmzeichen"" und ""Klosterhaus"" bei Messe in Hall",jungenationalisten,4591,2025-11-06T19:25:25+00:00,2635,39,https://t.me/jungenationalisten/4591
jungenationalisten:4588,Flagge zeigen in der Landeshauptstadt! @jungenationalisten  Eine kleine Gruppe von JN'lern waren am vergangenen Sonnaben,jungenationalisten,4588,2025-11-04T18:27:59+00:00,3070,100,https://t.me/jungenationalisten/4588
jungenationalisten:4587,Neu: Aufkleber - Mädelbund!⚔️   Seit Frühjahr 2025 gibt es unseren Mädelbund:   Er dient als Untergliederung für heimatb,jungenationalisten,4587,2025-11-04T12:15:30+00:00,2978,68,https://t.me/jungenationalisten/4587
jungenationalisten:4586,Am 14.11 ist es wieder soweit. Es heißt „Offener Abend“ in Essen-Kray.  Durch Gegenprotest und Schikanen von Seiten des ,jungenationalisten,4586,2025-11-03T16:17:13+00:00,3327,53,https://t.me/jungenationalisten/4586
jungenationalisten:4585,Flugblattverteilung in Ostthüringen @jungenationalisten  Letzte Woche Freitag schnappten wir uns ein paar Flugblätter un,jungenationalisten,4585,2025-11-01T17:26:38+00:00,3605,59,https://t.me/jungenationalisten/4585
jungenationalisten:4584,1/11/13🇬🇷🏴 1/11/25,jungenationalisten,4584,2025-11-01T13:33:44+00:00,3485,63,https://t.me/jungenationalisten/4584
jungenationalisten:4583,"Tierschutz verpflichtet! @jungenationalisten  @heimat_th  Unter dem Motto ""Tierschutz verpflichtet"" wollen wir in den ko",jungenationalisten,4583,2025-10-31T09:34:03+00:00,3467,72,https://t.me/jungenationalisten/4583
jungenationalisten:4582,,jungenationalisten,4582,2025-10-30T16:46:23+00:00,4557,0,https://t.me/jungenationalisten/4582
jungenationalisten:4581,,jungenationalisten,4581,2025-10-30T16:46:23+00:00,5849,0,https://t.me/jungenationalisten/4581
jungenationalisten:4580,,jungenationalisten,4580,2025-10-30T16:46:23+00:00,4885,0,https://t.me/jungenationalisten/4580
jungenationalisten:4579,,jungenationalisten,4579,2025-10-30T16:46:23+00:00,4372,0,https://t.me/jungenationalisten/4579
jungenationalisten:4578,,jungenationalisten,4578,2025-10-30T16:46:23+00:00,4046,0,https://t.me/jungenationalisten/4578
jungenationalisten:4577,,jungenationalisten,4577,2025-10-30T16:46:23+00:00,4050,0,https://t.me/jungenationalisten/4577
jungenationalisten:4576,,jungenationalisten,4576,2025-10-30T16:46:23+00:00,3778,0,https://t.me/jungenationalisten/4576
jungenationalisten:4575,Frankenfahrt der IG Musik 🎻 @jungenationalisten 🇩🇪   Im Oktober veranstaltete unsere Interessengemeinschaft Musik eine F,jungenationalisten,4575,2025-10-30T16:46:23+00:00,3514,87,https://t.me/jungenationalisten/4575
jungenationalisten:4573,„Ein Licht für die Toten“  - Grabkerzenaufkleber ⚔️   Wer dieses Jahr noch Aufkleber für das Soldatendenkmal zum Volkstr,jungenationalisten,4573,2025-10-27T08:24:56+00:00,3807,71,https://t.me/jungenationalisten/4573
jungenationalisten:4572,"16. November  - Heraus zum Heldengedenken  @jungenationalisten  @heimat_th   In der BRD bekannt als Volkstrauertag, halt",jungenationalisten,4572,2025-10-26T14:51:31+00:00,3324,53,https://t.me/jungenationalisten/4572
jungenationalisten:4571,"Dr. Björn Clemens über Fremdherrschaft, Schuldkult und Identität  Unser Autor, Dr. Björn Clemens, spricht mit ""Nach Vorn",jungenationalisten,4571,2025-10-26T10:58:31+00:00,3191,23,https://t.me/jungenationalisten/4571
jungenationalisten:4570,"Gemeinsam gegen den CSD!  Am heutigen Sonnabend waren wir gemeinsam mit unserer Jugendorganisation, den Jungen Nationali",jungenationalisten,4570,2025-10-26T10:58:21+00:00,2505,68,https://t.me/jungenationalisten/4570
jungenationalisten:4558,Die Revolution beginnt bei dir! @jungenationalisten   Junge Nationalisten Thüringen: Folgt uns bei Telegram!,jungenationalisten,4558,2025-10-25T13:45:36+00:00,2885,104,https://t.me/jungenationalisten/4558
jungenationalisten:4557,Heraus zum Volkstrauertag 🕯 @WiderstandinAktion ⚙️  Der Volkstrauertag steht fast vor der Tür. Den Helden unseres Volkes,jungenationalisten,4557,2025-10-24T08:47:07+00:00,2844,67,https://t.me/jungenationalisten/4557
jungenationalisten:4556,"Aufkleber: Deutschland uns Deutschen! @jungenationalisten 🇩🇪  Aktuelle Debatte zum ""Stadtbild"": Unseren Nationalstolz dü",jungenationalisten,4556,2025-10-23T09:42:29+00:00,3201,75,https://t.me/jungenationalisten/4556
jungenationalisten:4555,Schwarz-Weiß-Rot oder Schwarz-Rot-Gold? Welche sind die deutschen Farben? @jungenationalisten 🇩🇪  Unser Arbeitskreis Bil,jungenationalisten,4555,2025-10-21T10:50:56+00:00,3706,104,https://t.me/jungenationalisten/4555
jungenationalisten:4554,Montag - 20.10.2025 19:00 Uhr  Domplatz Halberstadt  Folgt uns auf: 🔹 Telegram 🔹 Instagram 🔹 TikTok,jungenationalisten,4554,2025-10-19T18:39:36+00:00,3995,66,https://t.me/jungenationalisten/4554
jungenationalisten:4553,JN-Infobroschüren jetzt digital t.me/jungenationalisten 🇩🇪  Ab sofort wird unsere PDF-Broschüre den klassischen Interess,jungenationalisten,4553,2025-10-18T17:56:58+00:00,6786,72,https://t.me/jungenationalisten/4553
jungenationalisten:4552,"Heimat verbindet – Wanderung in Mittelsachsen! @jungenationalisten 🇩🇪  Am Mittwoch zum Feiertag (Buß und Bettag), dem 19",jungenationalisten,4552,2025-10-17T12:33:24+00:00,3684,55,https://t.me/jungenationalisten/4552
jungenationalisten:4551,,jungenationalisten,4551,2025-10-16T13:45:34+00:00,3690,0,https://t.me/jungenationalisten/4551
jungenationalisten:4550,,jungenationalisten,4550,2025-10-16T13:45:34+00:00,3839,0,https://t.me/jungenationalisten/4550
jungenationalisten:4549,"Endlich wieder vorrätig: JN - Sporthose  Wie auch immer die gesellschaftlichen Zustände derzeit sein mögen, oder wie das",jungenationalisten,4549,2025-10-16T13:45:34+00:00,2985,52,https://t.me/jungenationalisten/4549
jungenationalisten:4548,Unsere Instagramseite wurde willkürlich gelöscht! @jungenationalisten   Folgt der neuen Seite und helft uns dabei wieder,jungenationalisten,4548,2025-10-16T10:46:04+00:00,3465,40,https://t.me/jungenationalisten/4548
jungenationalisten:4547,,jungenationalisten,4547,2025-10-15T15:02:04+00:00,3744,0,https://t.me/jungenationalisten/4547
jungenationalisten:4546,,jungenationalisten,4546,2025-10-15T15:02:03+00:00,4502,0,https://t.me/jungenationalisten/4546
jungenationalisten:4545,,jungenationalisten,4545,2025-10-15T15:02:03+00:00,4532,0,https://t.me/jungenationalisten/4545
jungenationalisten:4544,,jungenationalisten,4544,2025-10-15T15:02:03+00:00,3370,0,https://t.me/jungenationalisten/4544
jungenationalisten:4543,,jungenationalisten,4543,2025-10-15T15:02:03+00:00,3708,0,https://t.me/jungenationalisten/4543
jungenationalisten:4542,,jungenationalisten,4542,2025-10-15T15:02:03+00:00,3404,0,https://t.me/jungenationalisten/4542
jungenationalisten:4541,,jungenationalisten,4541,2025-10-15T15:02:03+00:00,3423,0,https://t.me/jungenationalisten/4541
jungenationalisten:4540,,jungenationalisten,4540,2025-10-15T15:02:03+00:00,2988,0,https://t.me/jungenationalisten/4540
jungenationalisten:4539,,jungenationalisten,4539,2025-10-15T15:02:03+00:00,2942,0,https://t.me/jungenationalisten/4539
jungenationalisten:4538,"Vor einigen Tagen haben wir von der JN-West eine Anfrage vom ZDF bekommen, welches ein Interview mit zwei Aktivisten, so",jungenationalisten,4538,2025-10-15T15:02:02+00:00,2944,104,https://t.me/jungenationalisten/4538
jungenationalisten:4537,"Neu: Aufkleber - Rebellen! ⚔️   Wir rütteln an allen Türen, ein jeder soll Deutschland spüren!  💥 Die Aufkleber gibt‘s h",jungenationalisten,4537,2025-10-14T15:19:51+00:00,2841,79,https://t.me/jungenationalisten/4537
jungenationalisten:4534,,jungenationalisten,4534,2025-10-14T05:52:49+00:00,3407,0,https://t.me/jungenationalisten/4534
jungenationalisten:4533,"☝️„GRÜNE JUGEND“ TAUGT NICHT EINMAL FÜR DEN KOMPOST: GUT, DASS ES DIE JN GIBT!🇩🇪  Henriette Held und Luis Bobga sind das",jungenationalisten,4533,2025-10-14T05:52:49+00:00,3493,82,https://t.me/jungenationalisten/4533
jungenationalisten:4532,"Offener Abend – Raum Dresden  @jungenationalisten 🇩🇪  18. November 2025 | Ab 17:30 Uhr  Steh auf, komm dazu und reihe Di",jungenationalisten,4532,2025-10-09T16:08:26+00:00,4291,59,https://t.me/jungenationalisten/4532
jungenationalisten:4531,"Am 10.10. findet erneut unser „Offener Abend“ in der Kanonenstadt Essen statt.   Gegenprotest, Schikanen und Repressione",jungenationalisten,4531,2025-10-08T16:56:28+00:00,3811,67,https://t.me/jungenationalisten/4531
jungenationalisten:4530,Ausflug zum Kyffhäuserdenkmal @jungenationalisten   Am gestrigen Sonntag besuchten Anwärter/Mitglieder unserer Jugendbew,jungenationalisten,4530,2025-10-06T18:25:46+00:00,3686,92,https://t.me/jungenationalisten/4530
jungenationalisten:4529,,jungenationalisten,4529,2025-10-06T15:15:59+00:00,3559,0,https://t.me/jungenationalisten/4529
jungenationalisten:4528,,jungenationalisten,4528,2025-10-06T15:15:59+00:00,3777,0,https://t.me/jungenationalisten/4528
jungenationalisten:4527,,jungenationalisten,4527,2025-10-06T15:15:59+00:00,3569,0,https://t.me/jungenationalisten/4527
jungenationalisten:4526,,jungenationalisten,4526,2025-10-06T15:15:59+00:00,3355,0,https://t.me/jungenationalisten/4526
jungenationalisten:4525,Flugblattverteilung in Naumburg (Saale) @jungenationalisten  Vergangenen Sonnabend verteilte eine Gruppe unserer Bewegun,jungenationalisten,4525,2025-10-06T15:15:59+00:00,3109,83,https://t.me/jungenationalisten/4525
jungenationalisten:4524,🎬 Hiermit präsentieren wir Euch „wie gesagt“ Folge #041 – Im Gespräch mit dem Wehrmachtsveteranen Matrose Hugo Diederich,jungenationalisten,4524,2025-10-06T06:15:17+00:00,3204,56,https://t.me/jungenationalisten/4524
jungenationalisten:4523,Am frühen Vormittag des 27.09.2025 trafen sich einige Aktivisten und Sympathisanten der JN um gemeinsam eine Wanderung d,jungenationalisten,4523,2025-10-04T15:42:38+00:00,3467,118,https://t.me/jungenationalisten/4523
jungenationalisten:4521,Heimat- und Jugendstammtisch im Großraum Gera @jungenationalisten   Hiermit laden wir alle heimattreuen Kräfte zu unsere,jungenationalisten,4521,2025-10-02T10:44:00+00:00,3870,40,https://t.me/jungenationalisten/4521
jungenationalisten:4520,Junge Nationalisten - Das Original seit 1969! @jungenationalisten 🇩🇪  In letzter Zeit werden durch pol. Trittbrettfahrer,jungenationalisten,4520,2025-10-01T12:59:31+00:00,10516,104,https://t.me/jungenationalisten/4520
jungenationalisten:4519,,jungenationalisten,4519,2025-10-01T12:59:08+00:00,6774,0,https://t.me/jungenationalisten/4519
jungenationalisten:4518,,jungenationalisten,4518,2025-10-01T12:59:08+00:00,7231,26,https://t.me/jungenationalisten/4518
jungenationalisten:4517,Wanderung in Nordthüringen @jungenationalisten   Am vergangenen Sonnabend führte die Thüringen JN ihre Wanderung in Nord,jungenationalisten,4517,2025-09-29T19:39:26+00:00,4413,93,https://t.me/jungenationalisten/4517
jungenationalisten:4515,"Fast die 3000 geknackt!   Gemeinsam schaffen wir’s – helft mit, unseren Kanal zu verbreiten! Teilt ihn mit euren Freunde",jungenationalisten,4515,2025-09-29T09:33:40+00:00,3562,41,https://t.me/jungenationalisten/4515
jungenationalisten:4514,🎸 Offener Abend mit Überraschungs-Auftritt von Phil in Dorstfeld!  Das war eine faustdicke Überraschung für viele Gäste ,jungenationalisten,4514,2025-09-27T16:43:11+00:00,3886,85,https://t.me/jungenationalisten/4514
jungenationalisten:4513,,jungenationalisten,4513,2025-09-27T10:11:35+00:00,3470,0,https://t.me/jungenationalisten/4513
jungenationalisten:4512,,jungenationalisten,4512,2025-09-27T10:11:34+00:00,4223,0,https://t.me/jungenationalisten/4512
jungenationalisten:4511,,jungenationalisten,4511,2025-09-27T10:11:34+00:00,4148,0,https://t.me/jungenationalisten/4511
jungenationalisten:4510,,jungenationalisten,4510,2025-09-27T10:11:34+00:00,3524,0,https://t.me/jungenationalisten/4510
jungenationalisten:4509,"Dort, wo Pfade enden, beginnt unsere Entschlossenheit. @jungenationalisten 🇩🇪  Am Wochenende zog die JN-Wandertruppe hin",jungenationalisten,4509,2025-09-27T10:11:34+00:00,3247,105,https://t.me/jungenationalisten/4509
jungenationalisten:4508,Deutschland ist auch Frauensache @jungenationalisten   Deutsche Mädchen und Frauen her zu uns!  Junge Nationalisten Thür,jungenationalisten,4508,2025-09-26T15:57:08+00:00,3265,122,https://t.me/jungenationalisten/4508
jungenationalisten:4507,Weiterer Anquatschversuch im Südharz + Tonspur  In diesem Beitrag fassen wir die Ereignisse rund um einen Anquatschversu,jungenationalisten,4507,2025-09-26T12:40:55+00:00,3130,42,https://t.me/jungenationalisten/4507
jungenationalisten:4506,,jungenationalisten,4506,2025-09-25T18:51:20+00:00,0,0,https://t.me/jungenationalisten/4506
jungenationalisten:4505,,jungenationalisten,4505,2025-09-25T14:54:55+00:00,14785,0,https://t.me/jungenationalisten/4505
jungenationalisten:4504,,jungenationalisten,4504,2025-09-25T14:54:55+00:00,16086,0,https://t.me/jungenationalisten/4504
jungenationalisten:4503,,jungenationalisten,4503,2025-09-25T14:54:55+00:00,15021,0,https://t.me/jungenationalisten/4503
jungenationalisten:4502,,jungenationalisten,4502,2025-09-25T14:54:54+00:00,12723,0,https://t.me/jungenationalisten/4502
jungenationalisten:4501,,jungenationalisten,4501,2025-09-25T14:54:54+00:00,12959,0,https://t.me/jungenationalisten/4501
jungenationalisten:4500,,jungenationalisten,4500,2025-09-25T14:54:54+00:00,13021,0,https://t.me/jungenationalisten/4500
jungenationalisten:4499,,jungenationalisten,4499,2025-09-25T14:54:54+00:00,12202,0,https://t.me/jungenationalisten/4499
jungenationalisten:4498,,jungenationalisten,4498,2025-09-25T14:54:54+00:00,11674,0,https://t.me/jungenationalisten/4498
jungenationalisten:4497,,jungenationalisten,4497,2025-09-25T14:54:54+00:00,11612,0,https://t.me/jungenationalisten/4497
jungenationalisten:4496,"Gemeinschaftstag Nord 2025 @jungenationalisten 🇩🇪  Wo andere sich deprimiert den aktuellen Krisen ergeben, treffen wir u",jungenationalisten,4496,2025-09-25T14:54:54+00:00,11181,153,https://t.me/jungenationalisten/4496
jungenationalisten:4495,,jungenationalisten,4495,2025-09-24T13:54:33+00:00,3947,0,https://t.me/jungenationalisten/4495
jungenationalisten:4494,,jungenationalisten,4494,2025-09-24T13:54:33+00:00,4054,0,https://t.me/jungenationalisten/4494
jungenationalisten:4493,,jungenationalisten,4493,2025-09-24T13:54:33+00:00,3903,0,https://t.me/jungenationalisten/4493
jungenationalisten:4492,,jungenationalisten,4492,2025-09-24T13:54:33+00:00,3576,0,https://t.me/jungenationalisten/4492
jungenationalisten:4491,,jungenationalisten,4491,2025-09-24T13:54:33+00:00,3417,0,https://t.me/jungenationalisten/4491
jungenationalisten:4490,,jungenationalisten,4490,2025-09-24T13:54:33+00:00,3572,0,https://t.me/jungenationalisten/4490
jungenationalisten:4489,,jungenationalisten,4489,2025-09-24T13:54:33+00:00,3494,0,https://t.me/jungenationalisten/4489
jungenationalisten:4488,,jungenationalisten,4488,2025-09-24T13:54:33+00:00,3407,0,https://t.me/jungenationalisten/4488
jungenationalisten:4487,,jungenationalisten,4487,2025-09-24T13:54:33+00:00,3487,0,https://t.me/jungenationalisten/4487
jungenationalisten:4486,CSD in Döbeln? Die deutsche Jugend rebelliert! @jungenationalisten  🇩🇪   Natürlich blieb auch die vierte  LGBTQ-Kuriosit,jungenationalisten,4486,2025-09-24T13:54:32+00:00,3446,83,https://t.me/jungenationalisten/4486
jungenationalisten:4485,"Wer sich für die HEIMAT entscheidet, verpflichtet sich zu einem ehrhaften Verhalten. Wer gegen elementare Grundsätze des",jungenationalisten,4485,2025-09-24T07:23:57+00:00,2731,50,https://t.me/jungenationalisten/4485
jungenationalisten:4484,📢 🤝 Kommt Freitag zum Offenen Abend von HEIMAT Dortmund und HEIMAT-Jugend in Dorstfeld - um 19.30 Uhr geht es los!  Adre,jungenationalisten,4484,2025-09-24T06:09:41+00:00,2939,31,https://t.me/jungenationalisten/4484
jungenationalisten:4483,CSD in Döbeln?  Wir halten dagegen! @jungenationalisten 🇩🇪   Immer aggressiver frisst sich die Genderpropaganda wie ein ,jungenationalisten,4483,2025-09-23T14:41:31+00:00,2719,72,https://t.me/jungenationalisten/4483
jungenationalisten:4482,,jungenationalisten,4482,2025-09-23T11:33:22+00:00,3271,0,https://t.me/jungenationalisten/4482
jungenationalisten:4481,,jungenationalisten,4481,2025-09-23T11:33:22+00:00,3496,0,https://t.me/jungenationalisten/4481
jungenationalisten:4480,,jungenationalisten,4480,2025-09-23T11:33:22+00:00,3224,0,https://t.me/jungenationalisten/4480
jungenationalisten:4479,,jungenationalisten,4479,2025-09-23T11:33:22+00:00,3287,0,https://t.me/jungenationalisten/4479
jungenationalisten:4478,,jungenationalisten,4478,2025-09-23T11:33:22+00:00,3142,0,https://t.me/jungenationalisten/4478
jungenationalisten:4477,,jungenationalisten,4477,2025-09-23T11:33:22+00:00,3221,0,https://t.me/jungenationalisten/4477
jungenationalisten:4476,,jungenationalisten,4476,2025-09-23T11:33:22+00:00,3162,0,https://t.me/jungenationalisten/4476
jungenationalisten:4475,,jungenationalisten,4475,2025-09-23T11:33:21+00:00,3176,0,https://t.me/jungenationalisten/4475
jungenationalisten:4474,"Freunde, es ist Sommer ☀️  Hier habt ihr alle unsere Hemden👕 im Überblick: 🇩🇪 „Kämpfen für Europa“ 🥁 „Freiheitskämpfer“ ",jungenationalisten,4474,2025-09-23T11:33:21+00:00,3140,43,https://t.me/jungenationalisten/4474
jungenationalisten:4473,Die Thüringer JN schickt deutsche Grüße aus Jamel (MuP). @jungenationalisten   Junge Nationalisten Thüringen: Folgt uns ,jungenationalisten,4473,2025-09-22T17:31:08+00:00,3308,141,https://t.me/jungenationalisten/4473
jungenationalisten:4472,"Döbeln: Für eine Jugend ohne Identitätsstörung! @jungenationalisten 🇩🇪  Wir wachsen in einer Zeit auf, in der uns ständi",jungenationalisten,4472,2025-09-19T08:10:17+00:00,4369,66,https://t.me/jungenationalisten/4472
jungenationalisten:4470,"Na, wer hat seinen Lehrern wieder zu viel vom Wochenende erzählt? 😎🥾 @jungenationalisten 🇩🇪  (…)Und: Schüler aus dem Kre",jungenationalisten,4470,2025-09-17T11:39:16+00:00,5344,71,https://t.me/jungenationalisten/4470
jungenationalisten:4469,Deine Spende hält der rebellischen Jugend den Rücken frei! @jungenationalisten 🇩🇪  Als Junge Nationalisten sammeln und b,jungenationalisten,4469,2025-09-17T09:42:06+00:00,3711,51,https://t.me/jungenationalisten/4469
jungenationalisten:4468,Heimat- und Jugendstammtisch im Großraum Gera @jungenationalisten   Hiermit laden wir alle heimattreuen Kräfte zu unsere,jungenationalisten,4468,2025-09-16T07:04:32+00:00,3468,50,https://t.me/jungenationalisten/4468
jungenationalisten:4467,"Demonstration gegen den CSD in Döbeln! @jungenationalisten  „HEIMAT fängt beim Kinde an – mit Mutter, Vater, Frau und Ma",jungenationalisten,4467,2025-09-15T11:04:58+00:00,3368,77,https://t.me/jungenationalisten/4467
jungenationalisten:4465,,jungenationalisten,4465,2025-09-14T15:09:37+00:00,3558,0,https://t.me/jungenationalisten/4465
jungenationalisten:4464,,jungenationalisten,4464,2025-09-14T15:09:37+00:00,4093,0,https://t.me/jungenationalisten/4464
jungenationalisten:4463,,jungenationalisten,4463,2025-09-14T15:09:37+00:00,3937,0,https://t.me/jungenationalisten/4463
jungenationalisten:4462,Gestern fand wieder eine kooperative Aktion der Standorte Thüringen und Sachsen-Anhalt statt .  Die Aktivisten trafen si,jungenationalisten,4462,2025-09-14T15:09:37+00:00,3594,72,https://t.me/jungenationalisten/4462
jungenationalisten:4461,🇩🇪 Erfolgreicher Aktionstag im Ruhrgebiet! 🇩🇪   Am 12.09.2025 hat die nationale Opposition im Ruhrgebiet mit 3 Kundgebun,jungenationalisten,4461,2025-09-13T12:05:03+00:00,3494,40,https://t.me/jungenationalisten/4461
jungenationalisten:4460,,jungenationalisten,4460,2025-09-13T12:05:03+00:00,3278,34,https://t.me/jungenationalisten/4460
jungenationalisten:4459,,jungenationalisten,4459,2025-09-13T10:25:36+00:00,3592,0,https://t.me/jungenationalisten/4459
jungenationalisten:4458,,jungenationalisten,4458,2025-09-13T10:25:36+00:00,4053,0,https://t.me/jungenationalisten/4458
jungenationalisten:4457,🇩🇪 UDO VOIGT – PRÄGUNG FÜR DIE EWIGKEIT 🕯  Am 17. Juli 2025 verstarb unser langjähriger Vorsitzender Udo Voigt (*14. Apr,jungenationalisten,4457,2025-09-13T10:25:36+00:00,2964,23,https://t.me/jungenationalisten/4457
jungenationalisten:4456,,jungenationalisten,4456,2025-09-11T13:34:22+00:00,4605,0,https://t.me/jungenationalisten/4456
jungenationalisten:4455,,jungenationalisten,4455,2025-09-11T13:34:22+00:00,4755,0,https://t.me/jungenationalisten/4455
jungenationalisten:4454,,jungenationalisten,4454,2025-09-11T13:34:22+00:00,4062,0,https://t.me/jungenationalisten/4454
jungenationalisten:4453,,jungenationalisten,4453,2025-09-11T13:34:22+00:00,3517,0,https://t.me/jungenationalisten/4453
jungenationalisten:4452,,jungenationalisten,4452,2025-09-11T13:34:22+00:00,3692,0,https://t.me/jungenationalisten/4452
jungenationalisten:4451,,jungenationalisten,4451,2025-09-11T13:34:22+00:00,3710,0,https://t.me/jungenationalisten/4451
jungenationalisten:4450,,jungenationalisten,4450,2025-09-11T13:34:22+00:00,3420,0,https://t.me/jungenationalisten/4450
jungenationalisten:4449,,jungenationalisten,4449,2025-09-11T13:34:21+00:00,3386,0,https://t.me/jungenationalisten/4449
jungenationalisten:4448,Demonstration gegen den CSD in Freiberg! @jungenationalisten 🇩🇪  Starke Worte und heimatverbundene Musik begleiteten am ,jungenationalisten,4448,2025-09-11T13:34:21+00:00,3347,96,https://t.me/jungenationalisten/4448
jungenationalisten:4447,Der Nationalismus ist nicht nur auf die Grenzen der BRD beschränkt. Auch auf Internationaler Ebene heißt es Kontakte zu ,jungenationalisten,4447,2025-09-10T17:30:35+00:00,3531,102,https://t.me/jungenationalisten/4447
jungenationalisten:4446,Deutsche Kinder braucht das Land! @jungenationalisten    Die Geburtenrate ist so niedrig wie noch nie! 2024 bekam eine F,jungenationalisten,4446,2025-09-09T17:48:11+00:00,3707,126,https://t.me/jungenationalisten/4446
jungenationalisten:4445,"Komm vorbei, vernetze dich, tausche dich mit Gleichgesinnten aus und zeige erneut das es eine stabile Jugend gibt, die k",jungenationalisten,4445,2025-09-08T16:42:53+00:00,3869,56,https://t.me/jungenationalisten/4445
jungenationalisten:4444,"Ihr wollt immer auf dem neusten Stand unserer Aktivitäten im Freistaat sein? Ihr wollt das noch mehr Menschen sehen, was",jungenationalisten,4444,2025-09-07T08:50:57+00:00,3660,62,https://t.me/jungenationalisten/4444
jungenationalisten:4443,"Für eine Jugend ohne Identitätsstörung! @jungenationalisten 🇩🇪  Wir wachsen in einer Zeit auf, in der uns ständig einger",jungenationalisten,4443,2025-09-05T14:52:28+00:00,3537,62,https://t.me/jungenationalisten/4443
jungenationalisten:4442,"Material für Aktivisten – Jetzt aktiv werden!   Alle Bestellungen, die bis heute bezahlt wurden, gehen heute noch zur Po",jungenationalisten,4442,2025-09-05T09:33:26+00:00,3025,41,https://t.me/jungenationalisten/4442
jungenationalisten:4441,,jungenationalisten,4441,2025-09-04T09:52:11+00:00,3458,0,https://t.me/jungenationalisten/4441
jungenationalisten:4440,📚 JN-Leitstern - Die weltanschaulichen Grundlagen für die nationalistische Jugend!  Inhalt: Zum Grundverständnis - Die D,jungenationalisten,4440,2025-09-04T09:52:11+00:00,3746,39,https://t.me/jungenationalisten/4440
jungenationalisten:4439,"📢 ""Gegen Repression hilft nur noch mehr Demonstration!"" - Noch elf Tage bis zur nächsten Demo in Münster!  ▪️Die Versamm",jungenationalisten,4439,2025-09-02T16:36:46+00:00,3665,59,https://t.me/jungenationalisten/4439
jungenationalisten:4438,"🕯Trauermarsch für Liana in Leinefelde  Im Gedenken an die 16-jährige Liana, die von einem abgelehnten Asylbewerber vor e",jungenationalisten,4438,2025-09-01T11:58:31+00:00,3219,84,https://t.me/jungenationalisten/4438
jungenationalisten:4437,,jungenationalisten,4437,2025-09-01T09:27:15+00:00,3105,0,https://t.me/jungenationalisten/4437
jungenationalisten:4436,,jungenationalisten,4436,2025-09-01T09:27:15+00:00,3997,0,https://t.me/jungenationalisten/4436
jungenationalisten:4435,,jungenationalisten,4435,2025-09-01T09:27:15+00:00,3591,0,https://t.me/jungenationalisten/4435
jungenationalisten:4434,"🇩🇪 Wahlkampfkundgebungen in Duisburg, Oberhausen und Gelsenkirchen durchgeführt! 📣   Am 30.08. führte die HEIMAT eine Ku",jungenationalisten,4434,2025-09-01T09:27:15+00:00,2926,35,https://t.me/jungenationalisten/4434
jungenationalisten:4433,Wanderung in Nordthüringen  @jungenationalisten   Am 27.09.2025 planen wir eine Wanderung in Nordthüringen. Gemeinsam wo,jungenationalisten,4433,2025-09-01T08:52:43+00:00,3530,34,https://t.me/jungenationalisten/4433
jungenationalisten:4432,„FLAK“ bringt es auf den Punkt – „Bullen kein Wort“  Wir holen diesen alten Beitrag noch einmal aus unserem Blogarchiv -,jungenationalisten,4432,2025-08-29T06:45:18+00:00,4245,63,https://t.me/jungenationalisten/4432
jungenationalisten:4431,"📣 Hallo Ruhrgebiet 📣   Am 30.08. führt die HEIMAT ihre erste „Tour de Ruhr“ zur Ruhrwahl 2025 durch.   In Duisburg, Ober",jungenationalisten,4431,2025-08-28T12:16:40+00:00,4044,48,https://t.me/jungenationalisten/4431
jungenationalisten:4430,Theodor Körner (1791–1813) wuchs in Dresden in einem Umfeld bedeutender Dichter und Denker auf. Früh zeigte er künstleri,jungenationalisten,4430,2025-08-27T15:29:39+00:00,3457,67,https://t.me/jungenationalisten/4430
jungenationalisten:4428,🕯️ Aufkleber: Zum 212. Todestag Theodor Körners  Carl Theodor Körner war ein deutscher Schriftsteller und Freiheitskämpf,jungenationalisten,4428,2025-08-27T08:29:05+00:00,3302,52,https://t.me/jungenationalisten/4428
jungenationalisten:4427,,jungenationalisten,4427,2025-08-26T14:46:25+00:00,3489,0,https://t.me/jungenationalisten/4427
jungenationalisten:4426,"📢 Kommt am Freitag, den 29. August, zum Offenen Abend von HEIMAT Dortmund und HEIMAT-Jugend in Dorstfeld!  🤝 Der Offene ",jungenationalisten,4426,2025-08-26T14:46:25+00:00,3832,75,https://t.me/jungenationalisten/4426
jungenationalisten:4425,,jungenationalisten,4425,2025-08-25T11:42:21+00:00,8894,0,https://t.me/jungenationalisten/4425
jungenationalisten:4424,,jungenationalisten,4424,2025-08-25T11:42:21+00:00,9143,0,https://t.me/jungenationalisten/4424
jungenationalisten:4423,,jungenationalisten,4423,2025-08-25T11:42:21+00:00,8724,0,https://t.me/jungenationalisten/4423
jungenationalisten:4422,,jungenationalisten,4422,2025-08-25T11:42:21+00:00,7356,0,https://t.me/jungenationalisten/4422
jungenationalisten:4421,,jungenationalisten,4421,2025-08-25T11:42:21+00:00,7421,0,https://t.me/jungenationalisten/4421
jungenationalisten:4420,,jungenationalisten,4420,2025-08-25T11:42:21+00:00,7754,0,https://t.me/jungenationalisten/4420
jungenationalisten:4419,,jungenationalisten,4419,2025-08-25T11:42:21+00:00,6567,0,https://t.me/jungenationalisten/4419
jungenationalisten:4418,,jungenationalisten,4418,2025-08-25T11:42:21+00:00,6555,0,https://t.me/jungenationalisten/4418
jungenationalisten:4417,,jungenationalisten,4417,2025-08-25T11:42:20+00:00,6522,0,https://t.me/jungenationalisten/4417
jungenationalisten:4416,Sommerfest 2025 in Riesa @jungenationalisten 🇩🇪   Ein unvergessliches Wochenende liegt hinter uns! Das alljährliche patr,jungenationalisten,4416,2025-08-25T11:42:20+00:00,6168,79,https://t.me/jungenationalisten/4416
jungenationalisten:4415,,jungenationalisten,4415,2025-08-24T18:44:30+00:00,12949,0,https://t.me/jungenationalisten/4415
jungenationalisten:4414,,jungenationalisten,4414,2025-08-24T18:44:30+00:00,14793,0,https://t.me/jungenationalisten/4414
jungenationalisten:4413,,jungenationalisten,4413,2025-08-24T18:44:29+00:00,15497,0,https://t.me/jungenationalisten/4413
jungenationalisten:4412,,jungenationalisten,4412,2025-08-24T18:44:29+00:00,12362,0,https://t.me/jungenationalisten/4412
jungenationalisten:4411,,jungenationalisten,4411,2025-08-24T18:44:29+00:00,12868,0,https://t.me/jungenationalisten/4411
jungenationalisten:4410,,jungenationalisten,4410,2025-08-24T18:44:29+00:00,13075,0,https://t.me/jungenationalisten/4410
jungenationalisten:4409,,jungenationalisten,4409,2025-08-24T18:44:29+00:00,12302,0,https://t.me/jungenationalisten/4409
jungenationalisten:4408,,jungenationalisten,4408,2025-08-24T18:44:29+00:00,11720,0,https://t.me/jungenationalisten/4408
jungenationalisten:4407,,jungenationalisten,4407,2025-08-24T18:44:29+00:00,11609,0,https://t.me/jungenationalisten/4407
jungenationalisten:4406,"Demonstration gegen den CSD Magdeburg @jungenationalisten 🇩🇪  Starke Reden von Thorsten Heise und Sven Skoda, heimatverb",jungenationalisten,4406,2025-08-24T18:44:29+00:00,11089,138,https://t.me/jungenationalisten/4406
jungenationalisten:4405,"Was für ein schönes Gefühl, frei und offen als Junger Nationalist zu leben!  Heute auf der Demo für Familie, Heimat & Na",jungenationalisten,4405,2025-08-23T16:25:14+00:00,3516,113,https://t.me/jungenationalisten/4405
jungenationalisten:4404,🏛Die ersten Bescheide werden aktuell aufgehoben und den Rechtsbrechern ihre eigenen Gesetze erklärt. 🥁✊  Sollte noch jem,jungenationalisten,4404,2025-08-22T10:37:11+00:00,4819,77,https://t.me/jungenationalisten/4404
jungenationalisten:4403,⚠️ Achtung: Polizei belästigt Nationalisten mit Aufenthaltsverboten und Meldeauflagen  Liegen die Nerven bei Polizei und,jungenationalisten,4403,2025-08-21T14:33:20+00:00,7600,87,https://t.me/jungenationalisten/4403
jungenationalisten:4402,"Nein zum CSD in Magdeburg! @jungenationalisten 🇩🇪  Während Medien, Zivilgesellschaft und linke Lehrer die Zerstörung ein",jungenationalisten,4402,2025-08-21T10:53:51+00:00,2831,74,https://t.me/jungenationalisten/4402
jungenationalisten:4401,"+++ INFORMATIONEN +++  Aktuell ist uns die Beantwortung von Nachrichten, welche über das Kontaktfomular geschrieben wurd",jungenationalisten,4401,2025-08-20T20:08:44+00:00,3627,50,https://t.me/jungenationalisten/4401
jungenationalisten:4400,,jungenationalisten,4400,2025-08-19T13:56:55+00:00,3835,0,https://t.me/jungenationalisten/4400
jungenationalisten:4399,,jungenationalisten,4399,2025-08-19T13:56:54+00:00,4019,0,https://t.me/jungenationalisten/4399
jungenationalisten:4398,,jungenationalisten,4398,2025-08-19T13:56:54+00:00,3871,0,https://t.me/jungenationalisten/4398
jungenationalisten:4397,"Aktionstag in Luthers Heimat!  Vergangenes Wochenende führten Mitglieder unserer JN in der Lutherstadt Eisleben eine ""So",jungenationalisten,4397,2025-08-19T13:56:54+00:00,3508,94,https://t.me/jungenationalisten/4397
jungenationalisten:4396,Am 23. August demonstrieren wir gemeinsam gegen den CSD in Friedberg (Wetteraukreis). Sei dabei und lass uns gemeinsam e,jungenationalisten,4396,2025-08-19T08:43:30+00:00,3278,60,https://t.me/jungenationalisten/4396
jungenationalisten:4395,,jungenationalisten,4395,2025-08-18T18:50:17+00:00,3752,0,https://t.me/jungenationalisten/4395
jungenationalisten:4394,,jungenationalisten,4394,2025-08-18T18:50:17+00:00,4113,0,https://t.me/jungenationalisten/4394
jungenationalisten:4393,,jungenationalisten,4393,2025-08-18T18:50:17+00:00,3756,0,https://t.me/jungenationalisten/4393
jungenationalisten:4392,,jungenationalisten,4392,2025-08-18T18:50:17+00:00,3304,0,https://t.me/jungenationalisten/4392
jungenationalisten:4391,,jungenationalisten,4391,2025-08-18T18:50:17+00:00,3318,0,https://t.me/jungenationalisten/4391
jungenationalisten:4390,,jungenationalisten,4390,2025-08-18T18:50:17+00:00,3268,0,https://t.me/jungenationalisten/4390
jungenationalisten:4389,,jungenationalisten,4389,2025-08-18T18:50:17+00:00,2961,0,https://t.me/jungenationalisten/4389
jungenationalisten:4388,,jungenationalisten,4388,2025-08-18T18:50:17+00:00,2937,0,https://t.me/jungenationalisten/4388
jungenationalisten:4387,Tagesfahrt bei Freyburg (Unstrut)  @jungenationalisten  Am Sonnabend führte uns eine Tagesfahrt in die Umgebung von Frey,jungenationalisten,4387,2025-08-18T18:50:17+00:00,2897,100,https://t.me/jungenationalisten/4387
jungenationalisten:4377,"Der CSD-Zirkus kommt in eure Stadt? >>In diesem Paket<< bekommt ihr alles, um euren Protesten ausdruck zu verleihen. @ju",jungenationalisten,4377,2025-08-18T16:22:36+00:00,2775,63,https://t.me/jungenationalisten/4377
jungenationalisten:4376,"Das Sommerfest des DS-Verlages steigt dieses Jahr am Sonnabend, 23. August, auf dem Verlagsgelände (G.-Scholl-Str. 4, 01",jungenationalisten,4376,2025-08-18T10:23:27+00:00,3056,37,https://t.me/jungenationalisten/4376
jungenationalisten:4375,,jungenationalisten,4375,2025-08-16T17:09:26+00:00,0,0,https://t.me/jungenationalisten/4375
jungenationalisten:4374,"Nein zum CSD in Magdeburg! @jungenationalisten 🇩🇪  Während Medien, Zivilgesellschaft und linke Lehrer die Zerstörung ein",jungenationalisten,4374,2025-08-16T08:12:20+00:00,13081,118,https://t.me/jungenationalisten/4374
jungenationalisten:4373,"Heute, vor genau 64 Jahren, begann ein Kapitel deutscher Geschichte, das sich unauslöschlich in unser kollektives Gedäch",jungenationalisten,4373,2025-08-13T12:24:58+00:00,4937,76,https://t.me/jungenationalisten/4373
jungenationalisten:4372,Impression von Gera @jungenationalisten  @heimat_th   Jeden Montag gehen Bürger aus Gera und Umgebung auf die Straße.  N,jungenationalisten,4372,2025-08-12T16:58:27+00:00,3888,80,https://t.me/jungenationalisten/4372
jungenationalisten:4371,,jungenationalisten,4371,2025-08-12T10:23:44+00:00,3964,0,https://t.me/jungenationalisten/4371
jungenationalisten:4370,,jungenationalisten,4370,2025-08-12T10:23:43+00:00,4341,0,https://t.me/jungenationalisten/4370
jungenationalisten:4369,,jungenationalisten,4369,2025-08-12T10:23:43+00:00,3938,0,https://t.me/jungenationalisten/4369
jungenationalisten:4368,,jungenationalisten,4368,2025-08-12T10:23:43+00:00,4260,0,https://t.me/jungenationalisten/4368
jungenationalisten:4367,,jungenationalisten,4367,2025-08-12T10:23:43+00:00,3346,0,https://t.me/jungenationalisten/4367
jungenationalisten:4366,,jungenationalisten,4366,2025-08-12T10:23:43+00:00,3811,0,https://t.me/jungenationalisten/4366
jungenationalisten:4365,,jungenationalisten,4365,2025-08-12T10:23:43+00:00,3445,0,https://t.me/jungenationalisten/4365
jungenationalisten:4364,,jungenationalisten,4364,2025-08-12T10:23:43+00:00,3305,0,https://t.me/jungenationalisten/4364
jungenationalisten:4363,,jungenationalisten,4363,2025-08-12T10:23:43+00:00,3446,0,https://t.me/jungenationalisten/4363
jungenationalisten:4362,"Bautzen steht auf – für Familie, für Werte und gegen den CSD-Zirkus! @jungenationalisten 🇩🇪   Am Sonntag, den 10. August",jungenationalisten,4362,2025-08-12T10:23:43+00:00,3032,89,https://t.me/jungenationalisten/4362
jungenationalisten:4361,Unsere Antwort auf Ausländergewalt: Millionenfache Remigration! 🤍💚  Nach dem Überfall in einem Zwickauer Nachtclub sind ,jungenationalisten,4361,2025-08-11T18:23:29+00:00,3064,76,https://t.me/jungenationalisten/4361
jungenationalisten:4360,JN-Infostand bei Zwickauer Remigrations-Demo! @jungenationalisten 🇩🇪   Immer mehr Mitstreiter unterstützen den großen Re,jungenationalisten,4360,2025-08-11T11:09:06+00:00,5781,45,https://t.me/jungenationalisten/4360
jungenationalisten:4359,"Im Kampf für Deutschland!  Bautzen bleibt hetero! @jungenationalisten 🇩🇪   Wir wollen nicht nur reden, sondern auch hand",jungenationalisten,4359,2025-08-10T13:55:20+00:00,6300,100,https://t.me/jungenationalisten/4359
jungenationalisten:4358,Bautzen zeigt Haltung und macht diesen woken Unsinn nicht mit! @jungenationalisten 🇩🇪   Heute rollten nicht nur bunte Wa,jungenationalisten,4358,2025-08-10T13:20:12+00:00,2586,87,https://t.me/jungenationalisten/4358
jungenationalisten:4357,"CSD in Bautzen? Nein, danke! @jungenationalisten 🇩🇪   Nachdem die Auflagen verlesen und die ersten Redner mit klaren Wor",jungenationalisten,4357,2025-08-10T13:00:35+00:00,2642,70,https://t.me/jungenationalisten/4357
jungenationalisten:4356,"Noch eine kleine Impression aus Bautzen! @jungenationalisten 🇩🇪   Heute sind wir erneut auf der Straße, um unsere kritis",jungenationalisten,4356,2025-08-10T12:07:08+00:00,2419,65,https://t.me/jungenationalisten/4356
jungenationalisten:4355,Ganz Deutschland hasst den CSD! @jungenationalisten 🇩🇪   Der Platz füllt sich! Gleich beginnt unsere Protestveranstaltun,jungenationalisten,4355,2025-08-10T11:05:06+00:00,2470,94,https://t.me/jungenationalisten/4355
jungenationalisten:4354,,jungenationalisten,4354,2025-08-10T10:08:06+00:00,2594,0,https://t.me/jungenationalisten/4354
jungenationalisten:4353,,jungenationalisten,4353,2025-08-10T10:08:06+00:00,2637,0,https://t.me/jungenationalisten/4353
jungenationalisten:4352,,jungenationalisten,4352,2025-08-10T10:08:06+00:00,2567,0,https://t.me/jungenationalisten/4352
jungenationalisten:4351,Wir sind in Bautzen! @jungenationalisten 🇩🇪   Der Infostand steht!  Immer mehr Menschen füllen den Versammlungsplatz.  T,jungenationalisten,4351,2025-08-10T10:08:06+00:00,2544,68,https://t.me/jungenationalisten/4351
jungenationalisten:4350,"Umwelt- und Heimatschutz in Ilmenau @jungenationalisten  @heimat_th   Am gestrigen Sonnabend führten Aktivisten, anläßli",jungenationalisten,4350,2025-08-10T07:45:24+00:00,2735,65,https://t.me/jungenationalisten/4350
jungenationalisten:4349,,jungenationalisten,4349,2025-08-09T14:35:31+00:00,2736,0,https://t.me/jungenationalisten/4349
jungenationalisten:4348,Morgen: Alle nach Bautzen! Die JN und die Freien Sachsen sind mit einem Infostand vertreten.  @jungenationalisten 🇩🇪   📅,jungenationalisten,4348,2025-08-09T14:35:30+00:00,2899,63,https://t.me/jungenationalisten/4348
jungenationalisten:4347,🇩🇪 Offener Abend in Essen trotz Schikanen und linker Gewalt erfolgreich durchgeführt! 🏴  Am 08.08. führten HEIMAT/JN ern,jungenationalisten,4347,2025-08-09T07:34:59+00:00,2754,50,https://t.me/jungenationalisten/4347
jungenationalisten:4346,"🚨 Erinnerung 🚨   Morgen findet wieder einer unserer „Offenen Abende“ statt, um dir 🫵🏻 die Möglichkeit zu geben, dich zu ",jungenationalisten,4346,2025-08-07T19:18:03+00:00,3183,0,https://t.me/jungenationalisten/4346
jungenationalisten:4345,,jungenationalisten,4345,2025-08-07T19:18:03+00:00,3313,48,https://t.me/jungenationalisten/4345
jungenationalisten:4344,"⚖️ Rechtsschulung am Sonntag, den 10. August 2025, im Ruhrgebiet!  Die Grundlagen-Schulung wendet sich an junge / neue A",jungenationalisten,4344,2025-08-07T18:49:14+00:00,2903,43,https://t.me/jungenationalisten/4344
jungenationalisten:4343,,jungenationalisten,4343,2025-08-06T13:54:40+00:00,3692,0,https://t.me/jungenationalisten/4343
jungenationalisten:4342,,jungenationalisten,4342,2025-08-06T13:54:40+00:00,4037,0,https://t.me/jungenationalisten/4342
jungenationalisten:4341,,jungenationalisten,4341,2025-08-06T13:54:40+00:00,3601,0,https://t.me/jungenationalisten/4341
jungenationalisten:4340,,jungenationalisten,4340,2025-08-06T13:54:40+00:00,3452,0,https://t.me/jungenationalisten/4340
jungenationalisten:4339,,jungenationalisten,4339,2025-08-06T13:54:40+00:00,3267,0,https://t.me/jungenationalisten/4339
jungenationalisten:4338,,jungenationalisten,4338,2025-08-06T13:54:40+00:00,3342,0,https://t.me/jungenationalisten/4338
jungenationalisten:4337,,jungenationalisten,4337,2025-08-06T13:54:40+00:00,3129,0,https://t.me/jungenationalisten/4337
jungenationalisten:4336,,jungenationalisten,4336,2025-08-06T13:54:40+00:00,3112,0,https://t.me/jungenationalisten/4336
jungenationalisten:4335,,jungenationalisten,4335,2025-08-06T13:54:40+00:00,2964,0,https://t.me/jungenationalisten/4335
jungenationalisten:4334,JN-Aktivistentag in Sachsen – Selbstverteidigung ist Pflicht! @jungenationalisten 🇩🇪  Unser Aktivistentag in Sachsen ver,jungenationalisten,4334,2025-08-06T13:54:40+00:00,2960,78,https://t.me/jungenationalisten/4334
jungenationalisten:4333,"Tischsprüche – Ausdruck von Dank und Gemeinschaft!  Tischsprüche zu besonderen Anlässen, vor und nach dem gemeinsamen Ma",jungenationalisten,4333,2025-08-05T13:26:16+00:00,3716,83,https://t.me/jungenationalisten/4333
jungenationalisten:4332,,jungenationalisten,4332,2025-08-04T11:31:01+00:00,3899,90,https://t.me/jungenationalisten/4332
jungenationalisten:4331,"Bleib aktiv – halte deine Heimat sauber! 🇩🇪💪  Du willst auch starke Aufkleber, die ein klares Zeichen setzen? Dann schre",jungenationalisten,4331,2025-08-02T10:15:34+00:00,4287,92,https://t.me/jungenationalisten/4331
jungenationalisten:4330,"Typus und Recht!   Die Aufgabe des Staates ist es, ein Recht zu schaffen, das die Typenbildung im Volk fördert und desse",jungenationalisten,4330,2025-08-01T13:59:55+00:00,4443,61,https://t.me/jungenationalisten/4330
jungenationalisten:4329,Deutsche Jugend erwache! @jungenationalisten @heimat_th   Wie lange schaust du noch weg? Wie lange willst du noch zu Hau,jungenationalisten,4329,2025-07-29T18:08:29+00:00,4848,109,https://t.me/jungenationalisten/4329
jungenationalisten:4328,Keine Macht den Drogen! @jungenationalisten   Unter dem Vorwand einer „modernen Drogenpolitik“ will die BRD ihre Bürger ,jungenationalisten,4328,2025-07-28T17:25:55+00:00,4843,123,https://t.me/jungenationalisten/4328
jungenationalisten:4325,"🕯Danke, Horst. Danke für Alles! 🕯  Ein Kämpfer für Deutschland und für das Recht verabschiedet sich an seinem Hochzeitst",jungenationalisten,4325,2025-07-27T19:38:42+00:00,4066,131,https://t.me/jungenationalisten/4325
jungenationalisten:4324,Erzwungener Fingerabdruck zur Entsperrung des Mobiltelefons  Es kann nicht oft genug betont werden: Schützt eure Geräte ,jungenationalisten,4324,2025-07-26T19:33:36+00:00,4825,70,https://t.me/jungenationalisten/4324
jungenationalisten:4323,,jungenationalisten,4323,2025-07-25T09:47:26+00:00,5479,0,https://t.me/jungenationalisten/4323
jungenationalisten:4322,,jungenationalisten,4322,2025-07-25T09:47:26+00:00,5894,0,https://t.me/jungenationalisten/4322
jungenationalisten:4321,,jungenationalisten,4321,2025-07-25T09:47:26+00:00,5686,0,https://t.me/jungenationalisten/4321
jungenationalisten:4320,,jungenationalisten,4320,2025-07-25T09:47:26+00:00,4956,0,https://t.me/jungenationalisten/4320
jungenationalisten:4319,,jungenationalisten,4319,2025-07-25T09:47:26+00:00,4661,0,https://t.me/jungenationalisten/4319
jungenationalisten:4318,⚫️⚪️🔴 Trotz erneuten Polizeischikanen in Münster: Kein Verbot stoppt Schwarz-Weiß-Rot!  Bildmaterial: BlickpunktTV  Eine,jungenationalisten,4318,2025-07-25T09:47:26+00:00,4219,129,https://t.me/jungenationalisten/4318
jungenationalisten:4317,Reih dich ein! 🔥 t.me/jungenationalisten 🇩🇪  Material für Aktivisten 📢 www.frontdienst.de   Mittendrin statt nur dabei 📲,jungenationalisten,4317,2025-07-25T06:50:27+00:00,4391,102,https://t.me/jungenationalisten/4317
jungenationalisten:4316,Komm in den organisierten Widerstand! @Jungenationalisten   Seit Jahren betreibt die BRD eine verfehlte Ausländerpolitik,jungenationalisten,4316,2025-07-24T17:44:40+00:00,4656,85,https://t.me/jungenationalisten/4316
jungenationalisten:4315,,jungenationalisten,4315,2025-07-24T11:23:53+00:00,0,0,https://t.me/jungenationalisten/4315
jungenationalisten:4314,Jugendbewegung – Seit 1969 (Hemd) @jungenationalisten 🇩🇪  Der Klassiker in weinrot.  Jetzt bestellen und stilsicher den ,jungenationalisten,4314,2025-07-24T10:42:52+00:00,5514,60,https://t.me/jungenationalisten/4314
jungenationalisten:4313,Aktivistentag Sachsen @jungenationalisten 🇩🇪  WAS ERWARTET DICH?  🥊 Selbstverteidigungskurs  – Stärke Körper und Geist  ,jungenationalisten,4313,2025-07-23T12:46:55+00:00,5023,47,https://t.me/jungenationalisten/4313
jungenationalisten:4311,,jungenationalisten,4311,2025-07-23T10:30:49+00:00,4177,0,https://t.me/jungenationalisten/4311
jungenationalisten:4310,Die Haube für den Widerstand! - Widerstand ist Pflicht. - t.me/jungenationalisten 🇩🇪  Wer kennt sie nicht – diese wilden,jungenationalisten,4310,2025-07-23T10:30:49+00:00,4370,53,https://t.me/jungenationalisten/4310
jungenationalisten:4309,Schlauchschal - JN - Widerstand ist Pflicht. -  Dieses Multifunktionstuch bietet euch viele verschiedene Tragemöglichkei,jungenationalisten,4309,2025-07-22T08:29:31+00:00,3990,79,https://t.me/jungenationalisten/4309
jungenationalisten:4308,"[2/2] Wie gern wäre ich mit dir noch einmal über deutsche Gewässer gesegelt. Tot sind nur jene, die vergessen werden, Du",jungenationalisten,4308,2025-07-21T13:44:33+00:00,4318,68,https://t.me/jungenationalisten/4308
jungenationalisten:4307,"[1/2] Mit Udo Voigt ist am Donnerstag jemand von uns gegangen, der das gelebt hat, was wir uns auf die Fahne schreiben. ",jungenationalisten,4307,2025-07-21T13:43:41+00:00,4321,96,https://t.me/jungenationalisten/4307
jungenationalisten:4306,"„Weiblichkeit ist nicht laut, sie ist leise wie der Mond – und doch lenkt sie die Gezeiten.“  Weiblichkeit ist kein star",jungenationalisten,4306,2025-07-21T13:17:57+00:00,3689,109,https://t.me/jungenationalisten/4306
jungenationalisten:4301,"Das Sommerfest des DS-Verlages steigt dieses Jahr am Sonnabend, 23. August, auf dem Verlagsgelände (G.-Scholl-Str. 4, 01",jungenationalisten,4301,2025-07-19T08:04:44+00:00,3913,47,https://t.me/jungenationalisten/4301
jungenationalisten:4300,"Liebe Kameradinnen und Kameraden, liebe Freunde,  in tiefer Trauer geben wir den Tod von Udo Voigt bekannt – Offizier au",jungenationalisten,4300,2025-07-17T18:22:53+00:00,3499,157,https://t.me/jungenationalisten/4300
jungenationalisten:4299,"-Material für Aktivisten-  Ihr habt Fragen, Kritik oder einfach Hinweise? Dann meldet euch einfach.   Alle bis heute bez",jungenationalisten,4299,2025-07-16T15:54:32+00:00,5083,49,https://t.me/jungenationalisten/4299
jungenationalisten:4298,"Demonstration in Apolda @jungenationalisten   Am Sonnabend, den 12.07.2025, fand eine Demonstration, über Partei- und Or",jungenationalisten,4298,2025-07-14T18:59:23+00:00,4786,92,https://t.me/jungenationalisten/4298
jungenationalisten:4297,,jungenationalisten,4297,2025-07-14T16:06:57+00:00,5005,0,https://t.me/jungenationalisten/4297
jungenationalisten:4296,,jungenationalisten,4296,2025-07-14T16:06:56+00:00,5856,0,https://t.me/jungenationalisten/4296
jungenationalisten:4295,,jungenationalisten,4295,2025-07-14T16:06:56+00:00,5564,0,https://t.me/jungenationalisten/4295
jungenationalisten:4294,,jungenationalisten,4294,2025-07-14T16:06:56+00:00,5263,0,https://t.me/jungenationalisten/4294
jungenationalisten:4293,,jungenationalisten,4293,2025-07-14T16:06:56+00:00,3823,0,https://t.me/jungenationalisten/4293
jungenationalisten:4292,,jungenationalisten,4292,2025-07-14T16:06:56+00:00,4355,0,https://t.me/jungenationalisten/4292
jungenationalisten:4291,,jungenationalisten,4291,2025-07-14T16:06:56+00:00,4068,0,https://t.me/jungenationalisten/4291
jungenationalisten:4290,,jungenationalisten,4290,2025-07-14T16:06:56+00:00,4016,0,https://t.me/jungenationalisten/4290
jungenationalisten:4289,"Pirna: Unsere Stadt bleibt hetero! @jungenationalisten 🇩🇪   Am Sonnabend, dem 12. Juli 2025, sind wir erneut auf die Str",jungenationalisten,4289,2025-07-14T16:06:56+00:00,3450,110,https://t.me/jungenationalisten/4289
jungenationalisten:4288,"Wir waren in #Fulda zwar  lautstark, aber friedlich! @jungenationalisten 🇩🇪   Im gegensatz dazu griffen #CSD Teilnehmer ",jungenationalisten,4288,2025-07-14T09:35:52+00:00,3871,98,https://t.me/jungenationalisten/4288
jungenationalisten:4287,,jungenationalisten,4287,2025-07-13T19:33:12+00:00,3514,0,https://t.me/jungenationalisten/4287
jungenationalisten:4286,,jungenationalisten,4286,2025-07-13T19:33:12+00:00,3754,0,https://t.me/jungenationalisten/4286
jungenationalisten:4285,,jungenationalisten,4285,2025-07-13T19:33:12+00:00,3355,0,https://t.me/jungenationalisten/4285
jungenationalisten:4284,🏴 Eine Jugend rebelliert 🇩🇪   Am 11.07.2025 fand ein weiterer „Offener Abend“ von HEIMAT/JN in der Ruhrstadt Essen statt,jungenationalisten,4284,2025-07-13T19:33:12+00:00,3286,77,https://t.me/jungenationalisten/4284
jungenationalisten:4283,"Das vernünftige, ordentliche Deutschland ist am Auftaktsort des CSDs angekommen. @jungenationalisten 🇩🇪   Während der Ch",jungenationalisten,4283,2025-07-12T12:27:46+00:00,3794,131,https://t.me/jungenationalisten/4283
jungenationalisten:4282,Mit etwas Verspätung startet nun die Kundgebung gegen den CSD in Pirna. @jungenationalisten  🇩🇪   Zwar zeigt sich das We,jungenationalisten,4282,2025-07-12T11:33:31+00:00,3769,119,https://t.me/jungenationalisten/4282
jungenationalisten:4281,Lasst uns ihrer seelenlosen Gesellschaft eine handlungsfähige Gemeinschaft entgegenstellen.   Der Kampf um die Freiheit ,jungenationalisten,4281,2025-07-11T11:43:42+00:00,3867,92,https://t.me/jungenationalisten/4281
jungenationalisten:4280,Achtung geänderter Ort und neue Uhrzeit ! @jungenationalisten 🇩🇪    Am 12. Juli demonstrieren wir gemeinsam gegen den CS,jungenationalisten,4280,2025-07-10T10:16:55+00:00,3984,106,https://t.me/jungenationalisten/4280
jungenationalisten:4279,@jungenationalisten  Heute beteiligen wir uns an der Demo aufgrund der sexuellen Übergriffe von vier syrischen Asylbewer,jungenationalisten,4279,2025-07-08T14:05:45+00:00,4277,151,https://t.me/jungenationalisten/4279
jungenationalisten:4278,Deine Spende hält der rebellischen Jugend den Rücken frei! @jungenationalisten 🇩🇪  Als Junge Nationalisten sammeln und b,jungenationalisten,4278,2025-07-07T15:27:30+00:00,4292,79,https://t.me/jungenationalisten/4278
jungenationalisten:4277,,jungenationalisten,4277,2025-07-06T16:06:24+00:00,8420,0,https://t.me/jungenationalisten/4277
jungenationalisten:4276,,jungenationalisten,4276,2025-07-06T16:06:24+00:00,9050,0,https://t.me/jungenationalisten/4276
jungenationalisten:4275,CSD in Neumünster? Nicht mit uns! @jungenationalisten 🇩🇪  Immer aggressiver dringt Genderpropaganda wie ein Gift in die ,jungenationalisten,4275,2025-07-06T16:06:24+00:00,8056,123,https://t.me/jungenationalisten/4275
jungenationalisten:4274,,jungenationalisten,4274,2025-07-06T13:06:13+00:00,4673,0,https://t.me/jungenationalisten/4274
jungenationalisten:4273,,jungenationalisten,4273,2025-07-06T13:06:13+00:00,4814,0,https://t.me/jungenationalisten/4273
jungenationalisten:4272,,jungenationalisten,4272,2025-07-06T13:06:12+00:00,4298,0,https://t.me/jungenationalisten/4272
jungenationalisten:4271,,jungenationalisten,4271,2025-07-06T13:06:12+00:00,4045,0,https://t.me/jungenationalisten/4271
jungenationalisten:4270,📢 Demo für Siggi am 5. Juli: Münster wird jetzt zur neuen Hauptstadt für Meinungs- und Versammlungsfreiheit!  Bildmateri,jungenationalisten,4270,2025-07-06T13:06:12+00:00,3533,110,https://t.me/jungenationalisten/4270
jungenationalisten:4269,Zum Appell: Heute gedenken wir dem unerschütterlichen Freiheitskämpfer Herbert Schweiger!  @jungenationalisten 🇩🇪   In d,jungenationalisten,4269,2025-07-05T13:41:58+00:00,4820,116,https://t.me/jungenationalisten/4269
jungenationalisten:4268,"Unsere Werte sind kein Trend - Heimat verteidigen!  Am 12.07.2025 heißt es erneut, sich der kranken Ideologie des CSD en",jungenationalisten,4268,2025-07-03T16:39:41+00:00,4462,99,https://t.me/jungenationalisten/4268
jungenationalisten:4267,"Demoaufruf! @jungenationalisten   Nach den Ereignissen der letzten Wochen wird es am Sonnabend, den 12.07.2025, eine Dem",jungenationalisten,4267,2025-07-03T14:11:16+00:00,4413,82,https://t.me/jungenationalisten/4267
jungenationalisten:4266,Deutsche Mädels im Aufbruch! @jungenationalisten  Auch in Sachsen-Anhalt hat unser Mädelbund eine regionale Instagram - ,jungenationalisten,4266,2025-06-30T19:41:37+00:00,5126,126,https://t.me/jungenationalisten/4266
jungenationalisten:4265,"Nationalismus ist auch Frauensache! @jungenationalisten 🇩🇪   „Wenn Frauen sich verbinden, entsteht mehr als nur Gemeinsc",jungenationalisten,4265,2025-06-30T13:28:23+00:00,4427,109,https://t.me/jungenationalisten/4265
jungenationalisten:4264,"In Schulen und Jungendzentren verkommt unsere Jugend zunehmend, zwischen Gender- und Migrantenwahn.   Wir Junge National",jungenationalisten,4264,2025-06-30T09:01:38+00:00,3991,108,https://t.me/jungenationalisten/4264
jungenationalisten:4263,(2/2) Zum Leitthema sprachen wir mit Lois Wagner von den Jungen Nationalisten (JN) aus Norddeutschland sowie mit der Kam,jungenationalisten,4263,2025-06-29T14:04:46+00:00,4259,45,https://t.me/jungenationalisten/4263
jungenationalisten:4262,,jungenationalisten,4262,2025-06-29T14:04:30+00:00,3704,0,https://t.me/jungenationalisten/4262
jungenationalisten:4261,📖 N.S. Heute #48 erscheint in den nächsten Tagen - jetzt bestellen!  Leitthema: Die nächste Generation – Nationale Jugen,jungenationalisten,4261,2025-06-29T14:04:30+00:00,3721,38,https://t.me/jungenationalisten/4261
jungenationalisten:4259,Der Appell - Folge 28  Vom Nationalismus als ganzheitliche Weltanschauung  Stillgestanden! - Die Augen zur Fahne rechts!,jungenationalisten,4259,2025-06-29T10:03:32+00:00,3790,29,https://t.me/jungenationalisten/4259
jungenationalisten:4258,"Kommt gerne vorbei – wir freuen uns über jeden, der kommt! 🇩🇪 @jungenationalisten  Aber denkt bitte an die Regeln:  • Es",jungenationalisten,4258,2025-06-26T19:31:05+00:00,4743,127,https://t.me/jungenationalisten/4258
jungenationalisten:4257,"JN-Beutel: Gemeinschaft – Bildung – Aktivismus.   Das ist der Dreiklang der JN, versinnbildlicht in diesem Motiv. Ob in ",jungenationalisten,4257,2025-06-24T15:56:03+00:00,5598,78,https://t.me/jungenationalisten/4257
jungenationalisten:4256,🎬 Hiermit präsentieren wir Euch „wie gesagt“ Folge #039 – Im Gespräch mit Lois Wagner 📹  Der 18-jährige Lois aus Schlesw,jungenationalisten,4256,2025-06-23T18:50:40+00:00,5249,105,https://t.me/jungenationalisten/4256
jungenationalisten:4255,Kostenloses Schulmaterial  @jungenationalisten  @heimat2023  Mit Beginn der Sommerferien bieten wir kostenloses Schulmat,jungenationalisten,4255,2025-06-22T18:27:27+00:00,4928,130,https://t.me/jungenationalisten/4255
jungenationalisten:4254,"Aus der Sonnenwende wächst die Zeitenwende! @jungenationalisten 🇩🇪  Wie unsere Ahnen vor uns, so treten auch wir – Jahr ",jungenationalisten,4254,2025-06-22T11:27:20+00:00,4761,77,https://t.me/jungenationalisten/4254
jungenationalisten:4253,"Sommersonnenwende – Wendepunkt des Lichts 🌞 @jungenationalisten 🇩🇪   Zur Sommersonnenwende, dem längsten Tag des Jahres,",jungenationalisten,4253,2025-06-21T10:13:24+00:00,7463,127,https://t.me/jungenationalisten/4253
jungenationalisten:4252,"“Sei, was du willst auf der Welt! Aber was du bist, habe den Mut ganz zu sein.” ~ Albert Leo Schlageter  @jungenationali",jungenationalisten,4252,2025-06-21T07:31:56+00:00,4661,118,https://t.me/jungenationalisten/4252
jungenationalisten:4251,"Familie, Heimat & Nation - statt CSD und Perversion!  @jungenationalisten   Am 21. Juni veranstalten wir eine Demonstrat",jungenationalisten,4251,2025-06-20T18:39:37+00:00,4639,88,https://t.me/jungenationalisten/4251
jungenationalisten:4250,Wir sehen uns morgen zwischen 13 und 15 Uhr auf dem Wilhelmsplatz in Dorstfeld!,jungenationalisten,4250,2025-06-20T15:05:29+00:00,4307,133,https://t.me/jungenationalisten/4250
jungenationalisten:4249,,jungenationalisten,4249,2025-06-20T09:39:26+00:00,5286,0,https://t.me/jungenationalisten/4249
jungenationalisten:4248,,jungenationalisten,4248,2025-06-20T09:39:26+00:00,6119,0,https://t.me/jungenationalisten/4248
jungenationalisten:4247,,jungenationalisten,4247,2025-06-20T09:39:26+00:00,5687,0,https://t.me/jungenationalisten/4247
jungenationalisten:4246,,jungenationalisten,4246,2025-06-20T09:39:26+00:00,4598,0,https://t.me/jungenationalisten/4246
jungenationalisten:4245,,jungenationalisten,4245,2025-06-20T09:39:26+00:00,4720,0,https://t.me/jungenationalisten/4245
jungenationalisten:4244,,jungenationalisten,4244,2025-06-20T09:39:26+00:00,4560,0,https://t.me/jungenationalisten/4244
jungenationalisten:4243,,jungenationalisten,4243,2025-06-20T09:39:26+00:00,4343,0,https://t.me/jungenationalisten/4243
jungenationalisten:4242,,jungenationalisten,4242,2025-06-20T09:39:26+00:00,4128,0,https://t.me/jungenationalisten/4242
jungenationalisten:4241,,jungenationalisten,4241,2025-06-20T09:39:26+00:00,4138,0,https://t.me/jungenationalisten/4241
jungenationalisten:4240,"Wir sind gekommen, um zu bleiben – CSD? Nein, danke! @jungenationalisten 🇩🇪   Am 31. Mai 2025 setzten wir in Dresden ein",jungenationalisten,4240,2025-06-20T09:39:26+00:00,4059,115,https://t.me/jungenationalisten/4240
jungenationalisten:4238,"Aufkleber: Leisten wir uns den Luxus, eine eigene Meinung zu haben!“ – Otto von Bismarck  Mit diesem markanten Ausspruch",jungenationalisten,4238,2025-06-18T07:35:18+00:00,4500,78,https://t.me/jungenationalisten/4238
jungenationalisten:4237,Der Mut vom 17. Juni – Unser Auftrag! @jungenationalisten 🇩🇪  Am 17. Juni 1953 gingen in der DDR zehntausende Menschen a,jungenationalisten,4237,2025-06-17T09:30:40+00:00,10050,93,https://t.me/jungenationalisten/4237
jungenationalisten:4236,🎥 NEUES VIDEO ONLINE – Sonnenwendenfeier 2025 📍 Mit Sven Krüger | Für DIE HEIMAT & das HKW  Die Sommersonnenwende – ein ,jungenationalisten,4236,2025-06-16T18:25:16+00:00,3597,88,https://t.me/jungenationalisten/4236
jungenationalisten:4235,,jungenationalisten,4235,2025-06-16T15:22:28+00:00,4532,0,https://t.me/jungenationalisten/4235
jungenationalisten:4234,,jungenationalisten,4234,2025-06-16T15:22:28+00:00,4628,0,https://t.me/jungenationalisten/4234
jungenationalisten:4233,,jungenationalisten,4233,2025-06-16T15:22:28+00:00,4639,0,https://t.me/jungenationalisten/4233
jungenationalisten:4232,,jungenationalisten,4232,2025-06-16T15:22:28+00:00,4395,0,https://t.me/jungenationalisten/4232
jungenationalisten:4231,,jungenationalisten,4231,2025-06-16T15:22:28+00:00,4116,0,https://t.me/jungenationalisten/4231
jungenationalisten:4230,,jungenationalisten,4230,2025-06-16T15:22:28+00:00,4316,0,https://t.me/jungenationalisten/4230
jungenationalisten:4229,Die Jugend vernetzt sich weiter! JN-Veranstaltung in Mittelsachsen erfolgreich durchgeführt! @jungenationalisten 🇩🇪  Uns,jungenationalisten,4229,2025-06-16T15:22:28+00:00,4204,80,https://t.me/jungenationalisten/4229
jungenationalisten:4226,"13:15  @jungenationalisten  🇩🇪 Derzeit läuft eine junge, dynamische Gruppe durch Wetzlar, die keine Lust mehr auf die Ge",jungenationalisten,4226,2025-06-14T11:40:35+00:00,8925,190,https://t.me/jungenationalisten/4226
jungenationalisten:4225,"Israel 🇮🇱 mordet!  Israel ist und bleibt der Feind aller Völker, die um nationale und soziale Befreiung ringen.   JN-Gru",jungenationalisten,4225,2025-06-13T09:11:47+00:00,5685,160,https://t.me/jungenationalisten/4225
jungenationalisten:4224,"🛒 Aktuelle Infos zum Lagerverkauf am 14. Juni im Norden! 💳  Am Sonnabend, den 14. Juni 2025 ist es wieder soweit: Einkau",jungenationalisten,4224,2025-06-12T20:51:23+00:00,5035,50,https://t.me/jungenationalisten/4224
jungenationalisten:4223,Wetzlar wehrt sich! @jungenationalisten 🇩🇪   Am 14 Juni demonstrieren wir gemeinsam gegen den CSD in Wetzlar. Sei dabei ,jungenationalisten,4223,2025-06-12T16:17:01+00:00,5510,78,https://t.me/jungenationalisten/4223
jungenationalisten:4222,"JN-Infoabend in Mittelsachsen!  Sei auch DU dabei. 🥁 @jungenationalisten 🇩🇪  Der nächste Info-Abend wird am Sonnabend, d",jungenationalisten,4222,2025-06-10T15:13:11+00:00,4973,64,https://t.me/jungenationalisten/4222
jungenationalisten:4221,,jungenationalisten,4221,2025-06-10T12:35:32+00:00,4303,0,https://t.me/jungenationalisten/4221
jungenationalisten:4220,"Flugbatt: Deutsche Familien statt LGBTQ-Propaganda! @jungenationalisten 🇩🇪  In Zeiten der absoluten Angleichung, der Frü",jungenationalisten,4220,2025-06-10T12:35:32+00:00,4708,83,https://t.me/jungenationalisten/4220
jungenationalisten:4219,Am 14 Juni demonstrieren wir gemeinsam gegen den CSD in Wetzlar. Sei dabei und lass uns gemeinsam ein starkes Zeichen fü,jungenationalisten,4219,2025-06-09T17:45:21+00:00,4664,99,https://t.me/jungenationalisten/4219
jungenationalisten:4217,"Familie, Heimat & Nation - statt CSD und Perversion!  @jungenationalisten   Am 21. Juni veranstalten wir eine Demonstrat",jungenationalisten,4217,2025-06-09T14:25:08+00:00,3904,100,https://t.me/jungenationalisten/4217
jungenationalisten:4216,,jungenationalisten,4216,2025-06-09T11:52:30+00:00,4146,0,https://t.me/jungenationalisten/4216
jungenationalisten:4215,,jungenationalisten,4215,2025-06-09T11:52:30+00:00,5415,0,https://t.me/jungenationalisten/4215
jungenationalisten:4214,,jungenationalisten,4214,2025-06-09T11:52:30+00:00,5526,0,https://t.me/jungenationalisten/4214
jungenationalisten:4213,,jungenationalisten,4213,2025-06-09T11:52:30+00:00,4511,0,https://t.me/jungenationalisten/4213
jungenationalisten:4212,,jungenationalisten,4212,2025-06-09T11:52:30+00:00,4111,0,https://t.me/jungenationalisten/4212
jungenationalisten:4211,,jungenationalisten,4211,2025-06-09T11:52:30+00:00,4149,0,https://t.me/jungenationalisten/4211
jungenationalisten:4210,"Kyffhäuser-Kulturfahrt 🥾 @jungenationalisten   Sonnabend, mitteldeutsche Idylle, wechselhaftes Wetter.  Zwischen Sonnens",jungenationalisten,4210,2025-06-09T11:52:30+00:00,3829,111,https://t.me/jungenationalisten/4210
jungenationalisten:4209,,jungenationalisten,4209,2025-06-08T18:03:26+00:00,4177,0,https://t.me/jungenationalisten/4209
jungenationalisten:4208,"Endlich wieder vorrätig: Umhängetaschen für Aktivisten!   Wir hatten leider Lieferschwierigkeiten, aber jetzt sind fast ",jungenationalisten,4208,2025-06-08T18:03:26+00:00,4340,49,https://t.me/jungenationalisten/4208
jungenationalisten:4207,,jungenationalisten,4207,2025-06-08T13:27:56+00:00,4390,0,https://t.me/jungenationalisten/4207
jungenationalisten:4206,,jungenationalisten,4206,2025-06-08T13:27:56+00:00,4397,0,https://t.me/jungenationalisten/4206
jungenationalisten:4205,,jungenationalisten,4205,2025-06-08T13:27:56+00:00,4010,0,https://t.me/jungenationalisten/4205
jungenationalisten:4204,Offener Abend in Dresden – Gemeinsam in die Zukunft! @jungenationalisten 🇩🇪   Am Wochenende luden unsere Kameraden der J,jungenationalisten,4204,2025-06-08T13:27:56+00:00,3844,81,https://t.me/jungenationalisten/4204
jungenationalisten:4202,Die Zeugnisse sind da! 😃  Das sächsische Landesamt für Verfassungsschutz hat seinen Jahresbericht 2024 veröffentlicht — ,jungenationalisten,4202,2025-06-07T14:54:32+00:00,4341,63,https://t.me/jungenationalisten/4202
jungenationalisten:4201,,jungenationalisten,4201,2025-06-07T10:12:13+00:00,4416,0,https://t.me/jungenationalisten/4201
jungenationalisten:4200,,jungenationalisten,4200,2025-06-07T10:12:13+00:00,4623,0,https://t.me/jungenationalisten/4200
jungenationalisten:4199,,jungenationalisten,4199,2025-06-07T10:12:13+00:00,4660,0,https://t.me/jungenationalisten/4199
jungenationalisten:4198,,jungenationalisten,4198,2025-06-07T10:12:13+00:00,4347,0,https://t.me/jungenationalisten/4198
jungenationalisten:4197,,jungenationalisten,4197,2025-06-07T10:12:13+00:00,4281,0,https://t.me/jungenationalisten/4197
jungenationalisten:4196,,jungenationalisten,4196,2025-06-07T10:12:13+00:00,4337,0,https://t.me/jungenationalisten/4196
jungenationalisten:4195,"🚫 Kein CSD im Harz – Jugend zeigt klare Kante  Heute findet zum dritten Mal der sogenannte CSD in Wernigerode statt, doc",jungenationalisten,4195,2025-06-07T10:12:13+00:00,4294,129,https://t.me/jungenationalisten/4195
jungenationalisten:4194,Auf ein Neues!  Am 13.06. ist der nächste „Offene Abend“ in Essen-Kray.   Die Schikane der Staatsmacht und die Versuche ,jungenationalisten,4194,2025-06-05T10:33:33+00:00,5059,102,https://t.me/jungenationalisten/4194
jungenationalisten:4193,,jungenationalisten,4193,2025-06-04T11:26:11+00:00,4943,0,https://t.me/jungenationalisten/4193
jungenationalisten:4192,,jungenationalisten,4192,2025-06-04T11:26:10+00:00,5202,0,https://t.me/jungenationalisten/4192
jungenationalisten:4191,,jungenationalisten,4191,2025-06-04T11:26:08+00:00,5067,0,https://t.me/jungenationalisten/4191
jungenationalisten:4190,,jungenationalisten,4190,2025-06-04T11:26:07+00:00,4099,0,https://t.me/jungenationalisten/4190
jungenationalisten:4189,,jungenationalisten,4189,2025-06-04T11:26:07+00:00,4251,0,https://t.me/jungenationalisten/4189
jungenationalisten:4188,,jungenationalisten,4188,2025-06-04T11:26:06+00:00,4382,0,https://t.me/jungenationalisten/4188
jungenationalisten:4187,,jungenationalisten,4187,2025-06-04T11:26:06+00:00,4091,0,https://t.me/jungenationalisten/4187
jungenationalisten:4186,,jungenationalisten,4186,2025-06-04T11:26:05+00:00,3996,0,https://t.me/jungenationalisten/4186
jungenationalisten:4185,,jungenationalisten,4185,2025-06-04T11:26:05+00:00,3989,0,https://t.me/jungenationalisten/4185
jungenationalisten:4184,"Wir sind gekommen, um zu bleiben – CSD? Nein, danke!  @jungenationalisten 🇩🇪   Am 31. Mai 2025 setzten wir in Dresden ei",jungenationalisten,4184,2025-06-04T11:26:04+00:00,4084,135,https://t.me/jungenationalisten/4184
jungenationalisten:4183,Bei schönem Sommerwetter lädt der JN Stützpunkt Dresden zum offenen Abend ein. @jungenationalisten 🇩🇪  Mit einer JN Vors,jungenationalisten,4183,2025-06-04T08:43:48+00:00,4507,68,https://t.me/jungenationalisten/4183
jungenationalisten:4171,,jungenationalisten,4171,2025-06-02T14:58:18+00:00,5592,0,https://t.me/jungenationalisten/4171
jungenationalisten:4170,,jungenationalisten,4170,2025-06-02T14:58:18+00:00,5738,0,https://t.me/jungenationalisten/4170
jungenationalisten:4169,,jungenationalisten,4169,2025-06-02T14:58:18+00:00,5258,0,https://t.me/jungenationalisten/4169
jungenationalisten:4168,,jungenationalisten,4168,2025-06-02T14:58:18+00:00,5361,0,https://t.me/jungenationalisten/4168
jungenationalisten:4167,,jungenationalisten,4167,2025-06-02T14:58:18+00:00,5060,0,https://t.me/jungenationalisten/4167
jungenationalisten:4166,,jungenationalisten,4166,2025-06-02T14:58:18+00:00,5070,0,https://t.me/jungenationalisten/4166
jungenationalisten:4165,,jungenationalisten,4165,2025-06-02T14:58:18+00:00,4987,0,https://t.me/jungenationalisten/4165
jungenationalisten:4164,,jungenationalisten,4164,2025-06-02T14:58:18+00:00,5095,0,https://t.me/jungenationalisten/4164
jungenationalisten:4163,"Freunde, es ist Sommer ☀️  Hier habt ihr alle unsere Hemden👕 im Überblick: 🇩🇪 „Kämpfen für Europa“ 🥁 „Freiheitskämpfer“ ",jungenationalisten,4163,2025-06-02T14:58:18+00:00,5216,83,https://t.me/jungenationalisten/4163
jungenationalisten:4153,JUNG  - FRECH  - RADIKAL @jungenationalisten   Ein ereignisreiches Wochenende liegt hinter uns. Nachdem am vergangenen F,jungenationalisten,4153,2025-06-02T11:46:26+00:00,5185,112,https://t.me/jungenationalisten/4153
jungenationalisten:4152,,jungenationalisten,4152,2025-06-02T10:31:27+00:00,0,2,https://t.me/jungenationalisten/4152
jungenationalisten:4151,,jungenationalisten,4151,2025-06-01T09:34:28+00:00,18090,0,https://t.me/jungenationalisten/4151
jungenationalisten:4150,,jungenationalisten,4150,2025-06-01T09:34:28+00:00,20557,0,https://t.me/jungenationalisten/4150
jungenationalisten:4149,,jungenationalisten,4149,2025-06-01T09:34:28+00:00,18312,0,https://t.me/jungenationalisten/4149
jungenationalisten:4148,,jungenationalisten,4148,2025-06-01T09:34:27+00:00,16709,0,https://t.me/jungenationalisten/4148
jungenationalisten:4147,,jungenationalisten,4147,2025-06-01T09:34:27+00:00,16214,0,https://t.me/jungenationalisten/4147
jungenationalisten:4146,,jungenationalisten,4146,2025-06-01T09:34:27+00:00,15754,0,https://t.me/jungenationalisten/4146
jungenationalisten:4145,"Gemeinschaftstag Sachsen @jungenationalisten 🇩🇪  Zwischen Volkstanz, Demoschulung und lachenden Gesichtern entfaltet sic",jungenationalisten,4145,2025-06-01T09:34:27+00:00,15060,163,https://t.me/jungenationalisten/4145
jungenationalisten:4144,Nach einer kurzen Kundgebung setzt sich unser Protestmarsch erneut durch die Dresdner Innenstadt in Bewegung!  @jungenat,jungenationalisten,4144,2025-05-31T12:26:22+00:00,5555,135,https://t.me/jungenationalisten/4144
jungenationalisten:4143,Auch unser Kamerad Finley marschiert im Geiste mit uns – und wir senden kämpferische Grüße in die dunkle Zelle!  @jungen,jungenationalisten,4143,2025-05-31T10:41:30+00:00,9483,170,https://t.me/jungenationalisten/4143
jungenationalisten:4142,"Die Antifa stellt sich mit ein paar Gestalten in den Weg, und die Polizei greift nicht ein. Aber wir stehen für unser Re",jungenationalisten,4142,2025-05-31T10:35:25+00:00,5127,99,https://t.me/jungenationalisten/4142
jungenationalisten:4141,Unsere Protestdemonstration kommt in Fahrt – lautstark und entschlossen. Schließt euch an!  @jungenationalisten 🇩🇪,jungenationalisten,4141,2025-05-31T09:13:21+00:00,10959,160,https://t.me/jungenationalisten/4141
jungenationalisten:4140,"Ein schöner Tag in Dresden. Unsere Versammlungsfläche füllt sich, und immer mehr junge Menschen kommen, um ein Zeichen g",jungenationalisten,4140,2025-05-31T08:11:44+00:00,8727,150,https://t.me/jungenationalisten/4140
jungenationalisten:4139,"Teilen und erscheinen: Wir sehen uns morgen in Dresden!   Die letzten Pinselstriche sind getan, die Taschen gepackt – wi",jungenationalisten,4139,2025-05-30T18:16:11+00:00,4569,0,https://t.me/jungenationalisten/4139
jungenationalisten:4138,,jungenationalisten,4138,2025-05-30T18:16:11+00:00,4505,96,https://t.me/jungenationalisten/4138
jungenationalisten:4134,"Wir wünschen allen Vätern einen schönen Vatertag!😎 @jungenationalisten 🇩🇪   …und natürlich auch allen, die es noch werde",jungenationalisten,4134,2025-05-29T12:33:39+00:00,8859,185,https://t.me/jungenationalisten/4134
jungenationalisten:4133,,jungenationalisten,4133,2025-05-28T07:37:53+00:00,5934,0,https://t.me/jungenationalisten/4133
jungenationalisten:4132,"Neues Banner zum Thema CSD! Jetzt bestellen! ⚔️  In Zeiten der absoluten Angleichung, der Frühsexualisierung und der För",jungenationalisten,4132,2025-05-28T07:37:53+00:00,6273,106,https://t.me/jungenationalisten/4132
jungenationalisten:4131,Für eine Jugend ohne Identitätsstörung! @jungenationalisten 🇩🇪  Seit Jahren stehen wir als Jugend unter Dauerpropaganda:,jungenationalisten,4131,2025-05-27T10:27:21+00:00,5330,137,https://t.me/jungenationalisten/4131
jungenationalisten:4130,"Gedenktag: Albert Leo Schlageter?  https://t.me/jungenationalisten 🇩🇪   “Sei, was du willst auf der Welt! Aber was du bi",jungenationalisten,4130,2025-05-26T12:24:27+00:00,9330,126,https://t.me/jungenationalisten/4130
jungenationalisten:4129,"Neue Aufkleber zum Thema CSD !   In Zeiten der absoluten Angleichung, der Frühsexualisierung und der Förderung von Homo-",jungenationalisten,4129,2025-05-24T14:54:29+00:00,6381,160,https://t.me/jungenationalisten/4129
jungenationalisten:4128,"Neu: Her zu uns!  – Aufkleber  Eine kulturelle Jugendbewegung, die Naturschutz als Heimatschutz begreift und deren Arbei",jungenationalisten,4128,2025-05-22T09:48:22+00:00,6566,109,https://t.me/jungenationalisten/4128
jungenationalisten:4127,"Widerstand braucht Verstand – ein Appell an die Jugend! https://t.me/jungenationalisten  Wer glaubt, das System der Bund",jungenationalisten,4127,2025-05-21T09:47:22+00:00,5834,122,https://t.me/jungenationalisten/4127
jungenationalisten:4124,⬆️ JN-Gemeinschaftstag in Döbeln! Na und ?   Nach dem Bekanntwerden des Gemeinschaftstags der Jungen Nationalisten (JN) ,jungenationalisten,4124,2025-05-20T17:51:48+00:00,6042,123,https://t.me/jungenationalisten/4124
jungenationalisten:4123,🇩🇪 JN - Die Speerspitze des Rechtsextremismus! @jungenationalisten  Material für Aktivisten 📢 www.frontdienst.de   Mitte,jungenationalisten,4123,2025-05-18T16:32:27+00:00,14962,157,https://t.me/jungenationalisten/4123
jungenationalisten:4122,Baumscheiben zum Basteln und Bemalen! @jungenationalisten 🇩🇪  Diese Bastelbaumscheiben erfreuen sich großer Beliebtheit ,jungenationalisten,4122,2025-05-18T12:14:03+00:00,6592,64,https://t.me/jungenationalisten/4122
jungenationalisten:4121,Deine Spende hält der rebellischen Jugend den Rücken frei! @jungenationalisten 🇩🇪  Als Junge Nationalisten sammeln und b,jungenationalisten,4121,2025-05-16T12:30:04+00:00,8013,96,https://t.me/jungenationalisten/4121
jungenationalisten:4120,🇩🇪 Ein Kurzvideo zum 1.Mai in Gera @jungenationalisten  Material für Aktivisten 📢 www.frontdienst.de   Mittendrin statt ,jungenationalisten,4120,2025-05-14T09:54:23+00:00,19232,194,https://t.me/jungenationalisten/4120
jungenationalisten:4119,"Jugendbewegung – Seit 1969 (Hemd)  Nicht wundern, wenn eure Bestellung mit diesem Hemd ein paar Tage länger braucht – ih",jungenationalisten,4119,2025-05-13T15:13:00+00:00,7654,81,https://t.me/jungenationalisten/4119
jungenationalisten:4118,,jungenationalisten,4118,2025-05-11T12:25:35+00:00,9093,0,https://t.me/jungenationalisten/4118
jungenationalisten:4117,,jungenationalisten,4117,2025-05-11T12:25:35+00:00,9633,0,https://t.me/jungenationalisten/4117
jungenationalisten:4116,,jungenationalisten,4116,2025-05-11T12:25:35+00:00,8767,0,https://t.me/jungenationalisten/4116
jungenationalisten:4115,,jungenationalisten,4115,2025-05-11T12:25:35+00:00,7540,0,https://t.me/jungenationalisten/4115
jungenationalisten:4114,🏴 Comité du 9 Mai 2025 🏴  2000 nationalistes présents pour rendre hommage à Sébastien Deyzieu et tous les militants nati,jungenationalisten,4114,2025-05-11T12:25:35+00:00,6754,147,https://t.me/jungenationalisten/4114
jungenationalisten:4113,Kämpfen für Europa! @jungenationalisten 🇩🇪  Eine JN Delegation befindet sich derzeit in Paris. Wir nutzen das Wochenende,jungenationalisten,4113,2025-05-11T08:37:06+00:00,8121,163,https://t.me/jungenationalisten/4113
jungenationalisten:4109,"8.Mai - Wir feiern nicht! @jungenationalisten   Während Kommunisten und Demokraten den 8.Mai als ""Tag der Befreiung"" seh",jungenationalisten,4109,2025-05-09T10:42:20+00:00,7773,135,https://t.me/jungenationalisten/4109
jungenationalisten:4108,,jungenationalisten,4108,2025-05-08T20:37:09+00:00,7353,0,https://t.me/jungenationalisten/4108
jungenationalisten:4107,,jungenationalisten,4107,2025-05-08T20:37:09+00:00,8159,0,https://t.me/jungenationalisten/4107
jungenationalisten:4106,8. Mai – Kein Grund zum Feiern!  Auch in Brandenburg wird der 8. Mai nicht als „Tag der Befreiung“ gefeiert. Vielmehr st,jungenationalisten,4106,2025-05-08T20:37:09+00:00,6995,158,https://t.me/jungenationalisten/4106
jungenationalisten:4105,Nach 80 Jahren der Schande – zwischen Mord und angeblicher Befreiung – sind wir Deutsche noch immer da!  In der Region u,jungenationalisten,4105,2025-05-08T12:29:31+00:00,7318,119,https://t.me/jungenationalisten/4105
jungenationalisten:4104,,jungenationalisten,4104,2025-05-08T10:37:43+00:00,6621,0,https://t.me/jungenationalisten/4104
jungenationalisten:4103,,jungenationalisten,4103,2025-05-08T10:37:43+00:00,7156,0,https://t.me/jungenationalisten/4103
jungenationalisten:4102,,jungenationalisten,4102,2025-05-08T10:37:42+00:00,6418,0,https://t.me/jungenationalisten/4102
jungenationalisten:4101,Flugblattverteilungen in Erfurt @jungenationalisten   Am gestrigen Mittwoch verteilten heimattreue Aktivisten tausende F,jungenationalisten,4101,2025-05-08T10:37:42+00:00,6085,113,https://t.me/jungenationalisten/4101
jungenationalisten:4100,"8. Mai 1945 - 8.Mai 2025 Kein Tag zum Feiern!  Befreier morden nicht. Befreier vergewaltigen nicht.  Was uns geschah, wa",jungenationalisten,4100,2025-05-08T07:22:11+00:00,5989,119,https://t.me/jungenationalisten/4100
jungenationalisten:4099,Werde aktiv in deiner Heimatstadt: Plakate ganz einfach selber drucken!   Zum 80. Jahrestag des sogenannten „Tag der Bef,jungenationalisten,4099,2025-05-07T08:44:37+00:00,6066,100,https://t.me/jungenationalisten/4099
jungenationalisten:4098,Am kommenden Freitag findet unser nächster „Offene Abend“ im nationalen Zentrum in Essen-Kray statt.   Wir erwarten zahl,jungenationalisten,4098,2025-05-06T17:55:00+00:00,6876,93,https://t.me/jungenationalisten/4098
jungenationalisten:4097,"🕐 Ja Aden, es ist 5 nach 12 - unser ist die Zeit!  🥁 Keine Repression wird uns brechen, kein Terror wird uns kleinkriege",jungenationalisten,4097,2025-05-04T20:22:51+00:00,15995,168,https://t.me/jungenationalisten/4097
jungenationalisten:4095,,jungenationalisten,4095,2025-05-03T18:13:33+00:00,8157,0,https://t.me/jungenationalisten/4095
jungenationalisten:4094,,jungenationalisten,4094,2025-05-03T18:13:33+00:00,8814,0,https://t.me/jungenationalisten/4094
jungenationalisten:4093,,jungenationalisten,4093,2025-05-03T18:13:33+00:00,8558,0,https://t.me/jungenationalisten/4093
jungenationalisten:4092,,jungenationalisten,4092,2025-05-03T18:13:32+00:00,7904,0,https://t.me/jungenationalisten/4092
jungenationalisten:4091,,jungenationalisten,4091,2025-05-03T18:13:32+00:00,7802,0,https://t.me/jungenationalisten/4091
jungenationalisten:4090,,jungenationalisten,4090,2025-05-03T18:13:32+00:00,7878,0,https://t.me/jungenationalisten/4090
jungenationalisten:4089,,jungenationalisten,4089,2025-05-03T18:13:32+00:00,7597,0,https://t.me/jungenationalisten/4089
jungenationalisten:4088,,jungenationalisten,4088,2025-05-03T18:13:32+00:00,7309,0,https://t.me/jungenationalisten/4088
jungenationalisten:4087,,jungenationalisten,4087,2025-05-03T18:13:32+00:00,7244,0,https://t.me/jungenationalisten/4087
jungenationalisten:4086,Für die Heimat! – Der 1. Mai in Gera: https://t.me/jungenationalisten 🇩🇪   Zum Tag der Arbeit zeigen wir Gesicht: Eine w,jungenationalisten,4086,2025-05-03T18:13:32+00:00,7004,145,https://t.me/jungenationalisten/4086
jungenationalisten:4085,13.000 Abonnenten - Wir sagen danke! @jungenationalisten 🇩🇪  Gemeinsam holen wir uns Stück für Stück unsere Heimat zurüc,jungenationalisten,4085,2025-05-03T12:29:46+00:00,9779,198,https://t.me/jungenationalisten/4085
jungenationalisten:4084,,jungenationalisten,4084,2025-05-03T09:27:40+00:00,0,0,https://t.me/jungenationalisten/4084
jungenationalisten:4070,,jungenationalisten,4070,2025-05-02T15:48:00+00:00,19657,0,https://t.me/jungenationalisten/4070
jungenationalisten:4069,,jungenationalisten,4069,2025-05-02T15:48:00+00:00,20424,0,https://t.me/jungenationalisten/4069
jungenationalisten:4068,,jungenationalisten,4068,2025-05-02T15:48:00+00:00,20283,0,https://t.me/jungenationalisten/4068
jungenationalisten:4067,,jungenationalisten,4067,2025-05-02T15:48:00+00:00,18332,0,https://t.me/jungenationalisten/4067
jungenationalisten:4065,,jungenationalisten,4065,2025-05-02T15:48:00+00:00,18067,0,https://t.me/jungenationalisten/4065
jungenationalisten:4064,,jungenationalisten,4064,2025-05-02T15:48:00+00:00,18050,0,https://t.me/jungenationalisten/4064
jungenationalisten:4063,,jungenationalisten,4063,2025-05-02T15:48:00+00:00,16837,0,https://t.me/jungenationalisten/4063
jungenationalisten:4062,,jungenationalisten,4062,2025-05-02T15:47:59+00:00,16626,0,https://t.me/jungenationalisten/4062
jungenationalisten:4061,Wir sind die Arbeiterjugend!| 1.Mai Gera @jungenationalisten 🇩🇪  Linke und woke Leistungsfeinde haben ausgedient und gen,jungenationalisten,4061,2025-05-02T15:47:59+00:00,16920,154,https://t.me/jungenationalisten/4061
jungenationalisten:4059,Arbeiterkampftag in Gera – Ein starkes Zeichen gegen volksfeindlichen Kapitalismus! @jungenationalisten 🇩🇪  Gera steht s,jungenationalisten,4059,2025-05-02T09:34:00+00:00,5699,95,https://t.me/jungenationalisten/4059
jungenationalisten:4058,,jungenationalisten,4058,2025-05-02T08:14:59+00:00,5135,0,https://t.me/jungenationalisten/4058
jungenationalisten:4057,,jungenationalisten,4057,2025-05-02T08:14:58+00:00,5353,0,https://t.me/jungenationalisten/4057
jungenationalisten:4056,,jungenationalisten,4056,2025-05-02T08:14:58+00:00,4983,0,https://t.me/jungenationalisten/4056
jungenationalisten:4055,,jungenationalisten,4055,2025-05-02T08:14:58+00:00,4811,0,https://t.me/jungenationalisten/4055
jungenationalisten:4054,📢 Der Nationale Widerstand demonstrierte in Gelsenkirchen  Über 200 Nationalisten beteiligten sich am 1. Mai 2025 an der,jungenationalisten,4054,2025-05-02T08:14:58+00:00,4782,99,https://t.me/jungenationalisten/4054
jungenationalisten:4053,3000 Patrioten am 1. Mai in Gera auf der Straße! 🔥   Was für ein starkes Zeichen: 3000 Patrioten aus unterschiedlichsten,jungenationalisten,4053,2025-05-01T21:30:03+00:00,4422,100,https://t.me/jungenationalisten/4053
jungenationalisten:4052,Am heutigen Tag der Arbeit fand die jährliche Demonstration zum 1.Mai in Gelsenkirchen statt. Die HEIMAT und ihre Jugend,jungenationalisten,4052,2025-05-01T20:52:28+00:00,5043,0,https://t.me/jungenationalisten/4052
jungenationalisten:4051,,jungenationalisten,4051,2025-05-01T20:52:28+00:00,5016,73,https://t.me/jungenationalisten/4051
jungenationalisten:4050,Zum Abschluss des Tages spielt der Liedermacher und stellvertretende Bundesvorsitzende Phillip Neumann alias FLAK. @jung,jungenationalisten,4050,2025-05-01T15:17:15+00:00,5066,96,https://t.me/jungenationalisten/4050
jungenationalisten:4049,🥁 Vorwärts zur deutschen Revolution!  🗣 Europa - Jugend - Revolution   @jungenationalisten,jungenationalisten,4049,2025-05-01T13:20:07+00:00,6744,115,https://t.me/jungenationalisten/4049
jungenationalisten:4048,"Protest? Weder zu hören, noch zu sehen! Wir kämpfen um jeden Meter deutschen Boden! @jungenationalisten",jungenationalisten,4048,2025-05-01T12:35:11+00:00,4490,136,https://t.me/jungenationalisten/4048
jungenationalisten:4047,Freiheit für alle Nationalisten! @jungenationalisten,jungenationalisten,4047,2025-05-01T11:57:51+00:00,4683,149,https://t.me/jungenationalisten/4047
jungenationalisten:4046,13:33  🇩🇪 Die rebellische Jugend marschiert!  🥁 Her zu uns: @jungenationalisten,jungenationalisten,4046,2025-05-01T11:34:38+00:00,5102,120,https://t.me/jungenationalisten/4046
jungenationalisten:4045,"Es spielt ""Wut aus Liebe "". Danach beginnt die Demonstration.",jungenationalisten,4045,2025-05-01T11:17:47+00:00,4656,74,https://t.me/jungenationalisten/4045
jungenationalisten:4044,"Nun spricht der stellvertretenden Bundesvorsitzende der Heimat, Thorsten Heise.",jungenationalisten,4044,2025-05-01T11:01:06+00:00,6605,95,https://t.me/jungenationalisten/4044
jungenationalisten:4043,"Es spricht Max Schreiber  von den ""Freien Sachsen"".",jungenationalisten,4043,2025-05-01T10:53:02+00:00,4893,80,https://t.me/jungenationalisten/4043
jungenationalisten:4042,Der 1.Mai läuft!,jungenationalisten,4042,2025-05-01T10:48:19+00:00,4872,108,https://t.me/jungenationalisten/4042
jungenationalisten:4041,Deutschlands rechte Jugendorga Nr. #1 Bekannt aus Funk und Fernsehen t.me/jungenationalisten 🇩🇪  Wer hat gestern Abend T,jungenationalisten,4041,2025-04-30T08:49:42+00:00,18932,144,https://t.me/jungenationalisten/4041
jungenationalisten:4040,Reih dich ein! 🔥 t.me/jungenationalisten 🇩🇪  Material für Aktivisten 📢 www.frontdienst.de   Mittendrin statt nur dabei 📲,jungenationalisten,4040,2025-04-30T08:33:44+00:00,4854,103,https://t.me/jungenationalisten/4040
jungenationalisten:4039,,jungenationalisten,4039,2025-04-29T22:05:12+00:00,4515,0,https://t.me/jungenationalisten/4039
jungenationalisten:4038,,jungenationalisten,4038,2025-04-29T22:05:12+00:00,4596,0,https://t.me/jungenationalisten/4038
jungenationalisten:4037,,jungenationalisten,4037,2025-04-29T22:05:12+00:00,4603,0,https://t.me/jungenationalisten/4037
jungenationalisten:4036,,jungenationalisten,4036,2025-04-29T22:05:12+00:00,4095,0,https://t.me/jungenationalisten/4036
jungenationalisten:4035,,jungenationalisten,4035,2025-04-29T22:05:12+00:00,4364,0,https://t.me/jungenationalisten/4035
jungenationalisten:4034,,jungenationalisten,4034,2025-04-29T22:05:12+00:00,4144,0,https://t.me/jungenationalisten/4034
jungenationalisten:4033,,jungenationalisten,4033,2025-04-29T22:05:12+00:00,4194,0,https://t.me/jungenationalisten/4033
jungenationalisten:4032,,jungenationalisten,4032,2025-04-29T22:05:12+00:00,4086,0,https://t.me/jungenationalisten/4032
jungenationalisten:4031,,jungenationalisten,4031,2025-04-29T22:05:12+00:00,4172,0,https://t.me/jungenationalisten/4031
jungenationalisten:4030,..ein jeder soll Deutschland spüren! @jungenationalisten 🇩🇪  Die rebellische Jugend beginnt das politische Kampfjahr 202,jungenationalisten,4030,2025-04-29T22:05:12+00:00,4154,89,https://t.me/jungenationalisten/4030
jungenationalisten:4029,"Aufruf des HEIMAT-Vorsitzenden Peter Schreiber, zur Kundgebung und Demonstration zum 1. Mai in Gera!   📢 1. Mai in Gera ",jungenationalisten,4029,2025-04-29T13:44:07+00:00,4018,60,https://t.me/jungenationalisten/4029
jungenationalisten:4028,Fahrgemeinschaften nach Gera @jungenationalisten 🇩🇪  Wer hat noch freie Plätze für Donnerstag nach Gera und fährt über H,jungenationalisten,4028,2025-04-29T11:04:43+00:00,5882,56,https://t.me/jungenationalisten/4028
jungenationalisten:4025,"Schulungstag in Halle (Saale) - 26. April @jungenationalisten  Durch den bundesweiten Mitgliederzuwachs, so auch in Sach",jungenationalisten,4025,2025-04-28T19:15:07+00:00,4408,64,https://t.me/jungenationalisten/4025
jungenationalisten:4024,,jungenationalisten,4024,2025-04-28T09:39:28+00:00,4822,0,https://t.me/jungenationalisten/4024
jungenationalisten:4023,,jungenationalisten,4023,2025-04-28T09:39:28+00:00,4953,0,https://t.me/jungenationalisten/4023
jungenationalisten:4022,,jungenationalisten,4022,2025-04-28T09:39:28+00:00,4865,0,https://t.me/jungenationalisten/4022
jungenationalisten:4021,,jungenationalisten,4021,2025-04-28T09:39:28+00:00,4452,0,https://t.me/jungenationalisten/4021
jungenationalisten:4020,,jungenationalisten,4020,2025-04-28T09:39:28+00:00,4419,0,https://t.me/jungenationalisten/4020
jungenationalisten:4019,,jungenationalisten,4019,2025-04-28T09:39:28+00:00,4362,0,https://t.me/jungenationalisten/4019
jungenationalisten:4018,1 Jahr Elblandrevolte! @jungenationalisten 🇩🇪  Im vergangenen Jahr hat unser Dresdner Stützpunkt für zahlreiche Schlagze,jungenationalisten,4018,2025-04-28T09:39:28+00:00,4369,85,https://t.me/jungenationalisten/4018
jungenationalisten:4017,"Deutsche Jugend - standhaft, weiß, hetero @jungenationalisten 🇩🇪  Kein Anderer wird kommen, um uns das zu geben, was uns",jungenationalisten,4017,2025-04-27T10:21:28+00:00,4759,167,https://t.me/jungenationalisten/4017
jungenationalisten:4016,Deine Spende hält der rebellischen Jugend den Rücken frei! @jungenationalisten 🇩🇪  Als Junge Nationalisten sammeln und b,jungenationalisten,4016,2025-04-26T11:30:15+00:00,4818,73,https://t.me/jungenationalisten/4016
jungenationalisten:4015,,jungenationalisten,4015,2025-04-25T14:18:12+00:00,6050,0,https://t.me/jungenationalisten/4015
jungenationalisten:4014,"JN Wanderung im Westerwald  @jungenationalisten 🇩🇪  ""O du schöner Westerwald, über deine Höhen pfeift der Wind so kalt, ",jungenationalisten,4014,2025-04-25T14:18:12+00:00,6369,109,https://t.me/jungenationalisten/4014
jungenationalisten:4013,Wir sind die Arbeiterjugend! @jungenationalisten 🇩🇪  Wir rufen zur 01. Mai Demonstration unserer Mutterpartei die Heimat,jungenationalisten,4013,2025-04-25T09:52:29+00:00,3777,68,https://t.me/jungenationalisten/4013
jungenationalisten:4012,"📢 1. Mai in Gera – Für Bildung, Zukunft & Heimat!  🔸 Demonstration & Kundgebung auf der Eventfläche vor dem Kultur- und ",jungenationalisten,4012,2025-04-25T05:07:49+00:00,3905,50,https://t.me/jungenationalisten/4012
jungenationalisten:4011,"🤝 Offener Abend am Freitag, den 25. April 2025 ab 19.30 Uhr in Dorstfeld!  📢 Mit allen aktuellen Infos zur Festnahme von",jungenationalisten,4011,2025-04-24T10:56:25+00:00,4606,61,https://t.me/jungenationalisten/4011
jungenationalisten:4010,,jungenationalisten,4010,2025-04-23T08:11:42+00:00,5274,0,https://t.me/jungenationalisten/4010
jungenationalisten:4009,,jungenationalisten,4009,2025-04-23T08:11:42+00:00,5689,0,https://t.me/jungenationalisten/4009
jungenationalisten:4008,,jungenationalisten,4008,2025-04-23T08:11:42+00:00,5550,0,https://t.me/jungenationalisten/4008
jungenationalisten:4007,,jungenationalisten,4007,2025-04-23T08:11:42+00:00,5215,0,https://t.me/jungenationalisten/4007
jungenationalisten:4006,,jungenationalisten,4006,2025-04-23T08:11:42+00:00,5197,0,https://t.me/jungenationalisten/4006
jungenationalisten:4005,"Ein kleiner Einblick in das sächsische Osterwochenende:  Während die einen die freien Tage nutzten, um in der atemberaub",jungenationalisten,4005,2025-04-23T08:11:41+00:00,4958,94,https://t.me/jungenationalisten/4005
jungenationalisten:4004,,jungenationalisten,4004,2025-04-20T14:38:27+00:00,6205,0,https://t.me/jungenationalisten/4004
jungenationalisten:4003,,jungenationalisten,4003,2025-04-20T14:38:27+00:00,6090,0,https://t.me/jungenationalisten/4003
jungenationalisten:4002,,jungenationalisten,4002,2025-04-20T14:38:27+00:00,6045,0,https://t.me/jungenationalisten/4002
jungenationalisten:4001,,jungenationalisten,4001,2025-04-20T14:38:27+00:00,5406,0,https://t.me/jungenationalisten/4001
jungenationalisten:4000,,jungenationalisten,4000,2025-04-20T14:38:27+00:00,5427,0,https://t.me/jungenationalisten/4000
jungenationalisten:3999,,jungenationalisten,3999,2025-04-20T14:38:27+00:00,5130,0,https://t.me/jungenationalisten/3999
jungenationalisten:3998,,jungenationalisten,3998,2025-04-20T14:38:27+00:00,5081,0,https://t.me/jungenationalisten/3998
jungenationalisten:3997,,jungenationalisten,3997,2025-04-20T14:38:27+00:00,5040,0,https://t.me/jungenationalisten/3997
jungenationalisten:3996,JN Sporttag erfolgreich durchgeführt.   Unser Sporttag setze sich aus verschiedenen Themenbereichen zusammen. Sodass es ,jungenationalisten,3996,2025-04-20T14:38:27+00:00,5016,130,https://t.me/jungenationalisten/3996
jungenationalisten:3995,Der Appell - Folge 29 - Das Osterfest - Seine Herkunft und Bedeutung.  Stillgestanden! - Die Augen zur Fahne rechts!  Zu,jungenationalisten,3995,2025-04-20T11:12:55+00:00,5406,41,https://t.me/jungenationalisten/3995
jungenationalisten:3994,Ostern ist das Siegesfest des ewigen Lebens. @jungenationalisten 🇩🇪  Wir wünschen allen Mitstreitern und Sympathisanten ,jungenationalisten,3994,2025-04-19T18:37:58+00:00,6468,119,https://t.me/jungenationalisten/3994
jungenationalisten:3993,"🥚Ostern! Endlich!  🐣In Erinnerungen schwelgen, den Kindern oder Enkelkindern die Flechtkörbchen in die Hand geben und si",jungenationalisten,3993,2025-04-18T18:38:37+00:00,5326,72,https://t.me/jungenationalisten/3993
jungenationalisten:3992,,jungenationalisten,3992,2025-04-18T18:38:29+00:00,0,0,https://t.me/jungenationalisten/3992
jungenationalisten:3991,Wir sind die Arbeiterjugend! @jungenationalisten 🇩🇪  Wir rufen zur 01. Mai Demonstration unserer Mutterpartei die Heimat,jungenationalisten,3991,2025-04-17T12:03:43+00:00,23819,87,https://t.me/jungenationalisten/3991
jungenationalisten:3990,"📢 Offener Abend in Essen  Keine Chance der Repression: Immer mehr Teilnehmer treffen in der Essener HEIMAT-Zentrale ein,",jungenationalisten,3990,2025-04-17T08:51:45+00:00,5260,63,https://t.me/jungenationalisten/3990
jungenationalisten:3989,"DS-TV ist heute ebenfalls vor Ort in Heidenau, Tatort der gestrigen antideutschen Bluttat. Tatverdächtiger ist ein ""Kult",jungenationalisten,3989,2025-04-17T08:43:29+00:00,4960,89,https://t.me/jungenationalisten/3989
jungenationalisten:3988,Neu: Soliaufkleber - Freiheit für Finley !  Erneut hat das Regime es sich nicht nehmen lassen unseren Kameraden Finley z,jungenationalisten,3988,2025-04-14T18:47:12+00:00,5624,76,https://t.me/jungenationalisten/3988
jungenationalisten:3987,,jungenationalisten,3987,2025-04-14T10:07:04+00:00,0,0,https://t.me/jungenationalisten/3987
jungenationalisten:3986,,jungenationalisten,3986,2025-04-14T10:06:40+00:00,0,0,https://t.me/jungenationalisten/3986
jungenationalisten:3985,,jungenationalisten,3985,2025-04-14T10:06:00+00:00,0,0,https://t.me/jungenationalisten/3985
jungenationalisten:3984,,jungenationalisten,3984,2025-04-13T18:12:17+00:00,6875,0,https://t.me/jungenationalisten/3984
jungenationalisten:3983,,jungenationalisten,3983,2025-04-13T18:12:17+00:00,7371,0,https://t.me/jungenationalisten/3983
jungenationalisten:3982,,jungenationalisten,3982,2025-04-13T18:12:17+00:00,6591,0,https://t.me/jungenationalisten/3982
jungenationalisten:3981,,jungenationalisten,3981,2025-04-13T18:12:17+00:00,6507,0,https://t.me/jungenationalisten/3981
jungenationalisten:3980,,jungenationalisten,3980,2025-04-13T18:12:16+00:00,5748,0,https://t.me/jungenationalisten/3980
jungenationalisten:3979,,jungenationalisten,3979,2025-04-13T18:12:16+00:00,5802,0,https://t.me/jungenationalisten/3979
jungenationalisten:3978,,jungenationalisten,3978,2025-04-13T18:12:16+00:00,5945,0,https://t.me/jungenationalisten/3978
jungenationalisten:3977,,jungenationalisten,3977,2025-04-13T18:12:16+00:00,5544,0,https://t.me/jungenationalisten/3977
jungenationalisten:3976,"Freunde, es ist Frühling! 🌱☀️  Hier habt ihr alle unsere Hemden👕 im Überblick: 🇩🇪 „Kämpfen für Europa“ 🥁 „Freiheitskämpf",jungenationalisten,3976,2025-04-13T18:12:16+00:00,5522,86,https://t.me/jungenationalisten/3976
jungenationalisten:3975,Wille und Tat! @jungenationalisten   Neben der Gemeinschaft sowie Bildung steht bei uns auch klar der Aktivismus im Vord,jungenationalisten,3975,2025-04-11T09:19:49+00:00,6395,94,https://t.me/jungenationalisten/3975
jungenationalisten:3974,🇩🇪 HEIMAT heißt: Vorbild sein!  Politik ist für uns mehr als Machtspiele und Taktik – sie ist Ausdruck einer Wertegemein,jungenationalisten,3974,2025-04-10T15:00:23+00:00,5514,81,https://t.me/jungenationalisten/3974
jungenationalisten:3973,,jungenationalisten,3973,2025-04-09T14:26:55+00:00,6050,0,https://t.me/jungenationalisten/3973
jungenationalisten:3972,,jungenationalisten,3972,2025-04-09T14:26:55+00:00,6239,0,https://t.me/jungenationalisten/3972
jungenationalisten:3971,,jungenationalisten,3971,2025-04-09T14:26:55+00:00,5700,0,https://t.me/jungenationalisten/3971
jungenationalisten:3970,,jungenationalisten,3970,2025-04-09T14:26:55+00:00,5426,0,https://t.me/jungenationalisten/3970
jungenationalisten:3969,,jungenationalisten,3969,2025-04-09T14:26:55+00:00,5325,0,https://t.me/jungenationalisten/3969
jungenationalisten:3968,Südbrandenburg wächst zusammen! @jungenationalisten 🇩🇪   Am vergangenen Wochenende haben wir gemeinsam mit dem Stützpunk,jungenationalisten,3968,2025-04-09T14:26:55+00:00,5192,77,https://t.me/jungenationalisten/3968
jungenationalisten:3967,"JN-Mädelbund | Tradition und Zukunft! @jungenationalisten 🇩🇪   In einer Zeit, in der Anpassung als Tugend gilt, stehen w",jungenationalisten,3967,2025-04-09T09:08:33+00:00,8927,178,https://t.me/jungenationalisten/3967
jungenationalisten:3966,"Neu im Angebot und nur für MITGLIEDER: JN-Hemd Rebellen!   „Als Jungen wurden wir Soldaten, Die niemals die Fahne verrat",jungenationalisten,3966,2025-04-07T08:06:17+00:00,5871,93,https://t.me/jungenationalisten/3966
jungenationalisten:3965,"📢 1. Mai in Gera – Für Bildung, Zukunft & Heimat!  🔸 Demonstration & Kundgebung auf der Eventfläche vor dem Kultur- und ",jungenationalisten,3965,2025-04-06T08:44:56+00:00,4524,58,https://t.me/jungenationalisten/3965
jungenationalisten:3964,"Warum spenden für unseren Kameraden?  Wie ihr mitbekommen habt, ist Finley wieder/weiter inhaftiert. Unter anderem, weil",jungenationalisten,3964,2025-04-04T08:19:06+00:00,6150,77,https://t.me/jungenationalisten/3964
jungenationalisten:3962,Keine Chance der Repression! – Freiheit für Finley t.me/jungenationalisten 🇩🇪  Erneut hat das Regime es sich nicht nehme,jungenationalisten,3962,2025-04-03T07:37:28+00:00,28250,136,https://t.me/jungenationalisten/3962
jungenationalisten:3961,"Wichtige Info: Unsere Seite wird optimiert!  Wir arbeiten derzeit an unserer Online-Präsenz, um sie für euch noch besser",jungenationalisten,3961,2025-04-02T11:23:05+00:00,6572,68,https://t.me/jungenationalisten/3961
jungenationalisten:3960,Erfurt verteidigen! @jungenationalisten   Die deutsche Jugend rückt nach rechts – und wir gehen voran. Europa steht am W,jungenationalisten,3960,2025-03-30T15:36:56+00:00,7325,241,https://t.me/jungenationalisten/3960
jungenationalisten:3959,"Erlebniswochenende!  Dank der guten Vernetzungsarbeit von Harz verteidigen, fanden wir schnell den Kontakt zu unseren ne",jungenationalisten,3959,2025-03-26T07:14:07+00:00,7947,149,https://t.me/jungenationalisten/3959
jungenationalisten:3958,,jungenationalisten,3958,2025-03-24T15:23:28+00:00,7445,0,https://t.me/jungenationalisten/3958
jungenationalisten:3957,,jungenationalisten,3957,2025-03-24T15:23:28+00:00,7880,0,https://t.me/jungenationalisten/3957
jungenationalisten:3956,,jungenationalisten,3956,2025-03-24T15:23:28+00:00,7853,0,https://t.me/jungenationalisten/3956
jungenationalisten:3955,,jungenationalisten,3955,2025-03-24T15:23:27+00:00,7130,0,https://t.me/jungenationalisten/3955
jungenationalisten:3954,"Mutwillig oder gedankenlos?  Egal, was die Menschen dazu bewegt – die illegale #Müllentsorgung in unseren Gewässern ist ",jungenationalisten,3954,2025-03-24T15:23:27+00:00,6456,116,https://t.me/jungenationalisten/3954
jungenationalisten:3953,"Deutsche, haltet zusammen! @jungenationalisten   Unser Volk ist gespalten wie nie zuvor. Wie einst in der Weimarer Repub",jungenationalisten,3953,2025-03-24T10:40:39+00:00,6636,133,https://t.me/jungenationalisten/3953
jungenationalisten:3952,,jungenationalisten,3952,2025-03-23T15:08:57+00:00,6752,0,https://t.me/jungenationalisten/3952
jungenationalisten:3951,,jungenationalisten,3951,2025-03-23T15:08:57+00:00,7476,0,https://t.me/jungenationalisten/3951
jungenationalisten:3950,,jungenationalisten,3950,2025-03-23T15:08:57+00:00,6958,0,https://t.me/jungenationalisten/3950
jungenationalisten:3949,"Flugblattverteilung in Friedrichroda  @jungenationalisten   Unter dem Motto ""Wenn der Staat uns nicht schützt müssen wir",jungenationalisten,3949,2025-03-23T15:08:57+00:00,6121,93,https://t.me/jungenationalisten/3949
jungenationalisten:3948,Wieder da: „Jugend will Perspektive“ - Aufkleber  Wir haben den Verrat an der deutschen Jugend erkannt. Um dieser eine l,jungenationalisten,3948,2025-03-23T12:44:15+00:00,6096,49,https://t.me/jungenationalisten/3948
jungenationalisten:3947,,jungenationalisten,3947,2025-03-22T18:04:53+00:00,12262,0,https://t.me/jungenationalisten/3947
jungenationalisten:3946,"Kampf der roten Reaktion! @jungenationalisten 🇩🇪  Gruß vom Demotag aus Magdeburg, der Landeshauptstadt von Sachsen-Anhal",jungenationalisten,3946,2025-03-22T18:04:53+00:00,12751,131,https://t.me/jungenationalisten/3946
jungenationalisten:3945,"ZUSAMMENARBEIT  Jeder, der in einer freien Jugendgruppe ist oder einen politisch-rechten Freundeskreis hat, meldet sich ",jungenationalisten,3945,2025-03-22T11:39:41+00:00,9313,46,https://t.me/jungenationalisten/3945
jungenationalisten:3944,"Marionetten des Systems  @jungenationalisten   Sie wissen genau wie sie dich kontrollieren, denn sie haben dich zu dem g",jungenationalisten,3944,2025-03-22T09:07:00+00:00,5910,45,https://t.me/jungenationalisten/3944
jungenationalisten:3943,,jungenationalisten,3943,2025-03-21T16:03:59+00:00,5792,0,https://t.me/jungenationalisten/3943
jungenationalisten:3942,,jungenationalisten,3942,2025-03-21T16:03:59+00:00,6069,0,https://t.me/jungenationalisten/3942
jungenationalisten:3941,,jungenationalisten,3941,2025-03-21T16:03:59+00:00,5906,0,https://t.me/jungenationalisten/3941
jungenationalisten:3940,,jungenationalisten,3940,2025-03-21T16:03:59+00:00,5419,0,https://t.me/jungenationalisten/3940
jungenationalisten:3939,,jungenationalisten,3939,2025-03-21T16:03:59+00:00,5417,0,https://t.me/jungenationalisten/3939
jungenationalisten:3938,,jungenationalisten,3938,2025-03-21T16:03:59+00:00,5564,0,https://t.me/jungenationalisten/3938
jungenationalisten:3937,,jungenationalisten,3937,2025-03-21T16:03:59+00:00,5400,0,https://t.me/jungenationalisten/3937
jungenationalisten:3936,,jungenationalisten,3936,2025-03-21T16:03:59+00:00,5230,0,https://t.me/jungenationalisten/3936
jungenationalisten:3935,,jungenationalisten,3935,2025-03-21T16:03:59+00:00,5298,0,https://t.me/jungenationalisten/3935
jungenationalisten:3934,Putzen gegen Kommunismus!  In #Döbeln nehmen linke Schmierereien immer mehr überhand – doch wir lassen das nicht zu! Jun,jungenationalisten,3934,2025-03-21T16:03:59+00:00,5156,144,https://t.me/jungenationalisten/3934
jungenationalisten:3933,,jungenationalisten,3933,2025-03-19T11:25:01+00:00,6707,0,https://t.me/jungenationalisten/3933
jungenationalisten:3932,,jungenationalisten,3932,2025-03-19T11:25:01+00:00,6837,0,https://t.me/jungenationalisten/3932
jungenationalisten:3931,,jungenationalisten,3931,2025-03-19T11:25:01+00:00,6501,0,https://t.me/jungenationalisten/3931
jungenationalisten:3930,Gründungskongress JN-Landesverband Süd  Am 15.03. fand in Hessen der erste JN-Landeskongress Süd statt. Dieser dient als,jungenationalisten,3930,2025-03-19T11:25:01+00:00,6313,100,https://t.me/jungenationalisten/3930
jungenationalisten:3929,‼️Schulden-Hochverrat gegen den Frieden: Das Volk wird euch richten! 😡    🟧 Heute hat der Bundestag mit 513 Ja-Stimmen m,jungenationalisten,3929,2025-03-18T18:47:47+00:00,5651,61,https://t.me/jungenationalisten/3929
jungenationalisten:3928,,jungenationalisten,3928,2025-03-18T16:32:25+00:00,5354,0,https://t.me/jungenationalisten/3928
jungenationalisten:3927,,jungenationalisten,3927,2025-03-18T16:32:25+00:00,5383,0,https://t.me/jungenationalisten/3927
jungenationalisten:3926,,jungenationalisten,3926,2025-03-18T16:32:25+00:00,5156,0,https://t.me/jungenationalisten/3926
jungenationalisten:3925,Neu eingetroffen: Alle Flugblätter wieder vorrätig!  Deshalb: Organisiert euch !  1. Treibt (Kampf)sport.  2. Organisier,jungenationalisten,3925,2025-03-18T16:32:25+00:00,5222,47,https://t.me/jungenationalisten/3925
jungenationalisten:3924,"📢 18. März - Tag der politischen Gefangenen!  Freiheit für Ralf Wohlleben, Nikolaos Michaloliakos, Manuel Eder, Philip H",jungenationalisten,3924,2025-03-18T09:23:42+00:00,5222,71,https://t.me/jungenationalisten/3924
jungenationalisten:3922,,jungenationalisten,3922,2025-03-15T09:04:32+00:00,7252,0,https://t.me/jungenationalisten/3922
jungenationalisten:3921,"📖 N.S. Heute #46 (März/April 2025) jetzt bestellen!  Der Erscheinungstermin hat sich um einige Tage verzögert, wegen ein",jungenationalisten,3921,2025-03-15T09:04:32+00:00,7675,55,https://t.me/jungenationalisten/3921
jungenationalisten:3920,Werde aktiv in deiner Heimatstadt: Plakate ganz einfach selber drucken!   Bevor wir in den nächsten Tagen weitere Aufkle,jungenationalisten,3920,2025-03-12T09:27:36+00:00,6915,99,https://t.me/jungenationalisten/3920
jungenationalisten:3919,"Neu: Die Jugend für Deutschland – Aufkleber  Die JN: Eine kulturelle Jugendbewegung, die Naturschutz als Heimatschutz be",jungenationalisten,3919,2025-03-11T16:52:10+00:00,6350,93,https://t.me/jungenationalisten/3919
jungenationalisten:3918,Strukturausbau in Erfurt und Ostthüringen  @jungenationalisten   In den letzten Monaten hatten wir immer wieder Interess,jungenationalisten,3918,2025-03-11T09:03:45+00:00,6046,86,https://t.me/jungenationalisten/3918
jungenationalisten:3917,Unser Kamerad Finley ist frei! @jungenationalisten 🇩🇪   Er bedankt sich bei allen für die zugesprochene Solidarität und ,jungenationalisten,3917,2025-03-10T15:11:05+00:00,12887,187,https://t.me/jungenationalisten/3917
jungenationalisten:3916,,jungenationalisten,3916,2025-03-10T13:12:35+00:00,5850,0,https://t.me/jungenationalisten/3916
jungenationalisten:3915,,jungenationalisten,3915,2025-03-10T13:12:35+00:00,6080,0,https://t.me/jungenationalisten/3915
jungenationalisten:3914,"Invasoren gehören abgeschoben! @jungenationalisten  Die Jugend hat es satt, mitanzusehen, wie ihr Volk durch den mittler",jungenationalisten,3914,2025-03-10T13:12:35+00:00,5017,110,https://t.me/jungenationalisten/3914
jungenationalisten:3913,,jungenationalisten,3913,2025-03-10T09:59:29+00:00,5982,0,https://t.me/jungenationalisten/3913
jungenationalisten:3912,,jungenationalisten,3912,2025-03-10T09:59:29+00:00,6534,0,https://t.me/jungenationalisten/3912
jungenationalisten:3911,Mit der letzten Grab- & Gedenkstein Pflege endet die Aktionswoche zum 5.-März-Gedenken in Chemnitz.  @jungenationalisten,jungenationalisten,3911,2025-03-10T09:59:29+00:00,5512,121,https://t.me/jungenationalisten/3911
jungenationalisten:3901,"🌿1. Mai: Bildung, Zukunft, Wirtschaftskraft – HEIMAT, die Perspektive schafft!   🔸Wir rufen alle Patrioten, volks- und h",jungenationalisten,3901,2025-03-07T09:44:27+00:00,6061,75,https://t.me/jungenationalisten/3901
jungenationalisten:3900,"„Sei was du willst auf der Welt, aber was du bist, habe den Mut, ganz zu sein.“ @jungenationalisten 🇩🇪  Das waren die be",jungenationalisten,3900,2025-03-06T18:08:33+00:00,7266,74,https://t.me/jungenationalisten/3900
jungenationalisten:3899,"Schlapp und Müde vom Alltagstrott?   ⚔ Nicht mit uns! Wir gehen den Weg der rebellischen Jugend, die sich gegen das Müde",jungenationalisten,3899,2025-03-06T08:08:20+00:00,6016,125,https://t.me/jungenationalisten/3899
jungenationalisten:3898,Heimat- und Jugendstammtisch  @jungenationalisten   +++Stammtisch wird eine Woche vorgezogen+++  Hiermit laden wir alle ,jungenationalisten,3898,2025-03-05T13:34:24+00:00,5962,54,https://t.me/jungenationalisten/3898
jungenationalisten:3897,"🔥 Aufruf zum 50 Kilometer Leistungsmarsch 🔥  Bist du bereit, deine Grenzen zu testen?  50 Kilometer in einer verschworen",jungenationalisten,3897,2025-03-04T10:23:43+00:00,6028,79,https://t.me/jungenationalisten/3897
jungenationalisten:3896,"Wo Widerstand wächst, entsteht Gemeinschaft  Wo Menschen sich erheben, erwacht der Geist der Verbundenheit. In Dresden z",jungenationalisten,3896,2025-03-04T09:22:23+00:00,5401,76,https://t.me/jungenationalisten/3896
jungenationalisten:3895,🚨 Mannheim: Täter mit „dunklem Hauttyp“ – aber angeblich ein „Deutscher“? Warum schweigt die Polizei? Was soll die Heiml,jungenationalisten,3895,2025-03-03T19:29:16+00:00,5203,78,https://t.me/jungenationalisten/3895
jungenationalisten:3894,,jungenationalisten,3894,2025-02-28T17:28:29+00:00,7361,0,https://t.me/jungenationalisten/3894
jungenationalisten:3893,,jungenationalisten,3893,2025-02-28T17:28:29+00:00,7485,0,https://t.me/jungenationalisten/3893
jungenationalisten:3892,,jungenationalisten,3892,2025-02-28T17:28:29+00:00,6696,0,https://t.me/jungenationalisten/3892
jungenationalisten:3891,𝑫𝒆𝒏 𝑻𝒐𝒕𝒆𝒏 𝒁𝒖𝒓 𝑬𝒉𝒓 - 𝑻𝒐 𝑯𝒐𝒏𝒐𝒓 𝑻𝒉𝒆 𝑫𝒆𝒂𝒅  🇩🇪 February 13th marked the 80th anniversary of the Dresden firebombing. Easily t,jungenationalisten,3891,2025-02-28T17:28:29+00:00,6253,90,https://t.me/jungenationalisten/3891
jungenationalisten:3890,"-Material für Aktivisten-  Ihr habt Fragen, Kritik oder einfach Hinweise? Dann meldet euch einfach.   Wir haben auch neu",jungenationalisten,3890,2025-02-28T13:31:35+00:00,6601,41,https://t.me/jungenationalisten/3890
jungenationalisten:3889,"Unsere neue Kontaktnummer   ➡️ 017615731145 ⬅️  Ihr wollt uns unterstützen, habt Fragen oder wollt Deutschlands kernigst",jungenationalisten,3889,2025-02-27T18:57:26+00:00,6146,59,https://t.me/jungenationalisten/3889
jungenationalisten:3888,"🛡Identität statt Globalismus  In einer Welt, die zunehmend von globalen Einflüssen geprägt ist, stellt sich die Frage: 🔸",jungenationalisten,3888,2025-02-27T09:54:00+00:00,6118,55,https://t.me/jungenationalisten/3888
jungenationalisten:3887,"Berufsverbot erhalten  Ich habe es bereits zwischen den Zeilen in einigen Streams angekündigt, dass etwas ansteht. Nun e",jungenationalisten,3887,2025-02-26T19:37:08+00:00,5382,59,https://t.me/jungenationalisten/3887
jungenationalisten:3886,Heute wird es wieder Ulk und Schabernack zum Abend geben. Wir werden u.a. auf linken Unfug regieren und über die Wahlerg,jungenationalisten,3886,2025-02-26T15:52:51+00:00,5915,56,https://t.me/jungenationalisten/3886
jungenationalisten:3885,"Interregnum und das worauf es ankommt  Die Gesellschaft steht an einem Wendepunkt – das Alte vergeht, doch das Neue ist ",jungenationalisten,3885,2025-02-25T19:39:14+00:00,6057,47,https://t.me/jungenationalisten/3885
jungenationalisten:3884,📺 Представяме ви първото видео от Луковмарш 2025. Очаквайте скоро още клипове от нашия работлив екип видеографи.  https:,jungenationalisten,3884,2025-02-25T08:27:10+00:00,6624,25,https://t.me/jungenationalisten/3884
jungenationalisten:3883,"⬆️⬆️⬆️ Gewinnspiel ⬆️⬆️⬆️ Wer unser Februar-Gewinnspiel noch nicht gesehen hat, sei jetzt noch einmal darauf hingewiesen",jungenationalisten,3883,2025-02-25T06:50:31+00:00,6621,14,https://t.me/jungenationalisten/3883
jungenationalisten:3882,Beitrag zur BTW2025: Bürgerliche und linke Parteien bringen uns Chaos und Volkstod. Nationalismus ist die Lösung! @junge,jungenationalisten,3882,2025-02-23T08:25:16+00:00,20411,95,https://t.me/jungenationalisten/3882
jungenationalisten:3881,Liveticker aus Bautzen!  Bleibt immer auf dem neuesten Stand – schaut unbedingt auf Instagram vorbei und verpasst keine ,jungenationalisten,3881,2025-02-22T15:42:24+00:00,6499,86,https://t.me/jungenationalisten/3881
jungenationalisten:3880,,jungenationalisten,3880,2025-02-22T12:28:02+00:00,7201,0,https://t.me/jungenationalisten/3880
jungenationalisten:3879,,jungenationalisten,3879,2025-02-22T12:28:02+00:00,7598,0,https://t.me/jungenationalisten/3879
jungenationalisten:3878,,jungenationalisten,3878,2025-02-22T12:28:02+00:00,6733,0,https://t.me/jungenationalisten/3878
jungenationalisten:3877,,jungenationalisten,3877,2025-02-22T12:28:02+00:00,6179,0,https://t.me/jungenationalisten/3877
jungenationalisten:3876,,jungenationalisten,3876,2025-02-22T12:28:02+00:00,6153,0,https://t.me/jungenationalisten/3876
jungenationalisten:3875,Einsendung aus Schönau vor dem Walde @jungenationalisten   Heute erreichten uns Einsendungen aus Schönau vor dem Walde d,jungenationalisten,3875,2025-02-22T12:28:02+00:00,5735,107,https://t.me/jungenationalisten/3875
jungenationalisten:3874,"Jugendgruppe aus Bautzen ruft erneut zur Demonstration auf!  📅 22. Februar | ⏰ 16:00 Uhr | 📍 Bautzen, Kornmarkt  Bautzen",jungenationalisten,3874,2025-02-19T14:29:09+00:00,6836,114,https://t.me/jungenationalisten/3874
jungenationalisten:3873,,jungenationalisten,3873,2025-02-19T11:15:42+00:00,6423,0,https://t.me/jungenationalisten/3873
jungenationalisten:3872,,jungenationalisten,3872,2025-02-19T11:15:42+00:00,6556,0,https://t.me/jungenationalisten/3872
jungenationalisten:3871,,jungenationalisten,3871,2025-02-19T11:15:42+00:00,6128,0,https://t.me/jungenationalisten/3871
jungenationalisten:3870,,jungenationalisten,3870,2025-02-19T11:15:42+00:00,5445,0,https://t.me/jungenationalisten/3870
jungenationalisten:3869,,jungenationalisten,3869,2025-02-19T11:15:42+00:00,5203,0,https://t.me/jungenationalisten/3869
jungenationalisten:3868,"Unser Heimathof in Eschede ist ein bedeutungsvoller Rückzugsort, der sowohl für junge als auch für ältere nationale Kräf",jungenationalisten,3868,2025-02-19T11:15:42+00:00,5072,97,https://t.me/jungenationalisten/3868
jungenationalisten:3867,"⬆️⬆️⬆️ Gewinnspiel ⬆️⬆️⬆️ Wer unser Februar-Gewinnspiel noch nicht gesehen hat, sei jetzt noch einmal darauf hingewiesen",jungenationalisten,3867,2025-02-18T12:04:01+00:00,6017,24,https://t.me/jungenationalisten/3867
jungenationalisten:3866,,jungenationalisten,3866,2025-02-16T19:55:29+00:00,6506,0,https://t.me/jungenationalisten/3866
jungenationalisten:3865,,jungenationalisten,3865,2025-02-16T19:55:29+00:00,6350,0,https://t.me/jungenationalisten/3865
jungenationalisten:3864,,jungenationalisten,3864,2025-02-16T19:55:28+00:00,6120,0,https://t.me/jungenationalisten/3864
jungenationalisten:3863,,jungenationalisten,3863,2025-02-16T19:55:28+00:00,5595,0,https://t.me/jungenationalisten/3863
jungenationalisten:3862,,jungenationalisten,3862,2025-02-16T19:55:27+00:00,5531,0,https://t.me/jungenationalisten/3862
jungenationalisten:3861,,jungenationalisten,3861,2025-02-16T19:55:27+00:00,5594,0,https://t.me/jungenationalisten/3861
jungenationalisten:3860,,jungenationalisten,3860,2025-02-16T19:55:26+00:00,5421,0,https://t.me/jungenationalisten/3860
jungenationalisten:3859,,jungenationalisten,3859,2025-02-16T19:55:26+00:00,5273,0,https://t.me/jungenationalisten/3859
jungenationalisten:3858,,jungenationalisten,3858,2025-02-16T19:55:25+00:00,5394,0,https://t.me/jungenationalisten/3858
jungenationalisten:3857,Dresden 1945 – Die Jugend klagt an!  In der Nacht vom 13. auf den 14. Februar 1945 wurde Dresden zum brennenden Mahnmal ,jungenationalisten,3857,2025-02-16T19:55:25+00:00,5279,118,https://t.me/jungenationalisten/3857
jungenationalisten:3856,🔥 Dresden 1945 – Den Toten eine Stimme geben! 🔥    Vor 80 Jahren fiel die Kulturmetropole Dresden einem beispiellosen Bo,jungenationalisten,3856,2025-02-16T18:49:43+00:00,4390,53,https://t.me/jungenationalisten/3856
jungenationalisten:3855,,jungenationalisten,3855,2025-02-16T17:30:11+00:00,4730,0,https://t.me/jungenationalisten/3855
jungenationalisten:3854,,jungenationalisten,3854,2025-02-16T17:30:11+00:00,4948,0,https://t.me/jungenationalisten/3854
jungenationalisten:3853,,jungenationalisten,3853,2025-02-16T17:30:11+00:00,4645,0,https://t.me/jungenationalisten/3853
jungenationalisten:3852,,jungenationalisten,3852,2025-02-16T17:30:11+00:00,4493,0,https://t.me/jungenationalisten/3852
jungenationalisten:3851,,jungenationalisten,3851,2025-02-16T17:30:11+00:00,4415,0,https://t.me/jungenationalisten/3851
jungenationalisten:3850,,jungenationalisten,3850,2025-02-16T17:30:11+00:00,4265,0,https://t.me/jungenationalisten/3850
jungenationalisten:3849,,jungenationalisten,3849,2025-02-16T17:30:11+00:00,4175,0,https://t.me/jungenationalisten/3849
jungenationalisten:3848,,jungenationalisten,3848,2025-02-16T17:30:11+00:00,4132,0,https://t.me/jungenationalisten/3848
jungenationalisten:3847,,jungenationalisten,3847,2025-02-16T17:30:11+00:00,4200,0,https://t.me/jungenationalisten/3847
jungenationalisten:3846,"Dresden Gedenken Auch in diesem Jahr fuhren wir nach Dresden, um dort dem alliierten Bombenterror zu Gedenken. Der Feuer",jungenationalisten,3846,2025-02-16T17:30:11+00:00,4221,132,https://t.me/jungenationalisten/3846
jungenationalisten:3845,"…und der Himmel war Blutrot!   Zeitzeugen berichten, dass der verheerende Angriff auf Dresden einst sogar in Döbeln sich",jungenationalisten,3845,2025-02-15T16:36:23+00:00,4966,79,https://t.me/jungenationalisten/3845
jungenationalisten:3844,[16:40]  Wir kommen so langsam zum Ende des Marsches.  @jungenationalisten,jungenationalisten,3844,2025-02-15T15:43:20+00:00,5412,100,https://t.me/jungenationalisten/3844
jungenationalisten:3841,"Gedenkaktion in Döbeln und Leisnig!  Während der Gedenkmarsch durch die Straßen Dresdens zieht, führen andere Aktivisten",jungenationalisten,3841,2025-02-15T15:23:19+00:00,4368,43,https://t.me/jungenationalisten/3841
jungenationalisten:3837,"[16:00]   Die Gegenseite bewirft den Gedenkmarsch mit Flaschen, Schneebällen und anderen Gegenständen.  @jungenationalis",jungenationalisten,3837,2025-02-15T15:05:02+00:00,4302,34,https://t.me/jungenationalisten/3837
jungenationalisten:3836,[15:33]  Der antideutsche Gegenprotest.  @jungenationalisten,jungenationalisten,3836,2025-02-15T14:55:52+00:00,4426,60,https://t.me/jungenationalisten/3836
jungenationalisten:3835,[15:40]  Wir marschieren!  @jungenationalisten,jungenationalisten,3835,2025-02-15T14:41:58+00:00,4203,112,https://t.me/jungenationalisten/3835
jungenationalisten:3834,[15:00]  Der Gedenkmarsch stellt sich auf.  @jungenationalisten,jungenationalisten,3834,2025-02-15T14:00:25+00:00,4326,45,https://t.me/jungenationalisten/3834
jungenationalisten:3833,"[14:45]  Edda Schmidt spricht über die Verhältnisse rund um den 13 Februar.  Sie zitiert u.a. Winston Churchill:  ,,Ich ",jungenationalisten,3833,2025-02-15T13:50:39+00:00,9326,70,https://t.me/jungenationalisten/3833
jungenationalisten:3832,[14:35]  Es folgen Grußworte aus Tschechien und Ungarn.  @jungenationalisten,jungenationalisten,3832,2025-02-15T13:37:42+00:00,4025,50,https://t.me/jungenationalisten/3832
jungenationalisten:3831,[14:20]  Lutz Giesen eröffnet die Veranstaltung und richtet erste Worte an die zahlreichen Teilnehmer.   @jungenationali,jungenationalisten,3831,2025-02-15T13:25:28+00:00,7946,78,https://t.me/jungenationalisten/3831
jungenationalisten:3830,Liveticker aus Dresden!  Bleibt immer auf dem neuesten Stand – schaut unbedingt auf Instagram vorbei und verpasst keine ,jungenationalisten,3830,2025-02-15T13:10:01+00:00,4013,35,https://t.me/jungenationalisten/3830
jungenationalisten:3829,"Hier spricht Dresden!  Liebe Freunde, Kameraden und Unterstützer!  Morgen, am 15. Februar 2025 findet unser Gedenkmarsch",jungenationalisten,3829,2025-02-14T09:31:47+00:00,3820,54,https://t.me/jungenationalisten/3829
jungenationalisten:3828,"Wir vergessen nicht! …auch nicht nach 80 Jahren!   Die Hölle von ´45, lag in dieser deutschen Stadt, in der ein ganzes V",jungenationalisten,3828,2025-02-13T20:57:36+00:00,4370,112,https://t.me/jungenationalisten/3828
jungenationalisten:3827,"🔥Dresden 1945: ""Die Flamme der Erinnerung""🔥, das Denkmal also, das letztes Jahr von der Ein-Prozent-Bewegung in Zusammen",jungenationalisten,3827,2025-02-13T15:12:35+00:00,4315,64,https://t.me/jungenationalisten/3827
jungenationalisten:3826,,jungenationalisten,3826,2025-02-13T14:53:34+00:00,4636,0,https://t.me/jungenationalisten/3826
jungenationalisten:3825,,jungenationalisten,3825,2025-02-13T14:53:34+00:00,4723,0,https://t.me/jungenationalisten/3825
jungenationalisten:3824,,jungenationalisten,3824,2025-02-13T14:53:34+00:00,4425,0,https://t.me/jungenationalisten/3824
jungenationalisten:3823,,jungenationalisten,3823,2025-02-13T14:53:33+00:00,4264,0,https://t.me/jungenationalisten/3823
jungenationalisten:3822,"Einige unserer Aktivisten haben am Bahnhof in Ashausen, Plakate verklebt, die an die Massenbombardierung auf die Kulturh",jungenationalisten,3822,2025-02-13T14:53:33+00:00,4134,84,https://t.me/jungenationalisten/3822
jungenationalisten:3821,"Hier spricht Dresden!  Liebe Freunde, Kameraden und Unterstützer!  Die Toten von Dresden sind auf den Trümmerberg in der",jungenationalisten,3821,2025-02-12T19:08:21+00:00,4180,73,https://t.me/jungenationalisten/3821
jungenationalisten:3820,,jungenationalisten,3820,2025-02-12T13:08:04+00:00,4587,0,https://t.me/jungenationalisten/3820
jungenationalisten:3819,"Die Region Mittelsachsen und Leipzig fährt am 15.02.2025 übernach Dresden!  Am Samstag, dem 15. Februar 2025, findet der",jungenationalisten,3819,2025-02-12T13:08:04+00:00,4612,44,https://t.me/jungenationalisten/3819
jungenationalisten:3818,AUFRUF ZUR TEILNAHME:  BLOCK DER REBELLISCHEN JUGEND AM 15. FEBRUAR IN DRESDEN! @jungenationalisten 🇩🇪  Wir laden alle a,jungenationalisten,3818,2025-02-12T06:30:25+00:00,4050,67,https://t.me/jungenationalisten/3818
jungenationalisten:3817,"IMSI-Catcher: Gefahren für politische Demonstrationen  Da in Kürze das jährliche Dresden-Gedenken bevorsteht, möchten wi",jungenationalisten,3817,2025-02-11T14:07:02+00:00,4330,78,https://t.me/jungenationalisten/3817
jungenationalisten:3816,,jungenationalisten,3816,2025-02-11T10:07:16+00:00,4375,0,https://t.me/jungenationalisten/3816
jungenationalisten:3815,,jungenationalisten,3815,2025-02-11T10:07:16+00:00,4483,0,https://t.me/jungenationalisten/3815
jungenationalisten:3814,,jungenationalisten,3814,2025-02-11T10:07:16+00:00,4188,0,https://t.me/jungenationalisten/3814
jungenationalisten:3813,Freiheit für Finley! @jungenationalisten 🇩🇪   Seit dem 30.12.24 sitzt unser Kamerad Finley nun schon in U-Haft. Die Grün,jungenationalisten,3813,2025-02-11T10:07:16+00:00,4028,138,https://t.me/jungenationalisten/3813
jungenationalisten:3812,"Hier spricht Dresden!  Liebe Freunde, Kameraden und Unterstützer!  Der Gedenkmarsch zum 80. Jahrestag der Zerstörung Dre",jungenationalisten,3812,2025-02-10T18:12:32+00:00,4236,75,https://t.me/jungenationalisten/3812
jungenationalisten:3811,"""Wir verstehen Heimat als den ethnokulturellen Lebensraum unseres Volkes, welches wiederum durch Abstammung, Sprache, Er",jungenationalisten,3811,2025-02-06T16:52:02+00:00,6047,110,https://t.me/jungenationalisten/3811
jungenationalisten:3810,+++ Videopremiere! +++  Jetzt online!  Proto x Kavalier x Runa - Wenn du links bist  Lasst das Ding komplett Viral gehen,jungenationalisten,3810,2025-02-06T06:01:01+00:00,5891,112,https://t.me/jungenationalisten/3810
jungenationalisten:3809,DAS NEUE MONATSHEFT. Jetzt abonnieren: https://aufgewacht-magazin.de/produkt/aufgewacht-magazin-1-jahres-abonnement/,jungenationalisten,3809,2025-02-05T12:01:12+00:00,5818,47,https://t.me/jungenationalisten/3809
jungenationalisten:3808,,jungenationalisten,3808,2025-02-04T17:03:32+00:00,5833,0,https://t.me/jungenationalisten/3808
jungenationalisten:3807,,jungenationalisten,3807,2025-02-04T17:03:32+00:00,6581,0,https://t.me/jungenationalisten/3807
jungenationalisten:3806,,jungenationalisten,3806,2025-02-04T17:03:32+00:00,6412,0,https://t.me/jungenationalisten/3806
jungenationalisten:3805,Döbeln: Wenn die Pflicht uns ruft!  @jungenationalisten 🇩🇪  Dieses Jahr jährt sich die Zerstörung Dresdens zum 80 Mal.  ,jungenationalisten,3805,2025-02-04T17:03:32+00:00,5998,89,https://t.me/jungenationalisten/3805
jungenationalisten:3804,Thüringen-Mobilisierung für das Dresden-Gedenken geht weiter  @jungenationalisten   Am gestrigen Sonntag waren Aktiviste,jungenationalisten,3804,2025-02-03T19:36:02+00:00,5669,65,https://t.me/jungenationalisten/3804
jungenationalisten:3803,1 Jahr Elblandrevolte – wir gratulieren! @jungenationalisten 🇩🇪  Im letzten Jahr hat unser Dresdner Stützpunkt für aller,jungenationalisten,3803,2025-02-03T15:42:32+00:00,6647,110,https://t.me/jungenationalisten/3803
jungenationalisten:3802,💥 Hiermit präsentieren wir Euch „wie gesagt“ Folge #035 – Im Gespräch mit Lutz Giesen über das Dresden-Gedenken 🎥  In di,jungenationalisten,3802,2025-02-03T07:42:43+00:00,4914,34,https://t.me/jungenationalisten/3802
jungenationalisten:3801,,jungenationalisten,3801,2025-02-03T05:38:39+00:00,5316,0,https://t.me/jungenationalisten/3801
jungenationalisten:3800,,jungenationalisten,3800,2025-02-03T05:38:39+00:00,5975,0,https://t.me/jungenationalisten/3800
jungenationalisten:3799,,jungenationalisten,3799,2025-02-03T05:38:39+00:00,5587,0,https://t.me/jungenationalisten/3799
jungenationalisten:3798,,jungenationalisten,3798,2025-02-03T05:38:39+00:00,5106,0,https://t.me/jungenationalisten/3798
jungenationalisten:3797,"Magdeburg für Dresden! t.me/jungenationalisten   Die Magdeburger Jugend ruft auf, am Gedenkmarsch zur Bombardierung Dres",jungenationalisten,3797,2025-02-03T05:38:39+00:00,4974,90,https://t.me/jungenationalisten/3797
jungenationalisten:3796,"⬆️⬆️⬆️ Gewinnspiel ⬆️⬆️⬆️ Wer unser Gewinnspiel noch nicht gesehen hat, sei jetzt noch einmal darauf hingewiesen. 😏☝️",jungenationalisten,3796,2025-02-02T17:12:45+00:00,6054,22,https://t.me/jungenationalisten/3796
jungenationalisten:3788,"## Telegram-Gewinnspiel ## Es gibt da draußen immer noch rebellische Deutsche, die unseren Telegram-Kanal nicht kennen. ",jungenationalisten,3788,2025-02-01T08:40:08+00:00,21722,86,https://t.me/jungenationalisten/3788
jungenationalisten:3787,"Die Region Mittelsachsen fährt am 15.02.2025 über Chemnitz nach Dresden!  Am Samstag, dem 15. Februar 2025, findet der t",jungenationalisten,3787,2025-01-31T14:32:07+00:00,6188,51,https://t.me/jungenationalisten/3787
jungenationalisten:3785,"От много години вече Луковмарш не е само най-важното събитие от календара на българските националисти, а и мероприятие с",jungenationalisten,3785,2025-01-31T10:06:46+00:00,6024,75,https://t.me/jungenationalisten/3785
jungenationalisten:3784,AUFRUF ZUR TEILNAHME:  BLOCK DER REBELLISCHEN JUGEND AM 15. FEBRUAR IN DRESDEN! @jungenationalisten 🇩🇪  Wir laden alle a,jungenationalisten,3784,2025-01-30T12:10:19+00:00,19842,91,https://t.me/jungenationalisten/3784
jungenationalisten:3783,Gedenken zum Untergang der „Wilhelm Gustloff“  @jungenationalisten 🇩🇪  Heute vor 80 Jahren fand die größte Schiffskatast,jungenationalisten,3783,2025-01-30T08:47:56+00:00,10368,94,https://t.me/jungenationalisten/3783
jungenationalisten:3782,Rheinland verteidigen! @jungenationalisten 🇩🇪  Das große Interesse an unserer nationalen Jugendbewegung hält auch 2025 a,jungenationalisten,3782,2025-01-30T06:40:04+00:00,4735,54,https://t.me/jungenationalisten/3782
jungenationalisten:3781,Die Magazine DEUTSCHE STIMME und AUFGEWACHT fusionieren zu AUFGEWACHT – DIE DEUTSCHE STIMME. Ab sofort bündeln die Redak,jungenationalisten,3781,2025-01-29T18:14:24+00:00,5524,51,https://t.me/jungenationalisten/3781
jungenationalisten:3780,Die rebellische Jugend war wieder Thema im Abendprogramm von SpiegelTV. 😏  https://www.youtube.com/watch?v=Fo6jkJIqHs4  ,jungenationalisten,3780,2025-01-29T17:03:26+00:00,5832,77,https://t.me/jungenationalisten/3780
jungenationalisten:3779,"Mit unserer Reihe „Das Buch zur Hand“ wollen wir das Augenmerk auf sinnvolle, ganzheitliche Gegenwartsliteratur lenken u",jungenationalisten,3779,2025-01-29T10:33:43+00:00,7885,53,https://t.me/jungenationalisten/3779
jungenationalisten:3776,"VOLK UND HEIMAT EINE EINHEIT  Heimat ist Wurzelgrund und Kulturbiotop eines Volkes, und muss als diesbezüglich identitär",jungenationalisten,3776,2025-01-28T13:44:53+00:00,6032,87,https://t.me/jungenationalisten/3776
jungenationalisten:3775,"🔥 Aufruf zum 50 Kilometer Leistungsmarsch 🔥  Bist du bereit, deine Grenzen zu testen?  50 Kilometer in einer verschworen",jungenationalisten,3775,2025-01-27T20:00:02+00:00,6750,74,https://t.me/jungenationalisten/3775
jungenationalisten:3774,,jungenationalisten,3774,2025-01-27T19:23:51+00:00,6248,22,https://t.me/jungenationalisten/3774
jungenationalisten:3773,"🤝 Kommt zum offenen Abend von HEIMAT Dortmund und der HEIMAT-Jugend am Freitag, den 31. Januar, ab 19:30 Uhr!  Adresse a",jungenationalisten,3773,2025-01-27T17:13:01+00:00,6198,59,https://t.me/jungenationalisten/3773
jungenationalisten:3772,Deine Spende hält der rebellischen Jugend den Rücken frei! @jungenationalisten 🇩🇪  Als Junge Nationalisten sammeln und b,jungenationalisten,3772,2025-01-27T08:39:35+00:00,34898,81,https://t.me/jungenationalisten/3772
jungenationalisten:3771,,jungenationalisten,3771,2025-01-26T11:14:19+00:00,0,0,https://t.me/jungenationalisten/3771
jungenationalisten:3770,"Guten Morgen, Mittelsachsen - heute zählt es!  Stefan Trautmann & die Freien Sachsen zum Landrat wählen!  Übrigens: Wer ",jungenationalisten,3770,2025-01-26T08:01:23+00:00,6742,86,https://t.me/jungenationalisten/3770
jungenationalisten:3769,,jungenationalisten,3769,2025-01-24T15:49:23+00:00,28715,0,https://t.me/jungenationalisten/3769
jungenationalisten:3768,,jungenationalisten,3768,2025-01-24T15:49:23+00:00,30429,0,https://t.me/jungenationalisten/3768
jungenationalisten:3767,,jungenationalisten,3767,2025-01-24T15:49:23+00:00,31749,0,https://t.me/jungenationalisten/3767
jungenationalisten:3766,,jungenationalisten,3766,2025-01-24T15:49:23+00:00,26685,0,https://t.me/jungenationalisten/3766
jungenationalisten:3765,,jungenationalisten,3765,2025-01-24T15:49:22+00:00,29230,0,https://t.me/jungenationalisten/3765
jungenationalisten:3764,,jungenationalisten,3764,2025-01-24T15:49:22+00:00,26689,0,https://t.me/jungenationalisten/3764
jungenationalisten:3763,,jungenationalisten,3763,2025-01-24T15:49:22+00:00,27158,0,https://t.me/jungenationalisten/3763
jungenationalisten:3762,,jungenationalisten,3762,2025-01-24T15:49:22+00:00,25489,0,https://t.me/jungenationalisten/3762
jungenationalisten:3761,,jungenationalisten,3761,2025-01-24T15:49:22+00:00,25500,0,https://t.me/jungenationalisten/3761
jungenationalisten:3760,..ein jeder soll Deutschland spüren! @jungenationalisten 🇩🇪  Die rebellische Jugend beginnt das politische Kampfjahr 202,jungenationalisten,3760,2025-01-24T15:49:22+00:00,25005,121,https://t.me/jungenationalisten/3760
jungenationalisten:3759,"Unsere neue Kontaktnummer   ➡️ 017615731145 ⬅️  Ihr wollt uns unterstützen, habt Fragen oder wollt Deutschlands kernigst",jungenationalisten,3759,2025-01-24T15:02:29+00:00,5821,38,https://t.me/jungenationalisten/3759
jungenationalisten:3758,Veranstaltungsabend heute in Nordsachsen! @jungenationalisten 🇩🇪  Aufspielen wird der Liedermacher Kavalier-NDS zudem st,jungenationalisten,3758,2025-01-24T08:52:17+00:00,7215,60,https://t.me/jungenationalisten/3758
jungenationalisten:3757,"Wo Widerstand wächst, entsteht Gemeinschaft!  Überall dort, wo sich Widerstand regt, erwacht auch ein neuer Geist der Ge",jungenationalisten,3757,2025-01-23T19:53:26+00:00,5475,168,https://t.me/jungenationalisten/3757
jungenationalisten:3755,Jetzt erst recht: Alle nach Waldheim - Schluss mit dieser Einwanderungspolitik!  Nach Aschaffenburg ist vor dem großen P,jungenationalisten,3755,2025-01-23T09:38:47+00:00,5181,103,https://t.me/jungenationalisten/3755
jungenationalisten:3753,,jungenationalisten,3753,2025-01-22T08:42:00+00:00,5491,0,https://t.me/jungenationalisten/3753
jungenationalisten:3752,"Neues Material zum Thema CSD & gesunde Familen!   In Zeiten der absoluten Angleichung, der Frühsexualisierung und der Fö",jungenationalisten,3752,2025-01-22T08:42:00+00:00,5625,89,https://t.me/jungenationalisten/3752
jungenationalisten:3751,Thüringen-Mobilisierung für das Dresden-Gedenken gestartet  @jungenationalisten   Aktivisten des Heimat Kreisverbandes G,jungenationalisten,3751,2025-01-21T21:15:19+00:00,5733,66,https://t.me/jungenationalisten/3751
jungenationalisten:3750,Kampf um die Heimat!  Wann schließt du dich an? @jungenationalisten 🇩🇪,jungenationalisten,3750,2025-01-21T16:12:43+00:00,5318,152,https://t.me/jungenationalisten/3750
jungenationalisten:3749,Veranstaltungsabend in Nordsachsen  @jungenationalisten 🇩🇪  Aufspielen wird der Liedermacher Kavalier-NDS zudem stellen ,jungenationalisten,3749,2025-01-21T13:10:07+00:00,5619,49,https://t.me/jungenationalisten/3749
jungenationalisten:3747,"Landratswahl am Sonntag (26. Januar) in Mittelsachsen:  Deine Stimme für Stefan Trautmann!  Sonntag zählt jede Stimme, d",jungenationalisten,3747,2025-01-21T10:46:32+00:00,5345,45,https://t.me/jungenationalisten/3747
jungenationalisten:3746,Rheinland verteidigen! @jungenationalisten 🇩🇪  Das große Interesse an unserer nationalen Jugendbewegung hält auch 2025 a,jungenationalisten,3746,2025-01-20T16:34:26+00:00,14561,76,https://t.me/jungenationalisten/3746
jungenationalisten:3745,Solidarität ist unsere Waffe!  Zum 80. Jahrestag der Bombardierung Dresdens haben wir einen besonderen Anstecker entworf,jungenationalisten,3745,2025-01-19T17:40:18+00:00,5625,63,https://t.me/jungenationalisten/3745
jungenationalisten:3744,Dresden - Gedenken  @jungenationalisten   Heute gehen die ersten Flugblätter in die Briefkästen  - Am 15.02. alle auf na,jungenationalisten,3744,2025-01-19T11:58:12+00:00,5877,78,https://t.me/jungenationalisten/3744
jungenationalisten:3743,Ehrenvolles Gedenken statt Anpassung an den Zeitgeist.  👉 @harzverteidigen,jungenationalisten,3743,2025-01-18T10:41:01+00:00,6355,105,https://t.me/jungenationalisten/3743
jungenationalisten:3742,,jungenationalisten,3742,2025-01-17T21:26:08+00:00,6826,0,https://t.me/jungenationalisten/3742
jungenationalisten:3741,## Aktion Wandkalender ##  @jungenationalisten 🇩🇪  Wir haben ein paar Wandkalender über. 12 starke Bilder aus dem politi,jungenationalisten,3741,2025-01-17T21:26:08+00:00,7252,58,https://t.me/jungenationalisten/3741
jungenationalisten:3739,+++ Interessententreffen +++ @jungenationalisten 🇩🇪  Am Sonntag dem 26.1. ist unser nächstes Interessententreffen angesa,jungenationalisten,3739,2025-01-16T16:28:41+00:00,8708,82,https://t.me/jungenationalisten/3739
jungenationalisten:3738,"Die Junge Alternative wird von der AfD abgewickelt @jungenationalisten 🇩🇪  Eine eindeutige Mehrheit von 71,92% folgte da",jungenationalisten,3738,2025-01-13T11:20:59+00:00,9741,125,https://t.me/jungenationalisten/3738
jungenationalisten:3737,"@JA_Deutschland   als Jugendorganisation der AfD ist Geschichte. Verständlich, dass man die Jugend vor dem Verbotsstaat ",jungenationalisten,3737,2025-01-12T13:15:53+00:00,7241,79,https://t.me/jungenationalisten/3737
jungenationalisten:3736,Dresden - Gedenken  @jungenationalisten   Heute kamen frisch aus der Druckerei die Flugblätter für das diesjährige Dresd,jungenationalisten,3736,2025-01-12T11:03:55+00:00,7401,77,https://t.me/jungenationalisten/3736
jungenationalisten:3735,"Tierschutz verpflichtet! @jungenationalisten   Unter dem Motto ""Tierschutz verpflichtet!"" hat die Thüringer JN zusammen ",jungenationalisten,3735,2025-01-11T13:45:36+00:00,6647,139,https://t.me/jungenationalisten/3735
jungenationalisten:3734,JN Aktivistentag Magdeburg @jungenationalisten 🇩🇪  Sachsen-Anhalts Jugend in Bewegung! Wir starten in der Landeshauptsta,jungenationalisten,3734,2025-01-10T15:43:43+00:00,7079,99,https://t.me/jungenationalisten/3734
jungenationalisten:3733,"Drinnen und draußen eine Front! t.me/jungenationalisten 🇩🇪   Wahrlich, jede Zeile, jede Karte spendet Trost und Stärke, ",jungenationalisten,3733,2025-01-08T09:37:14+00:00,14444,201,https://t.me/jungenationalisten/3733
jungenationalisten:3732,,jungenationalisten,3732,2025-01-07T18:58:14+00:00,7375,131,https://t.me/jungenationalisten/3732
jungenationalisten:3731,"Jean-Marie Le Pen, patriotischer Kandidat in der Stichwahl um das französische Präsidentenamt 2002 und langjähriger Part",jungenationalisten,3731,2025-01-07T18:58:08+00:00,7111,49,https://t.me/jungenationalisten/3731
jungenationalisten:3729,"Die deutsche Jugend in Süddeutschland bleibt stabil!   Jetzt ist der Zeitpunkt, aktiv zu werden und mitzugestalten.   Me",jungenationalisten,3729,2025-01-07T11:34:01+00:00,5859,79,https://t.me/jungenationalisten/3729
jungenationalisten:3727,"Hier spricht Dresden!   ""Warum soll ich am Dresden-Gedenken teilnehmen?""   Wem dieser kleine Film nicht zu Herzen geht u",jungenationalisten,3727,2025-01-05T09:35:34+00:00,6875,94,https://t.me/jungenationalisten/3727
jungenationalisten:3726,Solidarität ist unsere Waffe!  Flagge zeigen für das Dresden Gedenken 2025! Professionell hergestellter Anstecker. Die e,jungenationalisten,3726,2025-01-03T13:32:58+00:00,7923,70,https://t.me/jungenationalisten/3726
jungenationalisten:3725,,jungenationalisten,3725,2025-01-02T16:28:50+00:00,0,0,https://t.me/jungenationalisten/3725
jungenationalisten:3724,Gute Vorsätze für das neue Jahr? @jungenationalisten 🇩🇪  Du möchtest aktiv werden und hast keine Jugendgruppe vor Ort?  ,jungenationalisten,3724,2025-01-01T18:23:45+00:00,9782,113,https://t.me/jungenationalisten/3724
jungenationalisten:3723,"Halbe: Sie waren Helden! t.me/jungenationalisten 🇩🇪   Nach dem staatlich orchestrierten Eingriff, der als “Kerzenraub” t",jungenationalisten,3723,2025-01-01T15:36:20+00:00,24494,151,https://t.me/jungenationalisten/3723
jungenationalisten:3722,Keine Chance der Repression! – Freiheit für Finley t.me/jungenationalisten 🇩🇪   Am 30.12. war es einmal wieder so weit. ,jungenationalisten,3722,2024-12-31T12:01:06+00:00,54534,249,https://t.me/jungenationalisten/3722
jungenationalisten:3721,Unsere Sicherheitsexperten haben die öffentliche Debatte rund um mögliche Silvesterausschreitungen analysiert und kommen,jungenationalisten,3721,2024-12-31T11:29:14+00:00,7604,96,https://t.me/jungenationalisten/3721
jungenationalisten:3720,,jungenationalisten,3720,2024-12-31T09:54:56+00:00,7691,0,https://t.me/jungenationalisten/3720
jungenationalisten:3719,,jungenationalisten,3719,2024-12-31T09:54:56+00:00,7979,0,https://t.me/jungenationalisten/3719
jungenationalisten:3718,,jungenationalisten,3718,2024-12-31T09:54:56+00:00,6878,0,https://t.me/jungenationalisten/3718
jungenationalisten:3717,,jungenationalisten,3717,2024-12-31T09:54:56+00:00,6590,0,https://t.me/jungenationalisten/3717
jungenationalisten:3716,"Dresden: Wenn die Pflicht ruft, stehen wir bereit! @jungenationalisten 🇩🇪  Auch nach 80 Jahren sind die Opfer des Bomben",jungenationalisten,3716,2024-12-31T09:54:55+00:00,5898,104,https://t.me/jungenationalisten/3716
jungenationalisten:3715,Zusendung von unseren Kameraden aus Bremen🙋🏼‍♂️  Werdet aktiv und lasst euch nicht unterkriegen von dem Linken Terror! W,jungenationalisten,3715,2024-12-30T09:21:33+00:00,6392,163,https://t.me/jungenationalisten/3715
jungenationalisten:3714,„Ein Licht für die Toten“  - Grabkerzenaufkleber ⚔️   Während kriminelle Elemente ungehindert durch unsere Straßen ziehe,jungenationalisten,3714,2024-12-29T19:06:52+00:00,6382,96,https://t.me/jungenationalisten/3714
jungenationalisten:3713,,jungenationalisten,3713,2024-12-28T13:43:57+00:00,7066,0,https://t.me/jungenationalisten/3713
jungenationalisten:3712,,jungenationalisten,3712,2024-12-28T13:43:57+00:00,7544,0,https://t.me/jungenationalisten/3712
jungenationalisten:3711,,jungenationalisten,3711,2024-12-28T13:43:57+00:00,6677,0,https://t.me/jungenationalisten/3711
jungenationalisten:3710,,jungenationalisten,3710,2024-12-28T13:43:57+00:00,6497,0,https://t.me/jungenationalisten/3710
jungenationalisten:3709,,jungenationalisten,3709,2024-12-28T13:43:57+00:00,5726,0,https://t.me/jungenationalisten/3709
jungenationalisten:3708,,jungenationalisten,3708,2024-12-28T13:43:57+00:00,5764,0,https://t.me/jungenationalisten/3708
jungenationalisten:3707,,jungenationalisten,3707,2024-12-28T13:43:57+00:00,5851,0,https://t.me/jungenationalisten/3707
jungenationalisten:3706,,jungenationalisten,3706,2024-12-28T13:43:57+00:00,5504,0,https://t.me/jungenationalisten/3706
jungenationalisten:3705,,jungenationalisten,3705,2024-12-28T13:43:57+00:00,5652,0,https://t.me/jungenationalisten/3705
jungenationalisten:3704,Heimat verbindet – Wanderung durch das mittelsächsische Hügelland!  @jungenationalisten 🇩🇪  Unsere kulturhistorische Wan,jungenationalisten,3704,2024-12-28T13:43:57+00:00,5424,128,https://t.me/jungenationalisten/3704
jungenationalisten:3703,,jungenationalisten,3703,2024-12-27T14:46:17+00:00,6238,0,https://t.me/jungenationalisten/3703
jungenationalisten:3702,"…und ihr habt doch gesiegt!  Pünktlich zur längsten Nacht des Jahres, der Wintersonnenwende, versammelten sich Aktiviste",jungenationalisten,3702,2024-12-27T14:46:17+00:00,6331,108,https://t.me/jungenationalisten/3702
jungenationalisten:3701,#sonnenwende #deutschland #jugendfürdeutschland #rebellischejugend #niedersachsen #tradition #brauchtum #deutsch #heimat,jungenationalisten,3701,2024-12-27T12:38:00+00:00,5861,64,https://t.me/jungenationalisten/3701
jungenationalisten:3700,"Gewinnspiel bei Instagram:  Kennt ihr schon unser Gewinnspiel auf Instagram, welches wir zusammen mit dem Frontdienst ha",jungenationalisten,3700,2024-12-26T10:08:52+00:00,5625,34,https://t.me/jungenationalisten/3700
jungenationalisten:3698,"Wiedererwachen zur Julzeit @jungenationalisten 🇩🇪  Im Dunkel der Nacht, wenn der Winter sich zeigt,die Wälder in Schnee ",jungenationalisten,3698,2024-12-24T12:59:35+00:00,8828,149,https://t.me/jungenationalisten/3698
jungenationalisten:3697,Wieder einmal (k)ein Einzelfall! t.me/jungenationalisten 🇩🇪  Auch heute waren junge Nationalisten entschlossen aktiv und,jungenationalisten,3697,2024-12-23T19:09:48+00:00,6825,131,https://t.me/jungenationalisten/3697
jungenationalisten:3696,Aufkleber: “Komm zur nationalistischen Jugendbewegung! ⚔️   Neu und ab sofort verfügbar!  Nicht in den Händen der Masse ,jungenationalisten,3696,2024-12-23T10:45:45+00:00,5987,80,https://t.me/jungenationalisten/3696
jungenationalisten:3695,"NEU: 💥DS-TV aus Magdeburg: Für die Heimat - Gegen den Terror!   Überparteilich organisiert, allerdings getragen von star",jungenationalisten,3695,2024-12-22T17:49:29+00:00,5791,106,https://t.me/jungenationalisten/3695
jungenationalisten:3694,"Sonnenwende – Jahreswende!   Wie auch schon unsere Ahnen feiern wir Jahr für Jahr die Sonnenwende – ein uraltes Fest, da",jungenationalisten,3694,2024-12-22T13:29:31+00:00,6318,94,https://t.me/jungenationalisten/3694
jungenationalisten:3693,Magdeburg: Aus Trauer wird Wut!  Etwa 2000 Teilnehmer nehmen aktuell an der Kundgebung und dem Trauermarsch für die Opfe,jungenationalisten,3693,2024-12-21T19:08:53+00:00,16463,328,https://t.me/jungenationalisten/3693
jungenationalisten:3692,,jungenationalisten,3692,2024-12-21T09:35:32+00:00,7817,0,https://t.me/jungenationalisten/3692
jungenationalisten:3691,,jungenationalisten,3691,2024-12-21T09:35:32+00:00,7422,0,https://t.me/jungenationalisten/3691
jungenationalisten:3690,,jungenationalisten,3690,2024-12-21T09:35:31+00:00,6788,0,https://t.me/jungenationalisten/3690
jungenationalisten:3689,,jungenationalisten,3689,2024-12-21T09:35:31+00:00,6831,0,https://t.me/jungenationalisten/3689
jungenationalisten:3688,"Wir versammelten uns in Eschede um die Wintersonnenwende zu feiern, den längsten Tag der Dunkelheit und zugleich den Wen",jungenationalisten,3688,2024-12-21T09:35:31+00:00,6329,146,https://t.me/jungenationalisten/3688
jungenationalisten:3687,"Morgen (Sonnabend 21.12.) gilt es, ein Zeichen gegen den Terroranschlag von Magdeburg und den feigen Mord an unschuldige",jungenationalisten,3687,2024-12-20T21:22:16+00:00,34341,220,https://t.me/jungenationalisten/3687
jungenationalisten:3686,,jungenationalisten,3686,2024-12-20T13:11:32+00:00,10730,0,https://t.me/jungenationalisten/3686
jungenationalisten:3685,,jungenationalisten,3685,2024-12-20T13:11:32+00:00,11137,0,https://t.me/jungenationalisten/3685
jungenationalisten:3684,,jungenationalisten,3684,2024-12-20T13:11:32+00:00,9723,0,https://t.me/jungenationalisten/3684
jungenationalisten:3683,Gründungkongress JN-Landesverband WEST @jungenationalisten 🇩🇪  In der HEIMAT-Landesgeschäftsstelle von NRW wurde vergang,jungenationalisten,3683,2024-12-20T13:11:31+00:00,8701,105,https://t.me/jungenationalisten/3683
jungenationalisten:3678,,jungenationalisten,3678,2024-12-18T09:24:52+00:00,6685,0,https://t.me/jungenationalisten/3678
jungenationalisten:3677,Pfalz aktiv: Balladenabend mit Phil von FLAK & Vernetzung nationaler Strukturen @jungenationalisten 🇩🇪  Der Balladenaben,jungenationalisten,3677,2024-12-18T09:24:52+00:00,6904,60,https://t.me/jungenationalisten/3677
jungenationalisten:3676,📢 In Dortmund demonstrierten heute 150 junge Deutsche gegen Polizeiwillkür und Machtmissbrauch. Ein ausführlicher Berich,jungenationalisten,3676,2024-12-17T16:08:36+00:00,5556,104,https://t.me/jungenationalisten/3676
jungenationalisten:3675,📢 Die Nationale Opposition demonstrierte wieder in Dortmund  Hier die Pressemitteilung im PDF-Format lesen   Am Sonnaben,jungenationalisten,3675,2024-12-17T16:08:22+00:00,5315,37,https://t.me/jungenationalisten/3675
jungenationalisten:3674,"Aufkleber, Plakate und Flugblätter ab heute bestellbar!   Aus Anlass des 80.Jahrestages der Zerstörung Dresdens, kannst ",jungenationalisten,3674,2024-12-16T08:21:16+00:00,4243,53,https://t.me/jungenationalisten/3674
jungenationalisten:3673,,jungenationalisten,3673,2024-12-15T17:20:42+00:00,5383,0,https://t.me/jungenationalisten/3673
jungenationalisten:3672,,jungenationalisten,3672,2024-12-15T17:20:42+00:00,6117,0,https://t.me/jungenationalisten/3672
jungenationalisten:3671,"Wo man singt, da lass dich ruhig nieder, böse Menschen haben keine Lieder. 🎸 🎤   Während manche in verrauchten Stuben be",jungenationalisten,3671,2024-12-15T17:20:42+00:00,5077,75,https://t.me/jungenationalisten/3671
jungenationalisten:3670,"Das Material zum ""Dresden-Gedenken"" in Kürze hier erhältlich!  Auch im Jahr 2025 wird es ein würdiges und ehrenvolles Ge",jungenationalisten,3670,2024-12-13T14:16:38+00:00,6261,86,https://t.me/jungenationalisten/3670
jungenationalisten:3668,"Heimat verbindet – Wanderung in Mittelsachsen! @jungenationalisten 🇩🇪  Am Samstag, dem 14.12., ruft die nächste Wanderun",jungenationalisten,3668,2024-12-10T12:06:06+00:00,6751,65,https://t.me/jungenationalisten/3668
jungenationalisten:3666,"Her zu uns! @jungenationalisten 🇩🇪  ➡️ 017615731145 ⬅️  Ihr wollt uns unterstützen, habt Fragen oder wollt Deutschlands ",jungenationalisten,3666,2024-12-09T12:53:41+00:00,16544,178,https://t.me/jungenationalisten/3666
jungenationalisten:3663,🚨⛓️ Kettensägen-Überfall auf junge Mutter: Das geschah wirklich!  Diese Minuten wird Hella Hättasch nie vergessen: Maski,jungenationalisten,3663,2024-12-08T11:01:32+00:00,6733,56,https://t.me/jungenationalisten/3663
jungenationalisten:3662,"Heute bei PC Records in Chemnitz: Einkaufen und Vernetzen!  Am heutigen Sonnabend, dem 07. Dezember 2024, laden wir euch",jungenationalisten,3662,2024-12-07T09:04:28+00:00,6180,82,https://t.me/jungenationalisten/3662
jungenationalisten:3661,Die Zukunft gehört der Jugend! Offener Brief zur Eingliederung der JA in die AfD. @jungenationalisten 🇩🇪  Die geplante E,jungenationalisten,3661,2024-12-04T18:42:55+00:00,6741,81,https://t.me/jungenationalisten/3661
jungenationalisten:3660,Die Zukunft gehört der Jugend! Offener Brief zur Eingliederung der JA in die AfD. @jungenationalisten 🇩🇪  Die geplante E,jungenationalisten,3660,2024-12-04T14:45:12+00:00,14260,81,https://t.me/jungenationalisten/3660
jungenationalisten:3659,"JA zur JN  Die sog. Alternative will ihre eigene Jugend gängeln und an die Leine legen, da sie in diesen radikalen Zeite",jungenationalisten,3659,2024-12-03T12:35:09+00:00,6343,121,https://t.me/jungenationalisten/3659
jungenationalisten:3658,Auf den Spuren des unbekannten Soldaten @jungenationalisten 🇩🇪  Das Ende des Zweiten Weltkrieges war kein Moment des rei,jungenationalisten,3658,2024-12-03T08:17:47+00:00,6479,88,https://t.me/jungenationalisten/3658
jungenationalisten:3655,"Wo Widerstand wächst, entsteht Gemeinschaft  Überall dort, wo sich Widerstand regt, erwacht auch ein neuer Geist der Gem",jungenationalisten,3655,2024-12-02T21:27:02+00:00,5762,86,https://t.me/jungenationalisten/3655
jungenationalisten:3654,"📢 Heraus zur Jahresabschluss-Demonstration am Sonnabend, den 14. Dezember 2024 in Dortmund!  Lügen haben kurze Beine – G",jungenationalisten,3654,2024-12-01T09:33:11+00:00,5841,64,https://t.me/jungenationalisten/3654
jungenationalisten:3653,,jungenationalisten,3653,2024-11-29T16:54:01+00:00,7693,0,https://t.me/jungenationalisten/3653
jungenationalisten:3652,,jungenationalisten,3652,2024-11-29T16:54:01+00:00,8480,0,https://t.me/jungenationalisten/3652
jungenationalisten:3651,,jungenationalisten,3651,2024-11-29T16:54:01+00:00,7143,0,https://t.me/jungenationalisten/3651
jungenationalisten:3650,,jungenationalisten,3650,2024-11-29T16:54:01+00:00,6602,0,https://t.me/jungenationalisten/3650
jungenationalisten:3649,,jungenationalisten,3649,2024-11-29T16:54:01+00:00,6524,0,https://t.me/jungenationalisten/3649
jungenationalisten:3648,,jungenationalisten,3648,2024-11-29T16:54:01+00:00,6191,0,https://t.me/jungenationalisten/3648
jungenationalisten:3647,,jungenationalisten,3647,2024-11-29T16:54:01+00:00,5794,0,https://t.me/jungenationalisten/3647
jungenationalisten:3646,Die Jugend vernetzt sich! JN-Veranstaltung in Chemnitz durchgeführt! @jungenationalisten 🇩🇪  Durch die kontinuierliche J,jungenationalisten,3646,2024-11-29T16:54:00+00:00,5314,90,https://t.me/jungenationalisten/3646
jungenationalisten:3645,"Hier spricht Dresden!  Liebe Freunde, Kameraden und Unterstützer!  Im kommenden Februar jähren sich die angloamerikanisc",jungenationalisten,3645,2024-11-28T18:07:07+00:00,4705,80,https://t.me/jungenationalisten/3645
jungenationalisten:3644,Kämpfen für Europa!  - zu Besuch in Madrid @jungenationalisten 🇩🇪  Vergangenes Wochenende besuchte eine JN-Delegation un,jungenationalisten,3644,2024-11-27T15:32:30+00:00,8711,0,https://t.me/jungenationalisten/3644
jungenationalisten:3643,,jungenationalisten,3643,2024-11-27T15:32:30+00:00,9119,0,https://t.me/jungenationalisten/3643
jungenationalisten:3642,,jungenationalisten,3642,2024-11-27T15:32:30+00:00,8277,0,https://t.me/jungenationalisten/3642
jungenationalisten:3641,,jungenationalisten,3641,2024-11-27T15:32:30+00:00,7833,111,https://t.me/jungenationalisten/3641
jungenationalisten:3640,"„Gebt mir 100 Tage Zeit.“   Auf dem zurückliegenden Parteitag, wurde Peter Schreiber zum neuen Vorsitzenden der HEIMAT g",jungenationalisten,3640,2024-11-27T11:54:05+00:00,4888,46,https://t.me/jungenationalisten/3640
jungenationalisten:3639,"Für die Heimat - für unser Land!   Fantastisch, dass du bereit bist, dich für die Zukunft unserer Heimat einzusetzen! We",jungenationalisten,3639,2024-11-27T11:17:58+00:00,4962,75,https://t.me/jungenationalisten/3639
jungenationalisten:3638,Besatzer raus!  Souveränität für Deutschland.  @jungenationalisten 🇩🇪  Nach der Tötung eines jungen Deutschen durch amer,jungenationalisten,3638,2024-11-26T08:38:18+00:00,7926,135,https://t.me/jungenationalisten/3638
jungenationalisten:3637,Nachtrag zum Bundesparteitag der HEIMAT:  Am 2. Tag des Parteitages wurde der folgende gemeinsame Antrag der Jungen Nati,jungenationalisten,3637,2024-11-24T14:16:41+00:00,5318,56,https://t.me/jungenationalisten/3637
jungenationalisten:3636,"Ehre ist Zwang genug! https://t.me/jungenationalisten 🇩🇪   Unsere Aufgabe ist es, uns selbst auszurichten. Die seelische",jungenationalisten,3636,2024-11-24T09:54:41+00:00,5631,75,https://t.me/jungenationalisten/3636
jungenationalisten:3634,"Zu den st. Parteivorsitzenden wurden gewählt:   Udo Voigt, Thorsten Heise und Philipp Neumann.   —- Gemeinsam mit der HE",jungenationalisten,3634,2024-11-23T17:58:26+00:00,4939,46,https://t.me/jungenationalisten/3634
jungenationalisten:3633,Peter Schreiber ist zum neuen Parteivorsitzenden der HEIMAT gewählt worden! Herzlichen Glückwunsch.   —- Gemeinsam mit d,jungenationalisten,3633,2024-11-23T17:58:02+00:00,5106,46,https://t.me/jungenationalisten/3633
jungenationalisten:3632,Der Parteitag wird in diesen Minuten eröffnet.   Gemeinsam mit der HEIMAT 🇩🇪 @heimat2023  Kommt in den Diskurs 💬  @diehe,jungenationalisten,3632,2024-11-23T16:49:47+00:00,5353,57,https://t.me/jungenationalisten/3632
jungenationalisten:3631,,jungenationalisten,3631,2024-11-23T15:20:25+00:00,5275,0,https://t.me/jungenationalisten/3631
jungenationalisten:3630,,jungenationalisten,3630,2024-11-23T15:20:25+00:00,5943,0,https://t.me/jungenationalisten/3630
jungenationalisten:3629,,jungenationalisten,3629,2024-11-23T15:20:25+00:00,5495,0,https://t.me/jungenationalisten/3629
jungenationalisten:3628,,jungenationalisten,3628,2024-11-23T15:20:25+00:00,5438,0,https://t.me/jungenationalisten/3628
jungenationalisten:3627,,jungenationalisten,3627,2024-11-23T15:20:25+00:00,5285,0,https://t.me/jungenationalisten/3627
jungenationalisten:3626,,jungenationalisten,3626,2024-11-23T15:20:25+00:00,4856,0,https://t.me/jungenationalisten/3626
jungenationalisten:3625,,jungenationalisten,3625,2024-11-23T15:20:25+00:00,4773,0,https://t.me/jungenationalisten/3625
jungenationalisten:3624,Vor dem Parteitagsgelände hat sich eine „eindrucksvolle Gegenkundgebung“ zusammengefunden. Der Parteitag geht derweil un,jungenationalisten,3624,2024-11-23T15:20:25+00:00,4692,69,https://t.me/jungenationalisten/3624
jungenationalisten:3623,Unser Bundesvorsitzender beim HEIMAT-Bundesparteitag 2024 @jungenationalisten 🇩🇪  Aktuell spricht JN-Bundesvorsitzender ,jungenationalisten,3623,2024-11-23T12:44:11+00:00,7665,102,https://t.me/jungenationalisten/3623
jungenationalisten:3619,"Ursula Haverbeck - HIER! @jungenationalisten 🇩🇪  Wir verabschieden eine großartige Widerstandskämpferin, die mit ihrer o",jungenationalisten,3619,2024-11-21T05:30:41+00:00,14387,365,https://t.me/jungenationalisten/3619
jungenationalisten:3618,"Hier spricht Dresden!  Liebe Freunde, Kameraden und Unterstützer!  Im kommenden Februar begehen wir den 80. Jahrestag de",jungenationalisten,3618,2024-11-18T19:45:18+00:00,5492,79,https://t.me/jungenationalisten/3618
jungenationalisten:3617,,jungenationalisten,3617,2024-11-18T08:35:47+00:00,5835,0,https://t.me/jungenationalisten/3617
jungenationalisten:3616,,jungenationalisten,3616,2024-11-18T08:35:47+00:00,5793,0,https://t.me/jungenationalisten/3616
jungenationalisten:3615,Heldengedenken Großraum Hannover @jungenationalisten 🇩🇪  Auch im Großraum Hannover organisierte die volkstreue Jugend ei,jungenationalisten,3615,2024-11-18T08:35:47+00:00,5191,114,https://t.me/jungenationalisten/3615
jungenationalisten:3614,,jungenationalisten,3614,2024-11-17T21:18:17+00:00,5245,0,https://t.me/jungenationalisten/3614
jungenationalisten:3613,,jungenationalisten,3613,2024-11-17T21:18:17+00:00,5322,0,https://t.me/jungenationalisten/3613
jungenationalisten:3612,,jungenationalisten,3612,2024-11-17T21:18:17+00:00,4883,0,https://t.me/jungenationalisten/3612
jungenationalisten:3611,,jungenationalisten,3611,2024-11-17T21:18:17+00:00,4567,0,https://t.me/jungenationalisten/3611
jungenationalisten:3610,"Heldengedenken bei Köthen  An diesem Wochenende trafen sich Kameraden der Jungen Nationalisten, der Partei ""Die Heimat"" ",jungenationalisten,3610,2024-11-17T21:18:17+00:00,4509,123,https://t.me/jungenationalisten/3610
jungenationalisten:3609,"Wie konnte es kommen, dass heute fast niemand ein Gespür dafür zu haben scheint, was es heißt, Angehöriger eines Volkes ",jungenationalisten,3609,2024-11-17T20:56:26+00:00,4612,89,https://t.me/jungenationalisten/3609
jungenationalisten:3608,,jungenationalisten,3608,2024-11-17T20:44:55+00:00,4407,0,https://t.me/jungenationalisten/3608
jungenationalisten:3607,,jungenationalisten,3607,2024-11-17T20:44:55+00:00,4576,0,https://t.me/jungenationalisten/3607
jungenationalisten:3606,,jungenationalisten,3606,2024-11-17T20:44:55+00:00,4032,0,https://t.me/jungenationalisten/3606
jungenationalisten:3605,🏴 Volkstrauertag: Teilnahme von Nationalisten an Veranstaltung der Stadt Dortmund  In diesem Jahr rief die Stadt Dortmun,jungenationalisten,3605,2024-11-17T20:44:55+00:00,3853,85,https://t.me/jungenationalisten/3605
jungenationalisten:3604,,jungenationalisten,3604,2024-11-17T20:31:46+00:00,4037,0,https://t.me/jungenationalisten/3604
jungenationalisten:3603,,jungenationalisten,3603,2024-11-17T20:31:46+00:00,4424,0,https://t.me/jungenationalisten/3603
jungenationalisten:3602,,jungenationalisten,3602,2024-11-17T20:31:46+00:00,4036,0,https://t.me/jungenationalisten/3602
jungenationalisten:3601,,jungenationalisten,3601,2024-11-17T20:31:45+00:00,3872,0,https://t.me/jungenationalisten/3601
jungenationalisten:3600,Heldengedenken 2024 in der Lüneburger Heide!,jungenationalisten,3600,2024-11-17T20:31:45+00:00,3947,105,https://t.me/jungenationalisten/3600
jungenationalisten:3599,,jungenationalisten,3599,2024-11-17T20:19:07+00:00,3991,0,https://t.me/jungenationalisten/3599
jungenationalisten:3598,,jungenationalisten,3598,2024-11-17T20:19:07+00:00,4116,0,https://t.me/jungenationalisten/3598
jungenationalisten:3597,,jungenationalisten,3597,2024-11-17T20:19:07+00:00,3864,0,https://t.me/jungenationalisten/3597
jungenationalisten:3596,"Heldengedenken @jungenationalisten   Auch die Thüringer JN war sowohl gestern, als auch heute auf Gedenkveranstaltungen ",jungenationalisten,3596,2024-11-17T20:19:07+00:00,3918,99,https://t.me/jungenationalisten/3596
jungenationalisten:3595,,jungenationalisten,3595,2024-11-17T20:08:29+00:00,3684,0,https://t.me/jungenationalisten/3595
jungenationalisten:3594,,jungenationalisten,3594,2024-11-17T20:08:29+00:00,3799,0,https://t.me/jungenationalisten/3594
jungenationalisten:3593,"Auch wir, die JN Dresden gedenken am heutigen Volkstrauertag unseren gefallenen deutschen Soldaten, Müttern und Kindern,",jungenationalisten,3593,2024-11-17T20:08:28+00:00,3742,138,https://t.me/jungenationalisten/3593
jungenationalisten:3592,"Volkstrauertag 2024   Hier liegen die, denen es um Deutschlands Zukunft ging – weil Deutschlands Zukunft für sie gleichb",jungenationalisten,3592,2024-11-17T09:50:46+00:00,4671,159,https://t.me/jungenationalisten/3592
jungenationalisten:3591,Anquatschversuch im Raum Zeitz in Sachsen-Anhalt  Bei mindestens einem Aktivisten der Heimat Parteijugend gab es heute e,jungenationalisten,3591,2024-11-14T18:13:29+00:00,5363,78,https://t.me/jungenationalisten/3591
jungenationalisten:3589,„Ein Licht für die Toten“  - Grabkerzenaufkleber ⚔️   Die Aufkleber sind DIN A8 für Grabkerzen.  💥 Die Aufkleber gibt‘s ,jungenationalisten,3589,2024-11-14T11:02:45+00:00,5415,100,https://t.me/jungenationalisten/3589
jungenationalisten:3588,"JN-Infoabend in Chemnitz 🥁 @jungenationalisten 🇩🇪  Der nächste Info-Abend wird am Sonnabend, den 16.11. in in Chemnitz s",jungenationalisten,3588,2024-11-13T11:57:24+00:00,5130,61,https://t.me/jungenationalisten/3588
jungenationalisten:3587,Halberstadt - 11.11.2024  ⬇️⬇️⬇️,jungenationalisten,3587,2024-11-12T10:41:30+00:00,5163,124,https://t.me/jungenationalisten/3587
jungenationalisten:3586,🤝 Redner der Freien Sachsen zu Gast in Halberstadt  Bei der heutigen Montagsdemonstration in Halberstadt wurde ein Gastr,jungenationalisten,3586,2024-11-12T10:41:17+00:00,5037,30,https://t.me/jungenationalisten/3586
jungenationalisten:3584,"17. November  - Heraus zum Heldengedenken  @jungenationalisten   In der BRD bekannt als Volkstrauertag, halten wir am 17",jungenationalisten,3584,2024-11-11T10:21:00+00:00,4765,97,https://t.me/jungenationalisten/3584
jungenationalisten:3583,,jungenationalisten,3583,2024-11-10T13:02:00+00:00,5358,0,https://t.me/jungenationalisten/3583
jungenationalisten:3582,Terrorist Guntermann im Zug bei Weimar festgenommen! @jungenationalisten 🇩🇪  Unbehelligt fährt Guntermann quer durch die,jungenationalisten,3582,2024-11-10T13:02:00+00:00,5651,115,https://t.me/jungenationalisten/3582
jungenationalisten:3581,"Junge Nationalisten unterstützen den Protest in Heidenau!   Ein System aus Lügen, Druck, Kontrolle und Zahlenspielerei s",jungenationalisten,3581,2024-11-09T15:31:07+00:00,5675,140,https://t.me/jungenationalisten/3581
jungenationalisten:3580,"Antifa-Terrorist Johann Guntermann heute festgenommen!  Soeben wurde der Anführer der Antifa-Hammerbande, Johann Gunterm",jungenationalisten,3580,2024-11-08T12:10:12+00:00,6086,174,https://t.me/jungenationalisten/3580
jungenationalisten:3579,"Am Freitag, dem 08.11.24 rufen wir auf mit uns nach Heidenau zu fahren  Dort wurde ein 84-jähriger Senior niedergestoche",jungenationalisten,3579,2024-11-07T12:46:08+00:00,5476,135,https://t.me/jungenationalisten/3579
jungenationalisten:3578,,jungenationalisten,3578,2024-11-05T15:21:03+00:00,16611,0,https://t.me/jungenationalisten/3578
jungenationalisten:3577,,jungenationalisten,3577,2024-11-05T15:21:03+00:00,17304,0,https://t.me/jungenationalisten/3577
jungenationalisten:3576,,jungenationalisten,3576,2024-11-05T15:21:03+00:00,17553,0,https://t.me/jungenationalisten/3576
jungenationalisten:3575,,jungenationalisten,3575,2024-11-05T15:21:03+00:00,15641,0,https://t.me/jungenationalisten/3575
jungenationalisten:3574,Gemeinschaftstag Hessen @jungenationalisten 🇩🇪  Zu den Kernelementen unserer Jugendbewegung gehören die Gemeinschaftstag,jungenationalisten,3574,2024-11-05T15:21:03+00:00,14823,156,https://t.me/jungenationalisten/3574
jungenationalisten:3573,Heraus zum Volkstrauertag 🕯 @WiderstandinAktion ⚙️  Der Volkstrauertag steht fast vor der Tür. Den Helden unseres Volkes,jungenationalisten,3573,2024-11-03T11:23:33+00:00,7059,71,https://t.me/jungenationalisten/3573
jungenationalisten:3572,,jungenationalisten,3572,2024-11-02T08:56:18+00:00,13658,0,https://t.me/jungenationalisten/3572
jungenationalisten:3571,,jungenationalisten,3571,2024-11-02T08:56:18+00:00,14830,0,https://t.me/jungenationalisten/3571
jungenationalisten:3570,,jungenationalisten,3570,2024-11-02T08:56:18+00:00,13843,0,https://t.me/jungenationalisten/3570
jungenationalisten:3569,Fight for Europe - Kämpfen für Europa @jungenationalisten 🇩🇪  Aktuell ist unser BAK Europa bei unseren europäischen Brüd,jungenationalisten,3569,2024-11-02T08:56:18+00:00,12908,148,https://t.me/jungenationalisten/3569
jungenationalisten:3568,,jungenationalisten,3568,2024-11-02T08:45:06+00:00,6549,0,https://t.me/jungenationalisten/3568
jungenationalisten:3567,,jungenationalisten,3567,2024-11-02T08:45:06+00:00,6720,0,https://t.me/jungenationalisten/3567
jungenationalisten:3566,,jungenationalisten,3566,2024-11-02T08:45:06+00:00,6239,0,https://t.me/jungenationalisten/3566
jungenationalisten:3565,,jungenationalisten,3565,2024-11-02T08:45:06+00:00,5881,0,https://t.me/jungenationalisten/3565
jungenationalisten:3564,,jungenationalisten,3564,2024-11-02T08:45:06+00:00,5155,0,https://t.me/jungenationalisten/3564
jungenationalisten:3563,,jungenationalisten,3563,2024-11-02T08:45:06+00:00,5788,0,https://t.me/jungenationalisten/3563
jungenationalisten:3562,,jungenationalisten,3562,2024-11-02T08:45:06+00:00,5125,0,https://t.me/jungenationalisten/3562
jungenationalisten:3561,,jungenationalisten,3561,2024-11-02T08:45:06+00:00,5135,0,https://t.me/jungenationalisten/3561
jungenationalisten:3560,,jungenationalisten,3560,2024-11-02T08:45:06+00:00,5221,0,https://t.me/jungenationalisten/3560
jungenationalisten:3559,1/11/24 Νέο Ηράκλειο 🇬🇷🏴   1 χρόνο μετά την απόλυτη κρατική καταστολή το εθνικιστικό ποτάμι νεολαίας ξεχύθηκε στους δρόμ,jungenationalisten,3559,2024-11-02T08:45:06+00:00,5121,68,https://t.me/jungenationalisten/3559
jungenationalisten:3558,,jungenationalisten,3558,2024-11-01T15:08:47+00:00,5001,0,https://t.me/jungenationalisten/3558
jungenationalisten:3557,,jungenationalisten,3557,2024-11-01T15:08:47+00:00,5216,0,https://t.me/jungenationalisten/3557
jungenationalisten:3556,,jungenationalisten,3556,2024-11-01T15:08:47+00:00,4963,0,https://t.me/jungenationalisten/3556
jungenationalisten:3555,,jungenationalisten,3555,2024-11-01T15:08:47+00:00,4995,0,https://t.me/jungenationalisten/3555
jungenationalisten:3554,,jungenationalisten,3554,2024-11-01T15:08:47+00:00,4927,0,https://t.me/jungenationalisten/3554
jungenationalisten:3553,,jungenationalisten,3553,2024-11-01T15:08:46+00:00,4855,0,https://t.me/jungenationalisten/3553
jungenationalisten:3552,,jungenationalisten,3552,2024-11-01T15:08:46+00:00,4755,0,https://t.me/jungenationalisten/3552
jungenationalisten:3551,Mut zur Tat - Mittelsachsen vernetzt sich!  🇩🇪   Unter diesem Motto luden wir zum Vernetzungstreffen im geschützten Rahm,jungenationalisten,3551,2024-11-01T15:08:46+00:00,4806,74,https://t.me/jungenationalisten/3551
jungenationalisten:3550,1/11/24   Όλοι/Ες στο Νέο Ηράκλειο 🇬🇷🏴  Λεωφόρος Ηρακλείου 420,jungenationalisten,3550,2024-11-01T07:27:15+00:00,5151,53,https://t.me/jungenationalisten/3550
jungenationalisten:3549,💥 Eilmeldung: Linksterroristischer Anschlag in Athen gescheitert +++ ein Linksextremist tot +++ der Antifaschist hat sic,jungenationalisten,3549,2024-11-01T07:24:28+00:00,4750,49,https://t.me/jungenationalisten/3549
jungenationalisten:3548,Martin Luther - Revolutionär gegen Rom  @jungenationalisten 🇩🇪  (...) Als Revolutionär schuf Martin Luther dadurch seine,jungenationalisten,3548,2024-10-31T11:11:23+00:00,7742,85,https://t.me/jungenationalisten/3548
jungenationalisten:3547,,jungenationalisten,3547,2024-10-31T08:42:20+00:00,5289,0,https://t.me/jungenationalisten/3547
jungenationalisten:3546,Denkmal zur Erinnerung an die Toten des Zweiten Weltkrieges in der Region um Döbeln errichtet.   Was können wir noch tun,jungenationalisten,3546,2024-10-31T08:42:20+00:00,5244,106,https://t.me/jungenationalisten/3546
jungenationalisten:3545,"Heute vor 15 Jahren verstarb Jürgen Rieger, der ""Anwalt für Deutschland"". @jungenationalisten 🇩🇪  Wie kein anderer Aktiv",jungenationalisten,3545,2024-10-29T20:58:33+00:00,7585,161,https://t.me/jungenationalisten/3545
jungenationalisten:3544,Schaut rein und teilt es fleißig: https://vm.tiktok.com/ZNecu2SsE/ 🔥🥁🇩🇪⚔🇩🇪🥁🔥🥁🇩🇪⚔🇩🇪🥁🔥,jungenationalisten,3544,2024-10-29T17:23:20+00:00,16057,49,https://t.me/jungenationalisten/3544
jungenationalisten:3543,"🧬 Positive Eugenik  Das Erbgut wird mit jeder Generation schlechter. Doch es gibt Wege, wie wir dagegen vorgehen können.",jungenationalisten,3543,2024-10-28T10:20:14+00:00,6058,82,https://t.me/jungenationalisten/3543
jungenationalisten:3542,"Wir halten Wort!  Nicht nur mit Augen für sich selbst durch das Leben zu gehen, sondern sich für seine Nächsten einzuset",jungenationalisten,3542,2024-10-26T09:13:21+00:00,6804,76,https://t.me/jungenationalisten/3542
jungenationalisten:3541,Bundeslied der Jungen Nationalisten @jungenationalisten 🇩🇪  In dem Verweis findet ihr unser Bundeslied auf YouTube! Dies,jungenationalisten,3541,2024-10-25T10:56:03+00:00,8404,112,https://t.me/jungenationalisten/3541
jungenationalisten:3540,"Kämpfen für Europa! @jungenationalisten 🇩🇪  Kleiner Gruß aus Budapest, wo JN-Aktivisten die Demonstration unserer  europ",jungenationalisten,3540,2024-10-23T15:23:15+00:00,9591,249,https://t.me/jungenationalisten/3540
jungenationalisten:3539,🇭🇺 Kövesd a lángot! - megemlékezés MA 🔥  🇭🇺 Tisztelegjünk együtt antibolsevik szabadságharcunk hősei előtt!  Minden szim,jungenationalisten,3539,2024-10-23T15:20:20+00:00,6670,62,https://t.me/jungenationalisten/3539
jungenationalisten:3538,Aufkleber: „AntiFa verbieten“ ⛓  Antifaschismus ist das Bekenntnis zur politischen Kriminalität und gehört somit verbote,jungenationalisten,3538,2024-10-22T11:46:07+00:00,6463,159,https://t.me/jungenationalisten/3538
jungenationalisten:3537,"Liebe Freunde und Kameraden,  hier eine kurze Rückmeldung. Hab einiges abbekommen und mehrere Verletzungen davongetragen",jungenationalisten,3537,2024-10-21T19:11:54+00:00,6255,162,https://t.me/jungenationalisten/3537
jungenationalisten:3536,,jungenationalisten,3536,2024-10-15T08:39:39+00:00,9840,0,https://t.me/jungenationalisten/3536
jungenationalisten:3535,,jungenationalisten,3535,2024-10-15T08:39:39+00:00,9822,0,https://t.me/jungenationalisten/3535
jungenationalisten:3534,Wanderung in der Lüneburger Heide @jungenationalisten 🇩🇪  Unsere Niedersachsen waren vergangenes Wochenende auf Wandersc,jungenationalisten,3534,2024-10-15T08:39:38+00:00,8306,122,https://t.me/jungenationalisten/3534
jungenationalisten:3533,Europa Jugend Revolution! 🇩🇪⚔️  Reih dich ein! 🔥 t.me/jungenationalisten 🇩🇪  Material für Aktivisten 📢 www.frontdienst.d,jungenationalisten,3533,2024-10-14T16:08:54+00:00,8611,187,https://t.me/jungenationalisten/3533
jungenationalisten:3532,"Vor 80 Jahren, am 7.Oktober 1944, wurde die Stadt Freiberg zum Ziel angloamerikanischer Terrorbomber.   In diesem Jahr j",jungenationalisten,3532,2024-10-07T13:26:06+00:00,10189,133,https://t.me/jungenationalisten/3532
jungenationalisten:3530,"Tierschutz verpflichtet! @jungenationalisten  @heimat2023  Unter dem Motto ""Tierschutz verpflichtet"" wollen wir in den k",jungenationalisten,3530,2024-10-04T12:22:18+00:00,10371,160,https://t.me/jungenationalisten/3530
jungenationalisten:3529,Israel mordet und die Welt schaut zu! @jungenationalisten 🇩🇪  Westliche Heuchler sprechen von Souveränität - aber nur fü,jungenationalisten,3529,2024-10-01T17:21:08+00:00,20431,214,https://t.me/jungenationalisten/3529
jungenationalisten:3528,Wieder auf Lager!  JN Taschenmesser!   6teiliges JN Taschenmesser(BW) mit praktischen Werkzeugen.  Gewappnet für Alltag ,jungenationalisten,3528,2024-10-01T11:09:56+00:00,9316,105,https://t.me/jungenationalisten/3528
jungenationalisten:3527,,jungenationalisten,3527,2024-09-28T09:03:04+00:00,10200,0,https://t.me/jungenationalisten/3527
jungenationalisten:3526,,jungenationalisten,3526,2024-09-28T09:03:04+00:00,11333,0,https://t.me/jungenationalisten/3526
jungenationalisten:3525,,jungenationalisten,3525,2024-09-28T09:03:04+00:00,11194,0,https://t.me/jungenationalisten/3525
jungenationalisten:3524,,jungenationalisten,3524,2024-09-28T09:03:04+00:00,9244,0,https://t.me/jungenationalisten/3524
jungenationalisten:3523,CSD in Döbeln? Nicht mit uns!  @jungenationalisten 🇩🇪  Natürlich blieb auch die dritte  LGBTQ-Kuriositäten Parade im mit,jungenationalisten,3523,2024-09-28T09:03:04+00:00,8890,197,https://t.me/jungenationalisten/3523
jungenationalisten:3522,+++ Jetzt online! +++  Kavalier - Werde einer von uns! Die zweite Videoauskopplung zur der heute veröffentlichten EP „Ei,jungenationalisten,3522,2024-09-27T08:30:01+00:00,7953,104,https://t.me/jungenationalisten/3522
jungenationalisten:3521,"Sachsen trommelt zum nächsten Streich! @jungenationalisten 🇩🇪  Am Wochenende zeigt Görlitz, dass die rechte deutsche Jug",jungenationalisten,3521,2024-09-26T17:18:25+00:00,16683,226,https://t.me/jungenationalisten/3521
jungenationalisten:3520,,jungenationalisten,3520,2024-09-21T14:41:30+00:00,17039,0,https://t.me/jungenationalisten/3520
jungenationalisten:3519,,jungenationalisten,3519,2024-09-21T14:41:30+00:00,19485,0,https://t.me/jungenationalisten/3519
jungenationalisten:3518,,jungenationalisten,3518,2024-09-21T14:41:30+00:00,17551,0,https://t.me/jungenationalisten/3518
jungenationalisten:3517,Döbeln: Die deutsche Jugend rebelliert!  @jungenationalisten 🇩🇪  Heute ist in Döbeln/Mittelsachsen die deutsche Jugend a,jungenationalisten,3517,2024-09-21T14:41:30+00:00,16185,279,https://t.me/jungenationalisten/3517
jungenationalisten:3516,"🔹 NEUE ZEIT, NEUE KRAFT – MAX-JOSEPH MATTHIESS ÜBERNIMMT FÜHRUNG! 🔹  Thüringen steht vor einem politischen Aufbruch! 🚀 A",jungenationalisten,3516,2024-09-19T09:39:54+00:00,10044,77,https://t.me/jungenationalisten/3516
jungenationalisten:3515,,jungenationalisten,3515,2024-09-18T17:13:26+00:00,20657,0,https://t.me/jungenationalisten/3515
jungenationalisten:3514,,jungenationalisten,3514,2024-09-18T17:13:26+00:00,20712,0,https://t.me/jungenationalisten/3514
jungenationalisten:3513,Wanderung in der Lüneburger Heide @jungenationalisten 🇩🇪  Unsere Niedersachsen waren vergangenes Wochenende auf Wandersc,jungenationalisten,3513,2024-09-18T17:13:26+00:00,17611,125,https://t.me/jungenationalisten/3513
jungenationalisten:3512,"CSD in Döbeln? Nein, danke! Eine Jugend rebelliert:  @jungenationalisten 🇩🇪   Zeigt, dass Ihr Teil des besseren Deutschl",jungenationalisten,3512,2024-09-17T08:37:32+00:00,12905,151,https://t.me/jungenationalisten/3512
jungenationalisten:3511,CSD in Döbeln? Eine Jugend rebelliert!  @jungenationalisten  🇩🇪   Immer aggressiver dringt Genderpropaganda wie ein Gift,jungenationalisten,3511,2024-09-15T16:54:44+00:00,12060,157,https://t.me/jungenationalisten/3511
jungenationalisten:3510,"Heimat, Jugend und Nation - nieder mit der Perversion! @jungenationalisten 🇩🇪  Heute in Halle an der Saale auf der Straß",jungenationalisten,3510,2024-09-14T13:34:12+00:00,19251,337,https://t.me/jungenationalisten/3510
jungenationalisten:3505,Anti - CSD Demonstration in Halle (Saale)  @jungenationalisten 🇩🇪  Am 14.9. soll in Halle (Saale) ein CSD stattfinden. D,jungenationalisten,3505,2024-09-13T11:25:42+00:00,10084,193,https://t.me/jungenationalisten/3505
jungenationalisten:3504,Du bist über 30 und willst unseren Freiheitskampf unterstützen? Werde Fördermitglied! @jungenationalisten 🇩🇪  Immer wied,jungenationalisten,3504,2024-09-07T11:24:39+00:00,14890,128,https://t.me/jungenationalisten/3504
jungenationalisten:3502,Alle zur Demo gegen den CSD in Albstadt! Auf der schwäbischen Alb gibt es nur zwei Geschlechter!,jungenationalisten,3502,2024-09-06T13:13:06+00:00,10685,239,https://t.me/jungenationalisten/3502
jungenationalisten:3501,DRINGEND FAMILIENFAHRZEUG GESUCHT!  Das Schicksal von Manuel Eder ist weit über die Musikszene hinaus bekannt und läßt e,jungenationalisten,3501,2024-09-05T12:07:14+00:00,10253,74,https://t.me/jungenationalisten/3501
jungenationalisten:3500,Aufkleber: Jugend wählt Heimat @jungenationalisten 🇩🇪  Oft gewünscht und nun endlich da. Hand aufs Herz: Die idealistisc,jungenationalisten,3500,2024-09-04T15:55:14+00:00,9982,142,https://t.me/jungenationalisten/3500
jungenationalisten:3498,,jungenationalisten,3498,2024-09-01T13:46:13+00:00,20154,0,https://t.me/jungenationalisten/3498
jungenationalisten:3497,,jungenationalisten,3497,2024-09-01T13:46:13+00:00,20918,0,https://t.me/jungenationalisten/3497
jungenationalisten:3496,,jungenationalisten,3496,2024-09-01T13:46:13+00:00,18975,0,https://t.me/jungenationalisten/3496
jungenationalisten:3495,Bundeslager im Rheinland  @jungenationalisten 🇩🇪  Gemeinschaft und der Ruf der inneren Stimme lassen sich am besten in d,jungenationalisten,3495,2024-09-01T13:46:13+00:00,16885,197,https://t.me/jungenationalisten/3495
jungenationalisten:3483,,jungenationalisten,3483,2024-09-01T11:04:54+00:00,11279,0,https://t.me/jungenationalisten/3483
jungenationalisten:3482,,jungenationalisten,3482,2024-09-01T11:04:54+00:00,11938,0,https://t.me/jungenationalisten/3482
jungenationalisten:3481,,jungenationalisten,3481,2024-09-01T11:04:54+00:00,12490,0,https://t.me/jungenationalisten/3481
jungenationalisten:3480,,jungenationalisten,3480,2024-09-01T11:04:54+00:00,10144,0,https://t.me/jungenationalisten/3480
jungenationalisten:3479,,jungenationalisten,3479,2024-09-01T11:04:54+00:00,10148,0,https://t.me/jungenationalisten/3479
jungenationalisten:3478,,jungenationalisten,3478,2024-09-01T11:04:54+00:00,9897,0,https://t.me/jungenationalisten/3478
jungenationalisten:3477,"Deutsche Opfer und fremde Täter!  @WiderstandinAktion 🥁  Deutschlandweit gibt es Orte, die mittlerweile wegen der Katast",jungenationalisten,3477,2024-09-01T11:04:54+00:00,9285,135,https://t.me/jungenationalisten/3477
jungenationalisten:3476,"Es ist soweit, heute zählt jede Stimme: Zweitstimme FREIE SACHSEN. Ohne unseren Landtagseinzug wird es für CDU / BSW rei",jungenationalisten,3476,2024-09-01T07:57:17+00:00,9615,72,https://t.me/jungenationalisten/3476
jungenationalisten:3474,"Sonnenbrille - Mut zur Tat! @jungenationalisten 🇩🇪   …darum zieht es dich des Nachts auf die Straßen, auch in dem Bewuss",jungenationalisten,3474,2024-08-29T10:07:03+00:00,10147,120,https://t.me/jungenationalisten/3474
jungenationalisten:3473,Der Appell - Staatswerdung - Die Vorgeschichte: Germanen und Römer - Folge 32 -  Stillgestanden! - Die Augen zur Fahne r,jungenationalisten,3473,2024-08-25T10:14:56+00:00,11801,56,https://t.me/jungenationalisten/3473
jungenationalisten:3472,"Der Appell - Staatswerdung - Die Vorgeschichte  - Folge 32 -  Um das Jahr 2000 vor unserer Zeitrechnung, zu Beginn der B",jungenationalisten,3472,2024-08-25T10:14:47+00:00,10804,46,https://t.me/jungenationalisten/3472
jungenationalisten:3471,"Sommer, Sonne, Ostseestrand @jungenationalisten 🇩🇪  Kleiner Urlaubsgruß unserer Jungs aus Pommern. Wie verbringt ihr die",jungenationalisten,3471,2024-08-24T09:56:32+00:00,10931,198,https://t.me/jungenationalisten/3471
jungenationalisten:3470,Wanderung in Thüringen @jungenationalisten 🇩🇪  Am 28.09.2024 planen wir eine Wanderung in Nordthüringen. Gemeinsam wolle,jungenationalisten,3470,2024-08-22T18:11:10+00:00,10179,107,https://t.me/jungenationalisten/3470
jungenationalisten:3469,"ACHTUNG: INVENTUR  Liebe Aktivisten, bitte beachtet, dass bis zum 02.09 KEIN Versand von Ware ERFOGT. Alle Bestellungen ",jungenationalisten,3469,2024-08-20T21:06:04+00:00,10384,53,https://t.me/jungenationalisten/3469
jungenationalisten:3468,Eklat beim Wahlforum in Riesa: Peter Schreiber (FREIE SACHSEN) abgeführt!  Die Vorzeigedemokraten führten heute auch in ,jungenationalisten,3468,2024-08-20T18:59:34+00:00,9633,60,https://t.me/jungenationalisten/3468
jungenationalisten:3467,,jungenationalisten,3467,2024-08-19T05:49:06+00:00,10277,41,https://t.me/jungenationalisten/3467
jungenationalisten:3466,Metapolitische Strategiekonferenz des MetaPol-Verlages am 14.09.2024 in Mitteldeutschland   MetaPol veranstaltet das näc,jungenationalisten,3466,2024-08-19T05:48:55+00:00,9894,24,https://t.me/jungenationalisten/3466
jungenationalisten:3465,"Aufkleber: Deutschland uns Deutschen! 🎶  @jungenationalisten 🇩🇪  Unseren Nationalstolz dürfen wir uns in einer Zeit, in ",jungenationalisten,3465,2024-08-18T19:51:12+00:00,9301,116,https://t.me/jungenationalisten/3465
jungenationalisten:3464,Anwerbeversuch in Erfurt  Ein Fördermitglied unserer Strukturen wurde in den letzten Tagen mehrfach von einem Tim Klein ,jungenationalisten,3464,2024-08-15T10:27:16+00:00,11615,136,https://t.me/jungenationalisten/3464
jungenationalisten:3463,"Hinweis für Kurzentschlossene: Das traditionelle Sommerfest des DS-Verlages steigt dieses Jahr am kommenden Sonnabend, 1",jungenationalisten,3463,2024-08-15T06:39:39+00:00,10489,63,https://t.me/jungenationalisten/3463
jungenationalisten:3462,🚨 Sieg für die Presse- und Meinungsfreiheit! 🚨  Wir freuen uns über den Erfolg im Kampf gegen das von der Antifa-nahen I,jungenationalisten,3462,2024-08-14T18:38:15+00:00,9889,109,https://t.me/jungenationalisten/3462
jungenationalisten:3461,,jungenationalisten,3461,2024-08-14T17:00:06+00:00,9330,0,https://t.me/jungenationalisten/3461
jungenationalisten:3460,,jungenationalisten,3460,2024-08-14T17:00:06+00:00,10997,0,https://t.me/jungenationalisten/3460
jungenationalisten:3459,,jungenationalisten,3459,2024-08-14T17:00:06+00:00,10020,0,https://t.me/jungenationalisten/3459
jungenationalisten:3458,,jungenationalisten,3458,2024-08-14T17:00:06+00:00,8544,0,https://t.me/jungenationalisten/3458
jungenationalisten:3457,Für alle Rumtreiber und Straßenaktivisten 💪🏻  💥 Wie findet ihr unsere Umhängetaschen?  Vorbeischauen lohnt sich! -> http,jungenationalisten,3457,2024-08-14T17:00:06+00:00,8146,109,https://t.me/jungenationalisten/3457
jungenationalisten:3456,"EIL: COMPACT-Verbot aufgehoben, es geht sofort wieder weiter!  Das ist eine Riesenklatschte für Bundesinnenministerin Na",jungenationalisten,3456,2024-08-14T12:11:16+00:00,8740,127,https://t.me/jungenationalisten/3456
jungenationalisten:3455,In den letzten Wochen haben wir in Deutschland vermehrt über angebliche „rechtsextreme Ausschreitungen“ in Großbritannie,jungenationalisten,3455,2024-08-14T09:54:42+00:00,8526,69,https://t.me/jungenationalisten/3455
jungenationalisten:3454,"Klarstellung:  Auch wenn es uns amüsiert hat und ordentlich Aufmerksamkeit gegeben hat, wollen wir nun einiges klarstell",jungenationalisten,3454,2024-08-14T09:53:17+00:00,9290,185,https://t.me/jungenationalisten/3454
jungenationalisten:3453,,jungenationalisten,3453,2024-08-14T08:07:34+00:00,0,0,https://t.me/jungenationalisten/3453
jungenationalisten:3452,Reih dich ein! 🔥 t.me/jungenationalisten 🇩🇪  Material für Aktivisten 📢 www.frontdienst.de   Mittendrin statt nur dabei 📲,jungenationalisten,3452,2024-08-13T07:47:37+00:00,33536,314,https://t.me/jungenationalisten/3452
jungenationalisten:3451,Aufkleber! @jungenationalisten 🇩🇪 @Frontdienst 📢💪🏻  -Volk ans Gehirn -Unser Land -Freiheitskämpfer  -WEISS # NORMAL # HE,jungenationalisten,3451,2024-08-13T04:15:46+00:00,9778,83,https://t.me/jungenationalisten/3451
jungenationalisten:3450,Sachsen bleibt: WEIß × NORMAL × HETERO @jungenationalisten 🇩🇪  Heute wurden in Bautzen linke Genderträume zerstört. Der ,jungenationalisten,3450,2024-08-10T15:30:54+00:00,19226,383,https://t.me/jungenationalisten/3450
jungenationalisten:3449,,jungenationalisten,3449,2024-08-10T14:38:20+00:00,8485,0,https://t.me/jungenationalisten/3449
jungenationalisten:3448,,jungenationalisten,3448,2024-08-10T14:38:20+00:00,8840,0,https://t.me/jungenationalisten/3448
jungenationalisten:3447,,jungenationalisten,3447,2024-08-10T14:38:20+00:00,8602,0,https://t.me/jungenationalisten/3447
jungenationalisten:3446,,jungenationalisten,3446,2024-08-10T14:38:20+00:00,7833,0,https://t.me/jungenationalisten/3446
jungenationalisten:3445,,jungenationalisten,3445,2024-08-10T14:38:19+00:00,7516,0,https://t.me/jungenationalisten/3445
jungenationalisten:3444,Hunderte deutsche Jugendliche stellen sich dem CSD entgegen!  Wunderschöne Bilder heute in Bautzen. Die deutsche  Jugend,jungenationalisten,3444,2024-08-10T14:38:19+00:00,7157,219,https://t.me/jungenationalisten/3444
jungenationalisten:3443,,jungenationalisten,3443,2024-08-10T12:05:54+00:00,7548,0,https://t.me/jungenationalisten/3443
jungenationalisten:3442,,jungenationalisten,3442,2024-08-10T12:05:54+00:00,8489,0,https://t.me/jungenationalisten/3442
jungenationalisten:3441,,jungenationalisten,3441,2024-08-10T12:05:54+00:00,7783,0,https://t.me/jungenationalisten/3441
jungenationalisten:3440,Protest gegen den CSD in Bautzen läuft! @jungenationalisten 🇩🇪  Aktuell sammelt sich die Jugend am Friedrich-Engel-Platz,jungenationalisten,3440,2024-08-10T12:05:53+00:00,6970,173,https://t.me/jungenationalisten/3440
jungenationalisten:3439,"Protest gegen den CSD Bautzen @jungenationalisten 🇩🇪  In 2 Tagen geht es nach Bautzen, um ein klares Zeichen gegen den d",jungenationalisten,3439,2024-08-08T15:11:14+00:00,14398,157,https://t.me/jungenationalisten/3439
jungenationalisten:3438,🤛🏻 Kämpfen für Europa !  «Unser Mottohemd zum geistigen Befreiungskampf für das ewige Europa.»  Verfügbare Größen: S – X,jungenationalisten,3438,2024-08-08T11:10:55+00:00,7259,54,https://t.me/jungenationalisten/3438
jungenationalisten:3437,"Aus Anne wird Frank - das ist doch krank! @jungenationalisten 🇩🇪  Ein paar nette Bilder aus Sachsen, wo es am Wochenende",jungenationalisten,3437,2024-08-07T05:28:26+00:00,7467,92,https://t.me/jungenationalisten/3437
jungenationalisten:3436,💥Jetzt lieferbar: Mentale Fundamente - Rechte Kriegerphilosophie wider die Sklavenmoral   Der nonkonforme und identitäts,jungenationalisten,3436,2024-08-06T15:45:49+00:00,7217,36,https://t.me/jungenationalisten/3436
jungenationalisten:3435,🎥 Heute 20 Uhr Premiere  Folge #030 – Im Gespräch mit Sven Krüger aus Jamel  👉 https://youtu.be/kT7WXC4x6-E,jungenationalisten,3435,2024-08-06T05:31:32+00:00,6762,34,https://t.me/jungenationalisten/3435
jungenationalisten:3434,💥 Hiermit präsentieren wir Euch „wie gesagt“ Folge #030 – Im Gespräch mit Sven Krüger aus Jamel 🎥  Die Dorfgemeinschaft ,jungenationalisten,3434,2024-08-06T05:31:14+00:00,6870,24,https://t.me/jungenationalisten/3434
jungenationalisten:3433,Macher suchen Macher! t.me/jungenationalisten 🇩🇪  Die deutsche Jugend rückt nach rechts – und wir gehen voran. Europa st,jungenationalisten,3433,2024-08-01T14:27:55+00:00,10503,111,https://t.me/jungenationalisten/3433
jungenationalisten:3432,,jungenationalisten,3432,2024-08-01T05:26:47+00:00,0,0,https://t.me/jungenationalisten/3432
jungenationalisten:3431,MORGEN IST SCHULSTART! @jungenationalisten   Wir wünschen allen Kindern und Jugendlichen einen guten Start ins neue Schu,jungenationalisten,3431,2024-07-31T20:57:41+00:00,8498,117,https://t.me/jungenationalisten/3431
jungenationalisten:3430,"Es ist wieder soweit!🇩🇪 Am 10.08 geht es nach Bautzen, um ein klares Zeichen gegen den Homo-Umzug zu setzen. Sei auch du",jungenationalisten,3430,2024-07-31T14:21:12+00:00,6553,190,https://t.me/jungenationalisten/3430
jungenationalisten:3429,"- Material für Aktivisten- 📢 @jungenationalisten 🇩🇪  Aufkleber, Flugblätter, Jacken, Masken, Taschen, Plakate, Hemden...",jungenationalisten,3429,2024-07-30T19:02:56+00:00,7149,68,https://t.me/jungenationalisten/3429
jungenationalisten:3427,"DS-Magazin im August: 💥 »GROSSER WANDEL 2024«  Liebe Leser, die August-Ausgabe 2024 unseres Magazins DEUTSCHE STIMME ste",jungenationalisten,3427,2024-07-28T05:52:45+00:00,8232,44,https://t.me/jungenationalisten/3427
jungenationalisten:3426,Leitstern | Wissen - Wollen - Tat  Diese Schrift ist an alle Jungen Nationalisten gerichtet und basiert auf unserer Welt,jungenationalisten,3426,2024-07-26T10:00:22+00:00,7792,50,https://t.me/jungenationalisten/3426
jungenationalisten:3425,+++ Videopremiere! +++  Kavalier x Proto - Whiteboysummer 2 (WBS2)  Die Abschiebehauptmeister legen wieder nach! ✈️ Viel,jungenationalisten,3425,2024-07-25T19:11:20+00:00,7463,102,https://t.me/jungenationalisten/3425
jungenationalisten:3424,"Unter dem Motto: ""Raus aus der Matrix und rein ins Abenteuer"" organisierten die JN Franken eine alternative Stadtführung",jungenationalisten,3424,2024-07-24T14:51:55+00:00,8684,138,https://t.me/jungenationalisten/3424
jungenationalisten:3423,Wer kennt sich bei WordPress aus?  Meldung zur aktiven Mithilfe an: @JN_voran 🇩🇪🙋,jungenationalisten,3423,2024-07-24T14:18:49+00:00,7658,23,https://t.me/jungenationalisten/3423
jungenationalisten:3422,Schlauschal - JN - Widerstand ist Pflicht. -  Dieses Multifunktionstuch bietet euch viele verschiedene Tragemöglichkeite,jungenationalisten,3422,2024-07-19T18:45:20+00:00,9022,88,https://t.me/jungenationalisten/3422
jungenationalisten:3421,"Rechtlich fragwürdig, politisch autoritär und ideologisch maßgeblich gegen das eigene Volk.  Faesers Verbotspolitik ist ",jungenationalisten,3421,2024-07-18T14:52:31+00:00,18099,109,https://t.me/jungenationalisten/3421
jungenationalisten:3420,Hunderte Mitstreiter in Chemnitz auf der Straße!   Ganz vorn dabei: Die sächsische Jugend. Der Angriff auf COMPACT ist e,jungenationalisten,3420,2024-07-18T13:42:06+00:00,8119,117,https://t.me/jungenationalisten/3420
jungenationalisten:3419,,jungenationalisten,3419,2024-07-17T15:15:47+00:00,7126,0,https://t.me/jungenationalisten/3419
jungenationalisten:3418,,jungenationalisten,3418,2024-07-17T15:15:47+00:00,9126,0,https://t.me/jungenationalisten/3418
jungenationalisten:3417,,jungenationalisten,3417,2024-07-17T15:15:47+00:00,8033,0,https://t.me/jungenationalisten/3417
jungenationalisten:3416,,jungenationalisten,3416,2024-07-17T15:15:47+00:00,7662,0,https://t.me/jungenationalisten/3416
jungenationalisten:3415,,jungenationalisten,3415,2024-07-17T15:15:47+00:00,6835,0,https://t.me/jungenationalisten/3415
jungenationalisten:3414,,jungenationalisten,3414,2024-07-17T15:15:47+00:00,7074,0,https://t.me/jungenationalisten/3414
jungenationalisten:3413,,jungenationalisten,3413,2024-07-17T15:15:47+00:00,6518,0,https://t.me/jungenationalisten/3413
jungenationalisten:3412,,jungenationalisten,3412,2024-07-17T15:15:47+00:00,6746,0,https://t.me/jungenationalisten/3412
jungenationalisten:3411,"Freunde, es ist Sommer! ☀️  Hier habt ihr alle unsere Hemden👕 im Überblick: 🇩🇪 „Kämpfen für Europa“ 🥁 „Freiheitskämpfer“",jungenationalisten,3411,2024-07-17T15:15:47+00:00,6263,82,https://t.me/jungenationalisten/3411
jungenationalisten:3410,,jungenationalisten,3410,2024-07-17T10:46:07+00:00,6662,0,https://t.me/jungenationalisten/3410
jungenationalisten:3409,,jungenationalisten,3409,2024-07-17T10:46:07+00:00,6976,0,https://t.me/jungenationalisten/3409
jungenationalisten:3408,,jungenationalisten,3408,2024-07-17T10:46:07+00:00,6636,0,https://t.me/jungenationalisten/3408
jungenationalisten:3407,,jungenationalisten,3407,2024-07-17T10:46:07+00:00,6185,0,https://t.me/jungenationalisten/3407
jungenationalisten:3406,,jungenationalisten,3406,2024-07-17T10:46:07+00:00,6079,0,https://t.me/jungenationalisten/3406
jungenationalisten:3405,,jungenationalisten,3405,2024-07-17T10:46:07+00:00,5924,0,https://t.me/jungenationalisten/3405
jungenationalisten:3404,,jungenationalisten,3404,2024-07-17T10:46:07+00:00,5889,0,https://t.me/jungenationalisten/3404
jungenationalisten:3403,"Warum findet man in den letzten Tagen an vielen Orten, schwarze Kreuze mit Botschaften wie ""Würzburg ist überall"" und ""D",jungenationalisten,3403,2024-07-17T10:46:06+00:00,5908,90,https://t.me/jungenationalisten/3403
jungenationalisten:3402,"#solimitcompact  Grüße aus Baden-Württemberg: Schluss mit Faeser, dem Parteienkartell und seiner antideutschen Verbotspo",jungenationalisten,3402,2024-07-17T04:47:03+00:00,8081,127,https://t.me/jungenationalisten/3402
jungenationalisten:3401,"Verbietet nur, verbietet ruhig weiter. Wo immer sich ein Hauch von Freiheit regt. @jungenationalisten 🇩🇪  Dieser Angriff",jungenationalisten,3401,2024-07-16T10:31:43+00:00,6339,90,https://t.me/jungenationalisten/3401
jungenationalisten:3400,Faeser(SPD) verbietet Compact-Magazin @jungenationalisten 🇩🇪  Die BRD tritt immer rasanter in ihre totalitäre Phase ein.,jungenationalisten,3400,2024-07-16T07:34:17+00:00,20149,123,https://t.me/jungenationalisten/3400
jungenationalisten:3399,,jungenationalisten,3399,2024-07-14T11:57:53+00:00,6540,0,https://t.me/jungenationalisten/3399
jungenationalisten:3398,,jungenationalisten,3398,2024-07-14T11:57:53+00:00,6559,0,https://t.me/jungenationalisten/3398
jungenationalisten:3397,,jungenationalisten,3397,2024-07-14T11:57:53+00:00,6557,0,https://t.me/jungenationalisten/3397
jungenationalisten:3396,,jungenationalisten,3396,2024-07-14T11:57:53+00:00,6019,0,https://t.me/jungenationalisten/3396
jungenationalisten:3395,,jungenationalisten,3395,2024-07-14T11:57:53+00:00,6051,0,https://t.me/jungenationalisten/3395
jungenationalisten:3394,Aktuell erreichen uns die ersten Bilder zur „Gedenkaktion Schwarze Kreuze“ aus Mittelsachsen.  Deutschlandweit gibt es O,jungenationalisten,3394,2024-07-14T11:57:53+00:00,5937,129,https://t.me/jungenationalisten/3394
jungenationalisten:3393,,jungenationalisten,3393,2024-07-13T18:37:34+00:00,5770,0,https://t.me/jungenationalisten/3393
jungenationalisten:3392,,jungenationalisten,3392,2024-07-13T18:37:34+00:00,5956,0,https://t.me/jungenationalisten/3392
jungenationalisten:3391,Nicht vergessen! Zeichen gegen Überfremdung setzen!  @jungenationalisten 🇩🇪  Seit 2014 ist der 13.Juli der inoffizielle ,jungenationalisten,3391,2024-07-13T18:37:34+00:00,5463,76,https://t.me/jungenationalisten/3391
jungenationalisten:3390,Aufkleber: Döbeln verteidigen!  Kostenlos für die deutsche Jugend!   Du erfährst täglich angewidert von neuen Verfehlung,jungenationalisten,3390,2024-07-13T10:07:35+00:00,6223,54,https://t.me/jungenationalisten/3390
jungenationalisten:3389,💥🥊 Wir wünschen euch einen sportlichen Start ins Wochenende.   Nutzt die freie Zeit!  @jungenationalisten 🇩🇪,jungenationalisten,3389,2024-07-12T11:51:05+00:00,10807,164,https://t.me/jungenationalisten/3389
jungenationalisten:3388,Ein Appell an die deutsche Jugend!  @jungenationalisten 🇩🇪  Seit im Jahr 2014 ist der 13.Juli der inoffizielle Gedenktag,jungenationalisten,3388,2024-07-10T14:48:07+00:00,7087,71,https://t.me/jungenationalisten/3388
jungenationalisten:3387,"Jetzt vormerken und fest einplanen: Das traditionelle Sommerfest des DS-Verlages steigt dieses Jahr am Sonnabend, 17. Au",jungenationalisten,3387,2024-07-10T05:36:34+00:00,5875,62,https://t.me/jungenationalisten/3387
jungenationalisten:3386,Der Appell - Volksseele und Genetik - Einführung  - Folge 31:  Stillgestanden! - Die Augen zur Fahne rechts!  ⬇️ Viel Sp,jungenationalisten,3386,2024-07-07T11:02:51+00:00,7330,40,https://t.me/jungenationalisten/3386
jungenationalisten:3385,Der Appell - Volksseele und Genetik - Einführung  - Folge 31:  Es ist für viele gemeinhin nicht mehr als ein intuitives ,jungenationalisten,3385,2024-07-07T11:02:47+00:00,6794,30,https://t.me/jungenationalisten/3385
jungenationalisten:3384,"Morgen, um 9:00 Uhr geht es weiter mit einer neuen Folge.  Die Natur entwickelt endlose Kreisläufe. Die BRD-Demokraten h",jungenationalisten,3384,2024-07-06T17:24:56+00:00,6936,56,https://t.me/jungenationalisten/3384
jungenationalisten:3383,Zum Appell: Wir gedenken heute Herbert Schweiger!   In den Morgenstunden des 5. Juli 2011 wurde der deutsche Freiheitskä,jungenationalisten,3383,2024-07-05T13:24:17+00:00,6652,119,https://t.me/jungenationalisten/3383
jungenationalisten:3382,Wir sagen Danke!  Unsere Jugendorganisation JN stellt sich dem abnormalen Wanderzirkus entgegen. Die systemtreuen Schmie,jungenationalisten,3382,2024-07-05T07:40:29+00:00,6390,167,https://t.me/jungenationalisten/3382
jungenationalisten:3381,,jungenationalisten,3381,2024-07-04T13:03:06+00:00,13914,0,https://t.me/jungenationalisten/3381
jungenationalisten:3380,,jungenationalisten,3380,2024-07-04T13:03:05+00:00,15016,0,https://t.me/jungenationalisten/3380
jungenationalisten:3379,Montpellier C'est Allemagne @jungenationalisten 🇩🇪  JN zu Besuch in Frankreichs Süden bei den kernigen Jungs vom Bloc Mo,jungenationalisten,3379,2024-07-04T13:03:05+00:00,13799,192,https://t.me/jungenationalisten/3379
jungenationalisten:3378,,jungenationalisten,3378,2024-06-30T12:53:07+00:00,8885,0,https://t.me/jungenationalisten/3378
jungenationalisten:3377,Jugendstammtisch in Nordthüringen   Am gestrigen Sonnabend trafen wir uns in Nordthüringen zu unserem politischen Jugend,jungenationalisten,3377,2024-06-30T12:53:06+00:00,8979,150,https://t.me/jungenationalisten/3377
jungenationalisten:3376,,jungenationalisten,3376,2024-06-23T19:10:53+00:00,21704,0,https://t.me/jungenationalisten/3376
jungenationalisten:3375,,jungenationalisten,3375,2024-06-23T19:10:53+00:00,20550,0,https://t.me/jungenationalisten/3375
jungenationalisten:3374,,jungenationalisten,3374,2024-06-23T19:10:53+00:00,20236,0,https://t.me/jungenationalisten/3374
jungenationalisten:3373,,jungenationalisten,3373,2024-06-23T19:10:53+00:00,20184,0,https://t.me/jungenationalisten/3373
jungenationalisten:3372,,jungenationalisten,3372,2024-06-23T19:10:53+00:00,18151,0,https://t.me/jungenationalisten/3372
jungenationalisten:3371,,jungenationalisten,3371,2024-06-23T19:10:53+00:00,17809,0,https://t.me/jungenationalisten/3371
jungenationalisten:3370,Heil Sonnenwende!  @jungenationalisten 🇩🇪  Am Wochenende feierten wir im geschlossenen Kreis die jährliche Sommersonnenw,jungenationalisten,3370,2024-06-23T19:10:53+00:00,17558,251,https://t.me/jungenationalisten/3370
jungenationalisten:3369,Kostenloses Schulmaterial   Mit Beginn der Sommerferien bieten wir kostenloses Schulmaterial für Deutsche an.  Von Schul,jungenationalisten,3369,2024-06-23T09:26:59+00:00,8188,119,https://t.me/jungenationalisten/3369
jungenationalisten:3368,"Sonnenwende - Zeitenwende! @jungenationalisten 🇩🇪  Wie schon unsere Vorfahren, feiern auch wir - Jahr für Jahr- das Fest",jungenationalisten,3368,2024-06-22T17:33:17+00:00,13657,117,https://t.me/jungenationalisten/3368
jungenationalisten:3367,"Der Schulanfang 2024 steht vor der Tür!   Für zahlreiche Kinder beginnt nun bald ein neuer Lebensabschnitt, die Schule. ",jungenationalisten,3367,2024-06-22T10:08:51+00:00,7761,103,https://t.me/jungenationalisten/3367
jungenationalisten:3366,Die Haube für den Widerstand! - Widerstand ist Pflicht. -  Sei dabei! Sei ein Teil der Lösung! Die Sturmhaube für stürmi,jungenationalisten,3366,2024-06-20T19:29:24+00:00,7353,86,https://t.me/jungenationalisten/3366
jungenationalisten:3365,Freiheitskämpfer - heute wie damals!   Wie sich die Zeiten doch gleichen: Als am 17. Juni 1953 die Menschen auf die Stra,jungenationalisten,3365,2024-06-17T20:18:00+00:00,10175,111,https://t.me/jungenationalisten/3365
jungenationalisten:3364,,jungenationalisten,3364,2024-06-11T17:43:43+00:00,12316,0,https://t.me/jungenationalisten/3364
jungenationalisten:3363,Du möchtest aktiv werden und hast keine Jugendgruppe vor Ort? @jungenationalisten 🇩🇪  Mit unserem Leitfaden „Sei der Anf,jungenationalisten,3363,2024-06-11T17:43:43+00:00,12623,96,https://t.me/jungenationalisten/3363
jungenationalisten:3362,,jungenationalisten,3362,2024-06-09T06:17:11+00:00,15405,0,https://t.me/jungenationalisten/3362
jungenationalisten:3361,,jungenationalisten,3361,2024-06-09T06:17:11+00:00,16475,0,https://t.me/jungenationalisten/3361
jungenationalisten:3360,,jungenationalisten,3360,2024-06-09T06:17:11+00:00,15986,0,https://t.me/jungenationalisten/3360
jungenationalisten:3359,Jugend wählt: HEIMAT ✅ ZUKUNFT ✅ REMIGRATION ✅  Das liberalkonservative Bürgertum richtet sich nach Wahltrends.   Nation,jungenationalisten,3359,2024-06-09T06:17:11+00:00,14828,112,https://t.me/jungenationalisten/3359
jungenationalisten:3358,"Auf gehts: bis 18 Uhr könnt ihr heute in euer Wahllokal gehen und Heimat wählen! Schickt dieses Bild all euren Freunden,",jungenationalisten,3358,2024-06-09T06:02:40+00:00,7919,37,https://t.me/jungenationalisten/3358
jungenationalisten:3353,https://vm.tiktok.com/ZGeqC14Hx/  Für den DEXIT - Raus aus dieser EU!,jungenationalisten,3353,2024-06-08T18:42:07+00:00,8245,9,https://t.me/jungenationalisten/3353
jungenationalisten:3352,"Hoch schlagen zum nächtlichen Himmel die Flammen, hoch schlagen die Herzen - frei ist unser Sinn. So wie wir hier stehen",jungenationalisten,3352,2024-06-07T13:41:26+00:00,8141,67,https://t.me/jungenationalisten/3352
jungenationalisten:3351,,jungenationalisten,3351,2024-06-05T20:08:03+00:00,8289,90,https://t.me/jungenationalisten/3351
jungenationalisten:3350,,jungenationalisten,3350,2024-06-05T19:32:17+00:00,14640,0,https://t.me/jungenationalisten/3350
jungenationalisten:3349,,jungenationalisten,3349,2024-06-05T19:32:17+00:00,14930,0,https://t.me/jungenationalisten/3349
jungenationalisten:3348,,jungenationalisten,3348,2024-06-05T19:32:16+00:00,14513,0,https://t.me/jungenationalisten/3348
jungenationalisten:3347,Wahlwerbespot zur EU-Wahl  nach Themen @jungenationalisten 🇩🇪  LibKons und das konservative Bürgertum richten sich nach ,jungenationalisten,3347,2024-06-05T19:32:16+00:00,13797,67,https://t.me/jungenationalisten/3347
jungenationalisten:3344,Migration tötet - Remigration rettet Leben!  @heimat2023,jungenationalisten,3344,2024-06-03T09:11:39+00:00,7638,154,https://t.me/jungenationalisten/3344
jungenationalisten:3343,,jungenationalisten,3343,2024-06-03T05:51:47+00:00,8076,0,https://t.me/jungenationalisten/3343
jungenationalisten:3342,,jungenationalisten,3342,2024-06-03T05:51:47+00:00,8178,0,https://t.me/jungenationalisten/3342
jungenationalisten:3341,"3 Städte, 1 Botschaft • Am 09.06. HEIMAT wählen!   Nachdem bereits am letzen Wochenende Standkundgebungen in Duisburg un",jungenationalisten,3341,2024-06-03T05:51:47+00:00,7511,79,https://t.me/jungenationalisten/3341
jungenationalisten:3340,"Grüße von der Remigrationsinsel Sylt @jungenationalisten 🇩🇪  Unsere Aktivisten sind vor Ort gewesen, um die Deutschland-",jungenationalisten,3340,2024-06-02T18:38:22+00:00,8407,233,https://t.me/jungenationalisten/3340
jungenationalisten:3339,,jungenationalisten,3339,2024-06-01T18:30:15+00:00,16714,0,https://t.me/jungenationalisten/3339
jungenationalisten:3338,,jungenationalisten,3338,2024-06-01T18:30:14+00:00,16958,0,https://t.me/jungenationalisten/3338
jungenationalisten:3337,,jungenationalisten,3337,2024-06-01T18:30:14+00:00,15608,0,https://t.me/jungenationalisten/3337
jungenationalisten:3336,"Protest gegen den CSD Dresden @jungenationalisten 🇩🇪  Unser Dresdner Stützpunkt, die Elblandrevolte, hatte zum Protest g",jungenationalisten,3336,2024-06-01T18:30:14+00:00,15198,210,https://t.me/jungenationalisten/3336
jungenationalisten:3334,,jungenationalisten,3334,2024-05-31T11:03:26+00:00,8729,43,https://t.me/jungenationalisten/3334
jungenationalisten:3333,Messer-Angriff bei Info-Stand @jungenationalisten 🇩🇪  Heute kam es zu einem Messerangriff auf Islamkritiker Michael Stür,jungenationalisten,3333,2024-05-31T10:40:07+00:00,10630,67,https://t.me/jungenationalisten/3333
jungenationalisten:3332,Schnappschuss aus #Braunschweig  @jungenationalisten 🇩🇪  Die idealistische Jugend wählt HEIMAT!,jungenationalisten,3332,2024-05-30T14:25:29+00:00,7278,171,https://t.me/jungenationalisten/3332
jungenationalisten:3331,🤛🏻 Kämpfen für Europa !  «Unser Mottohemd zum geistigen Befreiungskampf für das ewige Europa.  Verfügbare Größen: S – XX,jungenationalisten,3331,2024-05-29T11:13:59+00:00,6656,48,https://t.me/jungenationalisten/3331
jungenationalisten:3330,"FSN [EXTREME] - ""Fighting for Europe""  Bei dieser Folge schauen wir uns den JN-Europakongress etwas näher an:  Es werden",jungenationalisten,3330,2024-05-28T16:38:08+00:00,6207,42,https://t.me/jungenationalisten/3330
jungenationalisten:3329,Ihr singt auch Deutschland den Deutschen? Dann wählt doch auch so!  📚Material  💶 Spenden 🎥 Youtube   Folgt der Heimat 🇩🇪,jungenationalisten,3329,2024-05-28T13:09:27+00:00,5963,85,https://t.me/jungenationalisten/3329
jungenationalisten:3328,🕊Friedenskundgebung in Moritzburg am 27. Mai 2024: »NATO-Kriegstreiber sind hier unerwünscht!«  Klare Ansage ggü. dem fr,jungenationalisten,3328,2024-05-28T12:33:51+00:00,6284,20,https://t.me/jungenationalisten/3328
jungenationalisten:3327,Am 08.06. öffnen wir die Pforten wieder zu einem Verkaufstag.  Neben unserem reichhaltigen Angebot sind dieses Mal die F,jungenationalisten,3327,2024-05-28T05:39:47+00:00,5537,40,https://t.me/jungenationalisten/3327
jungenationalisten:3326,,jungenationalisten,3326,2024-05-27T13:25:44+00:00,5698,0,https://t.me/jungenationalisten/3326
jungenationalisten:3325,,jungenationalisten,3325,2024-05-27T13:25:44+00:00,6302,0,https://t.me/jungenationalisten/3325
jungenationalisten:3324,,jungenationalisten,3324,2024-05-27T13:25:44+00:00,5862,0,https://t.me/jungenationalisten/3324
jungenationalisten:3323,Heute haben die HEIMAT und die Freien Sachsen in Moritzburg gegen den Besuch von Bundespräsident Steinmeier und Frankrei,jungenationalisten,3323,2024-05-27T13:25:44+00:00,5190,75,https://t.me/jungenationalisten/3323
jungenationalisten:3322,Wer unterstützt uns noch nicht bei X/Twitter? 😏  Alle mal ran da: https://x.com/JNDeutschland/status/1794388037931094514,jungenationalisten,3322,2024-05-25T15:34:30+00:00,5970,44,https://t.me/jungenationalisten/3322
jungenationalisten:3321,"Gern teilen und verbreiten. Die HEIMAT ins Eu-Parlament wählen  Was wir wollen! HEIMAT zur EU-Wahl 2024 - Remigration, M",jungenationalisten,3321,2024-05-25T08:17:20+00:00,5395,41,https://t.me/jungenationalisten/3321
jungenationalisten:3320,Делегация на БНС участва в европейският конгрес “Борба за Европа 2024”  На 18 май край немския град Ешеде младежката орг,jungenationalisten,3320,2024-05-23T15:24:51+00:00,6033,46,https://t.me/jungenationalisten/3320
jungenationalisten:3319,Mittlerweile berichtet auch das griechische Fernsehen von unserem belebenden Europakongress! @jungenationalisten 🇩🇪  Sch,jungenationalisten,3319,2024-05-22T19:21:34+00:00,6368,95,https://t.me/jungenationalisten/3319
jungenationalisten:3318,,jungenationalisten,3318,2024-05-22T15:59:31+00:00,6033,0,https://t.me/jungenationalisten/3318
jungenationalisten:3317,🔥 Congrès européen : Kämpfen für Europa  Une délégation française de la jeunesse du mouvement Les Nationalistes était pr,jungenationalisten,3317,2024-05-22T15:59:31+00:00,6470,0,https://t.me/jungenationalisten/3317
jungenationalisten:3316,,jungenationalisten,3316,2024-05-22T15:59:31+00:00,5740,0,https://t.me/jungenationalisten/3316
jungenationalisten:3315,,jungenationalisten,3315,2024-05-22T15:59:31+00:00,5233,0,https://t.me/jungenationalisten/3315
jungenationalisten:3314,,jungenationalisten,3314,2024-05-22T15:59:31+00:00,5053,0,https://t.me/jungenationalisten/3314
jungenationalisten:3313,,jungenationalisten,3313,2024-05-22T15:59:31+00:00,5168,0,https://t.me/jungenationalisten/3313
jungenationalisten:3312,,jungenationalisten,3312,2024-05-22T15:59:30+00:00,4985,0,https://t.me/jungenationalisten/3312
jungenationalisten:3311,,jungenationalisten,3311,2024-05-22T15:59:30+00:00,4742,0,https://t.me/jungenationalisten/3311
jungenationalisten:3310,,jungenationalisten,3310,2024-05-22T15:59:30+00:00,4743,42,https://t.me/jungenationalisten/3310
jungenationalisten:3309,🔥 A szikrából láng lett - Ifjúsági kongresszus Észak-Németországban  ⚫️⚪️🔴🤝🇭🇺 Mozgalmunk német szövetségese a Die Heimat,jungenationalisten,3309,2024-05-22T13:18:35+00:00,4767,36,https://t.me/jungenationalisten/3309
jungenationalisten:3308,"Der Vorsitzende von La Falange (FE), Manuel Andrino Lobo, mit der Erinnerungstafel des JN-Europakongresses.   Auch La Fa",jungenationalisten,3308,2024-05-22T11:46:30+00:00,4709,47,https://t.me/jungenationalisten/3308
jungenationalisten:3307,,jungenationalisten,3307,2024-05-22T10:30:45+00:00,4751,0,https://t.me/jungenationalisten/3307
jungenationalisten:3306,,jungenationalisten,3306,2024-05-22T10:30:45+00:00,5105,0,https://t.me/jungenationalisten/3306
jungenationalisten:3305,,jungenationalisten,3305,2024-05-22T10:30:45+00:00,4872,0,https://t.me/jungenationalisten/3305
jungenationalisten:3304,,jungenationalisten,3304,2024-05-22T10:30:45+00:00,4615,0,https://t.me/jungenationalisten/3304
jungenationalisten:3303,,jungenationalisten,3303,2024-05-22T10:30:45+00:00,4694,0,https://t.me/jungenationalisten/3303
jungenationalisten:3302,,jungenationalisten,3302,2024-05-22T10:30:45+00:00,4772,0,https://t.me/jungenationalisten/3302
jungenationalisten:3301,Το Ευρωπαϊκό Συνέδριο των συναγωνιστών περιείχε δραστηριότητες στη φύση όπως μικρές πεζοπορίες μέσα από δύσκολα μονοπάτι,jungenationalisten,3301,2024-05-22T10:30:45+00:00,4830,52,https://t.me/jungenationalisten/3301
jungenationalisten:3300,,jungenationalisten,3300,2024-05-22T08:38:05+00:00,0,0,https://t.me/jungenationalisten/3300
jungenationalisten:3299,,jungenationalisten,3299,2024-05-20T17:36:31+00:00,18812,0,https://t.me/jungenationalisten/3299
jungenationalisten:3298,,jungenationalisten,3298,2024-05-20T17:36:31+00:00,20881,0,https://t.me/jungenationalisten/3298
jungenationalisten:3297,,jungenationalisten,3297,2024-05-20T17:36:31+00:00,19914,0,https://t.me/jungenationalisten/3297
jungenationalisten:3296,,jungenationalisten,3296,2024-05-20T17:36:31+00:00,18218,0,https://t.me/jungenationalisten/3296
jungenationalisten:3295,,jungenationalisten,3295,2024-05-20T17:36:31+00:00,17513,0,https://t.me/jungenationalisten/3295
jungenationalisten:3294,,jungenationalisten,3294,2024-05-20T17:36:31+00:00,17435,0,https://t.me/jungenationalisten/3294
jungenationalisten:3293,Europakongress 2024: Fight for Europe - Kämpfen für Europa! @jungenationalisten 🇩🇪  Das EU-Wahljahr 2024 haben wir zum A,jungenationalisten,3293,2024-05-20T17:36:30+00:00,17255,121,https://t.me/jungenationalisten/3293
jungenationalisten:3292,AntiFas mit Presseausweis und Hebebühne in Eschede - Polizei sichert diese ab und hat stationären Kontrollpunkt eingeric,jungenationalisten,3292,2024-05-18T08:12:07+00:00,6427,68,https://t.me/jungenationalisten/3292
jungenationalisten:3290,"Ihr seid großartig!  @jungenationalisten 🇩🇪  Wir sagen heute danke an alle deutschen Mütter, die sich ihrer Natur treu g",jungenationalisten,3290,2024-05-12T08:11:58+00:00,7233,98,https://t.me/jungenationalisten/3290
jungenationalisten:3289,🏴 Offizielles Video vom Trauermarsch am 8. Mai in Demmin  Wir vergessen nicht - 8. Mai 1945  Quelle: Die Heimat - LV Mec,jungenationalisten,3289,2024-05-10T17:51:09+00:00,5598,78,https://t.me/jungenationalisten/3289
jungenationalisten:3288,"Fahrt und Lager - Liederbuch  Eine richtige Rarität ist dieses kleinformatige, aber inhaltsschwere Liederbuch. Aus unser",jungenationalisten,3288,2024-05-10T11:15:31+00:00,5424,42,https://t.me/jungenationalisten/3288
jungenationalisten:3287,,jungenationalisten,3287,2024-05-09T19:19:53+00:00,10713,0,https://t.me/jungenationalisten/3287
jungenationalisten:3286,,jungenationalisten,3286,2024-05-09T19:19:53+00:00,10612,0,https://t.me/jungenationalisten/3286
jungenationalisten:3285,Wir feiern nicht! Wir vergessen nicht! Demmin 2024 @jungenationalisten 🇩🇪,jungenationalisten,3285,2024-05-09T19:19:53+00:00,8938,126,https://t.me/jungenationalisten/3285
jungenationalisten:3284,"JN-Beutel: Gemeinschaft – Bildung – Aktivismus.   Das ist der Dreiklang der JN, versinnbildlicht in diesem Motiv. Ob in ",jungenationalisten,3284,2024-05-09T13:29:00+00:00,4487,38,https://t.me/jungenationalisten/3284
jungenationalisten:3283,"8.Mai  - Wir feiern nicht! @jungenationalisten   Am heutigen 8.Mai machten sich Aktivisten der Thüringer JN, sowie der K",jungenationalisten,3283,2024-05-09T07:14:47+00:00,4266,61,https://t.me/jungenationalisten/3283
jungenationalisten:3282,,jungenationalisten,3282,2024-05-08T16:00:31+00:00,4179,0,https://t.me/jungenationalisten/3282
jungenationalisten:3281,🏴 8. Mai - Tag der Ehre  Reinigungs-Aktion in Dortmund-Lütgendortmund  Ihr für uns - Wir für Euch!  ⚫️🟡 HEIMAT Dortmund ,jungenationalisten,3281,2024-05-08T16:00:31+00:00,4158,108,https://t.me/jungenationalisten/3281
jungenationalisten:3280,"Der 8. Mai ist kein Tag der Befreiung, er bedeutet: Mord, Vergewaltigung und Vertreibung  und es gibt an diesen Verbrech",jungenationalisten,3280,2024-05-08T09:28:02+00:00,3725,84,https://t.me/jungenationalisten/3280
jungenationalisten:3279,🏴 8. Mai - Auf nach Demmin! @jungenationalisten 🇩🇪  In der pommerschen Kleinstadt Demmin kam es zwischen dem 30. April u,jungenationalisten,3279,2024-05-07T10:32:45+00:00,9148,70,https://t.me/jungenationalisten/3279
jungenationalisten:3278,Schaut doch mal auf TikTok vorbei:  https://www.tiktok.com/@dieheimatdeutschland/video/7365887680938380577,jungenationalisten,3278,2024-05-06T15:23:33+00:00,10102,39,https://t.me/jungenationalisten/3278
jungenationalisten:3275,"🤛🏻 Freiheitskämpfer seit 1969!   In Zeiten, in denen sich andere aufsplittern und trennen, bleiben wir standhaft und ver",jungenationalisten,3275,2024-05-06T12:17:09+00:00,3918,25,https://t.me/jungenationalisten/3275
jungenationalisten:3274,"Gefallenendenkmal zur Erinnerung an die Toten der beiden Weltkriege in der Region um Döbeln!  Was können wir noch tun, i",jungenationalisten,3274,2024-05-03T08:54:47+00:00,4643,49,https://t.me/jungenationalisten/3274
jungenationalisten:3273,"Sonnenbrille - Mut zur Tat!   …darum zieht es dich des Nachts auf die Straßen, auch in dem Bewusstsein, dass der Kampf g",jungenationalisten,3273,2024-05-02T14:05:40+00:00,4151,36,https://t.me/jungenationalisten/3273
jungenationalisten:3272,Bayern und Franken kommen in (die) Bewegung!  @jungenationalisten 🇩🇪  Die Jugend für Deutschland stellt sich am 03. Mai ,jungenationalisten,3272,2024-05-02T05:25:31+00:00,5126,40,https://t.me/jungenationalisten/3272
jungenationalisten:3270,"Sonnige Grüße aus Sondershausen ☀️ @jungenationalisten 🇩🇪  Die Thüringer JN und unsere Mutterpartei ""Die Heimat"" sind he",jungenationalisten,3270,2024-05-01T14:22:33+00:00,6114,89,https://t.me/jungenationalisten/3270
jungenationalisten:3269,1. Mai: Tag der Arbeit - Kampf der Hochfinanz @jungenationalisten 🇩🇪  Mit Eintreten der rasanten Geldentwertung (Inflati,jungenationalisten,3269,2024-05-01T06:34:40+00:00,6595,47,https://t.me/jungenationalisten/3269
jungenationalisten:3268,"Hier nun unser Werbespot, der ab Montag auch im TV zu sehen sein wird.  Fleißig teilen, überall verbreiten, kommentieren",jungenationalisten,3268,2024-04-30T18:19:10+00:00,3269,43,https://t.me/jungenationalisten/3268
jungenationalisten:3267,BRD aktuell: الاتحاد الديمقراطي المسيحي في ألمانيا. »CDU hängt 400 Wahlplakate auf Arabisch auf«  »Wir haben diese gemei,jungenationalisten,3267,2024-04-30T13:44:31+00:00,3678,32,https://t.me/jungenationalisten/3267
jungenationalisten:3266,"⚔ Kommst du aus dem Raum Braunschweig und suchst Anschluss zu Gleichgesinnten, die nicht tatenlos bei dem Zerfall der Lö",jungenationalisten,3266,2024-04-29T18:48:23+00:00,3863,39,https://t.me/jungenationalisten/3266
jungenationalisten:3265,„Wir halten Stand - Aufkleber“   Wir sind die autochthone Jugend Europas und damit zum Erhalt unserer Lebensweise und de,jungenationalisten,3265,2024-04-29T09:06:56+00:00,3763,59,https://t.me/jungenationalisten/3265
jungenationalisten:3264,DS-Magazin im Mai: »Der Mensch: K.O. durch KI?« 🤖  Liebe Leser! »Werden aus Menschen Roboter?« – mit dieser bangen Frage,jungenationalisten,3264,2024-04-28T19:54:20+00:00,3791,26,https://t.me/jungenationalisten/3264
jungenationalisten:3263,,jungenationalisten,3263,2024-04-28T09:46:03+00:00,3429,0,https://t.me/jungenationalisten/3263
jungenationalisten:3262,,jungenationalisten,3262,2024-04-28T09:46:03+00:00,3939,0,https://t.me/jungenationalisten/3262
jungenationalisten:3261,,jungenationalisten,3261,2024-04-28T09:46:03+00:00,3619,0,https://t.me/jungenationalisten/3261
jungenationalisten:3260,"Gestern fand eine Infoveranstaltung zur EU-Wahl in Berlin statt. Neben Sebastian Schmidtke, unserem Vorsitzenden Frank F",jungenationalisten,3260,2024-04-28T09:46:03+00:00,3260,53,https://t.me/jungenationalisten/3260
jungenationalisten:3259,Bayern und Franken kommen in (die) Bewegung!  @jungenationalisten 🇩🇪  Die Jugend für Deutschland stellt sich am 03. Mai ,jungenationalisten,3259,2024-04-26T12:05:45+00:00,12914,52,https://t.me/jungenationalisten/3259
jungenationalisten:3258,Am kommenden Dienstag um 18 Uhr veröffentlichen wir unseren TV Wahlwerbespot auf Youtube vorab. Die Sendezeiten im TV ge,jungenationalisten,3258,2024-04-25T18:40:27+00:00,3755,35,https://t.me/jungenationalisten/3258
jungenationalisten:3257,"Heraus zum zweiten ""Tag des Widerstandes"" am 1. Mai 2024 in Dresden!  Der erste ""Tag des Widerstandes"" Anfang Januar 202",jungenationalisten,3257,2024-04-25T15:48:31+00:00,3927,36,https://t.me/jungenationalisten/3257
jungenationalisten:3256,"💚  1. Mai - TAG DES WIDERSTANDES - Zentrale Veranstaltung für ganz Thüringen  Den 1. Mai 2024, den Feiertag ""Tag der Arb",jungenationalisten,3256,2024-04-25T14:42:06+00:00,3539,34,https://t.me/jungenationalisten/3256
jungenationalisten:3255,,jungenationalisten,3255,2024-04-22T15:07:34+00:00,5888,0,https://t.me/jungenationalisten/3255
jungenationalisten:3254,,jungenationalisten,3254,2024-04-22T15:07:34+00:00,6320,0,https://t.me/jungenationalisten/3254
jungenationalisten:3253,Leistungsmarsch Bronze @jungenationalisten 🇩🇪  Am vergangenen Wochenende trafen sich Aktivisten und Freunde unserer Juge,jungenationalisten,3253,2024-04-22T15:07:34+00:00,5301,114,https://t.me/jungenationalisten/3253
jungenationalisten:3252,📢 20. April: Dortmund hat Grund zum Feiern – Junge Aktivisten gründen JN-Stützpunkt!  Wir blicken auf ein Jahr zurück mi,jungenationalisten,3252,2024-04-20T10:46:12+00:00,4742,93,https://t.me/jungenationalisten/3252
jungenationalisten:3251,Wanderung Brandenburg zum Kennenlernen und Vernetzen @jungenationalisten 🇩🇪  Anmeldung:  0176 15731145 6UAHUBHF,jungenationalisten,3251,2024-04-18T18:14:02+00:00,4695,47,https://t.me/jungenationalisten/3251
jungenationalisten:3250,"Ein Abendappell an die Jugend!  Wir leben der Gemeinschaft, sie aber braucht zum Leben die Tat. Denn alles hängt davon a",jungenationalisten,3250,2024-04-18T13:17:24+00:00,4223,29,https://t.me/jungenationalisten/3250
jungenationalisten:3249,,jungenationalisten,3249,2024-04-17T14:17:15+00:00,0,0,https://t.me/jungenationalisten/3249
jungenationalisten:3248,"Der Jugend den Rücken freihalten @jungenationalisten 🇩🇪  Regelmäßig werden wir von Sympathisanten gefragt, wie sie uns u",jungenationalisten,3248,2024-04-17T14:15:17+00:00,8765,51,https://t.me/jungenationalisten/3248
jungenationalisten:3247,,jungenationalisten,3247,2024-04-16T07:02:40+00:00,4021,0,https://t.me/jungenationalisten/3247
jungenationalisten:3246,,jungenationalisten,3246,2024-04-16T07:02:40+00:00,4435,0,https://t.me/jungenationalisten/3246
jungenationalisten:3245,Unsere Verbände starten in den EU- und Kommunalwahlkampf. Wie hier unser Listenplatz 3 zur Europawahl Claus Cremer in Bo,jungenationalisten,3245,2024-04-16T07:02:40+00:00,3854,60,https://t.me/jungenationalisten/3245
jungenationalisten:3243,"Wir bedanken uns bei 5000 Abonnenten auf Telegram! >> t.me/jungenationalisten 🇩🇪 <<  5000 deutsche Herzen, die mit Hoffn",jungenationalisten,3243,2024-04-15T14:19:26+00:00,4786,116,https://t.me/jungenationalisten/3243
jungenationalisten:3241,"Heil euch! Wir grüßen euch.   Der Appell? Was ist das eigentlich?  Irgendwie so ziemlich alles, aber wohl nicht politisc",jungenationalisten,3241,2024-04-14T18:17:34+00:00,3857,36,https://t.me/jungenationalisten/3241
jungenationalisten:3240,"Der Appell - Staatswerdung - Einführung  - Folge 30-   Stillgestanden! - Die Augen zur Fahne rechts!  Nur wer weiß, wohe",jungenationalisten,3240,2024-04-14T12:17:13+00:00,3859,16,https://t.me/jungenationalisten/3240
jungenationalisten:3239,Der Appell - Staatswerdung - Einführung  - Folge 30-  DER WEG ZUM REICH - VON DEN GERMANEN BIS ZU OTTO DEM GROSSEN!   ⬇️,jungenationalisten,3239,2024-04-14T12:17:08+00:00,3823,17,https://t.me/jungenationalisten/3239
jungenationalisten:3238,Die Haube für den Widerstand! - Widerstand ist Pflicht. -  Sei dabei! Sei ein Teil der Lösung! Die Sturmhaube für stürmi,jungenationalisten,3238,2024-04-12T13:46:01+00:00,3897,47,https://t.me/jungenationalisten/3238
jungenationalisten:3237,,jungenationalisten,3237,2024-04-11T17:50:50+00:00,10436,0,https://t.me/jungenationalisten/3237
jungenationalisten:3236,,jungenationalisten,3236,2024-04-11T17:50:50+00:00,10990,0,https://t.me/jungenationalisten/3236
jungenationalisten:3235,,jungenationalisten,3235,2024-04-11T17:50:50+00:00,9166,0,https://t.me/jungenationalisten/3235
jungenationalisten:3234,,jungenationalisten,3234,2024-04-11T17:50:50+00:00,8977,0,https://t.me/jungenationalisten/3234
jungenationalisten:3233,,jungenationalisten,3233,2024-04-11T17:50:50+00:00,8023,0,https://t.me/jungenationalisten/3233
jungenationalisten:3232,,jungenationalisten,3232,2024-04-11T17:50:49+00:00,8210,0,https://t.me/jungenationalisten/3232
jungenationalisten:3231,,jungenationalisten,3231,2024-04-11T17:50:49+00:00,8025,0,https://t.me/jungenationalisten/3231
jungenationalisten:3230,Identität und Erbe Europas: Gemeinschaftstag Sachsen-Anhalt @jungenationalisten 🇩🇪  Unsere GemTage bilden das Rückenmark,jungenationalisten,3230,2024-04-11T17:50:49+00:00,7599,92,https://t.me/jungenationalisten/3230
jungenationalisten:3209,🏴 8. Mai - Auf nach Demmin!  In der pommerschen Kleinstadt Demmin kam es zwischen dem 30. April und dem 4. Mai 1945 zum ,jungenationalisten,3209,2024-04-10T14:44:50+00:00,3548,53,https://t.me/jungenationalisten/3209
jungenationalisten:3208,"Heimat- und Jugendstammtisch @jungenationalisten 🇩🇪  Wann? Freitag, 12.04. Wo? Region Braunschweig  Thema? Europa und EU",jungenationalisten,3208,2024-04-09T14:28:14+00:00,4896,33,https://t.me/jungenationalisten/3208
jungenationalisten:3206,Leistungsmarsch Bronze  Bald ist es wieder so weit! Getreu dem Leitspruch Stärke durch Disziplin bietet die JN wieder ih,jungenationalisten,3206,2024-04-09T12:33:19+00:00,4217,54,https://t.me/jungenationalisten/3206
jungenationalisten:3205,,jungenationalisten,3205,2024-04-06T15:20:16+00:00,10981,0,https://t.me/jungenationalisten/3205
jungenationalisten:3204,,jungenationalisten,3204,2024-04-06T15:20:16+00:00,11900,0,https://t.me/jungenationalisten/3204
jungenationalisten:3203,,jungenationalisten,3203,2024-04-06T15:20:16+00:00,10920,0,https://t.me/jungenationalisten/3203
jungenationalisten:3202,,jungenationalisten,3202,2024-04-06T15:20:16+00:00,10268,0,https://t.me/jungenationalisten/3202
jungenationalisten:3201,"Israel mordet und die Welt schaut zu! @jungenationalisten 🇩🇪  Israel unterdrückt, vertreibt und mordet seit Jahrzehnten ",jungenationalisten,3201,2024-04-06T15:20:15+00:00,9750,162,https://t.me/jungenationalisten/3201
jungenationalisten:3199,Heimat Niedersachsen. Mehr als nur ein Ort auf der Landkarte. @jungenationalisten 🇩🇪  Folgt den Niedersachsen 🔥 @heimatN,jungenationalisten,3199,2024-04-04T10:22:08+00:00,4253,131,https://t.me/jungenationalisten/3199
jungenationalisten:3198,Ostern ist das Siegesfest des ewigen Lebens.  Wir wünschen allen Mitstreitern und Sympathisanten frohe Feiertage.  Unser,jungenationalisten,3198,2024-03-31T07:51:49+00:00,5586,112,https://t.me/jungenationalisten/3198
jungenationalisten:3197,"Unser Meinung zu den neuen Peinlichkeiten des DFB und seinen rosa Trikots? @jungenationalisten 🇩🇪  Deutschlands Farben, ",jungenationalisten,3197,2024-03-27T17:44:41+00:00,5677,111,https://t.me/jungenationalisten/3197
jungenationalisten:3196,Leistungsmarsch Bronze  Bald ist es wieder so weit! Getreu dem Leitspruch Stärke durch Disziplin bietet die JN wieder ih,jungenationalisten,3196,2024-03-19T11:50:11+00:00,7376,95,https://t.me/jungenationalisten/3196
jungenationalisten:3195,Ab sofort sind unsere Wahlkampfmarerialien zur Europawahl verfügbar:  Zu den Produkten  💶 Für die Heimat spenden  Folgt ,jungenationalisten,3195,2024-03-18T13:15:06+00:00,4903,51,https://t.me/jungenationalisten/3195
jungenationalisten:3194,Der Nationalist Manuel Eder wurde am Landesgericht Innsbruck zu einer unbedingten Freiheitsstrafe von 9 Jahren verurteil,jungenationalisten,3194,2024-03-12T18:49:13+00:00,5362,101,https://t.me/jungenationalisten/3194
jungenationalisten:3193,"ÜBERKLEBT, DU ZECKE! -------------- > Größe: DIN A7 > Preis: 50 Stück 4€ [ Mindestbestellwert: 10€ ↳ auf die gesamte Bes",jungenationalisten,3193,2024-03-07T07:04:31+00:00,6044,97,https://t.me/jungenationalisten/3193
jungenationalisten:3192,Wer liebt Deutschland und spielt Gitarre? 🎸  Meldung an: @JN_voran 🇩🇪👌,jungenationalisten,3192,2024-03-05T19:12:17+00:00,5593,34,https://t.me/jungenationalisten/3192
jungenationalisten:3191,Schulungstag in Hessen @jungenationalisten 🇩🇪  Zur einheitlichen Ausrichtung unserer Jugendorganisation tragen maßgeblic,jungenationalisten,3191,2024-03-05T14:55:24+00:00,7149,51,https://t.me/jungenationalisten/3191
jungenationalisten:3190,Der Appell - Folge 27 -  Vom Liberalismus und dem Weg in die Anarchie   Stillgestanden! - Die Augen zur Fahne rechts!  W,jungenationalisten,3190,2024-03-03T10:38:25+00:00,5654,30,https://t.me/jungenationalisten/3190
jungenationalisten:3189,"Liebe Leser, unsere aktuelle Interviewpartnerin Lauren Witzke aus den USA kämpft einen ähnlichen Kampf wie wir hierzulan",jungenationalisten,3189,2024-02-28T14:15:09+00:00,5227,36,https://t.me/jungenationalisten/3189
jungenationalisten:3188,Ein deutsches Herz hat aufgehört zu schlagen   Die Heimat Baden-Württemberg trauert um ihren langjährigen Landesvorsitze,jungenationalisten,3188,2024-02-28T10:56:24+00:00,4696,48,https://t.me/jungenationalisten/3188
jungenationalisten:3187,"An diesem Wochenende traf sich unser Vorstand in der wunderschönen Stadt Eisenach, um über politische Themen, die EU-Wah",jungenationalisten,3187,2024-02-25T14:54:24+00:00,4898,56,https://t.me/jungenationalisten/3187
jungenationalisten:3186,Wer liebt Deutschland und ist sicher im Umgang mit Photoshop/Grafikbearbeitung?  Meldung an: @JN_voran 🇩🇪👌,jungenationalisten,3186,2024-02-23T06:48:56+00:00,5527,37,https://t.me/jungenationalisten/3186
jungenationalisten:3185,Die HEIMAT wird als Wahlalternative auf dem Stimmzettel zur Europawahl stehen  https://die-heimat.de/die-heimat-wird-als,jungenationalisten,3185,2024-02-22T07:11:59+00:00,5697,51,https://t.me/jungenationalisten/3185
jungenationalisten:3184,,jungenationalisten,3184,2024-02-22T05:54:36+00:00,0,0,https://t.me/jungenationalisten/3184
jungenationalisten:3183,"""Deutschlands Einigkeit meine Stärke. Meine Stärke Deutschlands Macht.""  Grüße vom Hermannsdenkmal 🗡 @jungenationalisten",jungenationalisten,3183,2024-02-21T13:25:17+00:00,5887,122,https://t.me/jungenationalisten/3183
jungenationalisten:3179,,jungenationalisten,3179,2024-02-18T15:07:38+00:00,5854,0,https://t.me/jungenationalisten/3179
jungenationalisten:3178,,jungenationalisten,3178,2024-02-18T15:07:38+00:00,6228,0,https://t.me/jungenationalisten/3178
jungenationalisten:3177,,jungenationalisten,3177,2024-02-18T15:07:38+00:00,4639,0,https://t.me/jungenationalisten/3177
jungenationalisten:3176,,jungenationalisten,3176,2024-02-18T15:07:38+00:00,4575,0,https://t.me/jungenationalisten/3176
jungenationalisten:3175,,jungenationalisten,3175,2024-02-18T15:07:38+00:00,4393,0,https://t.me/jungenationalisten/3175
jungenationalisten:3174,🇧🇬 Lukovmarsch in Sofia:  Am 17. Februar 2024 fand in Sofia (Bulgarien) der traditionelle Lukovmarsch statt. Seit bereit,jungenationalisten,3174,2024-02-18T15:07:37+00:00,3977,82,https://t.me/jungenationalisten/3174
jungenationalisten:3167,Der Appell - Folge 26 -  Vom Marxismus und seinen fatalen Irrtümern.  Stillgestanden! - Die Augen zur Fahne rechts!  Heu,jungenationalisten,3167,2024-02-18T08:17:05+00:00,4185,23,https://t.me/jungenationalisten/3167
jungenationalisten:3166,"Dresden: Versammlungsbehörde lässt aktuell die ""Flamme der Erinnerung"" löschen.     Danach soll es entfernt werden!  Fol",jungenationalisten,3166,2024-02-12T21:47:07+00:00,5019,46,https://t.me/jungenationalisten/3166
jungenationalisten:3164,+++ EILMELDUNG! +++  Aktion vor der Frauenkirche in Dresden: Ein würdiger Gedenkort für die Dresdener Toten.  Vor der Fr,jungenationalisten,3164,2024-02-12T20:59:21+00:00,4264,57,https://t.me/jungenationalisten/3164
jungenationalisten:3163,Hier unser Video zur Gedenkveranstaltung am 11.02.2024 in Dresden.  https://youtu.be/GlbTn05VUmY  Folgt der Heimat 🇩🇪 @h,jungenationalisten,3163,2024-02-12T12:04:03+00:00,4051,46,https://t.me/jungenationalisten/3163
jungenationalisten:3162,Auch wir waren heute mit mehreren Transparenten in Dresden beim Gedenkmarsch für die Bombentoten zugegen. Ein Video folg,jungenationalisten,3162,2024-02-11T19:30:35+00:00,4163,87,https://t.me/jungenationalisten/3162
jungenationalisten:3161,,jungenationalisten,3161,2024-02-11T14:08:19+00:00,4210,0,https://t.me/jungenationalisten/3161
jungenationalisten:3160,,jungenationalisten,3160,2024-02-11T14:08:19+00:00,4381,0,https://t.me/jungenationalisten/3160
jungenationalisten:3159,,jungenationalisten,3159,2024-02-11T14:08:19+00:00,3847,0,https://t.me/jungenationalisten/3159
jungenationalisten:3158,,jungenationalisten,3158,2024-02-11T14:08:18+00:00,3718,0,https://t.me/jungenationalisten/3158
jungenationalisten:3157,Wir kennen unsere Pflicht!  Der Marsch zum Gedenken an die Opfer des alliierten Bombenterrors läuft und nimmt  seinen We,jungenationalisten,3157,2024-02-11T14:08:18+00:00,3695,107,https://t.me/jungenationalisten/3157
jungenationalisten:3156,Wir sehen uns morgen in Dresden! 🕯 @jungenationalisten 🇩🇪  Folgt auch: @Dresden_gedenken,jungenationalisten,3156,2024-02-10T09:41:53+00:00,4779,73,https://t.me/jungenationalisten/3156
jungenationalisten:3155,,jungenationalisten,3155,2024-02-09T11:23:13+00:00,5539,0,https://t.me/jungenationalisten/3155
jungenationalisten:3154,,jungenationalisten,3154,2024-02-09T11:23:13+00:00,5688,0,https://t.me/jungenationalisten/3154
jungenationalisten:3153,,jungenationalisten,3153,2024-02-09T11:23:12+00:00,5095,0,https://t.me/jungenationalisten/3153
jungenationalisten:3152,,jungenationalisten,3152,2024-02-09T11:23:12+00:00,4800,0,https://t.me/jungenationalisten/3152
jungenationalisten:3151,,jungenationalisten,3151,2024-02-09T11:23:12+00:00,4671,0,https://t.me/jungenationalisten/3151
jungenationalisten:3150,,jungenationalisten,3150,2024-02-09T11:23:12+00:00,4484,0,https://t.me/jungenationalisten/3150
jungenationalisten:3149,JN-Veranstaltung in Pirna durchgeführt.   @jungenationalisten 🇩🇪  Durch die kontinuierliche Arbeit zeigen immer mehr jun,jungenationalisten,3149,2024-02-09T11:23:12+00:00,4398,68,https://t.me/jungenationalisten/3149
jungenationalisten:3138,💥 Hiermit präsentieren wir Euch „wie gesagt“ Folge #024 – Im Gespräch mit Claus Cremer (Die Heimat) über Nationalismus i,jungenationalisten,3138,2024-02-04T19:26:47+00:00,4795,39,https://t.me/jungenationalisten/3138
jungenationalisten:3137,Der Appell - Folge 25-  Vom Imperialismus und seiner menschenfeindlichen Gleichheitsideologie  Stillgestanden! - Die Aug,jungenationalisten,3137,2024-02-04T16:12:17+00:00,4356,26,https://t.me/jungenationalisten/3137
jungenationalisten:3136,Unser Hessen - unsere Regeln @jungenationalisten 🇩🇪  Wetzlar ist und bleibt national. Heute findet eine Regimedemonstrat,jungenationalisten,3136,2024-02-03T11:46:27+00:00,4993,129,https://t.me/jungenationalisten/3136
jungenationalisten:3130,"(DE)  Hier spricht Dresden!  Das diesjährige Dresden-Gedenken findet am Sonntag, den 11.02.2024 statt.  Durch die rechtz",jungenationalisten,3130,2024-01-31T18:13:40+00:00,4122,61,https://t.me/jungenationalisten/3130
jungenationalisten:3129,"✈️ Ausreiseverbot für Matthias Deyda – Klage wird eingereicht!  Gegen den Dortmunder Lokalpolitiker Matthias Deyda, der ",jungenationalisten,3129,2024-01-31T15:49:06+00:00,4234,49,https://t.me/jungenationalisten/3129
jungenationalisten:3128,,jungenationalisten,3128,2024-01-30T08:08:29+00:00,13961,0,https://t.me/jungenationalisten/3128
jungenationalisten:3127,,jungenationalisten,3127,2024-01-30T08:08:29+00:00,14617,0,https://t.me/jungenationalisten/3127
jungenationalisten:3126,Gedenken zum Untergang der „Wilhelm Gustloff“  @jungenationalisten 🇩🇪  Heute vor 79 Jahren fand die größte Schiffskatast,jungenationalisten,3126,2024-01-30T08:08:29+00:00,13775,143,https://t.me/jungenationalisten/3126
jungenationalisten:3122,Sachsenland in Jugendhand!🔥 @jungenationalisten 🇩🇪  Vorstellung & Netzwerktreffen im Großraum Dresden.  Jeder schickt de,jungenationalisten,3122,2024-01-29T15:08:52+00:00,5487,51,https://t.me/jungenationalisten/3122
jungenationalisten:3121,,jungenationalisten,3121,2024-01-27T19:03:12+00:00,7171,0,https://t.me/jungenationalisten/3121
jungenationalisten:3120,,jungenationalisten,3120,2024-01-27T19:03:11+00:00,7667,0,https://t.me/jungenationalisten/3120
jungenationalisten:3119,,jungenationalisten,3119,2024-01-27T19:03:11+00:00,6814,0,https://t.me/jungenationalisten/3119
jungenationalisten:3118,,jungenationalisten,3118,2024-01-27T19:03:11+00:00,6259,0,https://t.me/jungenationalisten/3118
jungenationalisten:3117,,jungenationalisten,3117,2024-01-27T19:03:11+00:00,6180,0,https://t.me/jungenationalisten/3117
jungenationalisten:3116,,jungenationalisten,3116,2024-01-27T19:03:11+00:00,5875,0,https://t.me/jungenationalisten/3116
jungenationalisten:3115,Jahresauftakt in der Niederlausitz!  @jungenationalisten 🇩🇪   Ganz im Sinne des Vernetzungsgedankens hat der Kreisverban,jungenationalisten,3115,2024-01-27T19:03:11+00:00,5542,71,https://t.me/jungenationalisten/3115
jungenationalisten:3114,Spurensuche - Dresden 1945 Teil 1  Hörst du die Häuserecken der Stadt Dresden sprechen? Sie erzählen von unheimlichen Bo,jungenationalisten,3114,2024-01-27T09:26:12+00:00,4156,49,https://t.me/jungenationalisten/3114
jungenationalisten:3113,,jungenationalisten,3113,2024-01-26T14:52:41+00:00,0,0,https://t.me/jungenationalisten/3113
jungenationalisten:3112,"Unsere neue Kontaktnummer   ➡️ 017615731145 ⬅️  Ihr wollt uns unterstützen, habt Fragen oder wollt Deutschlands kernigst",jungenationalisten,3112,2024-01-26T14:51:27+00:00,19427,57,https://t.me/jungenationalisten/3112
jungenationalisten:3110,Her zu uns!  Mehr Infos auch: -> @jungenationalisten  - Material für Aktivisten- 📢💪🏻 💥Folgt uns: https://t.me/Frontdiens,jungenationalisten,3110,2024-01-26T14:46:29+00:00,4188,161,https://t.me/jungenationalisten/3110
jungenationalisten:3109,"📸 Aus dem Kreis Coesfeld (Stadt Olfen) haben uns heute Bilder erreicht, die augenscheinlich eine Werbeaktion junger Akti",jungenationalisten,3109,2024-01-24T19:43:29+00:00,4309,60,https://t.me/jungenationalisten/3109
jungenationalisten:3108,Am Wochenende gehts zum politischen Jahresauftakt in die Lausitz. 🏴 @jungenationalisten 🇩🇪,jungenationalisten,3108,2024-01-23T18:44:23+00:00,6735,40,https://t.me/jungenationalisten/3108
jungenationalisten:3106,"Das Urteil zum „Entzug der Parteienfinanzierung“ gegen uns ist gefallen. Wie zu erwarten, wurde gegen uns geurteilt. In ",jungenationalisten,3106,2024-01-23T09:23:24+00:00,3609,37,https://t.me/jungenationalisten/3106
jungenationalisten:3105,,jungenationalisten,3105,2024-01-21T16:52:22+00:00,3348,0,https://t.me/jungenationalisten/3105
jungenationalisten:3104,,jungenationalisten,3104,2024-01-21T16:52:22+00:00,3462,0,https://t.me/jungenationalisten/3104
jungenationalisten:3103,💥 Eilmeldung: Polizei stürmt Parteizentrale der HEIMAT in Dortmund!  Soeben hat ein Großaufgebot der Polizei die Thusnel,jungenationalisten,3103,2024-01-21T16:52:22+00:00,3243,61,https://t.me/jungenationalisten/3103
jungenationalisten:3100,"Stillgestanden!   Seid gegrüßt ihr alle, die ihr uns seit den letzten Monaten, die Treue haltend, nicht von der Seite ge",jungenationalisten,3100,2024-01-21T08:41:53+00:00,3751,39,https://t.me/jungenationalisten/3100
jungenationalisten:3099,Unser neues Video:   Eindrücke Neujahrsempfang mit Reden und Musik der HEIMAT in Hessen  👉Zum Heimat Material👈 🖤🤍💛  Folg,jungenationalisten,3099,2024-01-19T18:25:09+00:00,3896,38,https://t.me/jungenationalisten/3099
jungenationalisten:3098,Wenn die Pflicht uns ruft!  @jungenationalisten 🇩🇪  Dieses Jahr jährt sich die Zerstörung Dresdens zum 79 Mal.   Wir hab,jungenationalisten,3098,2024-01-17T08:46:37+00:00,11537,84,https://t.me/jungenationalisten/3098
jungenationalisten:3097,"Während Systempolitiker bei den Unternehmerprotesten ausgepfiffen werden, sind wir mit mehreren Trupps unterwegs, um für",jungenationalisten,3097,2024-01-15T13:53:45+00:00,8632,73,https://t.me/jungenationalisten/3097
jungenationalisten:3096,"Ihr „Unwort“ ist unser Programm - Remigration jetzt!  Das Unwort des Jahres 2023 ist ""Remigration"". Das Wort wurde von d",jungenationalisten,3096,2024-01-15T13:36:37+00:00,3970,38,https://t.me/jungenationalisten/3096
jungenationalisten:3095,📸 - - - 🚫🚦🚫 - - - https://t.me/pforzheimrevolte,jungenationalisten,3095,2024-01-15T10:02:25+00:00,4020,46,https://t.me/jungenationalisten/3095
jungenationalisten:3094,,jungenationalisten,3094,2024-01-15T09:32:48+00:00,0,0,https://t.me/jungenationalisten/3094
jungenationalisten:3092,"Heute unterwegs in Berlin, um den Volk- & Unternehmerprotest zu unterstützen  @jungenationalisten 🇩🇪  Oft lesen wir: ""Di",jungenationalisten,3092,2024-01-15T09:04:27+00:00,5937,44,https://t.me/jungenationalisten/3092
jungenationalisten:3091,🏴 Soli-Aktion für unsere Bauern im Hermannsland  Am berühmten Hermannsdenkmal in Ostwestfalen solidarisierten sich Aktiv,jungenationalisten,3091,2024-01-13T17:01:48+00:00,7894,68,https://t.me/jungenationalisten/3091
jungenationalisten:3090,Heute findet im Hessen der Neujahrsempfang unserer Fraktion im hessischen Leun statt. Die Eröffnungsrede erhält Thassilo,jungenationalisten,3090,2024-01-13T16:12:05+00:00,3649,27,https://t.me/jungenationalisten/3090
jungenationalisten:3089,"Wir stehen zusammen! @jungenationalisten 🇩🇪  Wir stehen an der Seite der Bauern, aber gegen die Führung des Bauernverban",jungenationalisten,3089,2024-01-13T12:33:06+00:00,3964,44,https://t.me/jungenationalisten/3089
jungenationalisten:3088,Du bist über 30 und willst unseren Freiheitskampf unterstützen? Werde Fördermitglied! @jungenationalisten 🇩🇪  Immer wied,jungenationalisten,3088,2024-01-12T12:18:46+00:00,4071,28,https://t.me/jungenationalisten/3088
jungenationalisten:3087,Neues Material zum Volks- & Bauernprotest!   Die Aufkleber gibt es hier :   Saat für einen neuen Staat: -> 💥 https://fro,jungenationalisten,3087,2024-01-10T09:47:39+00:00,4556,25,https://t.me/jungenationalisten/3087
jungenationalisten:3086,"Warum lässt man Politiker von Ampel, CDU und Linke auf den Kundgebungen sprechen?  Auch die CDU ist keine Alternative, s",jungenationalisten,3086,2024-01-08T15:08:25+00:00,11768,69,https://t.me/jungenationalisten/3086
jungenationalisten:3085,,jungenationalisten,3085,2024-01-08T15:07:08+00:00,4124,0,https://t.me/jungenationalisten/3085
jungenationalisten:3084,,jungenationalisten,3084,2024-01-08T15:07:08+00:00,3881,0,https://t.me/jungenationalisten/3084
jungenationalisten:3083,,jungenationalisten,3083,2024-01-08T15:07:08+00:00,3736,0,https://t.me/jungenationalisten/3083
jungenationalisten:3082,Weitere Eindrücke   👉Zum Heimat Material👈 🖤🤍💛  Folgt der Heimat 🇩🇪 @heimat2023  Kommt in den Diskurs 💬  @dieheimatgespra,jungenationalisten,3082,2024-01-08T15:07:08+00:00,3378,41,https://t.me/jungenationalisten/3082
jungenationalisten:3081,Neues Material zum Volks- & Bauernprotest  @jungenationalisten 🇩🇪  Aufkleber:  1. Setzt die Saat für einen neuen Staat! ,jungenationalisten,3081,2024-01-08T10:04:19+00:00,12034,29,https://t.me/jungenationalisten/3081
jungenationalisten:3080,Am Montag auf die Straße. Gemeinsam für unsere Heimat  👉Zum Heimat Material👈 🖤🤍💛  Folgt der Heimat 🇩🇪 @heimat2023  Kommt,jungenationalisten,3080,2024-01-08T05:27:40+00:00,3201,43,https://t.me/jungenationalisten/3080
jungenationalisten:3079,"DAS DILEMMA DES SYSTEMS UND SEINE SCHWINDENDE GLAUBWÜRDIGKEIT!  In einem paar Stunden, am morgigen Montag ist es soweit.",jungenationalisten,3079,2024-01-07T20:35:03+00:00,3324,18,https://t.me/jungenationalisten/3079
jungenationalisten:3078,DE  Hier spricht Dresden!  Am 13. Februar 2024 jähren sich die angloamerikanischen Bombenangriffe auf Dresden zum 79. Ma,jungenationalisten,3078,2024-01-07T16:10:55+00:00,2986,34,https://t.me/jungenationalisten/3078
jungenationalisten:3077,Setz die Saat für einen neuen Staat! @jungenationalisten 🔥 @HeimatNDS 🇩🇪  Der Haushalt für 2024 wurde kurzfristig beschl,jungenationalisten,3077,2024-01-06T14:20:21+00:00,2999,72,https://t.me/jungenationalisten/3077
jungenationalisten:3076,"🌾BAUERNPROTESTE: ALLE TERMINE   Landwirte, Handwerker, LKW-Fahrer, Unternehmer & Angestellte sind fertig mit der Ampel🚦!",jungenationalisten,3076,2024-01-04T09:05:20+00:00,3438,35,https://t.me/jungenationalisten/3076
jungenationalisten:3075,Gute Vorsätze für das neue Jahr? @jungenationalisten 🇩🇪  Du möchtest aktiv werden und hast keine Jugendgruppe vor Ort? M,jungenationalisten,3075,2024-01-02T11:58:54+00:00,6027,43,https://t.me/jungenationalisten/3075
jungenationalisten:3074,Unsere Sicherheitsexperten haben die öffentliche Debatte rund um mögliche Silvesterausschreitungen analysiert und kommen,jungenationalisten,3074,2023-12-31T17:00:17+00:00,3497,54,https://t.me/jungenationalisten/3074
jungenationalisten:3073,"""Nur der Freiheit gehört unser Leben""   @jungenationalisten 🇩🇪  Kommt alle gut in das Jahr 2024 und sammelt nochmal Kraf",jungenationalisten,3073,2023-12-31T15:54:49+00:00,5022,52,https://t.me/jungenationalisten/3073
jungenationalisten:3072,Solidarität ist unsere Waffe!  Flagge zeigen für das Dresden Gedenken 2024! Professionell hergestellter Anstecker. Die e,jungenationalisten,3072,2023-12-31T09:27:46+00:00,3096,24,https://t.me/jungenationalisten/3072
jungenationalisten:3071,Heute wurde auf der A7 am Maschener Kreuz vor der Hansestadt Hamburg eine Aktion durchgeführt.  Bericht und Video folgt ,jungenationalisten,3071,2023-12-30T14:35:50+00:00,2827,80,https://t.me/jungenationalisten/3071
jungenationalisten:3070,Das Schicksal von Dresden bleibt unvergessen!  Ein schöner Schnappschuss aus Falkenstein im Vogtland erreichte uns eben!,jungenationalisten,3070,2023-12-29T16:23:15+00:00,3266,47,https://t.me/jungenationalisten/3070
jungenationalisten:3069,Wir wünschen besinnliche Festtage! @jungenationalisten 🇩🇪  In der heutigen Zeit ist Weihnachten leider oft zu einem rein,jungenationalisten,3069,2023-12-24T08:32:19+00:00,4224,74,https://t.me/jungenationalisten/3069
jungenationalisten:3068,Die Weihnachtansprache von unserem Vorsitzenden Frank Franz.  https://youtu.be/UutlGtOp69A?si=5UDVcmpy7TOV4AXn  👉Zum Hei,jungenationalisten,3068,2023-12-23T20:44:39+00:00,3413,41,https://t.me/jungenationalisten/3068
jungenationalisten:3067,Fühlst DU es auch ?  @jungenationalisten 🇩🇪   Das jährliche Naturereignis wird in Europa seit mehreren Tausend Jahren ge,jungenationalisten,3067,2023-12-21T20:55:33+00:00,6519,65,https://t.me/jungenationalisten/3067
jungenationalisten:3066,"Aufkleber, Plakate und Flugblätter ab heute bestellbar!   Aus Anlass des 79.Jahrestages der Zerstörung Dresdens, kannst ",jungenationalisten,3066,2023-12-20T19:40:26+00:00,2973,27,https://t.me/jungenationalisten/3066
jungenationalisten:3065,"Unsere Aufklebermotive | 1,50€ pro Paket 🇩🇪  Sparpakete, für alle die mehr kleben: 500 Aufkleber – 25,00€ 1000 Aufkleber",jungenationalisten,3065,2023-12-20T15:17:11+00:00,3218,39,https://t.me/jungenationalisten/3065
jungenationalisten:3064,"⚠️Hausdurchsuchung bei aktivde⚠️  Heute morgen um 06:00 Uhr früh klingelt es an der Tür, Polizei. Es wurde so gut wie fa",jungenationalisten,3064,2023-12-19T11:01:04+00:00,2548,56,https://t.me/jungenationalisten/3064
jungenationalisten:3063,Freiheit für Patrick!  👉Zum Heimat Material👈 🖤🤍💛  Folgt der Heimat 🇩🇪 @heimat2023  Kommt in den Diskurs 💬  @dieheimatges,jungenationalisten,3063,2023-12-15T10:23:39+00:00,3806,48,https://t.me/jungenationalisten/3063
jungenationalisten:3062,Groteske Anschuldigungen der Generalbundesanwaltschaft gegen den Kommunalpolitiker Patrick Wieschke   Am Donnerstag gab ,jungenationalisten,3062,2023-12-15T10:23:32+00:00,3281,0,https://t.me/jungenationalisten/3062
jungenationalisten:3061,"#niemandistvergessen   Unseren Gefangenen:   Du fehlst in unseren Reihen, am Tisch der Sippe. Aber auch diese Zeit geht ",jungenationalisten,3061,2023-12-13T12:17:45+00:00,3269,35,https://t.me/jungenationalisten/3061
jungenationalisten:3060,"Das Material zum ""Dresden-Gedenken"" in Kürze hier erhältlich!  Auch im Jahr 2024 wird es ein würdiges und ehrenvolles Ge",jungenationalisten,3060,2023-12-10T09:23:35+00:00,3244,30,https://t.me/jungenationalisten/3060
jungenationalisten:3059,Wir wünschen euch einen schönen ersten Advent!   Kommt gut durch diese verrückte Zeit und bleibt stets standhaft. @junge,jungenationalisten,3059,2023-12-03T13:37:58+00:00,4967,94,https://t.me/jungenationalisten/3059
jungenationalisten:3058,💥 Nach Crépol-Massaker: Skandalurteile gegen Patrioten in Frankreich!  Nach dem Massaker von Crépol im Südosten Frankrei,jungenationalisten,3058,2023-11-29T13:38:27+00:00,4288,43,https://t.me/jungenationalisten/3058
jungenationalisten:3057,,jungenationalisten,3057,2023-11-27T14:50:45+00:00,10086,0,https://t.me/jungenationalisten/3057
jungenationalisten:3056,,jungenationalisten,3056,2023-11-27T14:50:45+00:00,10911,0,https://t.me/jungenationalisten/3056
jungenationalisten:3055,,jungenationalisten,3055,2023-11-27T14:50:44+00:00,10109,0,https://t.me/jungenationalisten/3055
jungenationalisten:3054,,jungenationalisten,3054,2023-11-27T14:50:44+00:00,9334,0,https://t.me/jungenationalisten/3054
jungenationalisten:3053,,jungenationalisten,3053,2023-11-27T14:50:44+00:00,8931,0,https://t.me/jungenationalisten/3053
jungenationalisten:3052,"Schlageter-Kongress in Sachsen @jungenationalisten 🇩🇪  Unseren Bundeskongress haben wir anlässlich des 100. Todestages, ",jungenationalisten,3052,2023-11-27T14:50:44+00:00,8144,50,https://t.me/jungenationalisten/3052
jungenationalisten:3051,,jungenationalisten,3051,2023-11-26T17:41:34+00:00,12607,0,https://t.me/jungenationalisten/3051
jungenationalisten:3050,,jungenationalisten,3050,2023-11-26T17:41:33+00:00,13116,0,https://t.me/jungenationalisten/3050
jungenationalisten:3049,,jungenationalisten,3049,2023-11-26T17:41:33+00:00,11810,0,https://t.me/jungenationalisten/3049
jungenationalisten:3048,,jungenationalisten,3048,2023-11-26T17:41:33+00:00,11325,0,https://t.me/jungenationalisten/3048
jungenationalisten:3047,,jungenationalisten,3047,2023-11-26T17:41:33+00:00,10654,0,https://t.me/jungenationalisten/3047
jungenationalisten:3046,,jungenationalisten,3046,2023-11-26T17:41:33+00:00,10465,0,https://t.me/jungenationalisten/3046
jungenationalisten:3045,Selbstverteidigungsseminar auf dem HeimatHof @jungenationalisten 🇩🇪  An diesem Wochenende organisierten wir ein Selbstve,jungenationalisten,3045,2023-11-26T17:41:33+00:00,10122,50,https://t.me/jungenationalisten/3045
jungenationalisten:3044,HeimatHof: Juristischer Sieg gegen LK Celle @jungenationalisten 🇩🇪  Erfreuliche Neuigkeiten: Nachdem erst alle Corona-Bu,jungenationalisten,3044,2023-11-23T15:33:47+00:00,5118,11,https://t.me/jungenationalisten/3044
jungenationalisten:3040,,jungenationalisten,3040,2023-11-20T05:44:29+00:00,3863,0,https://t.me/jungenationalisten/3040
jungenationalisten:3039,Ein paar Impressionen vom diesjährigen  Heldengedenken Seelenfeld bei Petershagen @jungenationalisten 🇩🇪  Ihr Opfer – un,jungenationalisten,3039,2023-11-20T05:44:29+00:00,3865,5,https://t.me/jungenationalisten/3039
jungenationalisten:3038,,jungenationalisten,3038,2023-11-19T21:26:20+00:00,3557,0,https://t.me/jungenationalisten/3038
jungenationalisten:3037,,jungenationalisten,3037,2023-11-19T21:26:20+00:00,3580,0,https://t.me/jungenationalisten/3037
jungenationalisten:3036,Ein paar Impressionen vom diesjährigen Heldengedenken in Wurzen. @jungenationalisten 🇩🇪  Ihr Opfer – unser Auftrag,jungenationalisten,3036,2023-11-19T21:26:20+00:00,3236,5,https://t.me/jungenationalisten/3036
jungenationalisten:3035,,jungenationalisten,3035,2023-11-19T20:54:27+00:00,4002,0,https://t.me/jungenationalisten/3035
jungenationalisten:3034,Ein paar Impressionen vom diesjährigen  Heldengedenken in Osnabrück. @jungenationalisten 🇩🇪  Ihr Opfer – unser Auftrag,jungenationalisten,3034,2023-11-19T20:54:27+00:00,3785,4,https://t.me/jungenationalisten/3034
jungenationalisten:3033,,jungenationalisten,3033,2023-11-19T19:41:05+00:00,2747,0,https://t.me/jungenationalisten/3033
jungenationalisten:3032,,jungenationalisten,3032,2023-11-19T19:41:05+00:00,2635,0,https://t.me/jungenationalisten/3032
jungenationalisten:3031,Heldengedenken in der Lüneburger Heide (1/2)  Dem Volkstrauertag ist auch in diesem Jahr eine starke mediale Berichterst,jungenationalisten,3031,2023-11-19T19:41:04+00:00,2425,4,https://t.me/jungenationalisten/3031
jungenationalisten:3030,,jungenationalisten,3030,2023-11-19T18:02:35+00:00,3185,0,https://t.me/jungenationalisten/3030
jungenationalisten:3029,"Ein paar Impressionen vom diesjährigen  Heldengedenken in Sachsen Anhalt, Landkreis Wittenberg @jungenationalisten 🇩🇪  I",jungenationalisten,3029,2023-11-19T18:02:35+00:00,3369,3,https://t.me/jungenationalisten/3029
jungenationalisten:3028,,jungenationalisten,3028,2023-11-19T15:20:05+00:00,2900,0,https://t.me/jungenationalisten/3028
jungenationalisten:3027,,jungenationalisten,3027,2023-11-19T15:20:05+00:00,2920,0,https://t.me/jungenationalisten/3027
jungenationalisten:3026,Ein paar Impressionen vom diesjährigen  Heldengedenken in Thüringen.  @jungenationalisten 🇩🇪  Ein ausführlicher Bericht ,jungenationalisten,3026,2023-11-19T15:20:05+00:00,2646,4,https://t.me/jungenationalisten/3026
jungenationalisten:3025,,jungenationalisten,3025,2023-11-19T15:09:21+00:00,2479,0,https://t.me/jungenationalisten/3025
jungenationalisten:3024,Ein paar Impressionen vom diesjährigen  Heldengedenken aus Prettin Sachsen-Anhalt. @jungenationalisten 🇩🇪  Ihr Opfer – u,jungenationalisten,3024,2023-11-19T15:09:21+00:00,2553,0,https://t.me/jungenationalisten/3024
jungenationalisten:3021,Ein paar Impressionen vom diesjährigen  Heldengedenken in Helmstedt. @jungenationalisten 🇩🇪  Ihr Opfer – unser Auftrag,jungenationalisten,3021,2023-11-19T15:08:23+00:00,3727,1,https://t.me/jungenationalisten/3021
jungenationalisten:3020,,jungenationalisten,3020,2023-11-19T15:05:41+00:00,2371,0,https://t.me/jungenationalisten/3020
jungenationalisten:3019,,jungenationalisten,3019,2023-11-19T15:05:41+00:00,2469,0,https://t.me/jungenationalisten/3019
jungenationalisten:3018,"Ein paar Impressionen vom diesjährigen  Heldengedenken in Hennef, Rhein-Sieg-Kreis. @jungenationalisten 🇩🇪  Ihr Opfer – ",jungenationalisten,3018,2023-11-19T15:05:41+00:00,2354,3,https://t.me/jungenationalisten/3018
jungenationalisten:3017,,jungenationalisten,3017,2023-11-19T13:54:10+00:00,3746,0,https://t.me/jungenationalisten/3017
jungenationalisten:3016,,jungenationalisten,3016,2023-11-19T13:54:10+00:00,3785,0,https://t.me/jungenationalisten/3016
jungenationalisten:3015,Ein paar Impressionen vom diesjährigen  Heldengedenken in Helfta und der Lutherstadt Eisleben @jungenationalisten 🇩🇪  Ih,jungenationalisten,3015,2023-11-19T13:54:10+00:00,3626,0,https://t.me/jungenationalisten/3015
jungenationalisten:3014,,jungenationalisten,3014,2023-11-19T13:16:02+00:00,4112,0,https://t.me/jungenationalisten/3014
jungenationalisten:3013,,jungenationalisten,3013,2023-11-19T13:16:01+00:00,4125,0,https://t.me/jungenationalisten/3013
jungenationalisten:3012,Ein paar Impressionen vom diesjährigen  Heldengedenken in Döbeln. @jungenationalisten 🇩🇪  Ihr Opfer – unser Auftrag,jungenationalisten,3012,2023-11-19T13:16:01+00:00,3996,0,https://t.me/jungenationalisten/3012
jungenationalisten:3011,Am Sonntag heraus zum Volkstrauertag!  Den Helden unseres Volkes zum Volkstrauertag ein würdiges Gedenken! Nutze auch Du,jungenationalisten,3011,2023-11-17T11:07:25+00:00,2345,0,https://t.me/jungenationalisten/3011
jungenationalisten:3010,"REMIGRATION STATT 3-STERNE PENSION! ✈️ 👋🏻  Während der sogenannte ""Bürgerdialog"" in vollem Gange ist, zeigen junge Deuts",jungenationalisten,3010,2023-11-15T19:01:45+00:00,2357,0,https://t.me/jungenationalisten/3010
jungenationalisten:3009,"Mit unserer Reihe „Das Buch zur Hand“ wollen wir das Augenmerk auf sinnvolle, ganzheitliche Gegenwartsliteratur lenken u",jungenationalisten,3009,2023-11-15T13:01:33+00:00,2817,0,https://t.me/jungenationalisten/3009
jungenationalisten:3008,Dasselbe gilt für WhatsApp - kommt in den Kanal und ermöglicht so eine möglichst effiziente Reichweite:  https://whatsap,jungenationalisten,3008,2023-11-13T14:52:27+00:00,2945,0,https://t.me/jungenationalisten/3008
jungenationalisten:3005,Gemeinschaftstag 3/2023 @jungenationalisten 🇩🇪  Unsere Schulungs- und Gemeinschaftstage sind ein starker Kontrast zum BR,jungenationalisten,3005,2023-11-12T18:22:01+00:00,14714,0,https://t.me/jungenationalisten/3005
jungenationalisten:3004,Hier unser Videozusammenschnitt von der Kundgebungsrundfahrt in brandenburgischen Grenzstädten  🎥 Direkt zum VIdeo  👉Zum,jungenationalisten,3004,2023-11-12T06:52:28+00:00,2300,0,https://t.me/jungenationalisten/3004
jungenationalisten:3003,„Ein Licht für die Toten“  - Grabkerzenaufkleber ⚔️   Die Aufkleber sind DIN A8 für Grabkerzen.  💥 Die Aufkleber gibt‘s ,jungenationalisten,3003,2023-11-09T11:30:54+00:00,2852,0,https://t.me/jungenationalisten/3003
jungenationalisten:3002,Jugend- und Heimatstammtisch Braunschweig @jungenationalisten 🇩🇪  Neben der Rückschau auf den politischen Kampf in der R,jungenationalisten,3002,2023-11-08T19:11:24+00:00,5566,0,https://t.me/jungenationalisten/3002
jungenationalisten:3001,,jungenationalisten,3001,2023-11-05T17:39:50+00:00,0,0,https://t.me/jungenationalisten/3001
jungenationalisten:3000,HeimatHof Eschede - Wo Deutschland noch lebt! @jungenationalisten 🇩🇪  Eindrücke unserer Sonnenwendfeier im Juni auf dem ,jungenationalisten,3000,2023-11-05T16:03:20+00:00,12612,4,https://t.me/jungenationalisten/3000
jungenationalisten:2999,Morgen Abend gibt es nach längerer Zeit den ersten Plauderstream. Ich habe gleich drei Gäste dabei. Den Vorsitzenden des,jungenationalisten,2999,2023-11-02T19:00:06+00:00,3736,0,https://t.me/jungenationalisten/2999
jungenationalisten:2998,"🏴🙋🏻‍♂️ Zum 10. Todestag von Manolis Kapelonis und Giorgos Fountoulis – von Linksextremisten ermordet, nördlich von Athen",jungenationalisten,2998,2023-11-01T15:01:42+00:00,3245,0,https://t.me/jungenationalisten/2998
jungenationalisten:2997,,jungenationalisten,2997,2023-10-29T17:59:40+00:00,5589,0,https://t.me/jungenationalisten/2997
jungenationalisten:2996,,jungenationalisten,2996,2023-10-29T17:59:40+00:00,5868,0,https://t.me/jungenationalisten/2996
jungenationalisten:2995,,jungenationalisten,2995,2023-10-29T17:59:40+00:00,5599,0,https://t.me/jungenationalisten/2995
jungenationalisten:2994,,jungenationalisten,2994,2023-10-29T17:59:40+00:00,5119,0,https://t.me/jungenationalisten/2994
jungenationalisten:2993,,jungenationalisten,2993,2023-10-29T17:59:40+00:00,4632,0,https://t.me/jungenationalisten/2993
jungenationalisten:2992,,jungenationalisten,2992,2023-10-29T17:59:40+00:00,4789,0,https://t.me/jungenationalisten/2992
jungenationalisten:2991,,jungenationalisten,2991,2023-10-29T17:59:40+00:00,4358,0,https://t.me/jungenationalisten/2991
jungenationalisten:2990,,jungenationalisten,2990,2023-10-29T17:59:40+00:00,4191,0,https://t.me/jungenationalisten/2990
jungenationalisten:2989,Dritter Gemeinschaftstag 2023 @jungenationalisten 🇩🇪  Mit einem vollen und abwechslungsreichen Programm ging das Wochene,jungenationalisten,2989,2023-10-29T17:59:40+00:00,3975,0,https://t.me/jungenationalisten/2989
jungenationalisten:2988,,jungenationalisten,2988,2023-10-28T11:55:36+00:00,13732,0,https://t.me/jungenationalisten/2988
jungenationalisten:2987,,jungenationalisten,2987,2023-10-28T11:55:36+00:00,13756,0,https://t.me/jungenationalisten/2987
jungenationalisten:2986,"Junge Nationalisten - Speerspitze der Heimat @jungenationalisten 🇩🇪  Die deutsche Jugend formiert sich, um dem volksfein",jungenationalisten,2986,2023-10-28T11:55:36+00:00,11629,0,https://t.me/jungenationalisten/2986
jungenationalisten:2985,"Einladung zur Rednerveranstaltung der HEIMAT Sachsen!  👉🏻 am Sonnabend, 28. Oktober 2023 um 18.30 Uhr (Einlass ab 18 Uhr",jungenationalisten,2985,2023-10-27T10:47:21+00:00,2761,0,https://t.me/jungenationalisten/2985
jungenationalisten:2984,,jungenationalisten,2984,2023-10-27T07:53:25+00:00,2530,0,https://t.me/jungenationalisten/2984
jungenationalisten:2983,"Jedem Volk sein Land, nicht jedem Volk ein Stück Deutschland! @jungenationalisten 🇩🇪  Unterwegs für euch in Eilenburg, S",jungenationalisten,2983,2023-10-25T19:20:18+00:00,3093,0,https://t.me/jungenationalisten/2983
jungenationalisten:2982,,jungenationalisten,2982,2023-10-24T14:32:50+00:00,2717,0,https://t.me/jungenationalisten/2982
jungenationalisten:2981,,jungenationalisten,2981,2023-10-24T14:32:50+00:00,2879,0,https://t.me/jungenationalisten/2981
jungenationalisten:2980,,jungenationalisten,2980,2023-10-24T14:32:50+00:00,2642,0,https://t.me/jungenationalisten/2980
jungenationalisten:2979,,jungenationalisten,2979,2023-10-24T14:32:50+00:00,2313,0,https://t.me/jungenationalisten/2979
jungenationalisten:2978,,jungenationalisten,2978,2023-10-24T14:32:50+00:00,2423,0,https://t.me/jungenationalisten/2978
jungenationalisten:2977,,jungenationalisten,2977,2023-10-24T14:32:50+00:00,2302,0,https://t.me/jungenationalisten/2977
jungenationalisten:2976,,jungenationalisten,2976,2023-10-24T14:32:50+00:00,2251,0,https://t.me/jungenationalisten/2976
jungenationalisten:2975,Am Wochenende feierten wir mit einem bunten Programm unser Herbstfest.   Trotz des zur Jahreszeit passenden Wetters konn,jungenationalisten,2975,2023-10-24T14:32:50+00:00,2216,0,https://t.me/jungenationalisten/2975
jungenationalisten:2974,,jungenationalisten,2974,2023-10-22T18:02:30+00:00,2752,0,https://t.me/jungenationalisten/2974
jungenationalisten:2973,,jungenationalisten,2973,2023-10-22T18:02:30+00:00,2803,0,https://t.me/jungenationalisten/2973
jungenationalisten:2972,,jungenationalisten,2972,2023-10-22T18:02:30+00:00,2608,0,https://t.me/jungenationalisten/2972
jungenationalisten:2971,Kundgebung: Keine Moschee in der Innenstadt von Celle  @heimatNDS   Als Reaktion auf die jüngsten Pläne in der Celler In,jungenationalisten,2971,2023-10-22T18:02:30+00:00,2277,1,https://t.me/jungenationalisten/2971
jungenationalisten:2970,"Umweltschutz ist Heimatschutz!  Eine kulturelle Jugendbewegung, die Naturschutz als Heimatschutz begreift, für die Natio",jungenationalisten,2970,2023-10-22T09:55:11+00:00,2344,0,https://t.me/jungenationalisten/2970
jungenationalisten:2969,@schmidtkeswelt,jungenationalisten,2969,2023-10-20T08:31:49+00:00,2596,0,https://t.me/jungenationalisten/2969
jungenationalisten:2968,"Flugblattverteilung nach Qual-Video in Königslutter @jungenationalisten 🇩🇪  Nachdem bekannt geworden war, dass zwei 14-j",jungenationalisten,2968,2023-10-19T13:26:46+00:00,3160,0,https://t.me/jungenationalisten/2968
jungenationalisten:2967,"Mit unserer Reihe „Das Buch zur Hand“ wollen wir das Augenmerk auf sinnvolle, ganzheitliche Gegenwartsliteratur lenken u",jungenationalisten,2967,2023-10-16T13:57:15+00:00,3229,0,https://t.me/jungenationalisten/2967
jungenationalisten:2966,,jungenationalisten,2966,2023-10-11T10:08:54+00:00,3486,0,https://t.me/jungenationalisten/2966
jungenationalisten:2965,,jungenationalisten,2965,2023-10-11T10:08:54+00:00,3461,0,https://t.me/jungenationalisten/2965
jungenationalisten:2964,,jungenationalisten,2964,2023-10-11T10:08:54+00:00,3599,0,https://t.me/jungenationalisten/2964
jungenationalisten:2963,"🏴 Zum 10. Todestag von Erich Priebke, geb. am 29. Juli 1913 in Hennigsdorf bei Berlin, gest. am 11. Oktober 2013 in Rom ",jungenationalisten,2963,2023-10-11T10:08:54+00:00,3033,1,https://t.me/jungenationalisten/2963
jungenationalisten:2962,,jungenationalisten,2962,2023-10-10T10:31:45+00:00,4074,0,https://t.me/jungenationalisten/2962
jungenationalisten:2961,"Landeskongress Mitte @jungenationalisten 🇩🇪  Am 30.09. wählten die Stützpunkte der Bundesländer Sachsen, Sachsen-Anhalt,",jungenationalisten,2961,2023-10-10T10:31:45+00:00,3826,0,https://t.me/jungenationalisten/2961
jungenationalisten:2958,Wann kommen Sanktionen gegen Israel? @jungenationalisten 🇩🇪  Westliche Heuchler sprechen von Souveränität - aber nur für,jungenationalisten,2958,2023-10-08T08:51:43+00:00,4095,0,https://t.me/jungenationalisten/2958
jungenationalisten:2957,"Zeitzeugen berichten:  @jungenationalisten 🇩🇪  Heute, genau vor 79 Jahren, am 7.Oktober 1944, wurde die Stadt Freiberg (",jungenationalisten,2957,2023-10-07T09:01:33+00:00,3493,0,https://t.me/jungenationalisten/2957
jungenationalisten:2956,"Erntedankfest in Riesa, Sachsen @jungenationalisten 🇩🇪  Mit ca. 150 Gästen haben wir gemeinsam mit dem @deutschestimmema",jungenationalisten,2956,2023-10-05T14:11:56+00:00,3701,0,https://t.me/jungenationalisten/2956
jungenationalisten:2955,,jungenationalisten,2955,2023-10-05T14:11:55+00:00,3918,0,https://t.me/jungenationalisten/2955
jungenationalisten:2954,,jungenationalisten,2954,2023-10-05T14:11:55+00:00,3599,0,https://t.me/jungenationalisten/2954
jungenationalisten:2953,,jungenationalisten,2953,2023-10-05T14:11:55+00:00,3243,0,https://t.me/jungenationalisten/2953
jungenationalisten:2952,,jungenationalisten,2952,2023-10-05T14:11:55+00:00,3119,0,https://t.me/jungenationalisten/2952
jungenationalisten:2951,,jungenationalisten,2951,2023-10-05T14:11:55+00:00,3190,0,https://t.me/jungenationalisten/2951
jungenationalisten:2950,,jungenationalisten,2950,2023-10-05T14:11:55+00:00,3041,0,https://t.me/jungenationalisten/2950
jungenationalisten:2949,,jungenationalisten,2949,2023-10-05T14:11:55+00:00,2825,1,https://t.me/jungenationalisten/2949
jungenationalisten:2948,"🤛🏻 Neu: Hemd - Freiheitskämpfer seit 1969!   In Zeiten, in denen sich andere aufsplittern und trennen, bleiben wir stand",jungenationalisten,2948,2023-10-05T06:04:06+00:00,2608,0,https://t.me/jungenationalisten/2948
jungenationalisten:2947,"Nicht der 3. Oktober sollte ein Feiertag sein, sondern der 9. November, denn an diesem Tag hat das Volk entschieden was ",jungenationalisten,2947,2023-10-03T07:24:56+00:00,2540,0,https://t.me/jungenationalisten/2947
jungenationalisten:2946,,jungenationalisten,2946,2023-10-01T18:54:09+00:00,2561,0,https://t.me/jungenationalisten/2946
jungenationalisten:2945,,jungenationalisten,2945,2023-10-01T18:54:09+00:00,2612,0,https://t.me/jungenationalisten/2945
jungenationalisten:2944,Am Sonnabend fand eine Demonstration gegen unser  Erntedankfest auf dem Heimathof statt.   Sogar der Ministerpräsident w,jungenationalisten,2944,2023-10-01T18:54:09+00:00,2141,1,https://t.me/jungenationalisten/2944
jungenationalisten:2943,Der deutsche Lebenswille manifestiert sich neu in unseren Städten. @jungenationalisten 🇩🇪  Jugend will Perspektive - wir,jungenationalisten,2943,2023-10-01T11:35:02+00:00,2690,1,https://t.me/jungenationalisten/2943
jungenationalisten:2942,,jungenationalisten,2942,2023-09-30T16:47:08+00:00,2360,0,https://t.me/jungenationalisten/2942
jungenationalisten:2941,,jungenationalisten,2941,2023-09-30T16:47:08+00:00,2557,0,https://t.me/jungenationalisten/2941
jungenationalisten:2940,,jungenationalisten,2940,2023-09-30T16:47:08+00:00,2310,0,https://t.me/jungenationalisten/2940
jungenationalisten:2939,,jungenationalisten,2939,2023-09-30T16:47:08+00:00,2285,0,https://t.me/jungenationalisten/2939
jungenationalisten:2938,Volles Haus und gute Stimmung beim Erntedankfest auf dem Gelände des DS-Verlages.,jungenationalisten,2938,2023-09-30T16:47:08+00:00,2246,0,https://t.me/jungenationalisten/2938
jungenationalisten:2937,Rhetorik-Schulung in Berlin @jungenationalisten 🇩🇪  Als nationale Jugendbewegung ist es unser Anliegen neben weltanschau,jungenationalisten,2937,2023-09-27T17:54:16+00:00,3222,0,https://t.me/jungenationalisten/2937
jungenationalisten:2936,Gegen Faesers antideutsche Verbotspolitik - Solidarität mit der Artgemeinschaft! @jungenationalisten 🇩🇪  In den frühen M,jungenationalisten,2936,2023-09-27T07:09:31+00:00,28260,0,https://t.me/jungenationalisten/2936
jungenationalisten:2935,"Koordinationstreffen Süd-West @jungenationalisten 🇩🇪  Am 09.09.2023 trafen sich die Führungskräfte aus Rheinland-Pfalz, ",jungenationalisten,2935,2023-09-26T11:15:43+00:00,2925,0,https://t.me/jungenationalisten/2935
jungenationalisten:2934,Endlich fahndet die Bundesanwaltschaft nach dem linkskriminellen Johann Guntermann.  Vor wenigen Stunden hat der General,jungenationalisten,2934,2023-09-25T17:02:59+00:00,2492,0,https://t.me/jungenationalisten/2934
jungenationalisten:2931,Heimat Hessen! Unterstützt unseren Landratskandidaten Daniel Lachmann.,jungenationalisten,2931,2023-09-23T11:09:59+00:00,2558,0,https://t.me/jungenationalisten/2931
jungenationalisten:2930,Viele Videos sind in den letzten rund drei Jahren entstanden. Egal ob Unterhaltung in Form von Wanderungen oder lehrreic,jungenationalisten,2930,2023-09-16T10:53:28+00:00,3510,0,https://t.me/jungenationalisten/2930
jungenationalisten:2929,Besatzer raus!  Souveränität für Deutschland. @jungenationalisten 🇩🇪  Nach der Tötung eines jungen Deutschen durch zwei ,jungenationalisten,2929,2023-09-12T15:59:00+00:00,6400,0,https://t.me/jungenationalisten/2929
jungenationalisten:2928,Auch Du - Gerade DU!  https://t.me/jungenationalisten 🇩🇪   Du bist nicht länger gewillt in einer trostlosen und tristen ,jungenationalisten,2928,2023-09-11T16:53:34+00:00,2927,0,https://t.me/jungenationalisten/2928
jungenationalisten:2927,Veranstaltungshinweis!   Vor dem Wochenende eine kleine Erinnerung! 😁  Vorbeischauen lohnt sich! ->https://frontdienst.d,jungenationalisten,2927,2023-09-08T11:34:12+00:00,2950,0,https://t.me/jungenationalisten/2927
jungenationalisten:2926,Neue Aufkleber! @jungenationalisten 🇩🇪 @Frontdienst 📢💪🏻  -Volk ans Gehirn -Unser Land -Freiheitskämpfer  -WEISS # NORMAL,jungenationalisten,2926,2023-09-05T17:54:09+00:00,8206,0,https://t.me/jungenationalisten/2926
jungenationalisten:2925,,jungenationalisten,2925,2023-09-04T09:35:52+00:00,14350,0,https://t.me/jungenationalisten/2925
jungenationalisten:2924,,jungenationalisten,2924,2023-09-04T09:35:52+00:00,14585,0,https://t.me/jungenationalisten/2924
jungenationalisten:2923,Mittelsachsen Verteidigen! @jungenationalisten 🇩🇪  Die Etappe der Herrschenden ist wahrlich eine trübe Zeit. Sie zu bewä,jungenationalisten,2923,2023-09-04T09:35:52+00:00,13011,0,https://t.me/jungenationalisten/2923
jungenationalisten:2920,,jungenationalisten,2920,2023-08-30T18:01:07+00:00,4070,0,https://t.me/jungenationalisten/2920
jungenationalisten:2919,,jungenationalisten,2919,2023-08-30T18:01:07+00:00,4065,0,https://t.me/jungenationalisten/2919
jungenationalisten:2918,Auf den Spuren toter Freiheitskämpfer in Thüringen @jungenationalisten 🇩🇪  JN Aktivisten aus Thüringen haben das vergang,jungenationalisten,2918,2023-08-30T18:01:06+00:00,3278,0,https://t.me/jungenationalisten/2918
jungenationalisten:2917,Aktivistenjacke „Freiheitskämpfer“  Die passende Jacke für alle Freiheitskämpfer da draußen in volkssouveräner Gestaltun,jungenationalisten,2917,2023-08-29T17:29:19+00:00,3430,0,https://t.me/jungenationalisten/2917
jungenationalisten:2916,,jungenationalisten,2916,2023-08-29T12:40:08+00:00,6888,0,https://t.me/jungenationalisten/2916
jungenationalisten:2915,"Im Folgenden werden wir die nächste Frage zur Diskussion stellen, bei der es im rechten Lager gegebenenfalls unterschied",jungenationalisten,2915,2023-08-29T12:35:10+00:00,2853,0,https://t.me/jungenationalisten/2915
jungenationalisten:2914,,jungenationalisten,2914,2023-08-28T16:59:36+00:00,6562,0,https://t.me/jungenationalisten/2914
jungenationalisten:2913,,jungenationalisten,2913,2023-08-28T16:59:36+00:00,6273,0,https://t.me/jungenationalisten/2913
jungenationalisten:2912,,jungenationalisten,2912,2023-08-28T16:59:36+00:00,6007,0,https://t.me/jungenationalisten/2912
jungenationalisten:2911,,jungenationalisten,2911,2023-08-28T16:59:36+00:00,6001,0,https://t.me/jungenationalisten/2911
jungenationalisten:2910,Infoveranstaltung in Sachsen-Anhalt @jungenationalisten 🇩🇪  Das Interesse an der größten nationalen Jugendorganisation s,jungenationalisten,2910,2023-08-28T16:59:36+00:00,5961,0,https://t.me/jungenationalisten/2910
jungenationalisten:2909,"🌾 Kultur und Brauchtum, Politik und Gemeinschaft, Jung und Alt gemeinsam: Wir sehen uns zum Erntedankfest am 30. Septemb",jungenationalisten,2909,2023-08-28T10:49:55+00:00,2259,0,https://t.me/jungenationalisten/2909
jungenationalisten:2908,Es wird immer verrückter  👉Zum Heimat Material👈 🖤🤍💛  Folgt der Heimat 🇩🇪 @heimat2023  Kommt in den Diskurs 💬  @dieheimat,jungenationalisten,2908,2023-08-27T13:46:38+00:00,2220,0,https://t.me/jungenationalisten/2908
jungenationalisten:2907,"❓30 Fragen an... Sascha Krolzig  Sascha Krolzig, Jahrgang 1987, im Nationalen Widerstand seit 2003. Politische Stationen",jungenationalisten,2907,2023-08-25T15:16:59+00:00,2594,0,https://t.me/jungenationalisten/2907
jungenationalisten:2906,Passend zu unseren hochsommerlichen Temperaturen verlegten wir am Wochenende unsere sportlichen Aktivitäten aufs Wasser.,jungenationalisten,2906,2023-08-24T17:14:43+00:00,2576,0,https://t.me/jungenationalisten/2906
jungenationalisten:2905,Vergangene Woche waren wir bei unseren Freunden von Nacionalisté in Tschechien zu Gast. @jungenationalisten 🇩🇪  Wir grat,jungenationalisten,2905,2023-08-24T10:09:55+00:00,2444,0,https://t.me/jungenationalisten/2905
jungenationalisten:2904,"Na 100 aktivistů a zahraniční delegace z 11 zemí Evropy. Baladový večer, politika a kapely jak z tuzemska, tak i zahrani",jungenationalisten,2904,2023-08-24T10:08:54+00:00,2338,0,https://t.me/jungenationalisten/2904
jungenationalisten:2903,Endlich geht es weiter! Hier ist die neue Folge „Landsleute!“. In dieser Spezialfolge geht es um einen großen deutschen ,jungenationalisten,2903,2023-08-23T10:50:41+00:00,2374,0,https://t.me/jungenationalisten/2903
jungenationalisten:2902,Remigration jetzt - Hessen eine Zukunft geben  Die jüngsten Ausschreitungen rund um das Eritrea-Festival reichen sich di,jungenationalisten,2902,2023-08-21T15:05:26+00:00,9674,0,https://t.me/jungenationalisten/2902
jungenationalisten:2900,"Aufkleber - Besatzer raus!  Es ist Krieg - Ihr werdet sehen, wie auch wir für ihr Wohl untergehen und doch nicht versteh",jungenationalisten,2900,2023-08-17T13:30:22+00:00,3073,1,https://t.me/jungenationalisten/2900
jungenationalisten:2899,Junge Nationalisten - Speerspitze der Heimat!  @jungenationalisten 🇩🇪,jungenationalisten,2899,2023-08-16T14:42:26+00:00,4126,0,https://t.me/jungenationalisten/2899
jungenationalisten:2898,"Mit unserer Reihe „Das Buch zur Hand“ wollen wir das Augenmerk auf sinnvolle, ganzheitliche Gegenwartsliteratur lenken u",jungenationalisten,2898,2023-08-13T13:59:41+00:00,3365,0,https://t.me/jungenationalisten/2898
jungenationalisten:2897,+++ 🥝 Videopremiere 🥝 +++  Kiwi Kommando - Autobahn ist online! Teilen und Abfeiern ist Ehrensache! 👊🏻  Am 25.08 erschei,jungenationalisten,2897,2023-08-10T18:26:42+00:00,2788,0,https://t.me/jungenationalisten/2897
jungenationalisten:2896,Aufkleber - Theodor Körner!  Carl Theodor Körner war ein deutscher Schriftsteller und Freiheitskämpfer.   Bestellung ein,jungenationalisten,2896,2023-08-09T16:56:55+00:00,2788,0,https://t.me/jungenationalisten/2896
jungenationalisten:2895,"Deutsche Jugend - standhaft, weiß, hetero @jungenationalisten 🇩🇪  Kein Anderer wird kommen, um uns das zu geben, was uns",jungenationalisten,2895,2023-08-07T09:58:48+00:00,48681,0,https://t.me/jungenationalisten/2895
jungenationalisten:2894,"Nationale Souveränität in einer oligopolaren Welt  Die heutige Weltordnung besteht im Wesentlichen aus dem Westen, allen",jungenationalisten,2894,2023-08-07T07:21:43+00:00,2675,0,https://t.me/jungenationalisten/2894
jungenationalisten:2893,"Neuer Aufkleber: WEISS # NORMAL # HETERO☔️  Es scheint, als ob traditionelle Familienmodelle in der Werbe- und Unterhalt",jungenationalisten,2893,2023-08-03T17:56:56+00:00,2930,0,https://t.me/jungenationalisten/2893
jungenationalisten:2892,Die Jugend muss es ausbaden.,jungenationalisten,2892,2023-08-03T17:21:23+00:00,2755,0,https://t.me/jungenationalisten/2892
jungenationalisten:2891,Neuer Aufkleber: „Freiheitskämpfer“  ⚔️   Der Staat verspielt unsere Zukunft. Die Hochkultur Europas wird bei anhaltende,jungenationalisten,2891,2023-07-30T11:48:46+00:00,3174,0,https://t.me/jungenationalisten/2891
jungenationalisten:2890,,jungenationalisten,2890,2023-07-29T18:03:13+00:00,3192,0,https://t.me/jungenationalisten/2890
jungenationalisten:2889,,jungenationalisten,2889,2023-07-29T18:03:13+00:00,3187,0,https://t.me/jungenationalisten/2889
jungenationalisten:2888,,jungenationalisten,2888,2023-07-29T18:03:13+00:00,2951,0,https://t.me/jungenationalisten/2888
jungenationalisten:2887,,jungenationalisten,2887,2023-07-29T18:03:13+00:00,2863,0,https://t.me/jungenationalisten/2887
jungenationalisten:2886,Einblicke in die Info-Veranstaltung in Sachsen (Raum Erzgebirge):  Nachdem sich erneut interessierte  junge Sachsen geme,jungenationalisten,2886,2023-07-29T18:03:13+00:00,2833,0,https://t.me/jungenationalisten/2886
jungenationalisten:2885,Neuer Aufkleber: „AntiFa verbieten“ ⛓  Antifaschismus ist das Bekenntnis zur politischen Kriminalität und gehört somit v,jungenationalisten,2885,2023-07-29T12:30:31+00:00,2533,0,https://t.me/jungenationalisten/2885
jungenationalisten:2883,Werbung in eigener Sache  Abonniert uns auf Telegram: >>> t.me/jungenationalisten 🇩🇪,jungenationalisten,2883,2023-07-27T12:21:33+00:00,2983,0,https://t.me/jungenationalisten/2883
jungenationalisten:2882,"Schluss mit der BRD-Alltags-Lethargie: Wir fordern unsere Landsleute dazu auf, sich konkret in die öffentlichen Belange ",jungenationalisten,2882,2023-07-24T13:33:05+00:00,6247,0,https://t.me/jungenationalisten/2882
jungenationalisten:2881,,jungenationalisten,2881,2023-07-24T11:35:47+00:00,2496,0,https://t.me/jungenationalisten/2881
jungenationalisten:2880,"🌴 WHITE BOY SUMMER 📢   Massenkrawalle in deutschen Schwimmbädern, Übergriffe auf weiße Menschen in ganz Europa - paralle",jungenationalisten,2880,2023-07-24T11:35:47+00:00,2237,0,https://t.me/jungenationalisten/2880
jungenationalisten:2879,,jungenationalisten,2879,2023-07-23T15:33:05+00:00,9993,0,https://t.me/jungenationalisten/2879
jungenationalisten:2878,,jungenationalisten,2878,2023-07-23T15:33:05+00:00,10031,0,https://t.me/jungenationalisten/2878
jungenationalisten:2877,,jungenationalisten,2877,2023-07-23T15:33:05+00:00,10006,0,https://t.me/jungenationalisten/2877
jungenationalisten:2876,,jungenationalisten,2876,2023-07-23T15:33:05+00:00,8998,0,https://t.me/jungenationalisten/2876
jungenationalisten:2875,,jungenationalisten,2875,2023-07-23T15:33:05+00:00,8985,0,https://t.me/jungenationalisten/2875
jungenationalisten:2874,,jungenationalisten,2874,2023-07-23T15:33:05+00:00,8950,0,https://t.me/jungenationalisten/2874
jungenationalisten:2873,,jungenationalisten,2873,2023-07-23T15:33:04+00:00,8780,0,https://t.me/jungenationalisten/2873
jungenationalisten:2872,,jungenationalisten,2872,2023-07-23T15:33:04+00:00,8762,0,https://t.me/jungenationalisten/2872
jungenationalisten:2871,,jungenationalisten,2871,2023-07-23T15:33:04+00:00,8732,0,https://t.me/jungenationalisten/2871
jungenationalisten:2870,SPORT FREI! Fußballturnier in Südbrandenburg.  @jungenationalisten 🇩🇪   Am vergangenen Wochenende bewies die JN Brandenb,jungenationalisten,2870,2023-07-23T15:33:04+00:00,8649,0,https://t.me/jungenationalisten/2870
jungenationalisten:2869,"Die neue JN Intern ist in der Post und kommt in den nächsten Tagen bei allen Anwärtern, Mitgliedern und Unterstützern an",jungenationalisten,2869,2023-07-22T09:25:34+00:00,2894,0,https://t.me/jungenationalisten/2869
jungenationalisten:2868,,jungenationalisten,2868,2023-07-20T11:09:47+00:00,6893,0,https://t.me/jungenationalisten/2868
jungenationalisten:2866,"Im Folgenden werden wir monatlich eine Frage zur Diskussion stellen, bei der es im rechten Lager gegebenenfalls untersch",jungenationalisten,2866,2023-07-20T10:48:47+00:00,2892,0,https://t.me/jungenationalisten/2866
jungenationalisten:2865,"Die deutsche Jugend positioniert sich!  @jungenationalisten 🇩🇪  Heute, zum Montagspaziergang in Görlitz setzt die deutsc",jungenationalisten,2865,2023-07-17T18:00:00+00:00,8693,0,https://t.me/jungenationalisten/2865
jungenationalisten:2864,Du möchtest Dich für Deine Heimat einsetzen und nicht nur am PC oder Handy rebellieren? Dann melde Dich bei uns und werd,jungenationalisten,2864,2023-07-15T09:34:09+00:00,2919,0,https://t.me/jungenationalisten/2864
jungenationalisten:2863,,jungenationalisten,2863,2023-07-14T13:21:29+00:00,6413,0,https://t.me/jungenationalisten/2863
jungenationalisten:2862,,jungenationalisten,2862,2023-07-14T13:21:29+00:00,6379,0,https://t.me/jungenationalisten/2862
jungenationalisten:2861,,jungenationalisten,2861,2023-07-14T13:21:29+00:00,6383,0,https://t.me/jungenationalisten/2861
jungenationalisten:2860,,jungenationalisten,2860,2023-07-14T13:21:29+00:00,5608,0,https://t.me/jungenationalisten/2860
jungenationalisten:2859,,jungenationalisten,2859,2023-07-14T13:21:29+00:00,5624,0,https://t.me/jungenationalisten/2859
jungenationalisten:2858,,jungenationalisten,2858,2023-07-14T13:21:29+00:00,5529,0,https://t.me/jungenationalisten/2858
jungenationalisten:2857,,jungenationalisten,2857,2023-07-14T13:21:29+00:00,5501,0,https://t.me/jungenationalisten/2857
jungenationalisten:2856,,jungenationalisten,2856,2023-07-14T13:21:29+00:00,5434,0,https://t.me/jungenationalisten/2856
jungenationalisten:2855,"Nennt es beim Namen: DEUTSCHE OPFER - FREMDE TÄTER! @jungenationalisten 🇩🇪   Im Jahr 2020 fielen 32% Deutsche, der katas",jungenationalisten,2855,2023-07-14T13:21:29+00:00,5363,0,https://t.me/jungenationalisten/2855
jungenationalisten:2854,,jungenationalisten,2854,2023-07-14T10:33:27+00:00,2491,0,https://t.me/jungenationalisten/2854
jungenationalisten:2853,,jungenationalisten,2853,2023-07-14T10:33:27+00:00,2483,0,https://t.me/jungenationalisten/2853
jungenationalisten:2852,,jungenationalisten,2852,2023-07-14T10:33:27+00:00,2480,0,https://t.me/jungenationalisten/2852
jungenationalisten:2851,,jungenationalisten,2851,2023-07-14T10:33:27+00:00,2330,0,https://t.me/jungenationalisten/2851
jungenationalisten:2850,,jungenationalisten,2850,2023-07-14T10:33:27+00:00,2331,0,https://t.me/jungenationalisten/2850
jungenationalisten:2849,,jungenationalisten,2849,2023-07-14T10:33:27+00:00,2311,0,https://t.me/jungenationalisten/2849
jungenationalisten:2848,,jungenationalisten,2848,2023-07-14T10:33:26+00:00,2299,0,https://t.me/jungenationalisten/2848
jungenationalisten:2847,,jungenationalisten,2847,2023-07-14T10:33:26+00:00,2271,0,https://t.me/jungenationalisten/2847
jungenationalisten:2846,"Die Aktivisten aus der Messestadt Leipzig unterstützen den bundesweiten Aktionstag ""Schwarze Kreuze""!🕯 @jungenationalist",jungenationalisten,2846,2023-07-14T10:33:26+00:00,2292,0,https://t.me/jungenationalisten/2846
jungenationalisten:2845,,jungenationalisten,2845,2023-07-14T10:04:59+00:00,2383,0,https://t.me/jungenationalisten/2845
jungenationalisten:2844,,jungenationalisten,2844,2023-07-14T10:04:59+00:00,2359,0,https://t.me/jungenationalisten/2844
jungenationalisten:2843,,jungenationalisten,2843,2023-07-14T10:04:59+00:00,2353,0,https://t.me/jungenationalisten/2843
jungenationalisten:2842,,jungenationalisten,2842,2023-07-14T10:04:59+00:00,2279,0,https://t.me/jungenationalisten/2842
jungenationalisten:2841,"Deutsche Opfer und fremde Täter!  @jungenationalisten 🇩🇪  Deutschlandweit gibt es Orte, die mittlerweile wegen der Katas",jungenationalisten,2841,2023-07-14T10:04:59+00:00,2321,1,https://t.me/jungenationalisten/2841
jungenationalisten:2840,,jungenationalisten,2840,2023-07-13T19:47:24+00:00,2486,0,https://t.me/jungenationalisten/2840
jungenationalisten:2839,,jungenationalisten,2839,2023-07-13T19:47:24+00:00,2473,0,https://t.me/jungenationalisten/2839
jungenationalisten:2838,,jungenationalisten,2838,2023-07-13T19:47:23+00:00,2469,0,https://t.me/jungenationalisten/2838
jungenationalisten:2837,,jungenationalisten,2837,2023-07-13T19:47:23+00:00,2293,0,https://t.me/jungenationalisten/2837
jungenationalisten:2836,,jungenationalisten,2836,2023-07-13T19:47:23+00:00,2295,0,https://t.me/jungenationalisten/2836
jungenationalisten:2835,,jungenationalisten,2835,2023-07-13T19:47:23+00:00,2287,0,https://t.me/jungenationalisten/2835
jungenationalisten:2834,,jungenationalisten,2834,2023-07-13T19:47:23+00:00,2264,0,https://t.me/jungenationalisten/2834
jungenationalisten:2833,,jungenationalisten,2833,2023-07-13T19:47:23+00:00,2265,0,https://t.me/jungenationalisten/2833
jungenationalisten:2832,"Aktuell erreichen uns immer mehr Bilder zur Aktion „Schwarze Kreuze“ @jungenationalisten 🇩🇪   Keine Horrorvision, sonder",jungenationalisten,2832,2023-07-13T19:47:23+00:00,2260,0,https://t.me/jungenationalisten/2832
jungenationalisten:2831,,jungenationalisten,2831,2023-07-13T18:59:51+00:00,2418,0,https://t.me/jungenationalisten/2831
jungenationalisten:2830,,jungenationalisten,2830,2023-07-13T18:59:51+00:00,2365,0,https://t.me/jungenationalisten/2830
jungenationalisten:2829,,jungenationalisten,2829,2023-07-13T18:59:51+00:00,2320,0,https://t.me/jungenationalisten/2829
jungenationalisten:2828,,jungenationalisten,2828,2023-07-13T18:59:51+00:00,2325,0,https://t.me/jungenationalisten/2828
jungenationalisten:2827,,jungenationalisten,2827,2023-07-13T18:59:51+00:00,2296,0,https://t.me/jungenationalisten/2827
jungenationalisten:2826,,jungenationalisten,2826,2023-07-13T18:59:51+00:00,2284,0,https://t.me/jungenationalisten/2826
jungenationalisten:2825,,jungenationalisten,2825,2023-07-13T18:59:50+00:00,2290,0,https://t.me/jungenationalisten/2825
jungenationalisten:2824,,jungenationalisten,2824,2023-07-13T18:59:50+00:00,2244,0,https://t.me/jungenationalisten/2824
jungenationalisten:2823,Migration tötet! @jungenationalisten🇩🇪  Während Fremde in der BRD überall willkommen sind und ihnen alles geschenkt wird,jungenationalisten,2823,2023-07-13T18:59:50+00:00,2270,0,https://t.me/jungenationalisten/2823
jungenationalisten:2822,,jungenationalisten,2822,2023-07-13T14:53:41+00:00,2315,0,https://t.me/jungenationalisten/2822
jungenationalisten:2821,,jungenationalisten,2821,2023-07-13T14:53:41+00:00,2303,0,https://t.me/jungenationalisten/2821
jungenationalisten:2820,,jungenationalisten,2820,2023-07-13T14:53:41+00:00,2281,0,https://t.me/jungenationalisten/2820
jungenationalisten:2819,,jungenationalisten,2819,2023-07-13T14:53:41+00:00,2236,0,https://t.me/jungenationalisten/2819
jungenationalisten:2818,,jungenationalisten,2818,2023-07-13T14:53:41+00:00,2242,0,https://t.me/jungenationalisten/2818
jungenationalisten:2817,,jungenationalisten,2817,2023-07-13T14:53:41+00:00,2243,0,https://t.me/jungenationalisten/2817
jungenationalisten:2816,,jungenationalisten,2816,2023-07-13T14:53:41+00:00,2230,0,https://t.me/jungenationalisten/2816
jungenationalisten:2815,,jungenationalisten,2815,2023-07-13T14:53:40+00:00,2227,0,https://t.me/jungenationalisten/2815
jungenationalisten:2814,,jungenationalisten,2814,2023-07-13T14:53:40+00:00,2234,0,https://t.me/jungenationalisten/2814
jungenationalisten:2813,"Warum findet man heute in an vielen markanten Stellen, schwarze Kreuze mit Botschaften wie ""Würzburg ist überall"" und ""D",jungenationalisten,2813,2023-07-13T14:53:40+00:00,2231,0,https://t.me/jungenationalisten/2813
jungenationalisten:2812,,jungenationalisten,2812,2023-07-13T13:39:36+00:00,2695,0,https://t.me/jungenationalisten/2812
jungenationalisten:2811,,jungenationalisten,2811,2023-07-13T13:39:36+00:00,2680,0,https://t.me/jungenationalisten/2811
jungenationalisten:2810,,jungenationalisten,2810,2023-07-13T13:39:36+00:00,2680,0,https://t.me/jungenationalisten/2810
jungenationalisten:2809,,jungenationalisten,2809,2023-07-13T13:39:36+00:00,2601,0,https://t.me/jungenationalisten/2809
jungenationalisten:2808,,jungenationalisten,2808,2023-07-13T13:39:36+00:00,2600,0,https://t.me/jungenationalisten/2808
jungenationalisten:2807,,jungenationalisten,2807,2023-07-13T13:39:36+00:00,2597,0,https://t.me/jungenationalisten/2807
jungenationalisten:2806,,jungenationalisten,2806,2023-07-13T13:39:36+00:00,2612,0,https://t.me/jungenationalisten/2806
jungenationalisten:2805,Aktuell erreichen uns die ersten Bilder zur „Gedenkaktion Schwarze Kreuze“ @jungenationalisten 🇩🇪  Deutschlandweit gibt ,jungenationalisten,2805,2023-07-13T13:39:36+00:00,2588,1,https://t.me/jungenationalisten/2805
jungenationalisten:2804,"Frische Luft, Gleichgesinnte und das Runde ins Eckige bringen! ☀️🇩🇪⚽️  Jetzt noch anmelden und dabei sein. @jungenationa",jungenationalisten,2804,2023-07-13T05:43:50+00:00,1995,0,https://t.me/jungenationalisten/2804
jungenationalisten:2803,,jungenationalisten,2803,2023-07-12T08:48:53+00:00,2007,0,https://t.me/jungenationalisten/2803
jungenationalisten:2802,,jungenationalisten,2802,2023-07-12T08:48:53+00:00,1998,0,https://t.me/jungenationalisten/2802
jungenationalisten:2801,Nicht vergessen! Morgen ein Zeichen gegen Überfremdung setzen!   Seit 2014 ist der 13.Juli der inoffizielle Gedenktag an,jungenationalisten,2801,2023-07-12T08:48:53+00:00,1969,0,https://t.me/jungenationalisten/2801
jungenationalisten:2800,,jungenationalisten,2800,2023-07-09T18:37:32+00:00,9235,0,https://t.me/jungenationalisten/2800
jungenationalisten:2799,,jungenationalisten,2799,2023-07-09T18:37:32+00:00,9341,0,https://t.me/jungenationalisten/2799
jungenationalisten:2798,,jungenationalisten,2798,2023-07-09T18:37:32+00:00,8320,0,https://t.me/jungenationalisten/2798
jungenationalisten:2797,,jungenationalisten,2797,2023-07-09T18:37:32+00:00,8324,0,https://t.me/jungenationalisten/2797
jungenationalisten:2796,,jungenationalisten,2796,2023-07-09T18:37:32+00:00,8129,0,https://t.me/jungenationalisten/2796
jungenationalisten:2795,,jungenationalisten,2795,2023-07-09T18:37:31+00:00,8091,0,https://t.me/jungenationalisten/2795
jungenationalisten:2794,,jungenationalisten,2794,2023-07-09T18:37:31+00:00,8058,0,https://t.me/jungenationalisten/2794
jungenationalisten:2793,,jungenationalisten,2793,2023-07-09T18:37:31+00:00,7968,0,https://t.me/jungenationalisten/2793
jungenationalisten:2792,,jungenationalisten,2792,2023-07-09T18:37:31+00:00,7994,0,https://t.me/jungenationalisten/2792
jungenationalisten:2791,Gemeinschaftstag Nord  Die GemTage sind regelmäßiger Bestandteil innerhalb unseres Jugendbundes. Das Wochenende soll gen,jungenationalisten,2791,2023-07-09T18:37:31+00:00,7915,0,https://t.me/jungenationalisten/2791
jungenationalisten:2790,,jungenationalisten,2790,2023-07-07T10:43:19+00:00,2461,0,https://t.me/jungenationalisten/2790
jungenationalisten:2789,"Neues Hemd - Heimat schützen!  Die Heimat ist unsere Burg, die heute nicht nur von außen, sondern auch von innen bedroht",jungenationalisten,2789,2023-07-07T10:43:19+00:00,2483,0,https://t.me/jungenationalisten/2789
jungenationalisten:2788,+++ Freiluftpsychiatrie jetzt online! +++ Der neue Song von Makss und mir ist ab sofort online!  Anschauen und Teilen so,jungenationalisten,2788,2023-07-06T20:01:22+00:00,1880,0,https://t.me/jungenationalisten/2788
jungenationalisten:2787,"Schon unseren Infobrief erhalten?  Wir, die JN, verkörpern mit unserem Dreiklang die wichtigste  nationale Jugendorganis",jungenationalisten,2787,2023-07-06T05:33:08+00:00,3583,0,https://t.me/jungenationalisten/2787
jungenationalisten:2786,+ Große Videopremiere und Neuzugang! +  Am Donnerstag wird es absolut geisteskrank! Freiluftpsychiatrie feiert Premiere ,jungenationalisten,2786,2023-07-05T19:46:45+00:00,1767,0,https://t.me/jungenationalisten/2786
jungenationalisten:2785,Zum Appell: Wir gedenken heute Herbert Schweiger!   In den Morgenstunden des 5. Juli 2011 wurde der deutsche Freiheitskä,jungenationalisten,2785,2023-07-05T13:37:29+00:00,5478,0,https://t.me/jungenationalisten/2785
jungenationalisten:2784,Schauprozess? - Nicht mit uns!  Video teilen und verbreiten   https://youtu.be/x6hvZzoG5Iw  Folgt der Heimat 🇩🇪 @heimat2,jungenationalisten,2784,2023-07-04T07:24:04+00:00,1952,0,https://t.me/jungenationalisten/2784
jungenationalisten:2783,"Ein weiteres Phänomen im Kampf ums Vaterland ist der „Stolzmonat“. Dieser wurde Anfang Juni ausgerufen, um der Überflutu",jungenationalisten,2783,2023-06-30T13:10:03+00:00,11754,0,https://t.me/jungenationalisten/2783
jungenationalisten:2782,Heute ist der Abschluss vom #Stolzmonat auf Twitter.  Haut nochmal ordentlich in die Tasten und bringt die Volksfeinde z,jungenationalisten,2782,2023-06-30T11:00:52+00:00,3854,0,https://t.me/jungenationalisten/2782
jungenationalisten:2780,Einladung zum DS-Sommerfest am 1. Juli 2023 in Riesa 🔅  Ganz im Sinne des Vernetzungsgedankens lädt die DEUTSCHE STIMME ,jungenationalisten,2780,2023-06-29T18:22:55+00:00,2180,0,https://t.me/jungenationalisten/2780
jungenationalisten:2779,Jedes Jahr im Sommer der gleiche multikulturelle Wahnsinn.   Die Ausschreitungen in westdeutschen Freibädern liegen nich,jungenationalisten,2779,2023-06-28T10:18:34+00:00,2673,0,https://t.me/jungenationalisten/2779
jungenationalisten:2778,,jungenationalisten,2778,2023-06-27T20:10:44+00:00,2193,0,https://t.me/jungenationalisten/2778
jungenationalisten:2777,,jungenationalisten,2777,2023-06-27T20:10:44+00:00,2187,0,https://t.me/jungenationalisten/2777
jungenationalisten:2776,"Heil Sonnenwende! Am Wochenende feierten wir jährliche Sonnenwende auf dem Heimathof, ohne Störungen.  Bei schönem Sonne",jungenationalisten,2776,2023-06-27T20:10:44+00:00,1991,0,https://t.me/jungenationalisten/2776
jungenationalisten:2775,"Während linke Versager in Eschede einen Tag nach unserer Sonnenwendfeier gegen diese demonstrieren wollen, wurde die Gra",jungenationalisten,2775,2023-06-27T06:16:40+00:00,2079,0,https://t.me/jungenationalisten/2775
jungenationalisten:2774,10 Jahre Aktion Schwarze Kreuze  Wieder einmal nähert sich der Tag gegen das Vergessen. Gegen das Vergessen an eine Mind,jungenationalisten,2774,2023-06-26T19:47:40+00:00,2087,0,https://t.me/jungenationalisten/2774
jungenationalisten:2773,,jungenationalisten,2773,2023-06-24T13:27:54+00:00,8674,0,https://t.me/jungenationalisten/2773
jungenationalisten:2772,"Während linke Versager in Eschede einen Tag nach unserer Sonnenwendfeier gegen diese demonstrieren wollen, wurde die Gra",jungenationalisten,2772,2023-06-24T13:27:54+00:00,8218,0,https://t.me/jungenationalisten/2772
jungenationalisten:2771,Ab sofort verfügbar: Unser Heimatmaterial  In der nächsten Zeit wird das Sortiment stetig erweitert. Viel Spaß beim stöb,jungenationalisten,2771,2023-06-22T06:04:15+00:00,2509,0,https://t.me/jungenationalisten/2771
jungenationalisten:2770,"Sonnenwende - Zeitenwende! @jungenationalisten 🇩🇪  Wühlt, ihr Winde, braust, ihr Flammen!  Treibt es in die freie Nacht!",jungenationalisten,2770,2023-06-21T19:37:25+00:00,3631,0,https://t.me/jungenationalisten/2770
jungenationalisten:2769,,jungenationalisten,2769,2023-06-18T18:50:42+00:00,4531,0,https://t.me/jungenationalisten/2769
jungenationalisten:2768,,jungenationalisten,2768,2023-06-18T18:50:42+00:00,4526,0,https://t.me/jungenationalisten/2768
jungenationalisten:2767,,jungenationalisten,2767,2023-06-18T18:50:41+00:00,4258,0,https://t.me/jungenationalisten/2767
jungenationalisten:2766,,jungenationalisten,2766,2023-06-18T18:50:41+00:00,4283,0,https://t.me/jungenationalisten/2766
jungenationalisten:2765,Freiheitskämpfer - heute wie damals!   Wie sich die Zeiten doch gleichen: Als am 17. Juni 1953 die Menschen auf die Stra,jungenationalisten,2765,2023-06-18T18:50:41+00:00,4221,1,https://t.me/jungenationalisten/2765
jungenationalisten:2761,Du bist über 30 und willst unseren Freiheitskampf unterstützen? Werde Fördermitglied! @jungenationalisten 🇩🇪  Immer wied,jungenationalisten,2761,2023-06-18T08:00:53+00:00,7135,0,https://t.me/jungenationalisten/2761
jungenationalisten:2759,,jungenationalisten,2759,2023-06-17T18:23:37+00:00,6000,0,https://t.me/jungenationalisten/2759
jungenationalisten:2758,Freiheitskämpfer - damals wie heute! Vor 70 Jahren gegen die DDR-Marionetten und heute gegen das BRD-Regime.  Heute in D,jungenationalisten,2758,2023-06-17T18:23:37+00:00,5561,0,https://t.me/jungenationalisten/2758
jungenationalisten:2757,Die Demonstration setzt sich in Bewegung! Unser Jugendblock mittendrin!  https://t.me/jungenationalisten 🇩🇪   Viele taus,jungenationalisten,2757,2023-06-17T15:07:50+00:00,2531,0,https://t.me/jungenationalisten/2757
jungenationalisten:2756,,jungenationalisten,2756,2023-06-17T14:14:16+00:00,4413,0,https://t.me/jungenationalisten/2756
jungenationalisten:2755,Heute großer Protest in Dresden! @jungenationalisten 🇩🇪  Pünktlich 16 Uhr beginnt die große Kundgebung in Dresden. Unser,jungenationalisten,2755,2023-06-17T14:14:16+00:00,4407,0,https://t.me/jungenationalisten/2755
jungenationalisten:2754,Der Jugendblock sammelt sich aktuell vor dem Taschenbergpalais in Dresden!   @jungenationalisten 🇩🇪,jungenationalisten,2754,2023-06-17T13:36:46+00:00,2941,0,https://t.me/jungenationalisten/2754
jungenationalisten:2753,In diesem Jahr jährt sich der Tag des Volksaufstandes in der DDR zum 70. Mal. @jungenationalisten 🇩🇪  Am 17. Juni erhobe,jungenationalisten,2753,2023-06-17T08:44:49+00:00,8752,0,https://t.me/jungenationalisten/2753
jungenationalisten:2752,Von der DDR bis heute: Der unbezwingbare Wille zur Freiheit!  Heute gedenken wir dem Volksaufstand in der DDR vor 70 Jah,jungenationalisten,2752,2023-06-17T08:01:05+00:00,1611,0,https://t.me/jungenationalisten/2752
jungenationalisten:2751,📢 „Den Hörer aus dem Sumpf der Lügenmärchen holen“ – Im Gespräch mit einem Macher von „Der Appell“  N.S. Heute: Heil Dir,jungenationalisten,2751,2023-06-16T17:47:20+00:00,1865,0,https://t.me/jungenationalisten/2751
jungenationalisten:2750,17. Juni 1953: Arbeiter gegen Kommunisten ✊🏻  Am 17. Juni 1953 gingen rund eine Million Menschen in etwa 700 Orten auf d,jungenationalisten,2750,2023-06-16T13:24:46+00:00,1975,0,https://t.me/jungenationalisten/2750
jungenationalisten:2749,Lasst uns den Stolzmonat zum Jugendwort des Jahres machen!  @jungenationalisten 🇩🇪  https://www.langenscheidt.com/jugend,jungenationalisten,2749,2023-06-15T07:21:37+00:00,2367,0,https://t.me/jungenationalisten/2749
jungenationalisten:2748,Neu: „Jugend will Perspektive“ - Aufkleber  Wir haben den Verrat an der deutschen Jugend erkannt. Um dieser eine lebensw,jungenationalisten,2748,2023-06-14T11:01:16+00:00,2133,0,https://t.me/jungenationalisten/2748
jungenationalisten:2747,,jungenationalisten,2747,2023-06-14T08:09:12+00:00,5467,0,https://t.me/jungenationalisten/2747
jungenationalisten:2746,17. Juni - rein in den Jugendblock bei der Demo in Dresden zum Jahrestag des Volksaufstandes gegen das DDR Regime!  Wann,jungenationalisten,2746,2023-06-14T08:09:11+00:00,5468,0,https://t.me/jungenationalisten/2746
jungenationalisten:2745,"Unsere Maskenproduktion läuft, genau, wie der Stolzmonat 🇩🇪  Grüße zum Kulturkampf gehen raus! @jungenationalisten 🇩🇪",jungenationalisten,2745,2023-06-12T09:45:56+00:00,2996,0,https://t.me/jungenationalisten/2745
jungenationalisten:2744,,jungenationalisten,2744,2023-06-12T09:45:35+00:00,0,0,https://t.me/jungenationalisten/2744
jungenationalisten:2742,Der Appell - Folge 23 - Identität    Stillgestanden! - Die Augen zur Fahne rechts!   Wir freuen uns euch auch heute wied,jungenationalisten,2742,2023-06-11T07:17:01+00:00,2338,0,https://t.me/jungenationalisten/2742
jungenationalisten:2741,Hier nun auch für euch unser Die Heimat Youtube-Kanal mit dem Parteitagsintro:  https://youtu.be/vd-IwxuTZaY  Folgt der ,jungenationalisten,2741,2023-06-05T09:56:36+00:00,2538,0,https://t.me/jungenationalisten/2741
jungenationalisten:2740,,jungenationalisten,2740,2023-06-03T18:57:01+00:00,0,0,https://t.me/jungenationalisten/2740
jungenationalisten:2739,"Der Weg ist geebnet, die Heimat hat wieder einen ernstzunehmenden Verteidiger.🇩🇪⚔  Unsere Mutterpartei ist: die Heimat  ",jungenationalisten,2739,2023-06-03T17:34:58+00:00,6832,1,https://t.me/jungenationalisten/2739
jungenationalisten:2738,Die Umbenennung der Partei hat die erforderliche Mehrheit erreicht Die NPD heißt nun „Die Heimat“!  @npdbundesverband,jungenationalisten,2738,2023-06-03T17:34:45+00:00,2410,0,https://t.me/jungenationalisten/2738
jungenationalisten:2737,Die Debatte zum Hauptantrag des Tages hat begonnen. Unser Bundesvorsitzender Sebastian Weigler ergreift das Wort und ana,jungenationalisten,2737,2023-06-03T15:11:00+00:00,3255,0,https://t.me/jungenationalisten/2737
jungenationalisten:2736,Die beschlossene Resolution im Wortlaut:  Höchststrafe für Lina Engel und Genossen – Freiheit für nationale Gefangene  D,jungenationalisten,2736,2023-06-03T13:19:51+00:00,1985,0,https://t.me/jungenationalisten/2736
jungenationalisten:2735,Hier das Startvideo des Parteitages  @npdbundesverband,jungenationalisten,2735,2023-06-03T11:21:19+00:00,1766,0,https://t.me/jungenationalisten/2735
jungenationalisten:2734,,jungenationalisten,2734,2023-06-03T10:44:36+00:00,3297,0,https://t.me/jungenationalisten/2734
jungenationalisten:2733,,jungenationalisten,2733,2023-06-03T10:44:36+00:00,3282,0,https://t.me/jungenationalisten/2733
jungenationalisten:2732,"Fahneneinmarsch unserer JN - der Parteitag beginnt!  Unter dem Motto: ""Wir sind die Heimat"" findet aktuell der Satzungsä",jungenationalisten,2732,2023-06-03T10:44:36+00:00,3228,0,https://t.me/jungenationalisten/2732
jungenationalisten:2728,Urteil gegen die Hammerbande der Antifa gefallen !   https://t.me/jungenationalisten 🇩🇪   Im Prozess gegen Linksterroris,jungenationalisten,2728,2023-05-31T09:48:28+00:00,11185,1,https://t.me/jungenationalisten/2728
jungenationalisten:2726,Eilmeldung: URTEIL ist in Dresden gesprochen!   Lina E. muss 5 Jahre und 3 Monate in Haft. Die U-Haft wird ihr  angerech,jungenationalisten,2726,2023-05-31T08:44:06+00:00,2287,0,https://t.me/jungenationalisten/2726
jungenationalisten:2725,"🔘 Hat jemand eine Idee?  ""Warum ist auch die Zahl von Totgeburten je 1000 Geburten im zweiten Quartal 2021 um neun Proze",jungenationalisten,2725,2023-05-31T06:55:38+00:00,2186,0,https://t.me/jungenationalisten/2725
jungenationalisten:2724,,jungenationalisten,2724,2023-05-30T09:03:16+00:00,1845,0,https://t.me/jungenationalisten/2724
jungenationalisten:2723,,jungenationalisten,2723,2023-05-30T09:03:16+00:00,1732,0,https://t.me/jungenationalisten/2723
jungenationalisten:2722,,jungenationalisten,2722,2023-05-30T09:03:16+00:00,1715,0,https://t.me/jungenationalisten/2722
jungenationalisten:2721,🤝 Aktivismus & Gemeinschaft – Der HeimatHof in Eschede  Nationale Objekte waren in den vergangenen Jahren nicht nur in u,jungenationalisten,2721,2023-05-30T09:03:16+00:00,1679,0,https://t.me/jungenationalisten/2721
jungenationalisten:2720,,jungenationalisten,2720,2023-05-29T12:58:53+00:00,1730,0,https://t.me/jungenationalisten/2720
jungenationalisten:2719,,jungenationalisten,2719,2023-05-29T12:58:53+00:00,1723,0,https://t.me/jungenationalisten/2719
jungenationalisten:2718,,jungenationalisten,2718,2023-05-29T12:58:53+00:00,1719,0,https://t.me/jungenationalisten/2718
jungenationalisten:2717,,jungenationalisten,2717,2023-05-29T12:58:53+00:00,1680,0,https://t.me/jungenationalisten/2717
jungenationalisten:2716,,jungenationalisten,2716,2023-05-29T12:58:52+00:00,1674,0,https://t.me/jungenationalisten/2716
jungenationalisten:2715,,jungenationalisten,2715,2023-05-29T12:58:52+00:00,1682,0,https://t.me/jungenationalisten/2715
jungenationalisten:2714,,jungenationalisten,2714,2023-05-29T12:58:52+00:00,1663,0,https://t.me/jungenationalisten/2714
jungenationalisten:2713,„Wir sind die Heimat“ – In Sachsen finden am ersten Juni-Wochenende zwei richtungsweisende Parteitage statt  https://npd,jungenationalisten,2713,2023-05-29T10:12:10+00:00,1834,0,https://t.me/jungenationalisten/2713
jungenationalisten:2712,"Unser Land - unsere Regeln!   Anstatt die Probleme und Tätergruppen beim Namen zu nennen, werden Übergriffe relativiert ",jungenationalisten,2712,2023-05-29T09:11:02+00:00,1571,0,https://t.me/jungenationalisten/2712
jungenationalisten:2711,Der Appell - Folge 22 - Freiheit    Stillgestanden! - Die Augen zur Fahne rechts!   Wir freuen uns euch auch heute wiede,jungenationalisten,2711,2023-05-28T12:04:11+00:00,1588,0,https://t.me/jungenationalisten/2711
jungenationalisten:2710,"Hoch schlagen zum nächtlichen Himmel die Flammen, hoch schlagen die Herzen - frei ist unser Sinn. So wie wir hier stehen",jungenationalisten,2710,2023-05-27T14:02:52+00:00,1520,0,https://t.me/jungenationalisten/2710
jungenationalisten:2708,Zum 100. Jahrestag der Erschießung Schlageters durch französische Besatzungstruppen gedenken wir auch seiner Haltung.  F,jungenationalisten,2708,2023-05-26T07:24:43+00:00,4150,0,https://t.me/jungenationalisten/2708
jungenationalisten:2707,    Treu bis zur letzten Stunde     treu deutschem Pflichtgebot     mit festverschloss´nem Munde     traf dich die Todes,jungenationalisten,2707,2023-05-26T07:01:17+00:00,1524,0,https://t.me/jungenationalisten/2707
jungenationalisten:2706,Heute jährt sich der 100. Todestag von Albert Leo Schlageter. Zu diesem Anlass traten Aktivisten der JN Hessen in Marbur,jungenationalisten,2706,2023-05-26T06:56:11+00:00,4150,0,https://t.me/jungenationalisten/2706
jungenationalisten:2705,"Heimatliebe ist Verpflichtung!  Die Heimat ist unsere Burg, die heute nicht nur von außen, sondern auch von innen bedroh",jungenationalisten,2705,2023-05-25T11:42:55+00:00,1788,0,https://t.me/jungenationalisten/2705
jungenationalisten:2704,Einladung zum DS-Sommerfest am 1. Juli 2023 in Riesa 🔅  Ganz im Sinne des Vernetzungsgedankens lädt die DEUTSCHE STIMME ,jungenationalisten,2704,2023-05-24T14:58:12+00:00,1589,0,https://t.me/jungenationalisten/2704
jungenationalisten:2703,Ein Blutzeuge aus Frankreich! † 21.05.2013 | Dominique Venner HIER!,jungenationalisten,2703,2023-05-21T08:47:48+00:00,2146,0,https://t.me/jungenationalisten/2703
jungenationalisten:2702,,jungenationalisten,2702,2023-05-19T05:28:25+00:00,2900,0,https://t.me/jungenationalisten/2702
jungenationalisten:2701,,jungenationalisten,2701,2023-05-19T05:28:25+00:00,2935,0,https://t.me/jungenationalisten/2701
jungenationalisten:2700,"Stützpunktleiter Nico Koal hatte zum Erlebniswochenende in die Lausitz eingeladen.   Paintball, Heimatmusik und Eintopfs",jungenationalisten,2700,2023-05-19T05:28:25+00:00,2731,2,https://t.me/jungenationalisten/2700
jungenationalisten:2699,Spaltung überwinden: Stimmen und Eindrücke vom 3. DS-Netzwerktag in Hessen.   Es kommen u.a. zu Wort: 📌 Martin Kohlmann ,jungenationalisten,2699,2023-05-16T14:09:45+00:00,2191,0,https://t.me/jungenationalisten/2699
jungenationalisten:2698,Neu: Flugblatt - Volkserhalt statt MultiKulti-Chaos !  Die gegenwärtige Politik beweist sich täglich als zutiefst volksf,jungenationalisten,2698,2023-05-16T10:20:46+00:00,2049,0,https://t.me/jungenationalisten/2698
jungenationalisten:2697,Zeit TikTok mit sinnvollen Angeboten der Gegenkultur zu füllen.  Folgen und verbreiten!  https://www.tiktok.com/@jugend.,jungenationalisten,2697,2023-05-16T04:24:18+00:00,2345,0,https://t.me/jungenationalisten/2697
jungenationalisten:2695,,jungenationalisten,2695,2023-05-15T14:14:11+00:00,2668,0,https://t.me/jungenationalisten/2695
jungenationalisten:2694,Herzlichen Glückwunsch nach Neumünster. Hier sitzt die Heimat nun in Fraktionsstärke im Stadtrat.  Folgt der Heimat 🇩🇪 @,jungenationalisten,2694,2023-05-15T11:10:46+00:00,1840,0,https://t.me/jungenationalisten/2694
jungenationalisten:2693,"Neue Strategie, neue Erfolge: Heimat Neumünster punktet bei den Wählern! - Zündstoff https://zuendstoff-nachrichten.de/2",jungenationalisten,2693,2023-05-15T04:41:31+00:00,1736,0,https://t.me/jungenationalisten/2693
jungenationalisten:2692,"Zum Tag der Mütter:  Ich wünsche allen Müttern alles erdenklich Gute zum Muttertag!  Ihr seid es, die unserem Volk immer",jungenationalisten,2692,2023-05-14T11:40:55+00:00,1936,0,https://t.me/jungenationalisten/2692
jungenationalisten:2690,Demmin - Wir feiern nicht - wir vergessen nicht! Wo manche die Vernichtung Deutschlands bejubeln und andere an diesem sy,jungenationalisten,2690,2023-05-11T11:09:19+00:00,4199,0,https://t.me/jungenationalisten/2690
jungenationalisten:2689,"Mit unserer Reihe „Das Buch zur Hand“ wollen wir das Augenmerk auf sinnvolle, ganzheitliche Gegenwartsliteratur lenken u",jungenationalisten,2689,2023-05-11T05:35:24+00:00,2306,0,https://t.me/jungenationalisten/2689
jungenationalisten:2688,⬆️ Rückblick auf den 2. DS-Netzwerktag im Dezember letzten Jahres in Brandenburg und Ankündigung des Livestreams zum 3. ,jungenationalisten,2688,2023-05-10T10:40:58+00:00,1842,0,https://t.me/jungenationalisten/2688
jungenationalisten:2687,,jungenationalisten,2687,2023-05-09T18:11:13+00:00,5714,0,https://t.me/jungenationalisten/2687
jungenationalisten:2686,Wir bedanken uns bei allen Teilnehmern gestern in Demmin.  Seid helle deutsche Fackeln in tiefer Nacht! @jungenationalis,jungenationalisten,2686,2023-05-09T18:11:13+00:00,5711,0,https://t.me/jungenationalisten/2686
jungenationalisten:2685,,jungenationalisten,2685,2023-05-09T11:10:23+00:00,1857,0,https://t.me/jungenationalisten/2685
jungenationalisten:2684,,jungenationalisten,2684,2023-05-09T11:10:23+00:00,1848,0,https://t.me/jungenationalisten/2684
jungenationalisten:2683,,jungenationalisten,2683,2023-05-09T11:10:23+00:00,1765,0,https://t.me/jungenationalisten/2683
jungenationalisten:2682,,jungenationalisten,2682,2023-05-09T11:10:23+00:00,1766,0,https://t.me/jungenationalisten/2682
jungenationalisten:2681,"Denkmalreinigung in Sachsen!  Die Schändung eines Denkmals ist ein weiterer Beleg für die abstoßende, geschichtsvergesse",jungenationalisten,2681,2023-05-09T11:10:23+00:00,1755,0,https://t.me/jungenationalisten/2681
jungenationalisten:2680,,jungenationalisten,2680,2023-05-08T19:00:21+00:00,2033,0,https://t.me/jungenationalisten/2680
jungenationalisten:2679,,jungenationalisten,2679,2023-05-08T19:00:21+00:00,2017,0,https://t.me/jungenationalisten/2679
jungenationalisten:2678,Auch in Sachsen heißt es: 8  Mai - kein Tag der Befreiung!  @jungenationalisten 🇩🇪,jungenationalisten,2678,2023-05-08T19:00:21+00:00,1954,0,https://t.me/jungenationalisten/2678
jungenationalisten:2677,Jetzt auf unserem Kanal!  Wir sprechen mit dem Musiker und Aktivisten Phil über die politischen Machtverhältnisse in Wes,jungenationalisten,2677,2023-05-08T16:24:22+00:00,1587,0,https://t.me/jungenationalisten/2677
jungenationalisten:2676,,jungenationalisten,2676,2023-05-08T06:17:02+00:00,2215,0,https://t.me/jungenationalisten/2676
jungenationalisten:2675,,jungenationalisten,2675,2023-05-08T06:17:02+00:00,2222,0,https://t.me/jungenationalisten/2675
jungenationalisten:2674,8. Mai - kein Tag der Befreiung  @jungenationalisten 🇩🇪  Deutschland wurde am 08. Mai 1945 seiner Souveränität beraubt u,jungenationalisten,2674,2023-05-08T06:17:02+00:00,2228,0,https://t.me/jungenationalisten/2674
jungenationalisten:2673,"Der Appell - Folge 21 - Das Menschenrecht   Stillgestanden! - Die Augen zur Fahne rechts!   Wir freuen uns darüber, euch",jungenationalisten,2673,2023-05-07T07:27:59+00:00,1738,0,https://t.me/jungenationalisten/2673
jungenationalisten:2672,Montag nach Demmin! Wir feiern nicht-Wir vergessen nicht!  @npdbundesverband,jungenationalisten,2672,2023-05-05T18:15:11+00:00,1781,0,https://t.me/jungenationalisten/2672
jungenationalisten:2671,Linker Randalierer in Eschede verurteilt:  https://aktion-widerstand.de/deutschland/sachbeschaedigung-in-eschede-linker-,jungenationalisten,2671,2023-05-05T09:20:29+00:00,1940,0,https://t.me/jungenationalisten/2671
jungenationalisten:2670,[Sachsen] Das politische und wirtschaftliche System der Republik hat das deutsche Volk an den Rand des Abgrundes geführt,jungenationalisten,2670,2023-05-04T14:19:28+00:00,8986,0,https://t.me/jungenationalisten/2670
jungenationalisten:2669,📢💥  N.S. Heute Nr. 35 ist da - mit Rabattaktion für den Frontdienst!   ➡️ Hier die Ausgabe bestellen!  ➡️ oder hier dire,jungenationalisten,2669,2023-05-04T09:00:26+00:00,1858,0,https://t.me/jungenationalisten/2669
jungenationalisten:2667,MetaPol lädt ein zum nächsten Seminar – Selbstbestimmungsrecht vs. Staatsrecht  Am 01. Juli 2023 findet das nächste Semi,jungenationalisten,2667,2023-05-02T17:23:01+00:00,2051,0,https://t.me/jungenationalisten/2667
jungenationalisten:2666,"Die Jahre der Corona-Politik mit ihren, immer noch gültigen, Sondergesetzgebungen haben bei vielen Menschen für Verunsic",jungenationalisten,2666,2023-05-02T17:22:56+00:00,1933,0,https://t.me/jungenationalisten/2666
jungenationalisten:2665,,jungenationalisten,2665,2023-05-01T18:26:55+00:00,2445,0,https://t.me/jungenationalisten/2665
jungenationalisten:2664,"'Antikap von rechts' Schulung im Raum Leipzig @jungenationalisten 🇩🇪  Passend zum Arbeiterkampftag, haben wir am Voraben",jungenationalisten,2664,2023-05-01T18:26:55+00:00,2370,0,https://t.me/jungenationalisten/2664
jungenationalisten:2663,,jungenationalisten,2663,2023-05-01T17:45:25+00:00,0,0,https://t.me/jungenationalisten/2663
jungenationalisten:2662,,jungenationalisten,2662,2023-05-01T16:25:46+00:00,2085,0,https://t.me/jungenationalisten/2662
jungenationalisten:2661,,jungenationalisten,2661,2023-05-01T16:25:46+00:00,2135,0,https://t.me/jungenationalisten/2661
jungenationalisten:2660,Sachsen am 1. Mai @jungenationalisten 🇩🇪  Wir beteiligen uns an der Demonstration in Aue und unterstützen dort den Prote,jungenationalisten,2660,2023-05-01T16:25:46+00:00,2093,0,https://t.me/jungenationalisten/2660
jungenationalisten:2659,,jungenationalisten,2659,2023-05-01T16:21:59+00:00,1804,0,https://t.me/jungenationalisten/2659
jungenationalisten:2658,,jungenationalisten,2658,2023-05-01T16:21:59+00:00,1791,0,https://t.me/jungenationalisten/2658
jungenationalisten:2657,,jungenationalisten,2657,2023-05-01T16:21:58+00:00,1782,0,https://t.me/jungenationalisten/2657
jungenationalisten:2656,,jungenationalisten,2656,2023-05-01T16:21:58+00:00,1740,0,https://t.me/jungenationalisten/2656
jungenationalisten:2655,,jungenationalisten,2655,2023-05-01T16:21:58+00:00,1738,0,https://t.me/jungenationalisten/2655
jungenationalisten:2654,Gemeinsam am Tag der deutschen Arbeit auf der Straße: Die FREIEN SACHSEN auf dem Postplatz in Aue (Erzgebirgskreis). Mit,jungenationalisten,2654,2023-05-01T16:21:58+00:00,1743,1,https://t.me/jungenationalisten/2654
jungenationalisten:2653,➡️ Folgt unserem Kanal: https://t.me/BlickpunktTV,jungenationalisten,2653,2023-05-01T16:20:54+00:00,1689,0,https://t.me/jungenationalisten/2653
jungenationalisten:2652,#BPtv aktuell: Dritter Redner im beschaulichen #Lüne ist Thorsten Heise.   —-  ➡️ Folgt unserem Kanal: https://t.me/Blic,jungenationalisten,2652,2023-05-01T16:20:53+00:00,1801,0,https://t.me/jungenationalisten/2652
jungenationalisten:2650,1. Mai: Tag der Arbeit - Kampf der Hochfinanz @jungenationalisten 🇩🇪  Mit Eintreten der rasanten Geldentwertung (Inflati,jungenationalisten,2650,2023-05-01T06:13:21+00:00,22943,1,https://t.me/jungenationalisten/2650
jungenationalisten:2649,Erlebnistag in Süd-Brandenburg  @jungenationalisten 🇩🇪  Du kommst aus dem Spreewald oder der Lausitz und möchtest deine ,jungenationalisten,2649,2023-04-29T05:36:48+00:00,4817,0,https://t.me/jungenationalisten/2649
jungenationalisten:2648,,jungenationalisten,2648,2023-04-27T18:18:49+00:00,9356,0,https://t.me/jungenationalisten/2648
jungenationalisten:2647,"(1/4) Willkommen im Klub 😁🔥🇩🇪 Nicht vergessen: Viel Feind, viel Ehr!  Das Volk ist eine natürlich gewachsene Gemeinschaf",jungenationalisten,2647,2023-04-27T13:45:23+00:00,2562,0,https://t.me/jungenationalisten/2647
jungenationalisten:2646,,jungenationalisten,2646,2023-04-25T05:35:59+00:00,2524,0,https://t.me/jungenationalisten/2646
jungenationalisten:2645,Flugblattoffensive in #Braunschweig @jungenationalisten 🇩🇪  Auch unsere schöne Heimatstadt Braunschweig ist durch die we,jungenationalisten,2645,2023-04-25T05:35:59+00:00,2494,0,https://t.me/jungenationalisten/2645
jungenationalisten:2644,Neu: JN Taschenmesser!   6teiliges JN Taschenmesser(BW) mit praktischen Werkzeugen.  Gewappnet für Alltag ist es mit sei,jungenationalisten,2644,2023-04-24T11:52:01+00:00,2048,0,https://t.me/jungenationalisten/2644
jungenationalisten:2643,,jungenationalisten,2643,2023-04-24T11:04:02+00:00,2061,0,https://t.me/jungenationalisten/2643
jungenationalisten:2642,Politischer Jugendstammtisch durchgeführt @jungenationalisten  Die Thüringer JN hat am heutigen Sonntag ihren ersten Jug,jungenationalisten,2642,2023-04-24T11:04:01+00:00,2074,0,https://t.me/jungenationalisten/2642
jungenationalisten:2641,,jungenationalisten,2641,2023-04-22T10:57:31+00:00,2171,0,https://t.me/jungenationalisten/2641
jungenationalisten:2638,🔘 Frank Kraemer im Gespräch [Zusammenrücken oder ist der Keks gegessen]  Die Initiative Zusammenrücken in Mitteldeutschl,jungenationalisten,2638,2023-04-22T10:50:16+00:00,1853,0,https://t.me/jungenationalisten/2638
jungenationalisten:2637,,jungenationalisten,2637,2023-04-19T07:24:55+00:00,15465,0,https://t.me/jungenationalisten/2637
jungenationalisten:2636,,jungenationalisten,2636,2023-04-19T07:24:55+00:00,15534,0,https://t.me/jungenationalisten/2636
jungenationalisten:2635,,jungenationalisten,2635,2023-04-19T07:24:55+00:00,15414,0,https://t.me/jungenationalisten/2635
jungenationalisten:2634,,jungenationalisten,2634,2023-04-19T07:24:55+00:00,14591,0,https://t.me/jungenationalisten/2634
jungenationalisten:2633,,jungenationalisten,2633,2023-04-19T07:24:55+00:00,14536,0,https://t.me/jungenationalisten/2633
jungenationalisten:2632,"2. Treffen der Generationen  Es war uns ein Fest! Mit großer Freude berichten wir, dass unser 2. Treffen der Generatione",jungenationalisten,2632,2023-04-19T07:24:55+00:00,14166,0,https://t.me/jungenationalisten/2632
jungenationalisten:2630,"Zum Gedenktag: Das Vermächtnis eines Unbeugsamen zur Erweckung Europas!  „Ich übergebe mich dem Tod, um die trägen Geist",jungenationalisten,2630,2023-04-16T20:16:24+00:00,2700,0,https://t.me/jungenationalisten/2630
jungenationalisten:2629,Thüringer Umweltmonat  @jungenationalisten  Vom 01.05. - 31.05.2023 führen die Jungen Nationalisten und Die Heimat Thüri,jungenationalisten,2629,2023-04-14T11:43:47+00:00,2453,0,https://t.me/jungenationalisten/2629
jungenationalisten:2627,"⚫⚪🔴 ""Az elsőtől az utolsó birodalmi kancellárig"" - Kultúrtörténeti túra Németországban   🥾Német bajtársaink meghívásának",jungenationalisten,2627,2023-04-12T07:16:05+00:00,2429,0,https://t.me/jungenationalisten/2627
jungenationalisten:2626,Vom ersten bis zum letzten Reichskanzler.  @jungenationalisten 🇩🇪  Die kulturhistorische Wanderung führte unseren Stützp,jungenationalisten,2626,2023-04-09T21:32:46+00:00,4271,0,https://t.me/jungenationalisten/2626
jungenationalisten:2625,Wir freuen uns über diese netten Ostereier aus #Schwerin  Zeigt her eure selbstbemalten Ostereier. 🐰🥚  @jungenationalist,jungenationalisten,2625,2023-04-09T14:07:10+00:00,2592,0,https://t.me/jungenationalisten/2625
jungenationalisten:2624,"""Ostern ist das Siegesfest des ewigen Lebens.""  Wir wünschen allen Mitstreitern und Sympathisanten frohe Feiertage.  Uns",jungenationalisten,2624,2023-04-09T04:02:19+00:00,2958,0,https://t.me/jungenationalisten/2624
jungenationalisten:2623,Flugblatt: Natur & Mensch - Umweltschutz von „rechts“!  Hysterie löst keine Probleme sondern schafft neuen Ärger. Grenze,jungenationalisten,2623,2023-04-07T12:50:14+00:00,2101,0,https://t.me/jungenationalisten/2623
jungenationalisten:2622,,jungenationalisten,2622,2023-04-07T07:24:29+00:00,2113,0,https://t.me/jungenationalisten/2622
jungenationalisten:2621,,jungenationalisten,2621,2023-04-07T07:24:29+00:00,2102,0,https://t.me/jungenationalisten/2621
jungenationalisten:2620,,jungenationalisten,2620,2023-04-07T07:24:28+00:00,2120,0,https://t.me/jungenationalisten/2620
jungenationalisten:2619,Wir packen an!   Der Lausitzer-Fuchs hat sich in im Stadtgarten in Lauchhammer sehen lassen.  Dieser wurde am letzten So,jungenationalisten,2619,2023-04-07T07:24:28+00:00,2145,0,https://t.me/jungenationalisten/2619
jungenationalisten:2618,Politischer Jugendstammtisch  Die Thüringer JN wird am 23.04.2023 ihren ersten Jugendstammtisch im Landkreis Gotha durch,jungenationalisten,2618,2023-04-04T14:04:00+00:00,2315,0,https://t.me/jungenationalisten/2618
jungenationalisten:2616,Neu: Hemd - Stärke Körper und Geist!   »Nur in einem gesunden Körper wohnt auch ein gesunder Geist.«  Hier gibt es das H,jungenationalisten,2616,2023-04-01T13:21:34+00:00,2708,0,https://t.me/jungenationalisten/2616
jungenationalisten:2615,,jungenationalisten,2615,2023-03-31T18:24:02+00:00,2523,0,https://t.me/jungenationalisten/2615
jungenationalisten:2614,,jungenationalisten,2614,2023-03-31T18:24:02+00:00,2510,0,https://t.me/jungenationalisten/2614
jungenationalisten:2613,"Rochlitz demonstriert!  In Rochlitz machte man am Mittwoch, zum dritten Mal in Folge deutlich, was die Menschen vom  Asy",jungenationalisten,2613,2023-03-31T18:24:02+00:00,2249,0,https://t.me/jungenationalisten/2613
jungenationalisten:2612,Einblicke: Liederabend in Sachsen! @jungenationalisten 🇩🇪   Während so Mancher in verrauchten Stuben beim Feierabendbier,jungenationalisten,2612,2023-03-31T17:05:31+00:00,2776,0,https://t.me/jungenationalisten/2612
jungenationalisten:2611,[CZ]Europäischer Kampfgeist Virtus et Honor II: Am vergangenen Samstag war unser Kämpfer aus Sachsen Teil des großen Box,jungenationalisten,2611,2023-03-30T05:34:07+00:00,2258,1,https://t.me/jungenationalisten/2611
jungenationalisten:2610,3. DS-Netzwerktag am 13. Mai in Hessen: Denn aller guten Dinge sind bekanntlich (mindestens) drei!  Unser 3. Netzwerktag,jungenationalisten,2610,2023-03-29T08:27:44+00:00,1868,0,https://t.me/jungenationalisten/2610
jungenationalisten:2609,Vortragsveranstaltung zum Ukraine-Konflikt mit anschließendem Podiumsgespräch   https://gegenstrom.org/krisenherd-ukrain,jungenationalisten,2609,2023-03-28T15:23:13+00:00,2253,0,https://t.me/jungenationalisten/2609
jungenationalisten:2608,Stärke Körper und Geist!   Das neue T-Hemd ist spätestens ende der Woche bestellbar! Gefällt es euch ? Schreibt doch mal,jungenationalisten,2608,2023-03-28T09:58:06+00:00,2076,0,https://t.me/jungenationalisten/2608
jungenationalisten:2607,,jungenationalisten,2607,2023-03-26T17:08:40+00:00,6970,0,https://t.me/jungenationalisten/2607
jungenationalisten:2606,,jungenationalisten,2606,2023-03-26T17:08:39+00:00,6937,0,https://t.me/jungenationalisten/2606
jungenationalisten:2605,,jungenationalisten,2605,2023-03-26T17:08:39+00:00,6501,0,https://t.me/jungenationalisten/2605
jungenationalisten:2604,,jungenationalisten,2604,2023-03-26T17:08:39+00:00,6509,0,https://t.me/jungenationalisten/2604
jungenationalisten:2603,Am vergangenen Wochenende sind Mitglieder der JN aus der Lüneburger Heide trotz schwieriger Wetterbedingungen angetreten,jungenationalisten,2603,2023-03-26T17:08:39+00:00,6515,0,https://t.me/jungenationalisten/2603
jungenationalisten:2602,,jungenationalisten,2602,2023-03-25T15:34:43+00:00,5857,0,https://t.me/jungenationalisten/2602
jungenationalisten:2601,,jungenationalisten,2601,2023-03-25T15:34:43+00:00,5842,0,https://t.me/jungenationalisten/2601
jungenationalisten:2600,,jungenationalisten,2600,2023-03-25T15:34:43+00:00,5564,0,https://t.me/jungenationalisten/2600
jungenationalisten:2599,,jungenationalisten,2599,2023-03-25T15:34:43+00:00,5545,0,https://t.me/jungenationalisten/2599
jungenationalisten:2598,Anfang März verschlug es uns für unseren ersten Gemeinschaftstag in diesem Jahr nach Mittelsachsen. Die gemeinsamen Tage,jungenationalisten,2598,2023-03-25T15:34:42+00:00,5431,0,https://t.me/jungenationalisten/2598
jungenationalisten:2597,+++ Bitte teilen! +++  Wo steckt der Terrorchef?  Der Kopf der „Hammerbande“ und der Verlobte von Lina Engel Johann Gunt,jungenationalisten,2597,2023-03-23T11:30:21+00:00,2050,0,https://t.me/jungenationalisten/2597
jungenationalisten:2596,"""Wem es gelingt, Menschen durch Körperübungen leuchtende Augen zu schenken, der tut Großes auf dem Gebiet der Erziehung""",jungenationalisten,2596,2023-03-20T13:19:51+00:00,14311,0,https://t.me/jungenationalisten/2596
jungenationalisten:2595,"Der Appell - Folge 19 - Familie   Stillgestanden! - Die Augen zur Fahne rechts!   Wir freuen uns darüber, euch heute zu ",jungenationalisten,2595,2023-03-19T09:47:00+00:00,2433,0,https://t.me/jungenationalisten/2595
jungenationalisten:2594,,jungenationalisten,2594,2023-03-18T13:28:27+00:00,2082,0,https://t.me/jungenationalisten/2594
jungenationalisten:2593,,jungenationalisten,2593,2023-03-18T13:28:27+00:00,2107,0,https://t.me/jungenationalisten/2593
jungenationalisten:2592,,jungenationalisten,2592,2023-03-18T13:28:27+00:00,2151,0,https://t.me/jungenationalisten/2592
jungenationalisten:2591,📢 18. März: Tag der politischen Gefangenen!  Hier Bilder aus:  📌 Lübeck / Schleswig-Holstein  🌊 KANAL STURMZEICHEN - @ s,jungenationalisten,2591,2023-03-18T13:28:27+00:00,2139,0,https://t.me/jungenationalisten/2591
jungenationalisten:2590,"Aufkleber: „Unseren Toten!“  Heldenhaft standen sie einer Übermacht gegenüber, in Erwartung des eigenen Todes und ohne A",jungenationalisten,2590,2023-03-18T09:34:59+00:00,2161,0,https://t.me/jungenationalisten/2590
jungenationalisten:2589,Du bist über 30 und willst unseren Freiheitskampf unterstützen? Werde Fördermitglied! @jungenationalisten 🇩🇪  Immer wied,jungenationalisten,2589,2023-03-17T15:21:13+00:00,3179,1,https://t.me/jungenationalisten/2589
jungenationalisten:2588,"Ein Licht durchbricht die Dunkelheit!   Die Kerzen werden entzündet und brechen in das Dunkel einer Zeit, die ein Licht ",jungenationalisten,2588,2023-03-16T08:58:42+00:00,2135,0,https://t.me/jungenationalisten/2588
jungenationalisten:2587,(1/3)AntiFa ist das Bekenntnis zu ideologischer Kriminalität! @jungenationalisten 🇩🇪  Heute konnten im Zuge von Hausdurc,jungenationalisten,2587,2023-03-15T12:28:08+00:00,3294,0,https://t.me/jungenationalisten/2587
jungenationalisten:2585,,jungenationalisten,2585,2023-03-15T12:09:14+00:00,0,0,https://t.me/jungenationalisten/2585
jungenationalisten:2584,,jungenationalisten,2584,2023-03-14T16:36:04+00:00,16593,0,https://t.me/jungenationalisten/2584
jungenationalisten:2583,,jungenationalisten,2583,2023-03-14T16:36:04+00:00,16554,0,https://t.me/jungenationalisten/2583
jungenationalisten:2582,Der Staat verspielt unsere Zukunft. Die Hochkultur Europas wird bei anhaltender Agenda nur noch eine Erinnerung an besse,jungenationalisten,2582,2023-03-14T16:36:03+00:00,16019,0,https://t.me/jungenationalisten/2582
jungenationalisten:2581,"Morgen um 18 Uhr gehen Frank und Sebastian mit der neuen Sendung ""Frei(e) Schnauze"" das erste mal gemeinsame live und re",jungenationalisten,2581,2023-03-14T13:54:38+00:00,2373,0,https://t.me/jungenationalisten/2581
jungenationalisten:2580,,jungenationalisten,2580,2023-03-10T10:43:28+00:00,6296,0,https://t.me/jungenationalisten/2580
jungenationalisten:2579,,jungenationalisten,2579,2023-03-10T10:43:28+00:00,6254,0,https://t.me/jungenationalisten/2579
jungenationalisten:2578,Stützpunkt Südbrandenburg gegründet @jungenationalisten 🇩🇪  Auch im Süden Brandenburgs können die Jungen Nationalisten k,jungenationalisten,2578,2023-03-10T10:43:28+00:00,5838,0,https://t.me/jungenationalisten/2578
jungenationalisten:2577,,jungenationalisten,2577,2023-03-08T06:47:08+00:00,3829,0,https://t.me/jungenationalisten/2577
jungenationalisten:2576,"Welchen Weg wählst du? @jungenationalisten 🇩🇪  Den Aufrechten, den Kampf um Heimat, Gesundheit und die Freiheit der Völk",jungenationalisten,2576,2023-03-08T06:47:08+00:00,3803,0,https://t.me/jungenationalisten/2576
jungenationalisten:2575,"Na, was sagt man dazu? 😉  https://perspektive-online.net/2023/02/wuppertal-ditib-moschee-statt-autonomes-zentrum/",jungenationalisten,2575,2023-03-07T09:22:35+00:00,2879,0,https://t.me/jungenationalisten/2575
jungenationalisten:2574,"Der Appell - Folge 18 - Europa   Stillgestanden! - Die Augen zur Fahne rechts!   Wir freuen uns darüber, euch heute zu e",jungenationalisten,2574,2023-03-05T14:08:49+00:00,2474,0,https://t.me/jungenationalisten/2574
jungenationalisten:2573,Bundeslied der Jungen Nationalisten @jungenationalisten 🇩🇪  In dem Verweis findet ihr unser Bundeslied auf YouTube! Dies,jungenationalisten,2573,2023-03-02T09:47:23+00:00,3121,0,https://t.me/jungenationalisten/2573
jungenationalisten:2572,"Schülersprecher – Aufkleber – „Deutsche Minderheit“  Du hast es schon so lange satt, doch wann endlich wehrst du dich? N",jungenationalisten,2572,2023-03-01T13:40:50+00:00,2362,0,https://t.me/jungenationalisten/2572
jungenationalisten:2571,,jungenationalisten,2571,2023-02-27T12:57:02+00:00,10647,0,https://t.me/jungenationalisten/2571
jungenationalisten:2570,,jungenationalisten,2570,2023-02-27T12:57:01+00:00,10648,0,https://t.me/jungenationalisten/2570
jungenationalisten:2569,Sportlicher Wochenstart gewünscht! @jungenationalisten 🇩🇪  Anbei ein paar Eindrücke aus der letzten gemeinsamen Sportein,jungenationalisten,2569,2023-02-27T12:57:01+00:00,10618,0,https://t.me/jungenationalisten/2569
jungenationalisten:2568,,jungenationalisten,2568,2023-02-26T10:28:42+00:00,3909,0,https://t.me/jungenationalisten/2568
jungenationalisten:2567,,jungenationalisten,2567,2023-02-26T10:28:42+00:00,3963,0,https://t.me/jungenationalisten/2567
jungenationalisten:2566,Am Wochenende waren Mitglieder der JN in Lotte im Kreis Steinfurt unterwegs. @jungenationalisten 🇩🇪  Die letzten Monate ,jungenationalisten,2566,2023-02-26T10:28:42+00:00,3761,0,https://t.me/jungenationalisten/2566
jungenationalisten:2565,Wir suchen Dich! –  Aufkleber und Plakate!   💥 Aufkleber findet ihr hier: -> https://frontdienst.de/product/wir-suchen-d,jungenationalisten,2565,2023-02-25T11:26:27+00:00,2123,0,https://t.me/jungenationalisten/2565
jungenationalisten:2564,"BRD-Politiker in HAFTung nehmen! ✊🏻  Die etablierte Politik zeichnet sich dadurch aus, dass Politiker für ihr Versagen o",jungenationalisten,2564,2023-02-22T18:54:22+00:00,2139,0,https://t.me/jungenationalisten/2564
jungenationalisten:2563,[HU] Beim “Tag der Ehre” in Ungarn  (Text in english below) (…)Bei unserem Besuch durfte ein Treffen mit unseren Freunde,jungenationalisten,2563,2023-02-21T09:48:30+00:00,2155,0,https://t.me/jungenationalisten/2563
jungenationalisten:2561,Druckwerk - JN Leitstern  Diese Schrift ist an alle Jungen Nationalisten gerichtet und basiert auf unserer Weltanschauun,jungenationalisten,2561,2023-02-20T13:56:51+00:00,1882,0,https://t.me/jungenationalisten/2561
jungenationalisten:2560,,jungenationalisten,2560,2023-02-19T12:41:21+00:00,5803,0,https://t.me/jungenationalisten/2560
jungenationalisten:2559,,jungenationalisten,2559,2023-02-19T12:41:21+00:00,5779,0,https://t.me/jungenationalisten/2559
jungenationalisten:2558,Döbeln verteidigen!  @jungenationalisten 🇩🇪   Du spürst an jedem Tag die Wut über die Taten selbsternannter Heilsbringer,jungenationalisten,2558,2023-02-19T12:41:21+00:00,5311,0,https://t.me/jungenationalisten/2558
jungenationalisten:2557,"Der Appell - Folge 17 - Dekadenz   Stillgestanden! - Die Augen zur Fahne rechts!   Wir freuen uns darüber, euch heute zu",jungenationalisten,2557,2023-02-19T09:14:03+00:00,1735,0,https://t.me/jungenationalisten/2557
jungenationalisten:2556,"- Material für Aktivisten-  Ihr habt Fragen, Kritik oder einfach Hinweise? Dann meldet euch einfach.   Ihr habt folgende",jungenationalisten,2556,2023-02-17T10:56:30+00:00,1848,0,https://t.me/jungenationalisten/2556
jungenationalisten:2555,+++ Jetzt Online! +++  „Einer dieser Tage“ ist ab sofort auf Youtube online! Ab 0 Uhr ist das Lied überall sonst erhältl,jungenationalisten,2555,2023-02-16T19:58:51+00:00,1570,0,https://t.me/jungenationalisten/2555
jungenationalisten:2554,,jungenationalisten,2554,2023-02-15T12:38:03+00:00,1572,0,https://t.me/jungenationalisten/2554
jungenationalisten:2553,Jetzt fahndet die ungarische Polizei nach den flüchtigen Antifa-Terroristen von Budapest!  Viktor Orbáns Polizei gibt je,jungenationalisten,2553,2023-02-15T12:38:02+00:00,1543,0,https://t.me/jungenationalisten/2553
jungenationalisten:2552,"Exklusiv: Antifa-Blutspur in Ungarn!  ""Ein Prozent"" hat die von deutschen Linksextremisten verübten Mordanschläge in Ung",jungenationalisten,2552,2023-02-14T13:38:18+00:00,1420,0,https://t.me/jungenationalisten/2552
jungenationalisten:2551,"Jugend aus Thüringen zu uns!  In einer Zeit des Zerfalls unserer Heimat durch fehlgeleitete Politik, stehen wir in der P",jungenationalisten,2551,2023-02-14T07:07:07+00:00,1901,0,https://t.me/jungenationalisten/2551
jungenationalisten:2549,,jungenationalisten,2549,2023-02-13T19:35:20+00:00,2294,0,https://t.me/jungenationalisten/2549
jungenationalisten:2548,"Gedenkaktion in #Wurzen, bei #Leipzig ""Wer das Weinen verlernt hat, der lernt es wieder beim Untergang Dresdens."" Gerhar",jungenationalisten,2548,2023-02-13T19:35:19+00:00,2274,0,https://t.me/jungenationalisten/2548
jungenationalisten:2540,"Dresden-Gedenken 2023 ____ ✅ Folgt ""Dresden Gedenken 2023“ ➡️ Auf Instagram ➡️ Auf Facebook www.dresden-gedenken.info ✉️",jungenationalisten,2540,2023-02-12T20:28:48+00:00,1820,0,https://t.me/jungenationalisten/2540
jungenationalisten:2539,Dresden-Gedenken 2023  Über 1.000 Teilnehmer fanden sich zum diesjährigen Dresden-Gedenken ein. Sie kamen aus allen Teil,jungenationalisten,2539,2023-02-12T18:42:49+00:00,1546,0,https://t.me/jungenationalisten/2539
jungenationalisten:2538,,jungenationalisten,2538,2023-02-12T13:32:05+00:00,4834,0,https://t.me/jungenationalisten/2538
jungenationalisten:2537,,jungenationalisten,2537,2023-02-12T13:32:05+00:00,4814,0,https://t.me/jungenationalisten/2537
jungenationalisten:2536,,jungenationalisten,2536,2023-02-12T13:32:05+00:00,4786,0,https://t.me/jungenationalisten/2536
jungenationalisten:2535,"Dresden-Gedenken 2023  Als nationalistische Jugend ist es für uns selbstverständlich, dass wir uns an dem jährlichen Ged",jungenationalisten,2535,2023-02-12T13:32:05+00:00,4554,0,https://t.me/jungenationalisten/2535
jungenationalisten:2530,,jungenationalisten,2530,2023-02-11T17:03:25+00:00,2047,0,https://t.me/jungenationalisten/2530
jungenationalisten:2529,,jungenationalisten,2529,2023-02-11T17:03:24+00:00,2027,0,https://t.me/jungenationalisten/2529
jungenationalisten:2528,Impressionen aus Dresden: @jungenationalisten 🇩🇪   Die Abschlusskundgebung mit Feierstunde beginnt jeden Augenblick.   M,jungenationalisten,2528,2023-02-11T17:03:24+00:00,1971,0,https://t.me/jungenationalisten/2528
jungenationalisten:2527,Kleiner Eindruck aus Dresden:  Der Aufzug bewegt sich weiter und biegt in die Helga-Lindner-Str. ein. Geordnetes und dis,jungenationalisten,2527,2023-02-11T16:06:44+00:00,1979,0,https://t.me/jungenationalisten/2527
jungenationalisten:2526,Kleiner Eindruck aus Dresden:  Der Aufzug bewegt sich weiter und biegt in die Helga-Lindner-Str. ein. Geordnetes und dis,jungenationalisten,2526,2023-02-11T16:06:17+00:00,2881,0,https://t.me/jungenationalisten/2526
jungenationalisten:2523,Wir berichten heute aus Dresden:  https://twitter.com/JNDeutschland/status/1624395370586308611,jungenationalisten,2523,2023-02-11T14:05:38+00:00,1858,0,https://t.me/jungenationalisten/2523
jungenationalisten:2522,,jungenationalisten,2522,2023-02-10T12:39:34+00:00,1544,0,https://t.me/jungenationalisten/2522
jungenationalisten:2521,,jungenationalisten,2521,2023-02-10T12:39:34+00:00,1517,0,https://t.me/jungenationalisten/2521
jungenationalisten:2520,"Nach dem Mordversuch in Erfurt im Januar, hat die Polizei nun weitere Phantombilder veröffentlicht.  https://www.pressep",jungenationalisten,2520,2023-02-10T12:39:34+00:00,1519,0,https://t.me/jungenationalisten/2520
jungenationalisten:2519,"(DE)  Hier spricht Dresden!  Liebe Freunde, Kameraden und Unterstützer!  Morgen findet unser Gedenkmarsch mit einer würd",jungenationalisten,2519,2023-02-10T05:08:33+00:00,1254,0,https://t.me/jungenationalisten/2519
jungenationalisten:2518,"(DE)  Hier spricht Dresden!  Liebe Freunde, Kameraden und Unterstützer!  Am Sonnabend führen wir unser Dresden-Gedenken ",jungenationalisten,2518,2023-02-09T19:17:38+00:00,1307,0,https://t.me/jungenationalisten/2518
jungenationalisten:2517,Aktionsvideo: Dresden 1945 - Mord verjährt nicht!  https://t.me/jungenationalisten 🇩🇪   In der Nacht vom 13. zum 14. Feb,jungenationalisten,2517,2023-02-07T11:11:15+00:00,9282,0,https://t.me/jungenationalisten/2517
jungenationalisten:2516,(DE)  Hier spricht Dresden!  Mit diesem Kurzfilm wollen wir alle bisher Unentschlossenen erreichen.   Wenn Du noch einen,jungenationalisten,2516,2023-02-06T21:23:03+00:00,1365,0,https://t.me/jungenationalisten/2516
jungenationalisten:2515,,jungenationalisten,2515,2023-02-05T10:46:29+00:00,3105,0,https://t.me/jungenationalisten/2515
jungenationalisten:2514,,jungenationalisten,2514,2023-02-05T10:46:29+00:00,3083,0,https://t.me/jungenationalisten/2514
jungenationalisten:2513,"Der 78. Jahrestag der Bombardierung Dresdens rückt näher. Wir nahmen dies gestern zum Anlass, um vor der Dresdner Frauen",jungenationalisten,2513,2023-02-05T10:46:29+00:00,2883,0,https://t.me/jungenationalisten/2513
jungenationalisten:2509,"Der Appell - Folge 16 - Zivilisation   Stillgestanden! - Die Augen zur Fahne rechts!   Wir freuen uns darüber, euch heut",jungenationalisten,2509,2023-02-05T08:08:45+00:00,1664,0,https://t.me/jungenationalisten/2509
jungenationalisten:2508,Grundlagen eines Fluchtrucksacks. Demnächst geht es mit den Praxisvideos zum Thema los. Teilen und verbreiten gewünscht ,jungenationalisten,2508,2023-02-05T07:13:21+00:00,1414,0,https://t.me/jungenationalisten/2508
jungenationalisten:2507,,jungenationalisten,2507,2023-02-04T18:35:39+00:00,1585,0,https://t.me/jungenationalisten/2507
jungenationalisten:2506,,jungenationalisten,2506,2023-02-04T18:35:39+00:00,1579,0,https://t.me/jungenationalisten/2506
jungenationalisten:2505,Als nationalistische Jugendbewegung sind wir europaweit mit gleichgesinnten Gruppen vernetzt. Im Januar führte ein Besuc,jungenationalisten,2505,2023-02-04T18:35:39+00:00,1524,0,https://t.me/jungenationalisten/2505
jungenationalisten:2501,"⚖💥 N.S. Heute-Prozess   Urteil: 12 Monate auf Bewährung, wovon drei Monate wegen der langen Verfahrensdauer als verbüßt ",jungenationalisten,2501,2023-02-03T11:25:19+00:00,1462,0,https://t.me/jungenationalisten/2501
jungenationalisten:2500,,jungenationalisten,2500,2023-02-01T20:17:05+00:00,0,0,https://t.me/jungenationalisten/2500
jungenationalisten:2499,"(DE)  Hier spricht Dresden!  Das diesjährige Dresden-Gedenken findet am Sonnabend, den 11.02.2023 statt.  Dem preußische",jungenationalisten,2499,2023-02-01T19:22:07+00:00,1541,0,https://t.me/jungenationalisten/2499
jungenationalisten:2497,"""Eine Lüge ist wie ein Schneeball. Je länger man ihn wälzt, umso größer wird er."" / M. Luther  Sachsen-Anhalts Jugend zu",jungenationalisten,2497,2023-01-31T14:33:27+00:00,3155,0,https://t.me/jungenationalisten/2497
jungenationalisten:2496,"- Material für Aktivisten-📢  Alle Bestellungen, die auch bis heute bezahlt wurden, kommen nächste Woche bei euch an.   V",jungenationalisten,2496,2023-01-30T19:16:58+00:00,1728,0,https://t.me/jungenationalisten/2496
jungenationalisten:2495,Rechtsschulung in Sachsen - mit Michael Brück! @jungenationalisten 🇩🇪  Unser Kampf um unsere Zukunft kann nur dann erfol,jungenationalisten,2495,2023-01-30T15:39:19+00:00,2352,0,https://t.me/jungenationalisten/2495
jungenationalisten:2494,,jungenationalisten,2494,2023-01-30T10:10:10+00:00,4186,0,https://t.me/jungenationalisten/2494
jungenationalisten:2493,Heute denken wir an die über 9000 deutschen Opfer der größten zivilen Schiffskatastrophe der Menschheitsgeschichte. @jun,jungenationalisten,2493,2023-01-30T10:10:10+00:00,4162,0,https://t.me/jungenationalisten/2493
jungenationalisten:2492,,jungenationalisten,2492,2023-01-29T17:04:31+00:00,1707,0,https://t.me/jungenationalisten/2492
jungenationalisten:2491,,jungenationalisten,2491,2023-01-29T17:04:31+00:00,1693,0,https://t.me/jungenationalisten/2491
jungenationalisten:2490,,jungenationalisten,2490,2023-01-29T17:04:31+00:00,1619,0,https://t.me/jungenationalisten/2490
jungenationalisten:2489,,jungenationalisten,2489,2023-01-29T17:04:31+00:00,1618,0,https://t.me/jungenationalisten/2489
jungenationalisten:2488,Wenn Deutschland wankt - wir halten stand!  Mit einem erfolgreichen Schulungstag sind wir in das neue Jahr gestartet.  D,jungenationalisten,2488,2023-01-29T17:04:31+00:00,1602,0,https://t.me/jungenationalisten/2488
jungenationalisten:2487,"Brokstedt, Schleswig-Holstein  @jungenationalisten 🇩🇪  Erneut haben die Einwanderungsfanatiker den Tod von zwei jungen M",jungenationalisten,2487,2023-01-29T11:08:12+00:00,9780,0,https://t.me/jungenationalisten/2487
jungenationalisten:2486,,jungenationalisten,2486,2023-01-28T18:51:30+00:00,3750,0,https://t.me/jungenationalisten/2486
jungenationalisten:2485,,jungenationalisten,2485,2023-01-28T18:51:30+00:00,3735,0,https://t.me/jungenationalisten/2485
jungenationalisten:2484,Rechtsschulung mit Michael Brück !  @jungenationalisten 🇩🇪   Die JN Nordsachsen lud heute zu einer Rechtschulung mit dem,jungenationalisten,2484,2023-01-28T18:51:30+00:00,3595,0,https://t.me/jungenationalisten/2484
jungenationalisten:2483,"Flugblatt: „Trugbilder unseres Geldsystems!“  Stellen wir uns einmal vor, der Friseur will in Brot und Wurstwaren bezahl",jungenationalisten,2483,2023-01-25T11:19:06+00:00,2021,0,https://t.me/jungenationalisten/2483
jungenationalisten:2482,"Deutschland und Thüringen brauchen Dich!  Werde Teil der größten und ältesten Jugendorganisation ""Junge Nationalisten"" u",jungenationalisten,2482,2023-01-24T11:00:37+00:00,2084,0,https://t.me/jungenationalisten/2482
jungenationalisten:2481,Trugbilder unseres Geldsystems @jungenationalisten 🇩🇪  Wie entsteht Geld?  Welcher Wert steckt hinter der Geldmenge und ,jungenationalisten,2481,2023-01-22T10:21:23+00:00,9730,0,https://t.me/jungenationalisten/2481
jungenationalisten:2479,Solidarität ist unsere Waffe!  Flagge zeigen für das Dresden Gedenken! Professionell hergestellter Anstecker. Die erwirt,jungenationalisten,2479,2023-01-21T15:11:07+00:00,1933,0,https://t.me/jungenationalisten/2479
jungenationalisten:2478,Jugend und Heimat-Stammtisch in Lauchhammer am 03.02.  Wann? Jeden 1.Freitag im Monat. Treffpunkt der Jugend 18:00 Uhr  ,jungenationalisten,2478,2023-01-19T16:22:31+00:00,2065,0,https://t.me/jungenationalisten/2478
jungenationalisten:2477,Greta-Show: Fake-Festnahme in Lützerath und was bleibt sind viele Fragen!?  Die angebliche Verhaftung ist aber nichts we,jungenationalisten,2477,2023-01-19T09:45:32+00:00,1870,0,https://t.me/jungenationalisten/2477
jungenationalisten:2476,"Die Reaktionen auf die Ausländerkrawalle in der Silvesternacht, bei der Migranten erneut neben Polizisten und Feuerwehrm",jungenationalisten,2476,2023-01-18T12:23:24+00:00,3129,0,https://t.me/jungenationalisten/2476
jungenationalisten:2475,Wie wäre es mit einem General als Verteidigungsminister? @jungenationalisten 🇩🇪  Nachdem die Omi Lambrecht eingeschnappt,jungenationalisten,2475,2023-01-17T13:02:34+00:00,6092,0,https://t.me/jungenationalisten/2475
jungenationalisten:2474,Benjamin Gruhn beim Neujahrsempfang in Hessen. @jungenationalisten 🇩🇪  https://youtu.be/KqmId2s5Ihw,jungenationalisten,2474,2023-01-16T19:23:18+00:00,2002,0,https://t.me/jungenationalisten/2474
jungenationalisten:2473,🔥 Nur auf Telegram  Kaliber D3B - Folge 10: Kommentar zu Khanis Rassenkriegserklärung  Die gesellschaftlichen Risse in d,jungenationalisten,2473,2023-01-15T12:12:59+00:00,1845,0,https://t.me/jungenationalisten/2473
jungenationalisten:2472,Das Schicksal von Dresden bleibt unvergessen!  Ein schöner Schnappschuss aus Moritzburg erreichte uns eben! Eure Bestell,jungenationalisten,2472,2023-01-14T18:42:48+00:00,1756,0,https://t.me/jungenationalisten/2472
jungenationalisten:2471,,jungenationalisten,2471,2023-01-13T17:50:39+00:00,3899,0,https://t.me/jungenationalisten/2471
jungenationalisten:2470,Angriffsvideo und Phantombild zu dem linken Mordversuch auf 2 Nationalisten in Erfurt gestern. @jungenationalisten 🇩🇪  D,jungenationalisten,2470,2023-01-13T17:50:39+00:00,3853,0,https://t.me/jungenationalisten/2470
jungenationalisten:2467,Die neue Ausgabe unseres Mitgliederheft JN-Intern ist frisch gedruckt und auf dem Weg zu unseren Mitgliedern und Unterst,jungenationalisten,2467,2023-01-13T07:51:24+00:00,1963,0,https://t.me/jungenationalisten/2467
jungenationalisten:2466,Antifa-Angriff mit Axt und Totschlägern auf Erfurter Nationalisten!  Die Angriffe gehen weiter! Die neuerlichen Vorfälle,jungenationalisten,2466,2023-01-12T11:29:55+00:00,1878,0,https://t.me/jungenationalisten/2466
jungenationalisten:2465,"Heute fand das erste Arbeitstreffen zwischen dem neu gegründeten Kreisverband Dortmund, dem Landesvorsitzenden von NRW u",jungenationalisten,2465,2023-01-12T06:42:15+00:00,1501,0,https://t.me/jungenationalisten/2465
jungenationalisten:2464,Was steckt hinter der Volksmusik? @jungenationalisten 🇩🇪  Volksmusik erzählt die emotionale Geschichte unserer Vorfahren,jungenationalisten,2464,2023-01-09T16:15:01+00:00,5140,0,https://t.me/jungenationalisten/2464
jungenationalisten:2463,Hier noch einmal das Video unserer IG Musik direkt auf Telegram:,jungenationalisten,2463,2023-01-09T16:12:45+00:00,1878,0,https://t.me/jungenationalisten/2463
jungenationalisten:2462,"Aufkleber und Flugblätter ab heute bestellbar!   Aus Anlass des 78. Jahrestages der Zerstörung Dresdens, kannst Du hier ",jungenationalisten,2462,2023-01-09T11:52:21+00:00,1686,0,https://t.me/jungenationalisten/2462
jungenationalisten:2461,"Der Appell - Folge 14 - Politik:  Stillgestanden! - Die Augen zur Fahne rechts!   Wir freuen uns darüber, euch heute zur",jungenationalisten,2461,2023-01-08T18:43:04+00:00,1650,0,https://t.me/jungenationalisten/2461
jungenationalisten:2460,Das Material zum Dresden-Gedenken in Kürze hier erhältlich!  Auch im Jahr 2023 wird es ein würdiges und ehrenvolles Gede,jungenationalisten,2460,2023-01-08T10:46:43+00:00,1334,0,https://t.me/jungenationalisten/2460
jungenationalisten:2458,Was steckt hinter der Volksmusik? Unser neues Video: https://youtu.be/95QgGijq5m8  Volksmusik erzählt die emotionale Ges,jungenationalisten,2458,2023-01-07T09:37:15+00:00,4821,0,https://t.me/jungenationalisten/2458
jungenationalisten:2457,,jungenationalisten,2457,2023-01-05T11:05:17+00:00,5092,0,https://t.me/jungenationalisten/2457
jungenationalisten:2456,,jungenationalisten,2456,2023-01-05T11:05:16+00:00,5076,0,https://t.me/jungenationalisten/2456
jungenationalisten:2455,,jungenationalisten,2455,2023-01-05T11:05:16+00:00,5046,0,https://t.me/jungenationalisten/2455
jungenationalisten:2454,Flugblattverteilung in Mittelsachsen: Wieder einmal mehr stellt man uns vor vollendete Tatsachen! @jungenationalisten 🇩🇪,jungenationalisten,2454,2023-01-05T11:05:16+00:00,4666,0,https://t.me/jungenationalisten/2454
jungenationalisten:2453,"Gute Vorsätze für das neue Jahr? @jungenationalisten 🇩🇪  Immer wieder erreichen uns Zuschriften von jungen Deutschen, di",jungenationalisten,2453,2023-01-04T12:02:35+00:00,5828,0,https://t.me/jungenationalisten/2453
jungenationalisten:2452,,jungenationalisten,2452,2023-01-04T06:39:35+00:00,0,0,https://t.me/jungenationalisten/2452
jungenationalisten:2451,"JN Leitthema 2023: Freiheitskämpfer – damals wie heute!  Von Freikorps, Bauern- und Befreiungskriegen @jungenationaliste",jungenationalisten,2451,2023-01-03T10:06:39+00:00,11452,0,https://t.me/jungenationalisten/2451
jungenationalisten:2447,📚 N.S. Heute #33 erscheint Anfang Januar - bitte jetzt vorbestellen!  ▪️Leitthema: Der N.S. Heute-Prozess vor dem LG Dor,jungenationalisten,2447,2022-12-29T09:00:41+00:00,2352,0,https://t.me/jungenationalisten/2447
jungenationalisten:2446,"💥 Hiermit präsentieren wir Euch ""wie gesagt"" Folge 9 - Jugend im Belfast der BRD - im Gespräch mit Thorsten Heise 🎥  In ",jungenationalisten,2446,2022-12-28T19:10:05+00:00,1977,0,https://t.me/jungenationalisten/2446
jungenationalisten:2445,"3 Lieder zur Weihnacht  Der Jahreslauf nimmt sein Ende, für dieser dunkle und besinnlichen Jahreszeit gibt es aber hinge",jungenationalisten,2445,2022-12-26T19:45:32+00:00,1919,0,https://t.me/jungenationalisten/2445
jungenationalisten:2444,"Der Appell - Folge 13 - Das Julfest  Stillgestanden! - Die Augen zur Fahne rechts!   Wir freuen uns darüber, euch heute ",jungenationalisten,2444,2022-12-24T18:58:26+00:00,1751,0,https://t.me/jungenationalisten/2444
jungenationalisten:2443,,jungenationalisten,2443,2022-12-24T16:17:10+00:00,1696,0,https://t.me/jungenationalisten/2443
jungenationalisten:2442,,jungenationalisten,2442,2022-12-24T16:17:10+00:00,1693,0,https://t.me/jungenationalisten/2442
jungenationalisten:2441,"Brandenburg: Wir schenken ein Lächeln!   Wir konnten am heutigen Tag, an 4 Kinderheimen ein Lächeln in die Gesichter der",jungenationalisten,2441,2022-12-24T16:17:09+00:00,1691,0,https://t.me/jungenationalisten/2441
jungenationalisten:2440,Wir wünschen besinnliche Festtage! @jungenationalisten 🇩🇪  In der heutigen Zeit ist Weihnachten leider oft zu einem rein,jungenationalisten,2440,2022-12-24T11:31:08+00:00,1650,1,https://t.me/jungenationalisten/2440
jungenationalisten:2439,"Mit unserer Reihe „Das Buch zur Hand“ wollen wir das Augenmerk auf sinnvolle, ganzheitliche Gegenwartsliteratur lenken u",jungenationalisten,2439,2022-12-23T14:34:30+00:00,1687,0,https://t.me/jungenationalisten/2439
jungenationalisten:2438,,jungenationalisten,2438,2022-12-22T17:13:53+00:00,1751,0,https://t.me/jungenationalisten/2438
jungenationalisten:2437,,jungenationalisten,2437,2022-12-22T17:13:53+00:00,1735,0,https://t.me/jungenationalisten/2437
jungenationalisten:2436,,jungenationalisten,2436,2022-12-22T17:13:53+00:00,1680,0,https://t.me/jungenationalisten/2436
jungenationalisten:2435,"Wintersonnenwende 2022 @jungenationalisten 🇩🇪 Auch in diesem Jahr kamen wir auf dem Heimathof in Eschede zusammen, um ge",jungenationalisten,2435,2022-12-22T17:13:53+00:00,1568,0,https://t.me/jungenationalisten/2435
jungenationalisten:2430,"Wenn du fühlst… @jungenationalisten 🇩🇪   Still, in Dunkelheit gehüllt, liegt die weite Hügellandschaft. Aus der Ferne bl",jungenationalisten,2430,2022-12-21T16:28:25+00:00,3240,0,https://t.me/jungenationalisten/2430
jungenationalisten:2429,"## Achtung: Tatverdächtiger Afrikaner festgenommen ## Wir danken allen Braunschweigern, die sich an der Suche nach dem K",jungenationalisten,2429,2022-12-20T12:48:22+00:00,2842,0,https://t.me/jungenationalisten/2429
jungenationalisten:2418,Passend dazu aus unserem JN-Archiv: Vor 2 Jahren hieß es in Hamburg:  Familie statt Konsum! @jungenationalisten 🇩🇪,jungenationalisten,2418,2022-12-18T13:20:41+00:00,2154,0,https://t.me/jungenationalisten/2418
jungenationalisten:2417,"🎄🕯 Wir brauchen Bräuche. Sie stiften Sinn, geben Orientierung und schaffen Gemeinschaft. Deshalb beleuchten wir den Ursp",jungenationalisten,2417,2022-12-18T10:02:32+00:00,1767,0,https://t.me/jungenationalisten/2417
jungenationalisten:2416,Jahresabschluss in Pommern💪🏻 @jungenationalisten 🇩🇪  Wir blicken auf Erfolge in Bezug auf den Aufbau unserer Jugendarbei,jungenationalisten,2416,2022-12-18T07:21:11+00:00,1679,0,https://t.me/jungenationalisten/2416
jungenationalisten:2415,"Zeitenwende! 🔥   Auch in diesem Jahr haben wir uns zusammengefunden, um gemeinsam die Wintersonnenwende zu feiern.   Die",jungenationalisten,2415,2022-12-17T18:18:36+00:00,4134,0,https://t.me/jungenationalisten/2415
jungenationalisten:2414,"Vergesst nicht unsere Gefangenen!  „Ja, jede Zeile, jede Karte spendet Trost und Kraft, besonders in diesen Zeiten des I",jungenationalisten,2414,2022-12-16T14:13:33+00:00,1452,0,https://t.me/jungenationalisten/2414
jungenationalisten:2413,,jungenationalisten,2413,2022-12-15T12:57:17+00:00,0,0,https://t.me/jungenationalisten/2413
jungenationalisten:2412,Kleiner Schnappschuss vom 2. DS-Netzwerktag vergangenes Wochenende in Brandenburg. Unser Vorsitzender Sebastian Weigler ,jungenationalisten,2412,2022-12-15T12:55:17+00:00,2345,0,https://t.me/jungenationalisten/2412
jungenationalisten:2411,Am Sonnabend geht's los.  Thema des 1. virtuellen Schülersprecher.info Stammtisches ist das Thema 'Überfremdung'.  Wie i,jungenationalisten,2411,2022-12-15T10:52:13+00:00,1576,0,https://t.me/jungenationalisten/2411
jungenationalisten:2410,,jungenationalisten,2410,2022-12-13T09:01:19+00:00,1652,0,https://t.me/jungenationalisten/2410
jungenationalisten:2409,,jungenationalisten,2409,2022-12-13T09:01:19+00:00,1632,0,https://t.me/jungenationalisten/2409
jungenationalisten:2408,"𝗔𝗱𝘃𝗲𝗻𝘁𝘀𝗸𝗮𝗹𝗲𝗻𝗱𝗲𝗿 Türchen 13🔖🎅🏼  𝗭𝘂 𝗴𝗲𝘄𝗶𝗻𝗻𝗲𝗻 𝗴𝗶𝗯𝘁 𝗲𝘀: 2x JN-Paket [Aufkleber, Flugblätter uvm] 1x Tasse, JN-Handtuch,Pfeff",jungenationalisten,2408,2022-12-13T09:01:19+00:00,1636,0,https://t.me/jungenationalisten/2408
jungenationalisten:2407,,jungenationalisten,2407,2022-12-12T10:02:06+00:00,4464,0,https://t.me/jungenationalisten/2407
jungenationalisten:2406,,jungenationalisten,2406,2022-12-12T10:02:05+00:00,4453,0,https://t.me/jungenationalisten/2406
jungenationalisten:2405,"Flugblattverteilung in #Illerkirchberg Eritreer sticht Schulmädchen nieder  - wir fordern:  Abschiebungen, sichere Grenz",jungenationalisten,2405,2022-12-12T10:02:05+00:00,4186,0,https://t.me/jungenationalisten/2405
jungenationalisten:2401,"Der Konsum zu Weihnachten überschattet die tiefsinnigeren Wünsche, die uns langfristig sowohl als Menschen als auch als ",jungenationalisten,2401,2022-12-11T18:17:42+00:00,5296,0,https://t.me/jungenationalisten/2401
jungenationalisten:2400,Der Appell - Folge 12 - Nationalismus und Chauvinismus   Stillgestanden! - Die Augen zur Fahne rechts!   Wir freuen uns ,jungenationalisten,2400,2022-12-11T08:35:03+00:00,1419,0,https://t.me/jungenationalisten/2400
jungenationalisten:2399,"Hier geht es am Sonnabend, 10. Dezember, ab 14.15 Uhr zum Livestream: ➡️ https://www.youtube.com/watch?v=67qt0Jq8ySo",jungenationalisten,2399,2022-12-10T09:13:33+00:00,1379,0,https://t.me/jungenationalisten/2399
jungenationalisten:2398,Veranstaltungshinweis für den norddeutschen Raum:  In gewohnt traditioneller Manier wird auch zum Jahresende die Sonnenw,jungenationalisten,2398,2022-12-07T18:48:27+00:00,3286,0,https://t.me/jungenationalisten/2398
jungenationalisten:2397,,jungenationalisten,2397,2022-12-05T07:46:44+00:00,1989,0,https://t.me/jungenationalisten/2397
jungenationalisten:2396,,jungenationalisten,2396,2022-12-05T07:46:44+00:00,1990,0,https://t.me/jungenationalisten/2396
jungenationalisten:2395,Flugblattverteilung Hannover @jungenationalisten 🇩🇪  Vergangene Woche kam es durch unsere Aktivisten in Hannover zu eine,jungenationalisten,2395,2022-12-05T07:46:44+00:00,1979,0,https://t.me/jungenationalisten/2395
jungenationalisten:2392,🔘 Frank Kraemer im Gespräch [Indogermanen und Arier] Teil1  Indogermanen und Arier haben tiefe Fußstapfen in der Geschic,jungenationalisten,2392,2022-12-04T08:12:48+00:00,1924,0,https://t.me/jungenationalisten/2392
jungenationalisten:2391,"Vorbestellung ab heute möglich: JN Fleecejacke – für Mitglieder!   Wie in den letzten Wochen angekündigt, könnt ihr ab h",jungenationalisten,2391,2022-12-02T11:05:03+00:00,1769,0,https://t.me/jungenationalisten/2391
jungenationalisten:2390,💪🏻 Und jetzt noch ein weiterer Höhepunkt oben drauf:   Am 10. Dezember findet der 2. DS-Netzwerktag in Brandenburg statt,jungenationalisten,2390,2022-12-01T08:34:54+00:00,1512,0,https://t.me/jungenationalisten/2390
jungenationalisten:2389,💥 UNTERSTÜTZEN & VERBREITEN!  Der bekannte Liedermacher Renitenz zeigt sich solidarisch mit der Bürgerrechtlerin Ursula ,jungenationalisten,2389,2022-11-30T08:59:12+00:00,1317,0,https://t.me/jungenationalisten/2389
jungenationalisten:2388,Jugend und Heimat-Stammtisch in Lauchhammer @jungenationalisten 🇩🇪  Wann? Jeder 1.Freitag im Monat. Treffpunkt der Jugen,jungenationalisten,2388,2022-11-28T16:18:29+00:00,1827,0,https://t.me/jungenationalisten/2388
jungenationalisten:2387,"Jugendbewegung – Seit 1969 (Hemd)  Da in den letzten Wochen vermehrt die Frage aufkam, ab wann es dieses schöne T-Hemd w",jungenationalisten,2387,2022-11-28T13:33:08+00:00,1546,0,https://t.me/jungenationalisten/2387
jungenationalisten:2386,DE  Hier ist Dresden!  Liebe Freunde und Unterstützer!  Auch im Jahr 2023 werden wir ein würdiges und ehrenvolles Gedenk,jungenationalisten,2386,2022-11-27T07:03:41+00:00,1404,0,https://t.me/jungenationalisten/2386
jungenationalisten:2385,Macher suchen Macher - Info-Veranstaltung in NRW @jungenationalisten 🇩🇪  Nachdem sich erneut Interessierte in Nordrhein-,jungenationalisten,2385,2022-11-26T10:16:27+00:00,2885,0,https://t.me/jungenationalisten/2385
jungenationalisten:2384,JN-Veranstaltung im Ruhrgebiet durchgeführt. Stützpunktgründung in Planung  Am 25.11.2022 führte die Jugendorganisation ,jungenationalisten,2384,2022-11-26T10:16:01+00:00,1430,0,https://t.me/jungenationalisten/2384
jungenationalisten:2383,,jungenationalisten,2383,2022-11-26T10:16:01+00:00,1418,0,https://t.me/jungenationalisten/2383
jungenationalisten:2382,"⚔️Ahnenkult - Hemd 🥾   DIE AHNEN IM HERZEN, DIE ZUKUNFT IM SINN!  Sportlich, qualitativ, elegant und das nicht nur zum w",jungenationalisten,2382,2022-11-24T12:42:19+00:00,1562,0,https://t.me/jungenationalisten/2382
jungenationalisten:2380,,jungenationalisten,2380,2022-11-22T15:31:49+00:00,4516,0,https://t.me/jungenationalisten/2380
jungenationalisten:2379,,jungenationalisten,2379,2022-11-22T15:31:49+00:00,4504,0,https://t.me/jungenationalisten/2379
jungenationalisten:2378,,jungenationalisten,2378,2022-11-22T15:31:49+00:00,4471,0,https://t.me/jungenationalisten/2378
jungenationalisten:2377,,jungenationalisten,2377,2022-11-22T15:31:49+00:00,4165,0,https://t.me/jungenationalisten/2377
jungenationalisten:2376,,jungenationalisten,2376,2022-11-22T15:31:49+00:00,4161,0,https://t.me/jungenationalisten/2376
jungenationalisten:2374,Strategisches Führungskräftetreffen @jungenationalisten 🇩🇪 Der Einladung des Bundesvorstandes folgte die Mehrheit unsere,jungenationalisten,2374,2022-11-22T15:31:48+00:00,4094,0,https://t.me/jungenationalisten/2374
jungenationalisten:2366,"Noch peinlicher, als die westliche BLM-FfF-LGBTQ+ Hypermoral ist nur die Erkenntnis, dass niemand bereit ist, auch nur d",jungenationalisten,2366,2022-11-21T19:51:45+00:00,1856,0,https://t.me/jungenationalisten/2366
jungenationalisten:2364,Denn bei uns zählen die Taten und der Opfermut!  Wir sind jung und voller Ideale! Genau wie ihr? Und wir wollen eine Zuk,jungenationalisten,2364,2022-11-21T10:48:48+00:00,1535,0,https://t.me/jungenationalisten/2364
jungenationalisten:2363,🕯️ Udo Walendy 🕯️   Mit 95 Jahren wurde der Dissident und deutsche Freiheitskämpfer Udo Walendy zur großen Armee abberuf,jungenationalisten,2363,2022-11-17T17:12:10+00:00,1866,0,https://t.me/jungenationalisten/2363
jungenationalisten:2362,Prozessposse gegen Sascha K.? Ich berichte aus Dortmund!  (Bildung kommt gleich)   👨‍🏫,jungenationalisten,2362,2022-11-17T08:11:59+00:00,1726,0,https://t.me/jungenationalisten/2362
jungenationalisten:2361,,jungenationalisten,2361,2022-11-16T10:20:45+00:00,1712,0,https://t.me/jungenationalisten/2361
jungenationalisten:2360,Neu eingetroffen: Flugblatt Wieder mal (k)ein Einzelfall!   Laut BKA töten und vergewaltigen Ausländer in Deutschland et,jungenationalisten,2360,2022-11-16T10:20:45+00:00,1684,0,https://t.me/jungenationalisten/2360
jungenationalisten:2359,"Heldengedenken 2022 @jungenationalisten 🇩🇪  Die JN organisierte am 13.11.2022 zum Heldengedenken bundesweit Aktionen, an",jungenationalisten,2359,2022-11-15T09:35:19+00:00,1746,0,https://t.me/jungenationalisten/2359
jungenationalisten:2358,,jungenationalisten,2358,2022-11-15T07:01:20+00:00,1650,0,https://t.me/jungenationalisten/2358
jungenationalisten:2357,"Heldengedenken statt  Selbsthass und Schuldpropaganda! @jungenationalisten 🇩🇪  ""Vergiß, mein Volk, die teuren Toten nich",jungenationalisten,2357,2022-11-15T07:01:20+00:00,1643,0,https://t.me/jungenationalisten/2357
jungenationalisten:2356,"Der Appell - Folge 10 - Volksgemeinschaft   Stillgestanden! - Die Augen zur Fahne rechts!   Wir freuen uns darüber, euch",jungenationalisten,2356,2022-11-14T17:50:23+00:00,1298,0,https://t.me/jungenationalisten/2356
jungenationalisten:2355,"Sparpaket für Aktivisten!   Kennt ihr schon unser Aktivistenpaket?   Für alle die, die bis Freitag bestellen gibt es noc",jungenationalisten,2355,2022-11-14T13:45:32+00:00,1247,0,https://t.me/jungenationalisten/2355
jungenationalisten:2354,,jungenationalisten,2354,2022-11-14T09:29:20+00:00,1709,0,https://t.me/jungenationalisten/2354
jungenationalisten:2353,"Heldengedenken statt  Selbsthass und Schuldpropaganda! @jungenationalisten 🇩🇪  ""Auch gute Menschen müssen sterben, aber ",jungenationalisten,2353,2022-11-14T09:29:20+00:00,1628,0,https://t.me/jungenationalisten/2353
jungenationalisten:2352,,jungenationalisten,2352,2022-11-14T09:18:42+00:00,1577,0,https://t.me/jungenationalisten/2352
jungenationalisten:2351,"Heldengedenken statt  Selbsthass und Schuldpropaganda! @jungenationalisten 🇩🇪  ""Vergiß, mein Volk, die teuren Toten nich",jungenationalisten,2351,2022-11-14T09:18:41+00:00,1535,0,https://t.me/jungenationalisten/2351
jungenationalisten:2350,"Heldengedenken statt  Selbsthass und Schuldpropaganda! @jungenationalisten 🇩🇪  ""Vergiß, mein Volk, die teuren Toten nich",jungenationalisten,2350,2022-11-14T08:34:20+00:00,1201,0,https://t.me/jungenationalisten/2350
jungenationalisten:2349,"Heldengedenken statt  Selbsthass und Schuldpropaganda! @jungenationalisten 🇩🇪  ""Vergiß, mein Volk, die teuren Toten nich",jungenationalisten,2349,2022-11-14T07:59:52+00:00,1184,0,https://t.me/jungenationalisten/2349
jungenationalisten:2348,,jungenationalisten,2348,2022-11-14T07:13:45+00:00,1183,0,https://t.me/jungenationalisten/2348
jungenationalisten:2347,"Heldengedenken statt  Selbsthass und Schuldpropaganda! @jungenationalisten 🇩🇪  ""Vergiß, mein Volk, die teuren Toten nich",jungenationalisten,2347,2022-11-14T07:13:45+00:00,1179,0,https://t.me/jungenationalisten/2347
jungenationalisten:2346,"Heldengedenken statt  Selbsthass und Schuldpropaganda! @jungenationalisten 🇩🇪  ""Vergiß, mein Volk, die teuren Toten nich",jungenationalisten,2346,2022-11-14T06:59:30+00:00,1172,0,https://t.me/jungenationalisten/2346
jungenationalisten:2345,"Heldengedenken statt  Selbsthass und Schuldpropaganda! @jungenationalisten 🇩🇪  ""Vergiß, mein Volk, die teuren Toten nich",jungenationalisten,2345,2022-11-14T06:54:40+00:00,1152,0,https://t.me/jungenationalisten/2345
jungenationalisten:2344,,jungenationalisten,2344,2022-11-13T19:30:08+00:00,1507,0,https://t.me/jungenationalisten/2344
jungenationalisten:2343,,jungenationalisten,2343,2022-11-13T19:30:07+00:00,1504,0,https://t.me/jungenationalisten/2343
jungenationalisten:2342,"Heldengedenken statt  Selbsthass und Schuldpropaganda! @jungenationalisten 🇩🇪  ""Vergiß, mein Volk, die teuren Toten nich",jungenationalisten,2342,2022-11-13T19:30:07+00:00,1460,0,https://t.me/jungenationalisten/2342
jungenationalisten:2341,"Heldengedenken statt  Selbsthass und Schuldpropaganda! @jungenationalisten 🇩🇪  ""Vergiß, mein Volk, die teuren Toten nich",jungenationalisten,2341,2022-11-13T19:26:24+00:00,1392,0,https://t.me/jungenationalisten/2341
jungenationalisten:2340,"Heldengedenken statt  Selbsthass und Schuldpropaganda! @jungenationalisten 🇩🇪  ""Vergiß, mein Volk, die teuren Toten nich",jungenationalisten,2340,2022-11-13T19:24:52+00:00,1352,0,https://t.me/jungenationalisten/2340
jungenationalisten:2339,,jungenationalisten,2339,2022-11-13T13:43:46+00:00,1415,0,https://t.me/jungenationalisten/2339
jungenationalisten:2338,,jungenationalisten,2338,2022-11-13T13:43:46+00:00,1417,0,https://t.me/jungenationalisten/2338
jungenationalisten:2337,"Heldengedenken statt Selbsthass und Schuldpropaganda! @jungenationalisten 🇩🇪  ""Vergiß, mein Volk, die teuren Toten nicht",jungenationalisten,2337,2022-11-13T13:43:46+00:00,1371,0,https://t.me/jungenationalisten/2337
jungenationalisten:2336,"Heldengedenken statt  Selbsthass und Schuldpropaganda! @jungenationalisten 🇩🇪  ""Vergiß, mein Volk, die teuren Toten nich",jungenationalisten,2336,2022-11-13T12:56:47+00:00,1483,0,https://t.me/jungenationalisten/2336
jungenationalisten:2335,,jungenationalisten,2335,2022-11-13T11:45:54+00:00,1380,0,https://t.me/jungenationalisten/2335
jungenationalisten:2334,"Heldengedenken statt  Selbsthass und Schuldpropaganda! @jungenationalisten 🇩🇪  ""Vergiß, mein Volk, die teuren Toten nich",jungenationalisten,2334,2022-11-13T11:45:54+00:00,1371,0,https://t.me/jungenationalisten/2334
jungenationalisten:2333,"Heldengedenken statt  Selbsthass und Schuldpropaganda! @jungenationalisten 🇩🇪  ""Vergiß, mein Volk, die teuren Toten nich",jungenationalisten,2333,2022-11-13T10:56:09+00:00,1412,0,https://t.me/jungenationalisten/2333
jungenationalisten:2332,,jungenationalisten,2332,2022-11-13T08:24:38+00:00,1176,0,https://t.me/jungenationalisten/2332
jungenationalisten:2331,,jungenationalisten,2331,2022-11-13T08:24:38+00:00,1166,0,https://t.me/jungenationalisten/2331
jungenationalisten:2330,,jungenationalisten,2330,2022-11-13T08:24:38+00:00,1169,0,https://t.me/jungenationalisten/2330
jungenationalisten:2329,,jungenationalisten,2329,2022-11-13T08:24:38+00:00,1151,0,https://t.me/jungenationalisten/2329
jungenationalisten:2328,,jungenationalisten,2328,2022-11-13T08:24:38+00:00,1152,0,https://t.me/jungenationalisten/2328
jungenationalisten:2327,,jungenationalisten,2327,2022-11-13T08:24:38+00:00,1155,0,https://t.me/jungenationalisten/2327
jungenationalisten:2326,,jungenationalisten,2326,2022-11-13T08:24:38+00:00,1155,0,https://t.me/jungenationalisten/2326
jungenationalisten:2325,,jungenationalisten,2325,2022-11-13T08:24:38+00:00,1160,0,https://t.me/jungenationalisten/2325
jungenationalisten:2324,,jungenationalisten,2324,2022-11-13T08:24:38+00:00,1161,0,https://t.me/jungenationalisten/2324
jungenationalisten:2323,Der zweite Tag des Seminars für Nachwuchsautoren im Rahmen der DS-Jugendakademie hat begonnen. Gleich werden wir jedoch ,jungenationalisten,2323,2022-11-13T08:24:38+00:00,1161,0,https://t.me/jungenationalisten/2323
jungenationalisten:2322,,jungenationalisten,2322,2022-11-12T17:58:45+00:00,3226,0,https://t.me/jungenationalisten/2322
jungenationalisten:2321,,jungenationalisten,2321,2022-11-12T17:58:45+00:00,3199,0,https://t.me/jungenationalisten/2321
jungenationalisten:2320,,jungenationalisten,2320,2022-11-12T17:58:45+00:00,3197,0,https://t.me/jungenationalisten/2320
jungenationalisten:2319,Kein Verbot stoppt Schwarz-Weiß-Rot @jungenationalisten 🇩🇪  Unsere Beteiligung an der Demonstration in Spremberg gegen Z,jungenationalisten,2319,2022-11-12T17:58:45+00:00,3099,0,https://t.me/jungenationalisten/2319
jungenationalisten:2318,Die Pflicht ruft auch dich! @wirpackenan 🧹  Habt ihr schon alles für morgen vorbereitet?   Das wenigste was wir für sie ,jungenationalisten,2318,2022-11-12T16:32:22+00:00,1235,0,https://t.me/jungenationalisten/2318
jungenationalisten:2317,Josue Libertad!,jungenationalisten,2317,2022-11-11T20:49:31+00:00,1205,0,https://t.me/jungenationalisten/2317
jungenationalisten:2316,AM SONNTAG HERAUS ZUM VOLKSTRAUERTAG! @jungenationalisten  🇩🇪  Wie in jedem Jahr wollen wir auch am kommenden Sonntag er,jungenationalisten,2316,2022-11-11T14:01:08+00:00,9248,0,https://t.me/jungenationalisten/2316
jungenationalisten:2315,"Hier nun mein neues Video, diesmal geht es um Pistolenarmbrüste. Zum Unterstützen teilt das Video, kommentiert und drück",jungenationalisten,2315,2022-11-11T10:28:01+00:00,1328,0,https://t.me/jungenationalisten/2315
jungenationalisten:2314,"3 Lieder zum Herbst @jungenationalisten 🇩🇪  Die Nacht bricht stetig früher in den Tag. Bunt strahlen die Bäumen, durch d",jungenationalisten,2314,2022-11-09T15:24:10+00:00,1632,0,https://t.me/jungenationalisten/2314
jungenationalisten:2313,,jungenationalisten,2313,2022-11-09T10:49:24+00:00,5043,0,https://t.me/jungenationalisten/2313
jungenationalisten:2312,,jungenationalisten,2312,2022-11-09T10:49:24+00:00,5024,0,https://t.me/jungenationalisten/2312
jungenationalisten:2311,Wenn die Nacht uns ruft! Plakataktion in Döbeln. @jungenationalisten 🇩🇪  Die zunehmende weltweite Verflechtung in allen ,jungenationalisten,2311,2022-11-09T10:49:24+00:00,4735,0,https://t.me/jungenationalisten/2311
jungenationalisten:2310,"Zum heutigen Wiegenfest: @jungenationalisten 🇩🇪  Ursula Haverbeck, geboren am 8.November 1928, feiert heute ihren 94. Ge",jungenationalisten,2310,2022-11-08T19:56:08+00:00,3034,0,https://t.me/jungenationalisten/2310
jungenationalisten:2308,Vernetzung der Heimattreuen: ➡️ Jetzt annelden: Wir gehen in die nächste Runde!   Unsere Heimat ist in Gefahr! Die Willk,jungenationalisten,2308,2022-11-07T07:58:01+00:00,1458,0,https://t.me/jungenationalisten/2308
jungenationalisten:2307,,jungenationalisten,2307,2022-11-05T13:07:00+00:00,1865,0,https://t.me/jungenationalisten/2307
jungenationalisten:2306,,jungenationalisten,2306,2022-11-05T13:07:00+00:00,1860,0,https://t.me/jungenationalisten/2306
jungenationalisten:2305,"Schüler informieren Schüler! @jungenationalisten 🇩🇪  Nach unserer Verteilaktion an einer Döbelner Berufsschule, wollen d",jungenationalisten,2305,2022-11-05T13:07:00+00:00,1842,0,https://t.me/jungenationalisten/2305
jungenationalisten:2304,"Diese Worte schrieb, der zu lebenslanger Haft verurteilte deutsche Offizier, Joachim ""Jochen"" Peiper, an einem dunkeltrü",jungenationalisten,2304,2022-11-04T09:44:20+00:00,6356,0,https://t.me/jungenationalisten/2304
jungenationalisten:2303,Volkskraftmomente für den artgerechten Lebensstil! @jungenationalisten 🇩🇪  Welchen Weg wählst du? 😏,jungenationalisten,2303,2022-11-03T16:07:01+00:00,10641,0,https://t.me/jungenationalisten/2303
jungenationalisten:2302,,jungenationalisten,2302,2022-11-02T09:05:37+00:00,2047,0,https://t.me/jungenationalisten/2302
jungenationalisten:2301,,jungenationalisten,2301,2022-11-02T09:05:37+00:00,2050,0,https://t.me/jungenationalisten/2301
jungenationalisten:2300,Aktuell ist unser BAK Europa zu Besuch bei unseren europäischen Brüdern in Griechenland. @jungenationalisten 🇩🇪  Gestern,jungenationalisten,2300,2022-11-02T09:05:37+00:00,1911,0,https://t.me/jungenationalisten/2300
jungenationalisten:2299,,jungenationalisten,2299,2022-11-01T15:38:33+00:00,1829,0,https://t.me/jungenationalisten/2299
jungenationalisten:2298,Wanderung in der Lüneburger Heide! @jungenationalisten 🇩🇪  Nicht nur die Berge haben ihren Reiz. (...)Feine Nebelschwade,jungenationalisten,2298,2022-11-01T15:38:33+00:00,1665,0,https://t.me/jungenationalisten/2298
jungenationalisten:2297,Martin Luther - Revolutionär gegen Rom  @jungenationalisten 🇩🇪  (...) Als Revolutionär schuf Martin Luther dadurch seine,jungenationalisten,2297,2022-10-31T09:10:30+00:00,2284,0,https://t.me/jungenationalisten/2297
jungenationalisten:2296,"Heute vor 13 Jahren verstarb Jürgen Rieger, der ""Anwalt für Deutschland"". @jungenationalisten 🇩🇪  Wie kein anderer Aktiv",jungenationalisten,2296,2022-10-29T09:52:45+00:00,2196,0,https://t.me/jungenationalisten/2296
jungenationalisten:2295,"Paragraf §130 erneut verschärft @jungenationalisten 🇩🇪  Der Volksverhetzungsparagraf, der ohnehin nur dazu dient die hei",jungenationalisten,2295,2022-10-28T10:03:52+00:00,4300,0,https://t.me/jungenationalisten/2295
jungenationalisten:2294,"WHITE LIVES MATTER @jungenationalisten 🇩🇪   Im Gedenken an Lola aus Frankreich, sowie Sascha und Jonas aus Ludwigshafen,",jungenationalisten,2294,2022-10-27T09:39:16+00:00,9978,0,https://t.me/jungenationalisten/2294
jungenationalisten:2293,🏴 Untersturmführer Herbert Bellschan von Mildenburg ist tot!  Uns erreichte die folgende Nachricht:  Leider muss mitgete,jungenationalisten,2293,2022-10-27T09:28:30+00:00,1565,0,https://t.me/jungenationalisten/2293
jungenationalisten:2292,"Wie seit einigen Tagen der Tagespresse zu entnehmen ist, möchte der chinesische Staatskonzern Cosco große Anteile am Ham",jungenationalisten,2292,2022-10-26T09:40:07+00:00,7172,0,https://t.me/jungenationalisten/2292
jungenationalisten:2291,Hausdurchsuchungen wegen Telegram-Nachrichten @jungenationalisten 🇩🇪  Telegram ist auf dem selben Weg wie Facebook.  Kri,jungenationalisten,2291,2022-10-26T08:56:04+00:00,2308,0,https://t.me/jungenationalisten/2291
jungenationalisten:2290,💪🏻Neues Plakat!  „Wir halten Stand - und du?“  Wir sind die autochthone Jugend Europas und damit zum Erhalt unserer Lebe,jungenationalisten,2290,2022-10-25T15:18:48+00:00,1539,0,https://t.me/jungenationalisten/2290
jungenationalisten:2289,,jungenationalisten,2289,2022-10-25T09:11:56+00:00,3471,0,https://t.me/jungenationalisten/2289
jungenationalisten:2288,,jungenationalisten,2288,2022-10-25T09:11:56+00:00,3435,0,https://t.me/jungenationalisten/2288
jungenationalisten:2287,"Als nationalistische Jugendbewegung ist es uns wichtig neben politischer Arbeit auch das im Kleinen umzusetzen, was wir ",jungenationalisten,2287,2022-10-25T09:11:55+00:00,3206,0,https://t.me/jungenationalisten/2287
jungenationalisten:2283,"(1/2) Nicht das erste Mal gibt es diese Debatte, nun heißt es auch in Brandenburg: „Kein Verbot stoppt Schwarz, Weiss un",jungenationalisten,2283,2022-10-24T08:05:46+00:00,1770,0,https://t.me/jungenationalisten/2283
jungenationalisten:2281,,jungenationalisten,2281,2022-10-23T08:31:55+00:00,3867,0,https://t.me/jungenationalisten/2281
jungenationalisten:2280,"Stützpunktgründung Baden-Württemberg  Mit Freude können wir berichten, dass die politische Jugendarbeit im Süd-Westen nu",jungenationalisten,2280,2022-10-23T08:31:55+00:00,3655,0,https://t.me/jungenationalisten/2280
jungenationalisten:2279,Aufkleber: „Kampfsport statt Kiffen“  Es gibt viele Gründe sich selbst und seine Weggefährten wehrhaft zu machen.   In e,jungenationalisten,2279,2022-10-19T18:35:44+00:00,1997,0,https://t.me/jungenationalisten/2279
jungenationalisten:2278,,jungenationalisten,2278,2022-10-19T09:12:17+00:00,1602,0,https://t.me/jungenationalisten/2278
jungenationalisten:2277,"In ehrendem Gedenken an Christian „Hehli“ Hehl:  „ICH HATT EINEN KAMERADEN, EINEN BESSERN FINDST DU NICHT!“  Sascha A. R",jungenationalisten,2277,2022-10-19T09:12:17+00:00,1454,0,https://t.me/jungenationalisten/2277
jungenationalisten:2276,,jungenationalisten,2276,2022-10-18T12:15:27+00:00,1667,0,https://t.me/jungenationalisten/2276
jungenationalisten:2275,,jungenationalisten,2275,2022-10-18T12:15:27+00:00,1666,0,https://t.me/jungenationalisten/2275
jungenationalisten:2274,JN unterwegs auf Burg Mildenstein @jungenationalisten 🇩🇪  Für die Messestadtaktivisten war die Jährung der Teilwiederver,jungenationalisten,2274,2022-10-18T12:15:27+00:00,1582,0,https://t.me/jungenationalisten/2274
jungenationalisten:2270,Deutsche Jugend erhebt euch!  Die Akzeptanz und die Solidarität im Volke wachsen mit jeder neuen originellen Aktion – di,jungenationalisten,2270,2022-10-17T18:31:13+00:00,1596,0,https://t.me/jungenationalisten/2270
jungenationalisten:2269,"Der Appell - Folge 8 - Gesellschaft  Stillgestanden! - Die Augen zur Fahne rechts!   Wir freuen uns darüber, euch zur ac",jungenationalisten,2269,2022-10-16T10:44:19+00:00,1494,0,https://t.me/jungenationalisten/2269
jungenationalisten:2268,"Familienministerium empfiehlt Jugendlichen Hormonblocker zu nehmen, damit diese Zeit haben sich ihr Geschlecht auszusuch",jungenationalisten,2268,2022-10-13T14:45:22+00:00,3665,0,https://t.me/jungenationalisten/2268
jungenationalisten:2267,„Was bedeutet Heimat für dich?“ Und was verbinde ich mit Heimat? @jungenationalisten 🇩🇪  Es folgt der Beitrag zum Nachwu,jungenationalisten,2267,2022-10-10T16:05:20+00:00,4160,0,https://t.me/jungenationalisten/2267
jungenationalisten:2266,Versandkostenfrei: Heute bis 22:00 Uhr bestellen und ihr spart euch die Versandkosten!  Wer heute bis 22:00 Uhr bestellt,jungenationalisten,2266,2022-10-09T08:55:26+00:00,1929,0,https://t.me/jungenationalisten/2266
jungenationalisten:2265,,jungenationalisten,2265,2022-10-08T09:32:31+00:00,1592,0,https://t.me/jungenationalisten/2265
jungenationalisten:2264,"🌲Wanderjugend - Hemd 🥾   In Zeiten, in denen sich andere aufsplittern und trennen, bleiben wir standhaft und verschworen",jungenationalisten,2264,2022-10-08T09:32:31+00:00,1584,0,https://t.me/jungenationalisten/2264
jungenationalisten:2263,Heute um 18 Uhr erscheint das neue Video als Premiere zum mitkommentieren   Mythos Teelichtofen - Hilft er bei Blackout ,jungenationalisten,2263,2022-10-08T05:59:48+00:00,1598,0,https://t.me/jungenationalisten/2263
jungenationalisten:2254,"💪🏻Neues Plakat! „Verschiedene Krisen - Derselbe Verursacher“   🎵 Sie hätten alles versucht, geben vor, sich zu bemühen. ",jungenationalisten,2254,2022-10-04T16:00:44+00:00,3689,0,https://t.me/jungenationalisten/2254
jungenationalisten:2250,Der Landeskongress Mitte neigt sich dem Ende. Es spricht der neue Vorsitzende Nico Koal und skizziert seine Pläne für di,jungenationalisten,2250,2022-10-01T10:43:29+00:00,4091,0,https://t.me/jungenationalisten/2250
jungenationalisten:2248,DS-Netzwerktag: Schulterschluss der Heimattreuen 💪🏻  Jetzt steht es fest: Am 10. Dezember 2022 wird der zweite DS-Netzwe,jungenationalisten,2248,2022-09-30T18:10:03+00:00,2209,0,https://t.me/jungenationalisten/2248
jungenationalisten:2247,,jungenationalisten,2247,2022-09-29T13:41:30+00:00,4341,0,https://t.me/jungenationalisten/2247
jungenationalisten:2245,,jungenationalisten,2245,2022-09-27T14:26:24+00:00,0,0,https://t.me/jungenationalisten/2245
jungenationalisten:2244,,jungenationalisten,2244,2022-09-26T14:18:57+00:00,8833,0,https://t.me/jungenationalisten/2244
jungenationalisten:2243,,jungenationalisten,2243,2022-09-26T14:18:56+00:00,8727,0,https://t.me/jungenationalisten/2243
jungenationalisten:2242,,jungenationalisten,2242,2022-09-26T14:18:56+00:00,8110,0,https://t.me/jungenationalisten/2242
jungenationalisten:2241,,jungenationalisten,2241,2022-09-26T14:18:56+00:00,8090,0,https://t.me/jungenationalisten/2241
jungenationalisten:2240,CSD in Döbeln? Nein danke! @jungenationalisten 🇩🇪  Der erste LGBTQ-Kuriositäten Parade im mittelsächsischen Döbeln blieb,jungenationalisten,2240,2022-09-26T14:18:56+00:00,7952,0,https://t.me/jungenationalisten/2240
jungenationalisten:2234,,jungenationalisten,2234,2022-09-26T07:22:59+00:00,2457,0,https://t.me/jungenationalisten/2234
jungenationalisten:2233,,jungenationalisten,2233,2022-09-26T07:22:58+00:00,2451,0,https://t.me/jungenationalisten/2233
jungenationalisten:2232,,jungenationalisten,2232,2022-09-26T07:22:58+00:00,2448,0,https://t.me/jungenationalisten/2232
jungenationalisten:2231,Niedersachsen:  Gelegentlich versammeln sich zu selbstdarstellerischen Zwecken antideutsche Elemente vor einem heimattre,jungenationalisten,2231,2022-09-26T07:22:58+00:00,2468,0,https://t.me/jungenationalisten/2231
jungenationalisten:2230,,jungenationalisten,2230,2022-09-25T13:25:37+00:00,1730,0,https://t.me/jungenationalisten/2230
jungenationalisten:2229,,jungenationalisten,2229,2022-09-25T13:25:37+00:00,1770,0,https://t.me/jungenationalisten/2229
jungenationalisten:2228,"Angriff auf Familienzentrum und Tauschbörse D32 während des ""CSD"" in Döbeln!   Während einige Helfer und Initiatoren des",jungenationalisten,2228,2022-09-25T13:25:37+00:00,1709,0,https://t.me/jungenationalisten/2228
jungenationalisten:2227,Landeskongress und Erntedankfest am 01. Oktober  @jungenationalisten 🇩🇪  Der Landesverband Mitte lädt zum nächsten Lande,jungenationalisten,2227,2022-09-25T12:21:35+00:00,3583,1,https://t.me/jungenationalisten/2227
jungenationalisten:2225,"Umhängetaschen für Aktivisten!   – kleine, sportliche, funktionelle Umhängetasche; Hauptfach mit flacher Reißverschluss-",jungenationalisten,2225,2022-09-21T17:05:50+00:00,2119,0,https://t.me/jungenationalisten/2225
jungenationalisten:2224,,jungenationalisten,2224,2022-09-20T15:49:06+00:00,0,0,https://t.me/jungenationalisten/2224
jungenationalisten:2223,"Schon unseren Infobrief erhalten?  Wir, die JN, verkörpern mit unserem Dreiklang die wichtigste  nationale Jugendorganis",jungenationalisten,2223,2022-09-20T15:47:46+00:00,2598,0,https://t.me/jungenationalisten/2223
jungenationalisten:2221,"DS-Jugendakademie:  Publizistischer Nachwuchs für die Heimat!  An unsere Nachwuchs-Autoren oder solche, die es werden wo",jungenationalisten,2221,2022-09-20T10:43:12+00:00,1582,0,https://t.me/jungenationalisten/2221
jungenationalisten:2220,"Der Appell - Folge 6 - Sozialismus  Stillgestanden! - Die Augen zur Fahne rechts!   Wir freuen uns darüber, euch auch zu",jungenationalisten,2220,2022-09-18T07:54:18+00:00,1717,0,https://t.me/jungenationalisten/2220
jungenationalisten:2219,"Schnappt euch eure Bande und nutzt die letzten Tage, um gemeinsam an der frischen Luft Sport zu treiben.  Schließlich si",jungenationalisten,2219,2022-09-17T12:21:27+00:00,1961,0,https://t.me/jungenationalisten/2219
jungenationalisten:2218,"CSD in Döbeln?  Eine Jugend rebelliert! @jungenationalisten 🇩🇪  In Zeiten der absoluten Angleichung, der Frühsexualisier",jungenationalisten,2218,2022-09-16T08:09:57+00:00,3501,0,https://t.me/jungenationalisten/2218
jungenationalisten:2217,,jungenationalisten,2217,2022-09-14T16:03:48+00:00,3488,0,https://t.me/jungenationalisten/2217
jungenationalisten:2216,,jungenationalisten,2216,2022-09-14T16:03:48+00:00,3470,0,https://t.me/jungenationalisten/2216
jungenationalisten:2215,Pommern: Jugend & Nation! @jungenationalisten 🇩🇪  Vergangenes Wochenende veranstaltete unsere Jugendbewegung in Pommern ,jungenationalisten,2215,2022-09-14T16:03:47+00:00,3202,0,https://t.me/jungenationalisten/2215
jungenationalisten:2211,,jungenationalisten,2211,2022-09-14T10:34:38+00:00,1773,0,https://t.me/jungenationalisten/2211
jungenationalisten:2210,,jungenationalisten,2210,2022-09-14T10:34:38+00:00,1769,0,https://t.me/jungenationalisten/2210
jungenationalisten:2209,,jungenationalisten,2209,2022-09-14T10:34:38+00:00,1764,0,https://t.me/jungenationalisten/2209
jungenationalisten:2208,,jungenationalisten,2208,2022-09-14T10:34:38+00:00,1718,0,https://t.me/jungenationalisten/2208
jungenationalisten:2207,Kleine Vorschau und bald bestellbar! 💪🏻  💥 Wie findet ihr unsere neuen Schultertaschen?   Vorbeischauen lohnt sich! ->ht,jungenationalisten,2207,2022-09-14T10:34:38+00:00,1708,0,https://t.me/jungenationalisten/2207
jungenationalisten:2206,Schwarz-Weiß-Rot oder Schwarz-Rot-Gold? Welche sind die deutschen Farben? @jungenationalisten 🇩🇪  Unser Arbeitskreis Bil,jungenationalisten,2206,2022-09-12T15:00:22+00:00,17069,1,https://t.me/jungenationalisten/2206
jungenationalisten:2203,Morgen beginnen die zweiten Volkskraftwochen 2022.  Gesunde Menschen für ein gesundes Volk! Das Konzept geht auf den Vol,jungenationalisten,2203,2022-09-11T17:54:18+00:00,3018,0,https://t.me/jungenationalisten/2203
jungenationalisten:2202,,jungenationalisten,2202,2022-09-11T16:35:38+00:00,1768,0,https://t.me/jungenationalisten/2202
jungenationalisten:2201,,jungenationalisten,2201,2022-09-11T16:35:38+00:00,1769,0,https://t.me/jungenationalisten/2201
jungenationalisten:2200,,jungenationalisten,2200,2022-09-11T16:35:38+00:00,1752,0,https://t.me/jungenationalisten/2200
jungenationalisten:2199,,jungenationalisten,2199,2022-09-11T16:35:38+00:00,1437,0,https://t.me/jungenationalisten/2199
jungenationalisten:2198,,jungenationalisten,2198,2022-09-11T16:35:38+00:00,1441,0,https://t.me/jungenationalisten/2198
jungenationalisten:2197,"Liebe DS- Freunde! Der gestrige Netzwerktag der DEUTSCHEN STIMME war - das zeigen mir auch alle Rückmeldungen, die ich v",jungenationalisten,2197,2022-09-11T16:35:37+00:00,1421,0,https://t.me/jungenationalisten/2197
jungenationalisten:2196,Blick in den gut gefüllten Vortragssaal.,jungenationalisten,2196,2022-09-10T18:49:48+00:00,1532,0,https://t.me/jungenationalisten/2196
jungenationalisten:2195,Heute unterwegs beim Netzwerktag vom @deutschestimmemagazin.  Systemkritik und Heimatverbundenheit bleiben das notwendig,jungenationalisten,2195,2022-09-10T11:39:00+00:00,2749,0,https://t.me/jungenationalisten/2195
jungenationalisten:2194,"📯Neuigkeiten📯  Hallo Freunde,  eure Meinung ist gefragt!  Es liegen nun bereits einige Folgen unseres Formats hinter uns",jungenationalisten,2194,2022-09-10T06:24:09+00:00,1498,0,https://t.me/jungenationalisten/2194
jungenationalisten:2192,"Die vergangenen Jahre haben gezeigt, wie wichtig eingeschworene Gemeinschaften sind, um sich so gut es geht von staatlic",jungenationalisten,2192,2022-09-09T08:44:50+00:00,1640,0,https://t.me/jungenationalisten/2192
jungenationalisten:2191,Materialismus und Globalismus: Grundlagen kommunistischer und liberalkapitalistischer Denkweisen.  Unsere lebensbejahend,jungenationalisten,2191,2022-09-08T12:46:26+00:00,2660,0,https://t.me/jungenationalisten/2191
jungenationalisten:2190,"Der Mann kann einfach nicht real sein. Wirtschaftsminister Habeck erklärt bei Maischberger, dass bestimmte Betriebe - be",jungenationalisten,2190,2022-09-07T06:01:32+00:00,1538,0,https://t.me/jungenationalisten/2190
jungenationalisten:2189,Wenn die Volkskraft wieder kickt. 😏☝️  @jungenationalisten 🇩🇪,jungenationalisten,2189,2022-09-06T05:41:27+00:00,7656,0,https://t.me/jungenationalisten/2189
jungenationalisten:2188,,jungenationalisten,2188,2022-09-05T17:11:15+00:00,3116,0,https://t.me/jungenationalisten/2188
jungenationalisten:2187,,jungenationalisten,2187,2022-09-05T17:11:15+00:00,3106,0,https://t.me/jungenationalisten/2187
jungenationalisten:2186,Selbstverständlich sind wir heute auch in Leipzig! #le0509  Jugend zu uns!   @jungenationalisten 🇩🇪,jungenationalisten,2186,2022-09-05T17:11:15+00:00,2923,0,https://t.me/jungenationalisten/2186
jungenationalisten:2185,"Der Appell - Folge 5 - Nationalismus  Stillgestanden! - Die Augen zur Fahne rechts!   Wir freuen uns darüber, euch auch ",jungenationalisten,2185,2022-09-04T11:19:32+00:00,1678,0,https://t.me/jungenationalisten/2185
jungenationalisten:2184,"„Normal statt Divers“ - Aufkleber wieder vorrätig!  Kennt ihr das? Ihr seht Werbung oder schaltet in eine Serie ein, doc",jungenationalisten,2184,2022-09-03T10:52:12+00:00,1536,0,https://t.me/jungenationalisten/2184
jungenationalisten:2183,Volkskultur statt Cancel Culture! Flugblattverteilung in Bad Segeberg bei den Karl-May-Festspielen nach der irren Debatt,jungenationalisten,2183,2022-09-02T17:51:56+00:00,9467,0,https://t.me/jungenationalisten/2183
jungenationalisten:2182,"Unsere Heimat wird von fremdbestimmten Marionetten regiert, denen das Wohl ihres eigenen Volkes komplett egal ist.  Durc",jungenationalisten,2182,2022-09-02T10:36:00+00:00,7938,0,https://t.me/jungenationalisten/2182
jungenationalisten:2181,Ein Fehler hatte sich in die Beschreibung geschlichen 🤔  Also jetzt nochmal: Vom 11.9. bis zum 9.11. laufen die Herbst-V,jungenationalisten,2181,2022-09-01T13:39:27+00:00,1778,0,https://t.me/jungenationalisten/2181
jungenationalisten:2180,Dieser Staat hasst dich!   Die stümperhafte Almosenpolitik war Symptompfuscherei & die Ausgabe der letzten Beruhigungspi,jungenationalisten,2180,2022-09-01T11:15:32+00:00,3150,0,https://t.me/jungenationalisten/2180
jungenationalisten:2179,Braunschweig hält stand!  Keine Lust auf: - linke Versager - Überfremdung  - LGBTQ-Ideologie  Schaut auf Instagram vorbe,jungenationalisten,2179,2022-08-29T18:38:00+00:00,2020,0,https://t.me/jungenationalisten/2179
jungenationalisten:2178,"Beitrag eines JN Aktivisten zum Nachwuchsautorenwettbewerb vom @deutschestimmemagazin  ""Was bedeutet Heimat für dich?""  ",jungenationalisten,2178,2022-08-28T06:41:03+00:00,4091,0,https://t.me/jungenationalisten/2178
jungenationalisten:2175,+++ Gewinnspiel 😎+++  Es ist wieder Zeit für ein kleines aber feines Gewinnspiel!   Wir verlosen zwei große Pakete Aufkl,jungenationalisten,2175,2022-08-27T08:35:33+00:00,1828,0,https://t.me/jungenationalisten/2175
jungenationalisten:2174,"Heimatliebe ist Verpflichtung!  Die Heimat ist unsere Burg, die heute nicht nur von außen, sondern auch von innen bedroh",jungenationalisten,2174,2022-08-25T16:45:51+00:00,1675,0,https://t.me/jungenationalisten/2174
jungenationalisten:2173,Kein Landeskongress ist illegal | Weitere juristische Erfolge in Eschede @jungenationalisten 🇩🇪  Dieser Staat bricht ohn,jungenationalisten,2173,2022-08-25T06:52:07+00:00,1755,0,https://t.me/jungenationalisten/2173
jungenationalisten:2172,"Das Lied der Freiheit  Es lebe, was auf Erden nach Freiheit strebt und wirbt von Freiheit singt und saget, für Freiheit ",jungenationalisten,2172,2022-08-25T06:18:00+00:00,1417,0,https://t.me/jungenationalisten/2172
jungenationalisten:2171,Europa-Jugend-Revolution📢   Ab heute haben wir einen neuen Aufkleber im Sortiment!   Für ein Europa der Vaterländer!  Di,jungenationalisten,2171,2022-08-24T12:18:27+00:00,1388,0,https://t.me/jungenationalisten/2171
jungenationalisten:2170,"Unser Land - unsere Regeln!   Anstatt die Probleme und Tätergruppen beim Namen zu nennen, werden Übergriffe relativiert ",jungenationalisten,2170,2022-08-23T10:00:38+00:00,1560,0,https://t.me/jungenationalisten/2170
jungenationalisten:2169,3 Lieder zum...Wandern Teil I @jungenationalisten 🇩🇪 In allen Bundesländern neigen sich die Sommerferien dem Ende. Grund,jungenationalisten,2169,2022-08-22T08:12:06+00:00,2912,0,https://t.me/jungenationalisten/2169
jungenationalisten:2168,"💥 Ab sofort ist die neue Folge 5 - Die nahende Krise online 🎥  ⚠️ Die BRD im Dauerkrisen-Modus: Energiekrise, Wirtschaft",jungenationalisten,2168,2022-08-22T06:50:55+00:00,1272,0,https://t.me/jungenationalisten/2168
jungenationalisten:2167,"Der Appell - Folge 4 - Herrschaft und Macht  Stillgestanden! - Die Augen zur Fahne rechts!   Wir freuen uns darüberr, eu",jungenationalisten,2167,2022-08-21T10:49:18+00:00,1441,0,https://t.me/jungenationalisten/2167
jungenationalisten:2165,,jungenationalisten,2165,2022-08-20T07:38:12+00:00,1677,0,https://t.me/jungenationalisten/2165
jungenationalisten:2164,"„Wenn wir erklimmen sonnige Höhen,  Klettern dem Gipfelkranz zu,  In unsern Herzen brennt eine Sehnsucht,  Die lässt uns",jungenationalisten,2164,2022-08-19T08:27:49+00:00,1832,0,https://t.me/jungenationalisten/2164
jungenationalisten:2163,Mord verjährt nicht - Vor der Versöhnung kommt die Wahrheit - Gebt die Akten frei! @jungenationalisten 🇩🇪 Das Interesse ,jungenationalisten,2163,2022-08-17T15:20:14+00:00,4813,0,https://t.me/jungenationalisten/2163
jungenationalisten:2161,"Wer sein lebenslang kriecht, bleibt für immer ein Knecht!   Israel ist und bleibt der Feind aller Völker!   JN-Grundsatz",jungenationalisten,2161,2022-08-17T10:50:53+00:00,1692,0,https://t.me/jungenationalisten/2161
jungenationalisten:2160,,jungenationalisten,2160,2022-08-16T18:35:20+00:00,2655,0,https://t.me/jungenationalisten/2160
jungenationalisten:2159,,jungenationalisten,2159,2022-08-16T18:35:20+00:00,2666,0,https://t.me/jungenationalisten/2159
jungenationalisten:2158,,jungenationalisten,2158,2022-08-16T18:35:20+00:00,2665,0,https://t.me/jungenationalisten/2158
jungenationalisten:2157,Karte und Kompass kennen oder nutzen viele von uns nur noch auf dem Mobiltelefon.  Doch wie können wir analog unseren St,jungenationalisten,2157,2022-08-16T18:35:19+00:00,2644,1,https://t.me/jungenationalisten/2157
jungenationalisten:2156,Pommern: Jugend & Nation 🇩🇪  Ihr seid aus Mecklenburg oder Pommern und zwischen 14 und 30 Jahren alt? Eure Heimat liegt ,jungenationalisten,2156,2022-08-15T14:27:40+00:00,2830,0,https://t.me/jungenationalisten/2156
jungenationalisten:2155,"Gestern gab es Theorie- und Praxisunterricht, mit einem nächtlichen Orientierungsmarsch, für junge Leute aus verschieden",jungenationalisten,2155,2022-08-15T12:02:58+00:00,1596,0,https://t.me/jungenationalisten/2155
jungenationalisten:2154,"Vorbestellung ab heute möglich : Jugendbewegung – Seit 1969 (Hemd)  Da in den letzten Wochen vermehrt die Frage aufkam, ",jungenationalisten,2154,2022-08-14T09:14:41+00:00,1641,0,https://t.me/jungenationalisten/2154
jungenationalisten:2153,"Ein Schwur, eine Verpflichtung, eine Gemeinschaft. …verschrieben im Kampf gegen die Belanglosigkeit dieser Gesellschaft.",jungenationalisten,2153,2022-08-12T10:51:49+00:00,2010,0,https://t.me/jungenationalisten/2153
jungenationalisten:2151,"Prozess gegen Lina E.: Kronzeuge packt aus!  In bundesweit organisierten ""Trainings"" bereiteten sie ihre brutalen Anschl",jungenationalisten,2151,2022-08-11T06:55:10+00:00,1527,0,https://t.me/jungenationalisten/2151
jungenationalisten:2150,,jungenationalisten,2150,2022-08-10T18:55:51+00:00,0,0,https://t.me/jungenationalisten/2150
jungenationalisten:2149,,jungenationalisten,2149,2022-08-10T18:55:38+00:00,0,0,https://t.me/jungenationalisten/2149
jungenationalisten:2148,,jungenationalisten,2148,2022-08-10T18:55:22+00:00,0,0,https://t.me/jungenationalisten/2148
jungenationalisten:2147,Deutsche Jugend begreift eure Aufgabe!  Die Akzeptanz und die Solidarität im Volke wachsen mit jeder neuen originellen A,jungenationalisten,2147,2022-08-10T09:58:12+00:00,1921,0,https://t.me/jungenationalisten/2147
jungenationalisten:2146,"Sommer, Sonne, Ostseestrand.  Kleiner Urlaubsgruß unserer Jungs aus Pommern. Wohin fahrt ihr dieses Jahr in den Urlaub? ",jungenationalisten,2146,2022-08-08T05:52:54+00:00,1982,0,https://t.me/jungenationalisten/2146
jungenationalisten:2144,Der Appell - Folge 3 - Staat und Nationalstaat!  Stillgestanden! - Die Augen zur Fahne rechts!   Wir freuen uns euch zur,jungenationalisten,2144,2022-08-07T07:57:19+00:00,1972,0,https://t.me/jungenationalisten/2144
jungenationalisten:2143,Zur Einstimmung auf den 1. DS-Netzwerktag im thüringischen Eisenach am 10. September moderierte Chefredakteur Peter Schr,jungenationalisten,2143,2022-08-05T20:45:50+00:00,1642,0,https://t.me/jungenationalisten/2143
jungenationalisten:2141,"Großer Lagerverkauf am Sonnabend, den 6. August 2022 in Dortmund-Dorstfeld – aktuelle Infos!  Hier die aktualisierte Lis",jungenationalisten,2141,2022-08-05T12:40:43+00:00,1653,0,https://t.me/jungenationalisten/2141
jungenationalisten:2140,Hier noch der vollständige Bericht unseres diesjährigen Fußballturniers in Südbrandenburg. ⚽   Sommerzeit ist Fußballzei,jungenationalisten,2140,2022-08-05T09:54:21+00:00,2130,0,https://t.me/jungenationalisten/2140
jungenationalisten:2139,,jungenationalisten,2139,2022-08-04T20:02:18+00:00,0,0,https://t.me/jungenationalisten/2139
jungenationalisten:2138,,jungenationalisten,2138,2022-08-04T04:52:36+00:00,0,0,https://t.me/jungenationalisten/2138
jungenationalisten:2135,Columbiabad-Revolte ☀️⚔️  Wenn die Hochkultur zur Orientkrawalle verkommt wird es Zeit zu handeln.  Die Berichte über Ei,jungenationalisten,2135,2022-08-03T16:31:35+00:00,19641,0,https://t.me/jungenationalisten/2135
jungenationalisten:2134,Heute zu Besuch im Columbia-Bad #Berlin. ⚔🌞  Überfremdung den Kampf ansagen! Video folgt. @jungenationalisten 🇩🇪,jungenationalisten,2134,2022-08-03T09:08:25+00:00,19367,0,https://t.me/jungenationalisten/2134
jungenationalisten:2133,,jungenationalisten,2133,2022-08-02T09:06:42+00:00,4939,0,https://t.me/jungenationalisten/2133
jungenationalisten:2132,,jungenationalisten,2132,2022-08-02T09:06:42+00:00,4905,0,https://t.me/jungenationalisten/2132
jungenationalisten:2131,Infoveranstaltung: Hannover verteidigen!  - das Leitprinzip unserer neuen Gruppe in der niedersächsischen Landeshauptsta,jungenationalisten,2131,2022-08-02T09:06:42+00:00,4626,0,https://t.me/jungenationalisten/2131
jungenationalisten:2118,"Aktivismus. Was ist das eigentlich?  Es gibt viele Arten, aktivistisch tätig zu sein.   Aufkleber, Flugblätter oder größ",jungenationalisten,2118,2022-08-01T13:27:30+00:00,2252,0,https://t.me/jungenationalisten/2118
jungenationalisten:2117,,jungenationalisten,2117,2022-07-30T18:55:59+00:00,2731,0,https://t.me/jungenationalisten/2117
jungenationalisten:2116,,jungenationalisten,2116,2022-07-30T18:55:59+00:00,2731,0,https://t.me/jungenationalisten/2116
jungenationalisten:2114,"#Brandenburg: Heute fand wieder einmal das jährliche nationale JN Fußballturnier statt, von welchem wir euch einige Eind",jungenationalisten,2114,2022-07-30T18:55:59+00:00,2614,0,https://t.me/jungenationalisten/2114
jungenationalisten:2109,"Fußball! Vaterland!   In den Farben getrennt, aber für Deutschland vereint: Unsere Aufklebermotiv „Für Verein und Vaterl",jungenationalisten,2109,2022-07-29T05:06:17+00:00,2207,0,https://t.me/jungenationalisten/2109
jungenationalisten:2108,"Neues Lied von Proto NDS 🇩🇪💪🏻 #whiteboysummer  ""Meine Gang ist weiß, blond, einsprachig - hier feiert man den Pridemonth",jungenationalisten,2108,2022-07-28T16:45:58+00:00,2308,0,https://t.me/jungenationalisten/2108
jungenationalisten:2107,Heute sagt der Kronzeuge Johannes D. zum ersten Mal in #Dresden vor Gericht gegen die #Hammerbande aus.  Während linke G,jungenationalisten,2107,2022-07-28T10:18:23+00:00,3875,0,https://t.me/jungenationalisten/2107
jungenationalisten:2106,,jungenationalisten,2106,2022-07-27T10:18:29+00:00,2060,0,https://t.me/jungenationalisten/2106
jungenationalisten:2105,,jungenationalisten,2105,2022-07-27T10:18:29+00:00,2052,0,https://t.me/jungenationalisten/2105
jungenationalisten:2104,"Stützpunkt Lüneburg/Nordheide auf Kanutour  An einem lauen Sommertag machten wir uns mit Gleichgesinnten auf, unsere Hei",jungenationalisten,2104,2022-07-27T10:18:29+00:00,1922,0,https://t.me/jungenationalisten/2104
jungenationalisten:2103,"📌Jetzt hier anmelden - die Plätze sind begrenzt: Deutschland braucht ein Netzwerk derer, denen das Land noch am Herzen l",jungenationalisten,2103,2022-07-25T13:56:21+00:00,1639,0,https://t.me/jungenationalisten/2103
jungenationalisten:2102,"Wer sich unserer Fahne verschreibt, muß ihr folgen, wohin sie auch treibt. 🎶⚔️ @jungenationalisten 🇩🇪  https://www.youtu",jungenationalisten,2102,2022-07-25T09:56:02+00:00,3333,0,https://t.me/jungenationalisten/2102
jungenationalisten:2101,Der Appell - Folge 2 - Nation   Stillgestanden! - Die Augen zur Fahne rechts!   Wir freuen uns euch zu einer weiteren Fo,jungenationalisten,2101,2022-07-24T07:59:20+00:00,1684,0,https://t.me/jungenationalisten/2101
jungenationalisten:2100,Kundgebung in #Wurzen bei #Leipzig.  Kriminelle Ausländer kompromisslos abschieben.  @jungenationalisten 🇩🇪,jungenationalisten,2100,2022-07-23T15:01:25+00:00,1951,0,https://t.me/jungenationalisten/2100
jungenationalisten:2099,Die schwule Republik - wann wird die Regenbogenfahne zum Hoheitssymbol?  @jungenationalisten 🇩🇪  www.tagesspiegel.de/pol,jungenationalisten,2099,2022-07-23T06:43:19+00:00,1923,0,https://t.me/jungenationalisten/2099
jungenationalisten:2098,⚖️URTEIL RECHTSKRÄFTIG: HAFTSTRAFEN FÜR 🧨LINKSEXTREMISTEN 🔒   Es ist amtlich. Die militanten Linksextremisten Dyar Akpin,jungenationalisten,2098,2022-07-22T12:18:11+00:00,1405,0,https://t.me/jungenationalisten/2098
jungenationalisten:2097,Wieder mal (k)ein Einzelfall – Syrer tötet 17 Jähriges Mädel in Ludwigsburg  Während Politik und Medien weiter von der h,jungenationalisten,2097,2022-07-20T13:50:24+00:00,1881,0,https://t.me/jungenationalisten/2097
jungenationalisten:2095,,jungenationalisten,2095,2022-07-20T08:59:42+00:00,2373,0,https://t.me/jungenationalisten/2095
jungenationalisten:2094,,jungenationalisten,2094,2022-07-20T08:59:42+00:00,2117,0,https://t.me/jungenationalisten/2094
jungenationalisten:2093,,jungenationalisten,2093,2022-07-20T08:59:42+00:00,2102,0,https://t.me/jungenationalisten/2093
jungenationalisten:2092,,jungenationalisten,2092,2022-07-20T08:59:42+00:00,2117,0,https://t.me/jungenationalisten/2092
jungenationalisten:2091,,jungenationalisten,2091,2022-07-20T08:59:41+00:00,2059,0,https://t.me/jungenationalisten/2091
jungenationalisten:2090,Sachsenland in Jugendhand  > @jungenationalisten   Unter diesem Motto luden wir zum Vernetzungstreffen im geschützten Ra,jungenationalisten,2090,2022-07-20T08:59:41+00:00,2025,0,https://t.me/jungenationalisten/2090
jungenationalisten:2070,"Die Realität ist tot, es lebe die Ideologie  Schon seit einiger Zeit werden wir Zeuge eines abenteuerlichen Schauspiels,",jungenationalisten,2070,2022-07-18T19:46:33+00:00,1867,0,https://t.me/jungenationalisten/2070
jungenationalisten:2069,"Die neue JN intern, unser Mitgliederrundschreiben, ist in der Post. 📨  Themen sind: Der neue Bundesvorstand, zwei Strate",jungenationalisten,2069,2022-07-16T06:16:07+00:00,2048,0,https://t.me/jungenationalisten/2069
jungenationalisten:2068,,jungenationalisten,2068,2022-07-15T16:48:00+00:00,5667,0,https://t.me/jungenationalisten/2068
jungenationalisten:2067,,jungenationalisten,2067,2022-07-15T16:48:00+00:00,5611,0,https://t.me/jungenationalisten/2067
jungenationalisten:2066,,jungenationalisten,2066,2022-07-15T16:48:00+00:00,5603,0,https://t.me/jungenationalisten/2066
jungenationalisten:2065,,jungenationalisten,2065,2022-07-15T16:48:00+00:00,5012,0,https://t.me/jungenationalisten/2065
jungenationalisten:2064,,jungenationalisten,2064,2022-07-15T16:48:00+00:00,5011,0,https://t.me/jungenationalisten/2064
jungenationalisten:2063,Aktuell erreichten uns weitere Bilder aus Döbeln im Landkreis Mittelsachsen zur „Gedenkaktion Schwarze Kreuze“  Deutschl,jungenationalisten,2063,2022-07-15T16:48:00+00:00,4994,0,https://t.me/jungenationalisten/2063
jungenationalisten:2056,Sommer x Jugend x Ostseestrand  Unsere Aktivisten grüßen euch von der Ostsee-Insel Usedom. Wohin fahrt ihr dieses Jahr i,jungenationalisten,2056,2022-07-15T10:29:25+00:00,1664,0,https://t.me/jungenationalisten/2056
jungenationalisten:2055,,jungenationalisten,2055,2022-07-13T14:25:43+00:00,1790,0,https://t.me/jungenationalisten/2055
jungenationalisten:2054,"Aktion @SchwarzeKreuze: Überall tauchen derzeit Gedenkstellen auf, welche an die verschwiegenen deutschen Opfer fremdlän",jungenationalisten,2054,2022-07-13T14:25:43+00:00,1777,0,https://t.me/jungenationalisten/2054
jungenationalisten:2053,,jungenationalisten,2053,2022-07-13T12:57:06+00:00,1474,0,https://t.me/jungenationalisten/2053
jungenationalisten:2052,"Aktion @SchwarzeKreuze: Überall tauchen derzeit Gedenkstellen auf, welche an die verschwiegenen deutschen Opfer fremdlän",jungenationalisten,2052,2022-07-13T12:57:06+00:00,1471,0,https://t.me/jungenationalisten/2052
jungenationalisten:2051,"Erste Station: Halberstadt  Insgesamt wurden 10 Kreuze in und rundum Halberstadt aufgestellt, um auf die unzähligen Opfe",jungenationalisten,2051,2022-07-13T11:39:58+00:00,1490,0,https://t.me/jungenationalisten/2051
jungenationalisten:2050,,jungenationalisten,2050,2022-07-13T10:18:40+00:00,2698,0,https://t.me/jungenationalisten/2050
jungenationalisten:2049,"Aktion @SchwarzeKreuze: Überall tauchen derzeit Gedenkstellen auf, welche an die verschwiegenen deutschen Opfer fremdlän",jungenationalisten,2049,2022-07-13T10:18:40+00:00,2684,0,https://t.me/jungenationalisten/2049
jungenationalisten:2048,,jungenationalisten,2048,2022-07-13T09:18:04+00:00,2839,0,https://t.me/jungenationalisten/2048
jungenationalisten:2047,"Aktion @SchwarzeKreuze: Überall tauchen derzeit Gedenkstellen auf, welche an die verschwiegenen deutschen Opfer fremdlän",jungenationalisten,2047,2022-07-13T09:18:04+00:00,2817,0,https://t.me/jungenationalisten/2047
jungenationalisten:2046,,jungenationalisten,2046,2022-07-11T17:18:32+00:00,1551,0,https://t.me/jungenationalisten/2046
jungenationalisten:2045,,jungenationalisten,2045,2022-07-11T17:18:32+00:00,1441,0,https://t.me/jungenationalisten/2045
jungenationalisten:2044,,jungenationalisten,2044,2022-07-11T17:18:32+00:00,1438,0,https://t.me/jungenationalisten/2044
jungenationalisten:2043,,jungenationalisten,2043,2022-07-11T17:18:32+00:00,1447,0,https://t.me/jungenationalisten/2043
jungenationalisten:2042,Am vergangenen Wochenende waren ein paar Aktivisten aus dem Osnabrücker-Land in der Natur unterwegs.  Ein erfahrener Kam,jungenationalisten,2042,2022-07-11T17:18:32+00:00,1447,0,https://t.me/jungenationalisten/2042
jungenationalisten:2041,Der Appell - Folge 1 - Volk   Stillgestanden! - Die Augen zur Fahne rechts!   Wir freuen uns euch zur  ersten Folge unse,jungenationalisten,2041,2022-07-10T11:58:21+00:00,1796,0,https://t.me/jungenationalisten/2041
jungenationalisten:2040,"Aufkleber: Wieder verfügbar - Abschiebelager!   An allen Ecken und Enden fehlt Personal, der Migrationsdruck nimmt nur u",jungenationalisten,2040,2022-07-09T09:37:45+00:00,1577,0,https://t.me/jungenationalisten/2040
jungenationalisten:2039,Ich? Du? WIR!  Deutsche haben das Gesicht Europas und der Welt über Jahrtausende geprägt. Erfindungen deutschen Geistes ,jungenationalisten,2039,2022-07-07T16:35:05+00:00,1485,0,https://t.me/jungenationalisten/2039
jungenationalisten:2038,"Kurze Meldung!   Die erste Episode unseres Formats ist im Kasten und wir freuen uns darauf, sie euch bald präsentieren z",jungenationalisten,2038,2022-07-07T13:49:20+00:00,1289,0,https://t.me/jungenationalisten/2038
jungenationalisten:2037,Du willst dich über die größte nationale Jugendorganisation Deutschlands informieren?  Du willst etwas Material von uns ,jungenationalisten,2037,2022-07-06T19:04:40+00:00,1631,0,https://t.me/jungenationalisten/2037
jungenationalisten:2036,Die rechte Jugendkultur ist vielfältig - #Sachsen ist ihr Zentrum.  Wir laden zum Kennenlernen und Austausch ein. ⚪️🟢 Ei,jungenationalisten,2036,2022-07-05T07:46:47+00:00,5594,0,https://t.me/jungenationalisten/2036
jungenationalisten:2035,"Heil euch! Wir grüßen euch.   Der Appell? Was ist das eigentlich?  Irgendwie so ziemlich alles, aber wohl nicht politisc",jungenationalisten,2035,2022-07-03T18:26:20+00:00,1484,0,https://t.me/jungenationalisten/2035
jungenationalisten:2034,,jungenationalisten,2034,2022-06-30T17:57:43+00:00,1558,0,https://t.me/jungenationalisten/2034
jungenationalisten:2033,,jungenationalisten,2033,2022-06-30T17:57:43+00:00,1546,0,https://t.me/jungenationalisten/2033
jungenationalisten:2032,Nicht vergessen! Am 13.Juli ein Zeichen gegen Überfremdung setzen!   Seit 2014 ist der 13.Juli der inoffizielle Gedenkta,jungenationalisten,2032,2022-06-30T17:57:43+00:00,1473,0,https://t.me/jungenationalisten/2032
jungenationalisten:2028,🏳️‍🌈😵‍💫 Gender-Geschwafel: Krasse Fake News im GEZ-Funk  Mit dem Jugendformat Funk wird die junge Generation in die Gend,jungenationalisten,2028,2022-06-28T14:03:35+00:00,1893,0,https://t.me/jungenationalisten/2028
jungenationalisten:2027,Die 'Cancel Culture' ist nun auch in der Bundesliga angekommen. Der linke Mob und seine Gehilfen in den Medien haben es ,jungenationalisten,2027,2022-06-26T18:42:51+00:00,2627,0,https://t.me/jungenationalisten/2027
jungenationalisten:2026,,jungenationalisten,2026,2022-06-26T09:04:40+00:00,1844,0,https://t.me/jungenationalisten/2026
jungenationalisten:2025,"⚽️ Der falsche Geschäftspartner?  Der Österreicher Martin Hinteregger musste erfahren, auf welche Weise die Schmieren-Jo",jungenationalisten,2025,2022-06-26T09:04:40+00:00,1817,0,https://t.me/jungenationalisten/2025
jungenationalisten:2024,Schon mal vormerken: Jährliches nationales Fußballturnier in #Brandenburg! ⚽️  Wann: 10 Uhr am 30.07.2022   Wo: Brandenb,jungenationalisten,2024,2022-06-25T18:52:31+00:00,1753,0,https://t.me/jungenationalisten/2024
jungenationalisten:2023,"Aufruf – Schwarze Kreuze 2022  Am 13.07.2014 machten es sich einige Aktivisten zur Aufgabe an die Tausende, durch Auslän",jungenationalisten,2023,2022-06-24T15:37:38+00:00,1457,0,https://t.me/jungenationalisten/2023
jungenationalisten:2022,,jungenationalisten,2022,2022-06-24T13:30:18+00:00,1386,0,https://t.me/jungenationalisten/2022
jungenationalisten:2021,"Aufkleben: Wieder verfügbar - Deutschland uns Deutschen!   Jedes Volk besitzt seine eigene Tradition, seine eigene Gesch",jungenationalisten,2021,2022-06-24T13:30:18+00:00,1380,0,https://t.me/jungenationalisten/2021
jungenationalisten:2020,Wieder mal (k)ein Einzelfall!   15 Jähriges Mädel aus Salzgitter getötet - Zwei Migranten unter Verdacht >>> @jungenatio,jungenationalisten,2020,2022-06-22T20:26:10+00:00,5123,0,https://t.me/jungenationalisten/2020
jungenationalisten:2019,,jungenationalisten,2019,2022-06-22T09:19:08+00:00,1859,0,https://t.me/jungenationalisten/2019
jungenationalisten:2018,,jungenationalisten,2018,2022-06-22T09:19:08+00:00,1849,0,https://t.me/jungenationalisten/2018
jungenationalisten:2017,,jungenationalisten,2017,2022-06-22T09:19:07+00:00,1849,0,https://t.me/jungenationalisten/2017
jungenationalisten:2016,Sonnwendfeier in Brandenburg  Mit der Sommersonnenwende sind viele Rituale verbunden.  Wir feierten am 21. Juni den läng,jungenationalisten,2016,2022-06-22T09:19:07+00:00,1754,0,https://t.me/jungenationalisten/2016
jungenationalisten:2015,„Pride-Month“ „LGBT-Irrsinn“ „Gender-Wahn“ ?! Wir treiben die ‚woke‘ Blase zur Weißglut.   Unser Aufkleber ist Freude fü,jungenationalisten,2015,2022-06-21T08:40:00+00:00,8618,0,https://t.me/jungenationalisten/2015
jungenationalisten:2013,,jungenationalisten,2013,2022-06-19T12:15:22+00:00,2565,0,https://t.me/jungenationalisten/2013
jungenationalisten:2009,,jungenationalisten,2009,2022-06-19T09:36:01+00:00,9643,0,https://t.me/jungenationalisten/2009
jungenationalisten:2006,,jungenationalisten,2006,2022-06-19T09:36:01+00:00,9622,0,https://t.me/jungenationalisten/2006
jungenationalisten:2005,Das Licht des Nordens - Sommersonnenwende Eschede 2022  Störungsfrei und bei bestem Wetter wurde in Eschede nach alter V,jungenationalisten,2005,2022-06-19T09:36:01+00:00,9574,0,https://t.me/jungenationalisten/2005
jungenationalisten:2004,"Antifa verbieten…jetzt!  Der Prozess gegen die „Hammerbande“ und Lina Engel belegt erneut, dass Verbrechen zum täglichen",jungenationalisten,2004,2022-06-17T14:46:32+00:00,2197,0,https://t.me/jungenationalisten/2004
jungenationalisten:2002,"(...)Am 17. Juni erhoben sich selbstbewusste Arbeiter gegen die Diktatur des Proletariats, und die „sozialistische Volks",jungenationalisten,2002,2022-06-17T07:04:56+00:00,3658,0,https://t.me/jungenationalisten/2002
jungenationalisten:2001,Zusendung aus Döbeln!  Wie? Du hast noch nichts von der Jugendorganisation in Deutschland gehört?  Dann schau doch auch ,jungenationalisten,2001,2022-06-16T11:56:11+00:00,1513,0,https://t.me/jungenationalisten/2001
jungenationalisten:2000,"Sonnenbrille - Mut zur Tat!  …darum zieht es dich des Nachts auf die Straßen, auch in dem Bewusstsein, dass der Kampf ge",jungenationalisten,2000,2022-06-15T16:08:42+00:00,1407,0,https://t.me/jungenationalisten/2000
jungenationalisten:1999,Gelingt der juristische Durchbruch gegen die linken Verbrecher rund um Lina Engel?  Mehrere Hausdurchsuchungen in Leipzi,jungenationalisten,1999,2022-06-15T13:39:20+00:00,3907,0,https://t.me/jungenationalisten/1999
jungenationalisten:1998,Krankenkassen haben Milliardendefizit.  Wie das wohl kommt? 😉  Der Staat hasst dich.  Der Staat belügt dich.  Der Staat ,jungenationalisten,1998,2022-06-14T13:46:04+00:00,2819,0,https://t.me/jungenationalisten/1998
jungenationalisten:1997,Traditionen werden seit Generationen weitergegeben und sind das sichtbare kulturelles Erbe der Völker. Sie finden vielfä,jungenationalisten,1997,2022-06-14T12:11:54+00:00,1464,0,https://t.me/jungenationalisten/1997
jungenationalisten:1995,Mit den FREIEN SACHSEN ist zu rechnen - Martin Kohlmann zum Ausgang des Wahlabends!  Die erste Runde der sächsischen Bür,jungenationalisten,1995,2022-06-13T06:30:28+00:00,1368,0,https://t.me/jungenationalisten/1995
jungenationalisten:1991,Wieder mal (k)ein Einzelfall!  Ein Migrant sticht auf offener Straße eine Frau im beschaulichen Eisleben(Sachsen-Anhalt),jungenationalisten,1991,2022-06-11T08:58:02+00:00,4461,0,https://t.me/jungenationalisten/1991
jungenationalisten:1989,Die einfachsten Wahrheiten auszusprechen wird in Zeiten des Irrsinns zum revolutionären Akt.  @jungenationalisten 🇩🇪  Zu,jungenationalisten,1989,2022-06-11T06:38:16+00:00,1643,0,https://t.me/jungenationalisten/1989
jungenationalisten:1988,An diesem Wochenende veranstalten wir eine Wanderung durch den Norden der Mark #Brandenburg.🌿   Auf unserem Weg werden w,jungenationalisten,1988,2022-06-10T18:06:28+00:00,1659,0,https://t.me/jungenationalisten/1988
jungenationalisten:1987,,jungenationalisten,1987,2022-06-10T09:13:49+00:00,0,0,https://t.me/jungenationalisten/1987
jungenationalisten:1985,,jungenationalisten,1985,2022-06-09T13:35:39+00:00,0,0,https://t.me/jungenationalisten/1985
jungenationalisten:1984,"Mit unserer Reihe „Das Buch zur Hand“ wollen wir das Augenmerk auf sinnvolle, ganzheitliche Gegenwartsliteratur lenken u",jungenationalisten,1984,2022-06-09T08:30:23+00:00,7951,0,https://t.me/jungenationalisten/1984
jungenationalisten:1983,Am 25. Juni 2022 veranstaltet MetaPol Verlag & Medien sein Sommerseminar.   Derzeit sind noch Plätze frei.   Unter semin,jungenationalisten,1983,2022-06-08T17:17:11+00:00,1451,0,https://t.me/jungenationalisten/1983
jungenationalisten:1982,"Wer MetaPol kennt, der weiß, dass es sich dabei nicht um irgendeinen Verlag handelt. MetaPol hatte von Anbeginn den Ansp",jungenationalisten,1982,2022-06-08T17:17:00+00:00,1307,0,https://t.me/jungenationalisten/1982
jungenationalisten:1980,Wir haben unser Plakatlager wieder etwas aufgefüllt!  Kennt ihr schon dieses Motiv?   Schaut einfach mal vorbei - hier g,jungenationalisten,1980,2022-06-08T07:48:36+00:00,3361,0,https://t.me/jungenationalisten/1980
jungenationalisten:1977,"Es gibt neue Geheimcodes, Freunde. Die Extremismusexperten sind schon ganz feucht vor Aufregung.",jungenationalisten,1977,2022-06-07T12:07:31+00:00,1273,0,https://t.me/jungenationalisten/1977
jungenationalisten:1976,"Regelmäßig bieten wir Mitgliedern, die sich aufgrund von Einsatzwillen, Charakter und Leistung bewährt haben, die Möglic",jungenationalisten,1976,2022-06-07T08:37:07+00:00,1397,0,https://t.me/jungenationalisten/1976
jungenationalisten:1974,HOMOPROPAGANDA STOPPEN!   Wir müssen eine Gegenkultur zu ihrem kranken Zeitgeist aufzeigen:  Nicht mit uns!   Folgt uns ,jungenationalisten,1974,2022-06-06T09:55:08+00:00,1345,0,https://t.me/jungenationalisten/1974
jungenationalisten:1973,Kurzer Einblick (Mittelsachsen):   Wer sich schon immer gefragt hat was die Jungs und Mädchen aus dem Widerstand Abends ,jungenationalisten,1973,2022-06-05T10:36:02+00:00,1593,0,https://t.me/jungenationalisten/1973
jungenationalisten:1971,Wir suchen dich! Für #Braunschweig und #Niedersachsen   Linke und Liberale fahren gezielt  unsere Heimat an die Wand. In,jungenationalisten,1971,2022-06-04T14:02:33+00:00,1540,0,https://t.me/jungenationalisten/1971
jungenationalisten:1970,"Von Gender-Ideologie, Stalinismus, Klimafanatismus, über emanzipatorischen Irrsinn, antideutschen Hass bis hin zu Gewerk",jungenationalisten,1970,2022-06-04T07:23:25+00:00,1725,0,https://t.me/jungenationalisten/1970
jungenationalisten:1969,"In einer Gesellschaft, in der Schwäche und Degeneration gefeiert werden, ist es absolut notwendig, die eigene Gesundheit",jungenationalisten,1969,2022-06-02T10:48:45+00:00,12854,1,https://t.me/jungenationalisten/1969
jungenationalisten:1968,Zusendung aus Nordsachen! - Israel mordet! 🇮🇱  Jeder Bericht und jede Aktion über den Terror des israelischen Raubstaate,jungenationalisten,1968,2022-06-02T06:08:11+00:00,1522,0,https://t.me/jungenationalisten/1968
jungenationalisten:1967,"Im Vorfeld aller großen Umbrüche der Geschichte, vor jeder erfolgreichen Revolution, vor jedem Systemwechsel und dem err",jungenationalisten,1967,2022-05-31T19:26:28+00:00,1518,0,https://t.me/jungenationalisten/1967
jungenationalisten:1965,,jungenationalisten,1965,2022-05-29T07:27:08+00:00,1561,0,https://t.me/jungenationalisten/1965
jungenationalisten:1964,,jungenationalisten,1964,2022-05-29T07:27:08+00:00,1562,0,https://t.me/jungenationalisten/1964
jungenationalisten:1963,"Leben ist Kampf!  JN - Sporthose  Wie auch immer die gesellschaftlichen Zustände derzeit sein mögen, oder wie das Wetter",jungenationalisten,1963,2022-05-29T07:27:08+00:00,1318,0,https://t.me/jungenationalisten/1963
jungenationalisten:1962,"DS-Magazin im Juni: Heimat statt »Neuer Weltordnung«  Liebe Leser,  in einer Zeit gewaltiger Umbrüche, wie wir sie jetzt",jungenationalisten,1962,2022-05-28T14:01:57+00:00,1313,0,https://t.me/jungenationalisten/1962
jungenationalisten:1961,"Sommerzeit ist Seminarzeit  Er fasziniert als Revolutionär, Ideologe und Theoretiker. Gleichzeitig dürfte er die rechten",jungenationalisten,1961,2022-05-24T05:32:41+00:00,1765,0,https://t.me/jungenationalisten/1961
jungenationalisten:1960,"+++ Gewinnspiel 😎+++  Gerade erst wieder im Lager, bald schon kostenlos in euren Händen!  Wir verlosen zwei große Pakete",jungenationalisten,1960,2022-05-23T16:21:17+00:00,1494,1,https://t.me/jungenationalisten/1960
jungenationalisten:1959,,jungenationalisten,1959,2022-05-22T17:19:00+00:00,6366,0,https://t.me/jungenationalisten/1959
jungenationalisten:1958,,jungenationalisten,1958,2022-05-22T17:19:00+00:00,6373,0,https://t.me/jungenationalisten/1958
jungenationalisten:1957,Die Gemeinschaftstage bilden das Fundament unserer Arbeit. Sie finden abwechselnd in unterschiedlichen Regionen statt un,jungenationalisten,1957,2022-05-22T17:19:00+00:00,5913,0,https://t.me/jungenationalisten/1957
jungenationalisten:1953,"Wettbewerb für DS-Nachwuchsautoren:  »Was bedeutet ›Heimat‹ für mich?« 💚  Liebe Leser, diese Woche kündigte Bundesinnenm",jungenationalisten,1953,2022-05-22T08:08:26+00:00,1453,0,https://t.me/jungenationalisten/1953
jungenationalisten:1952,"Zum Gedenktag: Das Vermächtnis eines Unbeugsamen zur Erweckung Europas!  „Ich übergebe mich dem Tod, um die trägen Geist",jungenationalisten,1952,2022-05-21T12:42:22+00:00,1390,0,https://t.me/jungenationalisten/1952
jungenationalisten:1951,"Hoch schlagen zum nächtlichen Himmel die Flammen, hoch schlagen die Herzen - frei ist unser Sinn. So wie wir hier stehen",jungenationalisten,1951,2022-05-20T11:08:13+00:00,1359,0,https://t.me/jungenationalisten/1951
jungenationalisten:1950,"""Wenn sich die NPD nicht umbenennt, wird sich die JN abspalten.""  So lautete unsere Stellungnahme vor dem Parteitag.  Da",jungenationalisten,1950,2022-05-19T11:05:44+00:00,3629,1,https://t.me/jungenationalisten/1950
jungenationalisten:1949,Aufkleber wieder vorrätig!  Schaut mal vorbei! Viele Motive jetzt wieder lieferbar und fast täglich werden es mehr!   ht,jungenationalisten,1949,2022-05-17T15:23:47+00:00,1494,0,https://t.me/jungenationalisten/1949
jungenationalisten:1948,"Nach Erledigung der Formalitäten, kommt es nun zu den ersten Rechenschaftsberichten. Erster Redner hier ist der Bundesvo",jungenationalisten,1948,2022-05-14T11:35:38+00:00,1841,0,https://t.me/jungenationalisten/1948
jungenationalisten:1947,Den Rechtsratgeber für Dissidenten und Aktivisten sowie weiteren Lesestoff findet ihr übrigens hier:  https://frontdiens,jungenationalisten,1947,2022-05-14T09:50:10+00:00,2057,0,https://t.me/jungenationalisten/1947
jungenationalisten:1945,Wie oft wurdest du in der Schule mit der Vergangenheit konfrontiert anstatt über tatsächliche Probleme zu reden? Du soll,jungenationalisten,1945,2022-05-13T18:21:56+00:00,1323,0,https://t.me/jungenationalisten/1945
jungenationalisten:1944,*NACHGEREICHT*  Hier noch ein Videomitschnitt von unserer Kundgebung und spontanen Demonstration im südbrandenburgischen,jungenationalisten,1944,2022-05-13T07:10:48+00:00,4755,0,https://t.me/jungenationalisten/1944
jungenationalisten:1943,Wie jedes Jahr findet auch dieses Jahr wieder ein nationales Fußballturnier in Brandenburg statt! ⚽️  Wann:  Am 30.07.20,jungenationalisten,1943,2022-05-12T15:19:22+00:00,2273,0,https://t.me/jungenationalisten/1943
jungenationalisten:1942,,jungenationalisten,1942,2022-05-12T10:47:15+00:00,1379,0,https://t.me/jungenationalisten/1942
jungenationalisten:1941,,jungenationalisten,1941,2022-05-12T10:47:15+00:00,1386,0,https://t.me/jungenationalisten/1941
jungenationalisten:1940,"Was darf die Polizei eigentlich? Und überhaupt - was darf Sie eben eigentlich nicht?   Diese, auf dem ersten Blick, unsc",jungenationalisten,1940,2022-05-12T10:47:15+00:00,1375,0,https://t.me/jungenationalisten/1940
jungenationalisten:1939,,jungenationalisten,1939,2022-05-10T14:55:30+00:00,1974,0,https://t.me/jungenationalisten/1939
jungenationalisten:1938,,jungenationalisten,1938,2022-05-10T14:55:30+00:00,1958,0,https://t.me/jungenationalisten/1938
jungenationalisten:1937,,jungenationalisten,1937,2022-05-10T14:55:30+00:00,1900,0,https://t.me/jungenationalisten/1937
jungenationalisten:1936,,jungenationalisten,1936,2022-05-10T14:55:30+00:00,1900,0,https://t.me/jungenationalisten/1936
jungenationalisten:1935,"An dieser Stelle möchten wir euch auch die Fratzen vorgeblicher ""Journalisten"" wieder nicht vorenthalten. Zu sehen sind ",jungenationalisten,1935,2022-05-10T14:55:30+00:00,1905,0,https://t.me/jungenationalisten/1935
jungenationalisten:1934,"Eine Videoimpression aus #Demmin wollen wir euch natürlich auch nicht vorenthalten:  Schau dir ""Demmin: 8. Mai 1945 - Wi",jungenationalisten,1934,2022-05-09T20:07:20+00:00,2854,0,https://t.me/jungenationalisten/1934
jungenationalisten:1933,,jungenationalisten,1933,2022-05-09T19:45:17+00:00,2995,0,https://t.me/jungenationalisten/1933
jungenationalisten:1932,,jungenationalisten,1932,2022-05-09T19:45:17+00:00,2982,0,https://t.me/jungenationalisten/1932
jungenationalisten:1931,"Am gestrigen Sonntag fand in der kleinen Hansestadt Demmin der jährliche Ehrendienst statt. Der Ehrendienst, in Form ein",jungenationalisten,1931,2022-05-09T19:45:17+00:00,2734,0,https://t.me/jungenationalisten/1931
jungenationalisten:1930,,jungenationalisten,1930,2022-05-09T13:26:02+00:00,2100,0,https://t.me/jungenationalisten/1930
jungenationalisten:1929,8. Mai - Wir feiern nicht!  Für uns ist der 8. Mai kein Tag der Befreiung. Mit dem Ende der Beteiligung der deutschen We,jungenationalisten,1929,2022-05-09T13:26:02+00:00,1935,0,https://t.me/jungenationalisten/1929
jungenationalisten:1928,,jungenationalisten,1928,2022-05-09T07:51:56+00:00,3411,0,https://t.me/jungenationalisten/1928
jungenationalisten:1927,,jungenationalisten,1927,2022-05-09T07:51:56+00:00,3405,0,https://t.me/jungenationalisten/1927
jungenationalisten:1926,,jungenationalisten,1926,2022-05-09T07:51:56+00:00,3259,0,https://t.me/jungenationalisten/1926
jungenationalisten:1925,,jungenationalisten,1925,2022-05-09T07:51:56+00:00,3244,0,https://t.me/jungenationalisten/1925
jungenationalisten:1924,,jungenationalisten,1924,2022-05-09T07:51:56+00:00,3192,0,https://t.me/jungenationalisten/1924
jungenationalisten:1923,,jungenationalisten,1923,2022-05-09T07:51:56+00:00,3191,0,https://t.me/jungenationalisten/1923
jungenationalisten:1922,,jungenationalisten,1922,2022-05-09T07:51:56+00:00,3155,0,https://t.me/jungenationalisten/1922
jungenationalisten:1921,In diesem Jahr jährte sich zum 77. Mal das Ende des größten Bruderkrieges Europas. Deshalb traf sich bereits am Sonnaben,jungenationalisten,1921,2022-05-09T07:51:55+00:00,3143,0,https://t.me/jungenationalisten/1921
jungenationalisten:1920,Schnappschuss von der heutigen Kundgebung in Lauchhammer!  Für Deutschland ist der 8. Mai 1945 alles andere als ein Tag ,jungenationalisten,1920,2022-05-08T14:04:14+00:00,1305,0,https://t.me/jungenationalisten/1920
jungenationalisten:1919,Wir danken allen deutschen Müttern für ihren täglichen Einsatz und ihre tägliche Hingabe.  In einem volksfeindlichen Ges,jungenationalisten,1919,2022-05-08T08:01:45+00:00,1940,0,https://t.me/jungenationalisten/1919
jungenationalisten:1918,"🏴 28 ans après l'assassinat de notre camarade Sébastien Deyzieu, nous avons été plus de 400 à honorer sa mémoire aujourd",jungenationalisten,1918,2022-05-07T17:46:44+00:00,1293,0,https://t.me/jungenationalisten/1918
jungenationalisten:1917,,jungenationalisten,1917,2022-05-07T17:46:44+00:00,1276,0,https://t.me/jungenationalisten/1917
jungenationalisten:1916,,jungenationalisten,1916,2022-05-07T17:46:44+00:00,1282,0,https://t.me/jungenationalisten/1916
jungenationalisten:1915,,jungenationalisten,1915,2022-05-07T17:46:44+00:00,1206,0,https://t.me/jungenationalisten/1915
jungenationalisten:1914,Impressionen von der heutigen Gedenkveranstaltung in Paris für Sébastien Deyzieu ⚔️🏴 *DEUTSCHE ÜBERSETZUNG:*  28 Jahre n,jungenationalisten,1914,2022-05-07T17:46:44+00:00,1271,0,https://t.me/jungenationalisten/1914
jungenationalisten:1913,+Kundgebung und Spontandemonstration in Südbrandenburg+  Heute fand sich die heimattreue Jugend im märkischen Lauchhamme,jungenationalisten,1913,2022-05-07T13:53:45+00:00,3580,0,https://t.me/jungenationalisten/1913
jungenationalisten:1911,"Sébastien Present!  (...)Sébastien steht bis heute stellvertretend für jeden Nationalisten in Europa, der sein Leben für",jungenationalisten,1911,2022-05-05T07:29:25+00:00,2171,0,https://t.me/jungenationalisten/1911
jungenationalisten:1910,Veranstaltungshinweis für #Mecklenburg & #Pommern:  Am 8. Mai gedenken wir in Demmin den Toten unseres Volkes.🕯  8. Mai ,jungenationalisten,1910,2022-05-04T16:47:34+00:00,3116,0,https://t.me/jungenationalisten/1910
jungenationalisten:1909,"Wir wollen leben, so wie unsere Ahnen in den Jahrhunderten vor uns lebten - als Deutsche.   Und solange es Deutsche gibt",jungenationalisten,1909,2022-05-04T07:15:27+00:00,1319,0,https://t.me/jungenationalisten/1909
jungenationalisten:1908,"Dürfen wir vorstellen: ""Antifa Harz"" und ganz links auf der Parkbank der sonst immer doppelt und dreifach vermummte, lin",jungenationalisten,1908,2022-05-03T17:42:33+00:00,1224,0,https://t.me/jungenationalisten/1908
jungenationalisten:1907,"Veranstaltungshinweis für Südbrandenburg:  8.Mai - Wir feiern nicht, wir gedenken!🕯  Dem Befehl des Gewissens folgend we",jungenationalisten,1907,2022-05-03T11:03:08+00:00,1540,0,https://t.me/jungenationalisten/1907
jungenationalisten:1905,,jungenationalisten,1905,2022-05-02T11:08:17+00:00,4692,0,https://t.me/jungenationalisten/1905
jungenationalisten:1904,,jungenationalisten,1904,2022-05-02T11:08:17+00:00,4673,0,https://t.me/jungenationalisten/1904
jungenationalisten:1903,,jungenationalisten,1903,2022-05-02T11:08:17+00:00,4669,0,https://t.me/jungenationalisten/1903
jungenationalisten:1902,,jungenationalisten,1902,2022-05-02T11:08:17+00:00,4528,0,https://t.me/jungenationalisten/1902
jungenationalisten:1901,,jungenationalisten,1901,2022-05-02T11:08:17+00:00,4522,0,https://t.me/jungenationalisten/1901
jungenationalisten:1900,,jungenationalisten,1900,2022-05-02T11:08:17+00:00,4528,0,https://t.me/jungenationalisten/1900
jungenationalisten:1899,Kampf der roten Reaktion! Beteiligung an der 1. Mai Demo in Dortmund.  (...)Sowohl nach den Krisen als auch während des ,jungenationalisten,1899,2022-05-02T11:08:17+00:00,4513,0,https://t.me/jungenationalisten/1899
jungenationalisten:1898,Auch in #Zwickau und #Zwönitz haben sich JNler heute an den Protesten beteiligt. Heimat bewahren - Kapitalismus überwind,jungenationalisten,1898,2022-05-01T16:41:31+00:00,1708,0,https://t.me/jungenationalisten/1898
jungenationalisten:1897,"""Hinter den Linken steht das Kapital - unser Kampf ist national!"" 🚩  Grüße aus Dortmund. Gast bei den Freunden von 'Die ",jungenationalisten,1897,2022-05-01T12:52:08+00:00,6598,0,https://t.me/jungenationalisten/1897
jungenationalisten:1896,Heraus zum Tag der Arbeit.💪🏻  Die wohl größten Veranstaltungen finden heute in der Ruhrmetropole Dortmund und in der wes,jungenationalisten,1896,2022-05-01T06:47:18+00:00,1760,0,https://t.me/jungenationalisten/1896
jungenationalisten:1895,Allen heimattreuen Mitstreitern heute einen erfolgreichen Arbeiterkampftag!⚔  Warum Kapitalismus tötet und was uns das e,jungenationalisten,1895,2022-05-01T05:18:33+00:00,1564,0,https://t.me/jungenationalisten/1895
jungenationalisten:1894,"|: Den einen Schwur, den wir schwören, Der soll unserm Volke gehören! :|  Hast du dich auch einer Sache verschrieben, di",jungenationalisten,1894,2022-04-30T12:42:02+00:00,4702,0,https://t.me/jungenationalisten/1894
jungenationalisten:1893,Kleine Quizrunde aus Braunschweig. Was könnte die Polizei wohl suchen? 🤔  Auflösung auf Instagram: https://bit.ly/3MF0Kp,jungenationalisten,1893,2022-04-30T05:22:40+00:00,1430,0,https://t.me/jungenationalisten/1893
jungenationalisten:1891,"Aber aber, was ist denn bei der Linksjugend in Berlin los?🤓   Interessant zu sehen dass der demokratische Deckmantel der",jungenationalisten,1891,2022-04-29T20:23:44+00:00,1703,0,https://t.me/jungenationalisten/1891
jungenationalisten:1890,"Noch 2 Tage - wir sehen uns Sonntag in Dortmund.  Antikap aus Tradition  - Arbeit, Zukunft & Nation! 🛠 @tagderarbeit  @j",jungenationalisten,1890,2022-04-29T10:37:04+00:00,2012,0,https://t.me/jungenationalisten/1890
jungenationalisten:1889,,jungenationalisten,1889,2022-04-28T13:21:46+00:00,4817,0,https://t.me/jungenationalisten/1889
jungenationalisten:1885,"Erneut koordinierter Überfall von Linksextremisten. Wieder gezielte Schläge auf Gelenke einer Frau(!), die bei der Arbei",jungenationalisten,1885,2022-04-27T12:50:28+00:00,9758,0,https://t.me/jungenationalisten/1885
jungenationalisten:1882,Noch gut anderthalb Wochen dann findet unsere Kundgebung in Lauchhammer statt!  Kommt zahlreich zur Kundgebung der natio,jungenationalisten,1882,2022-04-26T14:18:51+00:00,1742,0,https://t.me/jungenationalisten/1882
jungenationalisten:1881,"Die BRD ist ein Irrenhaus:  Nach dem heutigen Spaziergang in Halberstadt, wurde ein Mann festgesetzt, wegen dem Plakat m",jungenationalisten,1881,2022-04-25T20:06:13+00:00,1554,0,https://t.me/jungenationalisten/1881
jungenationalisten:1880,Werbung für den kollektiven Selbstmord in Plemplem-Land. Was stimmt mit Aldi nicht?  https://youtu.be/0fEnOT4U6hM,jungenationalisten,1880,2022-04-25T18:21:11+00:00,1628,0,https://t.me/jungenationalisten/1880
jungenationalisten:1879,"„Die Zitadelle der Festung Europa, sie steht und fällt mit uns Jungen Schon unsere Ahnen haben für ihre Freiheit gerunge",jungenationalisten,1879,2022-04-25T13:57:10+00:00,4014,0,https://t.me/jungenationalisten/1879
jungenationalisten:1878,"Warum organisiert sich die stabile Jugend aus Mecklenburg und Pommern?  Ganz einfach, wir sind die größte Jugendbewegung",jungenationalisten,1878,2022-04-25T05:10:56+00:00,1748,0,https://t.me/jungenationalisten/1878
jungenationalisten:1877,Regelmäßig (wie hier in #Brandenburg) veranstalten unsere Regionalgruppen (Stützpunkte) Mitglieder- und Koordinierungstr,jungenationalisten,1877,2022-04-24T12:20:22+00:00,1647,0,https://t.me/jungenationalisten/1877
jungenationalisten:1876,Wir werden dich nie vergessen. Auch unser Volk wird eines Tages deinen Einsatz für unsere Heimat würdigen!,jungenationalisten,1876,2022-04-23T10:02:14+00:00,1449,0,https://t.me/jungenationalisten/1876
jungenationalisten:1875,"Mit unserer Reihe „Das Buch zur Hand“ wollen wir das Augenmerk auf sinnvolle, ganzheitliche Gegenwartsliteratur lenken u",jungenationalisten,1875,2022-04-22T13:11:29+00:00,6349,0,https://t.me/jungenationalisten/1875
jungenationalisten:1874,Teilen - verbreiten - weitersagen!  Der Frontdienst hat jetzt einen eigenen Telegram-Kanal. Die Netzseite wird etwas abg,jungenationalisten,1874,2022-04-22T08:23:03+00:00,1305,0,https://t.me/jungenationalisten/1874
jungenationalisten:1873,"Die JN wird nach dem anstehenden Bundesparteitag nicht mehr die Jugendorganisation der NPD sein.  Entweder, weil das Las",jungenationalisten,1873,2022-04-21T14:04:50+00:00,11962,0,https://t.me/jungenationalisten/1873
jungenationalisten:1872,Thorsten Heise ruft zum 1. Mai in Dortmund auf!  Kamerad Thorsten Heise unterstützt die Demonstration am 1. Mai in Dortm,jungenationalisten,1872,2022-04-21T13:46:28+00:00,1327,0,https://t.me/jungenationalisten/1872
jungenationalisten:1871,"Ich-Du-Wir   Nach einer kurzen Osterpause sind wir wieder da und keine Sorge, eure Bestellung sind auch heute raus! Viel",jungenationalisten,1871,2022-04-20T16:19:42+00:00,1575,0,https://t.me/jungenationalisten/1871
jungenationalisten:1870,Reisebus zur Demonstration am 1. Mai nach Dortmund.🇩🇪  Einstiegsmöglichkeiten: - Lausitz - Leipzig - Kassel  Wer noch ei,jungenationalisten,1870,2022-04-20T12:21:43+00:00,6924,0,https://t.me/jungenationalisten/1870
jungenationalisten:1869,Hier noch ein kleiner Video-Mitschnitt vom Auftritt der jungen Dame aus der Schweiz bei unserem Gemeinschaftsabend in Sa,jungenationalisten,1869,2022-04-18T07:13:02+00:00,1950,0,https://t.me/jungenationalisten/1869
jungenationalisten:1866,+Gemeinschaftsabend in Sachsen-Anhalt+  In regelmäßigen Abständen veranstalten wir in Sachsen-Anhalt Gemeinschaftsabende,jungenationalisten,1866,2022-04-17T14:57:44+00:00,3700,0,https://t.me/jungenationalisten/1866
jungenationalisten:1865,"Nach einer kurzen ""Auszeit"" ist unser #JN-Materialdienst nach Ostern wieder verfügbar. In den nächsten Tagen kommen auße",jungenationalisten,1865,2022-04-17T13:03:41+00:00,1305,0,https://t.me/jungenationalisten/1865
jungenationalisten:1864,"""Ostern ist das Siegesfest des ewigen Lebens.""  Wir wünschen allen Mitstreitern und Sympathisanten frohe Feiertage.  Uns",jungenationalisten,1864,2022-04-16T09:14:39+00:00,2009,0,https://t.me/jungenationalisten/1864
jungenationalisten:1862,Trauermarsch für Günter Deckert - erweisen wir ihm die letzte Ehre!  Am 16.4 wird in Weinheim ein Trauermarsch für Günte,jungenationalisten,1862,2022-04-15T18:49:10+00:00,1325,0,https://t.me/jungenationalisten/1862
jungenationalisten:1861,Man muss nicht jeden Freitag die Schule schwänzen und auf sogenannte “Fridays for future”-Demos Phrasen rufen um etwas f,jungenationalisten,1861,2022-04-15T12:58:34+00:00,2129,0,https://t.me/jungenationalisten/1861
jungenationalisten:1860,"Täglich stehst du vor der Entscheidung: Sport oder Alkohol, Buch oder Glotze, Drogen oder klarer Geist. Dabei ist heute ",jungenationalisten,1860,2022-04-15T10:02:27+00:00,1033,0,https://t.me/jungenationalisten/1860
jungenationalisten:1859,NPD hätte zur Bundestagswahl 2017 zugelassen werden müssen - https://www.faz.net/aktuell/politik/inland/npd-haette-zur-b,jungenationalisten,1859,2022-04-14T18:25:47+00:00,1127,0,https://t.me/jungenationalisten/1859
jungenationalisten:1858,Grüße aus der sächsischen Schweiz!☀️  Ein schöner Schnappschuss aus Königstein erreichte uns! Die hübsche Tasse gibt übr,jungenationalisten,1858,2022-04-13T18:03:17+00:00,1311,0,https://t.me/jungenationalisten/1858
jungenationalisten:1857,"An dieser Stelle möchten wir euch auch die Fratzen vorgeblicher ""Journalisten"" wieder nicht vorenthalten. Zu sehen sind ",jungenationalisten,1857,2022-04-13T08:50:48+00:00,1346,0,https://t.me/jungenationalisten/1857
jungenationalisten:1856,Junge Nationalisten wählen neuen Bundesvorsitzenden   Wie alle politischen Organisationen und Vereine sind auch wir uns ,jungenationalisten,1856,2022-04-12T13:32:44+00:00,2323,0,https://t.me/jungenationalisten/1856
jungenationalisten:1855,"Musiker zu uns!  Du spielst ein Instrument, möchtest eines lernen oder hast Freude am Singen?  Melde dich und werde Teil",jungenationalisten,1855,2022-04-12T04:38:30+00:00,1711,0,https://t.me/jungenationalisten/1855
jungenationalisten:1854,"8. Mai – Wir feiern nicht, wir gedenken!  Am 8. Mai jährt sich zum inzwischen 77. Mal das Ende des größten Völkerringens",jungenationalisten,1854,2022-04-11T15:22:27+00:00,3774,0,https://t.me/jungenationalisten/1854
jungenationalisten:1853,,jungenationalisten,1853,2022-04-11T15:22:24+00:00,2908,0,https://t.me/jungenationalisten/1853
jungenationalisten:1852,"Aktuell findet unser Bundeskongress in Thüringen statt. Aus dem gesamten Bundesgebiet sind unsere Aktivisten angereist, ",jungenationalisten,1852,2022-04-09T10:32:51+00:00,4353,0,https://t.me/jungenationalisten/1852
jungenationalisten:1850,Mit Günter Deckert starb ein unermüdlicher Kämpfer für Deutschland  Am 31.03.2022 verstarb Günter Deckert nach kurzer ab,jungenationalisten,1850,2022-04-07T04:19:45+00:00,1686,0,https://t.me/jungenationalisten/1850
jungenationalisten:1849,Übrigens weitere Infos zur überparteilichen Demonstration am 01.Mai in Dortmund findet ihr hier:  https://t.me/tagderarb,jungenationalisten,1849,2022-04-06T16:20:53+00:00,1522,0,https://t.me/jungenationalisten/1849
jungenationalisten:1848,Der Weg zur diesjährigen 1. Mai-Demonstration führt unsere Jugendbewegung in die Ruhrmetropole Dortmund! Dort findet die,jungenationalisten,1848,2022-04-06T15:32:29+00:00,4133,0,https://t.me/jungenationalisten/1848
jungenationalisten:1843,Am zurückliegenden Sonnabend machten sich Mitglieder unserer Jungendorganisation auf den Weg in die südmährische Stadt B,jungenationalisten,1843,2022-04-04T17:36:09+00:00,2532,0,https://t.me/jungenationalisten/1843
jungenationalisten:1842,"Innerhalb unserer Jugendorganisation gibt es verschiedene Interessengemeinschaften, in welcher sich junge Männer und Fra",jungenationalisten,1842,2022-04-03T09:13:52+00:00,2346,0,https://t.me/jungenationalisten/1842
jungenationalisten:1841,,jungenationalisten,1841,2022-04-02T07:53:19+00:00,1339,0,https://t.me/jungenationalisten/1841
jungenationalisten:1840,,jungenationalisten,1840,2022-04-02T07:53:19+00:00,1352,0,https://t.me/jungenationalisten/1840
jungenationalisten:1839,Nun will der Lenz uns grüßen 🌻🌼🎶 - Bildung  Gemeinschaft & Aktivismus in Braunschweig   Wir haben das Sonnenwetter genut,jungenationalisten,1839,2022-04-02T07:53:19+00:00,1170,0,https://t.me/jungenationalisten/1839
jungenationalisten:1838,"„Du bist nicht mehr dort, wo du warst. Aber du bist überall, wo wir sind.“ (Victor Hugo)  Günter Deckert – HIER!🕯🏴  http",jungenationalisten,1838,2022-04-01T17:55:12+00:00,2458,0,https://t.me/jungenationalisten/1838
jungenationalisten:1837,"Wir senken unsere Fahnen zum Appell.  Am Donnerstag, den 31. März 2022, verstarb mit Günter Deckert das letzte noch lebe",jungenationalisten,1837,2022-04-01T08:50:08+00:00,1515,0,https://t.me/jungenationalisten/1837
jungenationalisten:1836,,jungenationalisten,1836,2022-04-01T08:50:06+00:00,1356,0,https://t.me/jungenationalisten/1836
jungenationalisten:1835,Jung. Frech. Radikal.  Werde Teil der Jugend für Deutschland oder decke dich noch heute mit Aufklebern für die deutsche ,jungenationalisten,1835,2022-03-30T13:39:35+00:00,2138,0,https://t.me/jungenationalisten/1835
jungenationalisten:1834,,jungenationalisten,1834,2022-03-30T12:03:28+00:00,1614,0,https://t.me/jungenationalisten/1834
jungenationalisten:1833,,jungenationalisten,1833,2022-03-30T12:03:28+00:00,1534,0,https://t.me/jungenationalisten/1833
jungenationalisten:1832,Die Plakate zum Selberdrucken findet ihr übrigens hier:,jungenationalisten,1832,2022-03-30T12:03:08+00:00,1362,0,https://t.me/jungenationalisten/1832
jungenationalisten:1829,,jungenationalisten,1829,2022-03-28T07:18:30+00:00,3681,0,https://t.me/jungenationalisten/1829
jungenationalisten:1828,Dieser Staat hasst dich!  Die Benzinpreise steigen. Die Lebenshaltungskosten steigen. Die Strom- und Heizkosten steigen.,jungenationalisten,1828,2022-03-28T07:18:30+00:00,3375,0,https://t.me/jungenationalisten/1828
jungenationalisten:1826,"Dieser Staat hasst dich!  In #Braunschweig wurde an Tankstellen darauf hingewiesen, dass Konzerne und Staat dich einmal ",jungenationalisten,1826,2022-03-27T19:22:18+00:00,1305,0,https://t.me/jungenationalisten/1826
jungenationalisten:1825,"Am Wochenende fanden sich unsere Aktivisten aus Sachsen-Anhalt zum regelmäßigen Stützpunkt-Treffen zusammen. Zum einen, ",jungenationalisten,1825,2022-03-27T18:21:28+00:00,1411,0,https://t.me/jungenationalisten/1825
jungenationalisten:1824,Unser T-Hemd 'Heimatliebe'  Für Frauen: https://frontdienst.de/index.php/product/t-hemd-heimatliebe-frauen/  Und Männer:,jungenationalisten,1824,2022-03-25T08:12:38+00:00,4190,0,https://t.me/jungenationalisten/1824
jungenationalisten:1822,,jungenationalisten,1822,2022-03-21T15:20:05+00:00,15993,0,https://t.me/jungenationalisten/1822
jungenationalisten:1821,,jungenationalisten,1821,2022-03-21T15:20:05+00:00,15871,0,https://t.me/jungenationalisten/1821
jungenationalisten:1820,"Volkskraft voraus! Anbaden im Heidbergsee 🌊  Letzte Woche haben auch wir es gewagt. Wassertemperatur 5°C, herrlicher Son",jungenationalisten,1820,2022-03-21T15:20:05+00:00,15463,0,https://t.me/jungenationalisten/1820
jungenationalisten:1819,,jungenationalisten,1819,2022-03-19T05:36:05+00:00,1854,0,https://t.me/jungenationalisten/1819
jungenationalisten:1818,Du bist jung und kommst aus Sachsen-Anhalt? Dann melde dich bei uns und unseren dortigen Strukturen 🇩🇪  Werde aktiv für ,jungenationalisten,1818,2022-03-18T17:38:38+00:00,2522,0,https://t.me/jungenationalisten/1818
jungenationalisten:1817,Braunschweig verteidigen! ⚔️  Wille. Weg. Gemeinschaft. – Wir sind der #Widerstand gegen ihren Traum der wurzellosen Mul,jungenationalisten,1817,2022-03-16T15:20:37+00:00,1761,0,https://t.me/jungenationalisten/1817
jungenationalisten:1815,Seit über 2 Wochen tobt der Krieg in der Ukraine und somit auch erneut in Europa. Von jeder Seite gibt es derzeit einen ,jungenationalisten,1815,2022-03-15T15:53:55+00:00,1903,1,https://t.me/jungenationalisten/1815
jungenationalisten:1814,Gerade uns als Nationalisten ist Gemeinschaft wichtig – nicht umsonst wollen wir das unser Volk wieder näher zusammenrüc,jungenationalisten,1814,2022-03-13T18:25:29+00:00,1792,0,https://t.me/jungenationalisten/1814
jungenationalisten:1813,,jungenationalisten,1813,2022-03-12T14:26:06+00:00,1906,0,https://t.me/jungenationalisten/1813
jungenationalisten:1812,,jungenationalisten,1812,2022-03-12T14:26:06+00:00,1906,0,https://t.me/jungenationalisten/1812
jungenationalisten:1811,#Pommern: Am heutigen 12. März haben sich Junge Nationalisten und freie Kräfte an der Kriegsgräberstätte Golm auf Usedom,jungenationalisten,1811,2022-03-12T14:26:06+00:00,1825,0,https://t.me/jungenationalisten/1811
jungenationalisten:1810,,jungenationalisten,1810,2022-03-06T19:49:12+00:00,1958,0,https://t.me/jungenationalisten/1810
jungenationalisten:1809,,jungenationalisten,1809,2022-03-06T19:49:12+00:00,1941,0,https://t.me/jungenationalisten/1809
jungenationalisten:1808,,jungenationalisten,1808,2022-03-06T19:49:12+00:00,1762,0,https://t.me/jungenationalisten/1808
jungenationalisten:1807,,jungenationalisten,1807,2022-03-06T19:49:12+00:00,1629,0,https://t.me/jungenationalisten/1807
jungenationalisten:1806,"Von oben kam euer Tod, nie wieder saht ihr das Morgenrot. Zieht der Nebel auch über die Vergangenheit, Ihr seid unverges",jungenationalisten,1806,2022-03-06T19:49:12+00:00,1601,0,https://t.me/jungenationalisten/1806
jungenationalisten:1805,"Das Licht brennt.  Am Sonnabend haben sich unsere tatkräftigen Männer in #Eschede an die Arbeit gemacht, um den Strommas",jungenationalisten,1805,2022-03-06T09:19:14+00:00,1581,0,https://t.me/jungenationalisten/1805
jungenationalisten:1804,,jungenationalisten,1804,2022-03-05T20:07:19+00:00,1344,0,https://t.me/jungenationalisten/1804
jungenationalisten:1803,,jungenationalisten,1803,2022-03-05T20:07:19+00:00,1334,0,https://t.me/jungenationalisten/1803
jungenationalisten:1802,Ehrenvolles Gedenken Chemnitz zum 5. März  Anlässlich der Zerstörung der Stadt durch angloamerikanische Bomben im Februa,jungenationalisten,1802,2022-03-05T20:07:19+00:00,1292,0,https://t.me/jungenationalisten/1802
jungenationalisten:1801,Heimatliebe ist Verpflichtung Organisieren - Bilden - Handeln Dieser und weitere Aufkleber findet ihr im Frontdienst: ww,jungenationalisten,1801,2022-03-04T09:12:23+00:00,1663,0,https://t.me/jungenationalisten/1801
jungenationalisten:1800,Volkskraft voraus! Wir beteiligen uns an den Volkskraftwochen.  (...) Die Volkskraftwochen sind ein Konzept des ‚Volksle,jungenationalisten,1800,2022-03-01T19:04:21+00:00,5394,0,https://t.me/jungenationalisten/1800
jungenationalisten:1798,Livestream zur Krisenvorsorge:  https://youtu.be/_KmQ6c8pUhQ,jungenationalisten,1798,2022-03-01T18:11:05+00:00,1658,0,https://t.me/jungenationalisten/1798
jungenationalisten:1796,"Berliner Register veröffentlicht mit Steuergeldern erfundene „Nazigeschichten“.  Interessante ""Recherche"" über das links",jungenationalisten,1796,2022-02-28T05:17:08+00:00,1591,0,https://t.me/jungenationalisten/1796
jungenationalisten:1795,,jungenationalisten,1795,2022-02-27T15:42:44+00:00,1786,0,https://t.me/jungenationalisten/1795
jungenationalisten:1794,,jungenationalisten,1794,2022-02-27T15:42:44+00:00,1782,0,https://t.me/jungenationalisten/1794
jungenationalisten:1793,,jungenationalisten,1793,2022-02-27T15:42:44+00:00,1663,0,https://t.me/jungenationalisten/1793
jungenationalisten:1792,,jungenationalisten,1792,2022-02-27T15:42:44+00:00,1653,0,https://t.me/jungenationalisten/1792
jungenationalisten:1791,#Mecklenburg: Am Sonnabend den 26.02.2022 trieb es rund 30 Leute zum traditionellen Tollenseseemarsch. Motiviert von ein,jungenationalisten,1791,2022-02-27T15:42:43+00:00,1635,0,https://t.me/jungenationalisten/1791
jungenationalisten:1790,"Je größer die Werte sind, desto stärker die Gemeinschaft. Wer die Bedeutung der Gemeinschaft begriffen hat und wer in ih",jungenationalisten,1790,2022-02-27T11:32:10+00:00,1355,0,https://t.me/jungenationalisten/1790
jungenationalisten:1789,"In regelmäßigen Abständen treffen sich die regionalen Führungskader unserer Organisation, um sich über Termine oder sons",jungenationalisten,1789,2022-02-26T17:12:42+00:00,1558,0,https://t.me/jungenationalisten/1789
jungenationalisten:1788,,jungenationalisten,1788,2022-02-26T09:39:31+00:00,2095,0,https://t.me/jungenationalisten/1788
jungenationalisten:1787,,jungenationalisten,1787,2022-02-24T04:19:42+00:00,1664,0,https://t.me/jungenationalisten/1787
jungenationalisten:1786,Ermordet durch rote Hand -   Horst Wessel - HIER!🕯,jungenationalisten,1786,2022-02-23T12:11:23+00:00,2403,0,https://t.me/jungenationalisten/1786
jungenationalisten:1785,,jungenationalisten,1785,2022-02-20T17:46:27+00:00,1744,0,https://t.me/jungenationalisten/1785
jungenationalisten:1784,,jungenationalisten,1784,2022-02-20T17:46:27+00:00,1723,0,https://t.me/jungenationalisten/1784
jungenationalisten:1783,,jungenationalisten,1783,2022-02-20T17:46:27+00:00,1473,0,https://t.me/jungenationalisten/1783
jungenationalisten:1782,,jungenationalisten,1782,2022-02-20T17:46:27+00:00,1483,0,https://t.me/jungenationalisten/1782
jungenationalisten:1781,"""Nur in einem gesunden Körper kann ein gesunder Geist wohnen!""   Am Wochenende kam eine unserer Regionalgruppen im Raum ",jungenationalisten,1781,2022-02-20T17:46:27+00:00,1393,0,https://t.me/jungenationalisten/1781
jungenationalisten:1780,Freiheit wird erkämpft ⚔  @jungenationalisten 🇩🇪,jungenationalisten,1780,2022-02-17T14:02:38+00:00,1713,0,https://t.me/jungenationalisten/1780
jungenationalisten:1779,DS-TV mit einem Videobeitrag zum Dresden Gedenken;  https://youtu.be/VVqX9ZtB_8Y,jungenationalisten,1779,2022-02-16T07:40:07+00:00,1836,0,https://t.me/jungenationalisten/1779
jungenationalisten:1777,,jungenationalisten,1777,2022-02-15T20:29:59+00:00,7195,0,https://t.me/jungenationalisten/1777
jungenationalisten:1776,,jungenationalisten,1776,2022-02-15T20:29:59+00:00,7175,0,https://t.me/jungenationalisten/1776
jungenationalisten:1775,,jungenationalisten,1775,2022-02-15T20:29:59+00:00,7103,0,https://t.me/jungenationalisten/1775
jungenationalisten:1774,,jungenationalisten,1774,2022-02-15T20:29:59+00:00,6796,0,https://t.me/jungenationalisten/1774
jungenationalisten:1773,,jungenationalisten,1773,2022-02-15T20:29:59+00:00,6794,0,https://t.me/jungenationalisten/1773
jungenationalisten:1772,,jungenationalisten,1772,2022-02-15T20:29:59+00:00,6802,0,https://t.me/jungenationalisten/1772
jungenationalisten:1771,,jungenationalisten,1771,2022-02-15T20:29:59+00:00,6633,0,https://t.me/jungenationalisten/1771
jungenationalisten:1770,,jungenationalisten,1770,2022-02-15T20:29:59+00:00,6620,0,https://t.me/jungenationalisten/1770
jungenationalisten:1769,,jungenationalisten,1769,2022-02-15T20:29:59+00:00,6650,0,https://t.me/jungenationalisten/1769
jungenationalisten:1768,Dresden: An jener Stelle möchten wir euch auch nicht die Fratzen vorgeblicher Journalisten vorenthalten. Öffentlich vers,jungenationalisten,1768,2022-02-15T20:29:59+00:00,6636,0,https://t.me/jungenationalisten/1768
jungenationalisten:1766,,jungenationalisten,1766,2022-02-15T18:14:23+00:00,1483,0,https://t.me/jungenationalisten/1766
jungenationalisten:1765,,jungenationalisten,1765,2022-02-15T18:14:23+00:00,1470,0,https://t.me/jungenationalisten/1765
jungenationalisten:1764,Brandenburg: Wir gedenken heute der Opfer des alliierten Luftangriffs auf #Cottbus vor 77 Jahren.  Aus gegebenem Anlass ,jungenationalisten,1764,2022-02-15T18:14:23+00:00,1386,0,https://t.me/jungenationalisten/1764
jungenationalisten:1762,"Hier spricht Dresden!  Liebe Freunde, Kameraden und Unterstützer,  mit dem diesjährigen Dresden-Gedenken haben wir deutl",jungenationalisten,1762,2022-02-14T21:23:53+00:00,1172,0,https://t.me/jungenationalisten/1762
jungenationalisten:1761,"Dresden: die Toten rufen zur Pflicht!  Dem Befehl des Gewissens verpflichtet versammelten sich am Sonntag, den 13. Febru",jungenationalisten,1761,2022-02-14T13:17:53+00:00,2242,0,https://t.me/jungenationalisten/1761
jungenationalisten:1760,,jungenationalisten,1760,2022-02-13T22:38:30+00:00,999,0,https://t.me/jungenationalisten/1760
jungenationalisten:1759,,jungenationalisten,1759,2022-02-13T22:38:30+00:00,996,0,https://t.me/jungenationalisten/1759
jungenationalisten:1758,,jungenationalisten,1758,2022-02-13T22:38:30+00:00,952,0,https://t.me/jungenationalisten/1758
jungenationalisten:1757,,jungenationalisten,1757,2022-02-13T22:38:30+00:00,948,0,https://t.me/jungenationalisten/1757
jungenationalisten:1756,,jungenationalisten,1756,2022-02-13T22:38:30+00:00,943,0,https://t.me/jungenationalisten/1756
jungenationalisten:1755,13. Februar 1945 - 13. Februar 2022: Dresden gedenkt der Opfer des alliierten Bombenterrors. Der Trauermarsch des Aktion,jungenationalisten,1755,2022-02-13T22:38:30+00:00,945,0,https://t.me/jungenationalisten/1755
jungenationalisten:1754,"Am Faschingsdienstag vor 77 Jahren, den 13. Februar 1945, um 21:45 Uhr wurde in Dresden der 175. Fliegeralarm ausgelöst.",jungenationalisten,1754,2022-02-13T20:52:54+00:00,1152,0,https://t.me/jungenationalisten/1754
jungenationalisten:1753,,jungenationalisten,1753,2022-02-13T20:11:39+00:00,3345,0,https://t.me/jungenationalisten/1753
jungenationalisten:1752,,jungenationalisten,1752,2022-02-13T20:11:39+00:00,3281,0,https://t.me/jungenationalisten/1752
jungenationalisten:1751,,jungenationalisten,1751,2022-02-13T20:11:39+00:00,3282,0,https://t.me/jungenationalisten/1751
jungenationalisten:1750,,jungenationalisten,1750,2022-02-13T20:11:39+00:00,3091,0,https://t.me/jungenationalisten/1750
jungenationalisten:1749,,jungenationalisten,1749,2022-02-13T20:11:39+00:00,3093,0,https://t.me/jungenationalisten/1749
jungenationalisten:1748,,jungenationalisten,1748,2022-02-13T20:11:38+00:00,3061,0,https://t.me/jungenationalisten/1748
jungenationalisten:1747,,jungenationalisten,1747,2022-02-13T20:11:38+00:00,3058,0,https://t.me/jungenationalisten/1747
jungenationalisten:1746,,jungenationalisten,1746,2022-02-13T20:11:38+00:00,3037,0,https://t.me/jungenationalisten/1746
jungenationalisten:1745,"Weitere Impressionen vom heutigen Trauermarsch in Dresden, anlässlich des nationalen Gedenkens mit rund 1200 Teilnehmern",jungenationalisten,1745,2022-02-13T20:11:38+00:00,3018,0,https://t.me/jungenationalisten/1745
jungenationalisten:1744,,jungenationalisten,1744,2022-02-13T19:01:50+00:00,996,0,https://t.me/jungenationalisten/1744
jungenationalisten:1743,,jungenationalisten,1743,2022-02-13T19:01:50+00:00,987,0,https://t.me/jungenationalisten/1743
jungenationalisten:1742,,jungenationalisten,1742,2022-02-13T19:01:50+00:00,993,0,https://t.me/jungenationalisten/1742
jungenationalisten:1741,"🕯13. Februar 1945 - Wir gedenken!  Tun wir es unseren Ahnen gleich.  Wir wissen, dass wir im Stande sind, Trümmer beisei",jungenationalisten,1741,2022-02-13T19:01:50+00:00,990,0,https://t.me/jungenationalisten/1741
jungenationalisten:1740,Mehr als 1000 Teilnehmer Gedenken heute der Vernichtung Dresdens durch alliierte Terrorbomber vor 77 Jahren. Zu diesem Z,jungenationalisten,1740,2022-02-13T15:50:19+00:00,1056,0,https://t.me/jungenationalisten/1740
jungenationalisten:1739,Zitiert wurde auch Churchill um aufzuzeigen wessen Geistes Kind er war.🐷,jungenationalisten,1739,2022-02-13T14:24:18+00:00,8370,0,https://t.me/jungenationalisten/1739
jungenationalisten:1738,Es werden alle deutschen bombardierten Städte aufgezählt. Alphabetisch von A bis Z stehen sie alle für zigtausendfachen ,jungenationalisten,1738,2022-02-13T13:50:51+00:00,7972,0,https://t.me/jungenationalisten/1738
jungenationalisten:1737,,jungenationalisten,1737,2022-02-13T12:30:23+00:00,4343,0,https://t.me/jungenationalisten/1737
jungenationalisten:1736,,jungenationalisten,1736,2022-02-13T12:30:23+00:00,4774,0,https://t.me/jungenationalisten/1736
jungenationalisten:1735,Derzeit in #Dresden:  Vor kurzem setzte sich der Trauerzug gewohnt diszipliniert in Bewegung und die Antideutschen sind ,jungenationalisten,1735,2022-02-13T12:30:23+00:00,4141,0,https://t.me/jungenationalisten/1735
jungenationalisten:1734,Mittels Straßentheater wurde noch einmal eingehend auf die Schreckenstage in #Dresden 1945 aufmerksam gemacht und die kr,jungenationalisten,1734,2022-02-13T10:09:00+00:00,1032,0,https://t.me/jungenationalisten/1734
jungenationalisten:1733,"„Wer das Weinen verlernt hat, der lernt es wieder beim Untergang Dresdens.“  Dresden steht hierbei beispielhaft für eine",jungenationalisten,1733,2022-02-13T07:17:05+00:00,1097,0,https://t.me/jungenationalisten/1733
jungenationalisten:1732,Um über die tatsächlichen Geschehnisse rund um die Kriegsverbrechen an der Elbmetropole und ihrer Zivilbevölkerung aufzu,jungenationalisten,1732,2022-02-12T18:11:53+00:00,2150,0,https://t.me/jungenationalisten/1732
jungenationalisten:1731,,jungenationalisten,1731,2022-02-12T13:14:41+00:00,974,0,https://t.me/jungenationalisten/1731
jungenationalisten:1730,,jungenationalisten,1730,2022-02-12T13:14:41+00:00,964,0,https://t.me/jungenationalisten/1730
jungenationalisten:1729,Die Dresden-Aktionstage sind in vollem Gange und es wurde offenbar länderübergreifend in Form von Plakatierungen auf das,jungenationalisten,1729,2022-02-12T13:14:41+00:00,874,0,https://t.me/jungenationalisten/1729
jungenationalisten:1728,"HIER SPRICHT DRESDEN!  Liebe Freunde, Kameraden und Unterstützer!  Morgen findet unser traditionelles Dresden-Gedenken s",jungenationalisten,1728,2022-02-12T08:52:01+00:00,673,0,https://t.me/jungenationalisten/1728
jungenationalisten:1726,,jungenationalisten,1726,2022-02-11T17:08:34+00:00,1303,0,https://t.me/jungenationalisten/1726
jungenationalisten:1725,,jungenationalisten,1725,2022-02-11T17:08:34+00:00,1289,0,https://t.me/jungenationalisten/1725
jungenationalisten:1724,,jungenationalisten,1724,2022-02-11T17:08:34+00:00,1287,0,https://t.me/jungenationalisten/1724
jungenationalisten:1723,,jungenationalisten,1723,2022-02-11T17:08:34+00:00,1263,0,https://t.me/jungenationalisten/1723
jungenationalisten:1722,"Während es nun nur noch zwei Tage bis zum traditionellen Gedenken in Dresden sind, werden derzeit in einigen Regionen ta",jungenationalisten,1722,2022-02-11T17:08:34+00:00,1272,0,https://t.me/jungenationalisten/1722
jungenationalisten:1721,,jungenationalisten,1721,2022-02-11T13:55:14+00:00,912,0,https://t.me/jungenationalisten/1721
jungenationalisten:1720,,jungenationalisten,1720,2022-02-11T13:55:14+00:00,905,0,https://t.me/jungenationalisten/1720
jungenationalisten:1719,,jungenationalisten,1719,2022-02-11T13:55:14+00:00,903,0,https://t.me/jungenationalisten/1719
jungenationalisten:1718,,jungenationalisten,1718,2022-02-11T13:55:14+00:00,836,0,https://t.me/jungenationalisten/1718
jungenationalisten:1717,Vergesst niemals #Dresden!   Von Anfang an beteiligen wir uns an den Dresden-Aktionswochen. Entsprechend wird jeher mit ,jungenationalisten,1717,2022-02-11T13:55:14+00:00,838,0,https://t.me/jungenationalisten/1717
jungenationalisten:1716,"Was bedeutet Opferbereitschaft heute noch bei uns?  Früher bedeutete das Wort, dass man sich für das Volk und Vaterland ",jungenationalisten,1716,2022-02-10T10:59:57+00:00,2109,0,https://t.me/jungenationalisten/1716
jungenationalisten:1715,,jungenationalisten,1715,2022-02-10T10:59:55+00:00,891,0,https://t.me/jungenationalisten/1715
jungenationalisten:1713,"HIER SPRICHT DRESDEN!  Liebe Freunde, Kameraden und Unterstützer!  Am kommenden Sonntag findet unser traditionelles Dres",jungenationalisten,1713,2022-02-09T06:19:38+00:00,718,0,https://t.me/jungenationalisten/1713
jungenationalisten:1712,"Unser Banner ""Sie wollen keine Wellen brechen, sondern euch!"" zieht seine Kreise und lässt so manches rote Hetzerherz hö",jungenationalisten,1712,2022-02-07T10:49:24+00:00,1659,0,https://t.me/jungenationalisten/1712
jungenationalisten:1711,"HIER SPRICHT DRESDEN!  Liebe Freunde, Kameraden und Unterstützer!  Nun ist nur noch eine Woche Zeit, bevor unser traditi",jungenationalisten,1711,2022-02-06T11:08:04+00:00,861,0,https://t.me/jungenationalisten/1711
jungenationalisten:1710,Wie schütze ich mich vor der drohenden Zensur bei Telegram?  Apple / iOS:  1.) Öffnet den Safari-Browser. Nur dieser fun,jungenationalisten,1710,2022-02-05T06:48:30+00:00,1426,0,https://t.me/jungenationalisten/1710
jungenationalisten:1709,Willkommen Plemplem-Land:  https://www.welt.de/politik/deutschland/plus236662419/Klimaschutz-radikal-Liege-im-Bett-und-w,jungenationalisten,1709,2022-02-04T21:18:20+00:00,1131,0,https://t.me/jungenationalisten/1709
jungenationalisten:1708,#Brandenburg:  Am zurückliegenden Montag waren wir dieses Mal in Jüterbog (Teltow-Fläming).  Von der Demonstration mit h,jungenationalisten,1708,2022-02-03T19:01:10+00:00,1026,0,https://t.me/jungenationalisten/1708
jungenationalisten:1707,Durch die kontinuierliche Arbeit zeigen immer mehr junge Leute Interesse an unserer Jugendorganisation. Deshalb fand am ,jungenationalisten,1707,2022-01-30T16:34:08+00:00,1691,0,https://t.me/jungenationalisten/1707
jungenationalisten:1706,"In stillem Gedenken an die Opfer des feigen Kriegsverbrechens auf die ""Wilhelm Gustloff"" am 30. Januar 1945.   Das Schif",jungenationalisten,1706,2022-01-30T11:18:01+00:00,1948,0,https://t.me/jungenationalisten/1706
jungenationalisten:1702,Heute fand in Sachsen-Anhalt eine Vorstellung unserer Jugendorganisation statt. Man konnte neue Mitstreiter für unsere J,jungenationalisten,1702,2022-01-29T20:12:25+00:00,1643,0,https://t.me/jungenationalisten/1702
jungenationalisten:1701,,jungenationalisten,1701,2022-01-29T13:16:14+00:00,1099,0,https://t.me/jungenationalisten/1701
jungenationalisten:1700,,jungenationalisten,1700,2022-01-29T13:16:14+00:00,1089,0,https://t.me/jungenationalisten/1700
jungenationalisten:1699,,jungenationalisten,1699,2022-01-29T13:16:14+00:00,1083,0,https://t.me/jungenationalisten/1699
jungenationalisten:1698,"Endlich wird in Weinheim auch spaziert!  Immerhin rund 120 Teilnehmer versammelten sich in Weinheim, um durch die Bahnho",jungenationalisten,1698,2022-01-29T13:16:14+00:00,1012,0,https://t.me/jungenationalisten/1698
jungenationalisten:1697,Körper schmieden für kommende Kämpfe!  Deutschland braucht starke Herzen und Kämpfer.  Unsere deutsche Jugend bleibt spo,jungenationalisten,1697,2022-01-28T20:45:33+00:00,2303,0,https://t.me/jungenationalisten/1697
jungenationalisten:1696,"Wir alle erleben Tag für Tag, dass das Niveau, insbesondere im Bildungsbereich systematisch gesenkt und Leistungen nicht",jungenationalisten,1696,2022-01-26T13:26:23+00:00,1152,0,https://t.me/jungenationalisten/1696
jungenationalisten:1695,"HIER IST DRESDEN!  ""Auch in diesem Jahr stellen wir verschiedene Materialien für Euch bereit, um auf das alliierte Krieg",jungenationalisten,1695,2022-01-25T09:51:43+00:00,1494,0,https://t.me/jungenationalisten/1695
jungenationalisten:1694,"Junge Nationalisten unterstützen die bundesweiten Corona-Bürgerproteste  ""Ein System aus Lügen, Druck, Kontrolle und Zah",jungenationalisten,1694,2022-01-24T14:44:02+00:00,1180,0,https://t.me/jungenationalisten/1694
jungenationalisten:1693,"Stützpunkttreffen und Jahresrückschau 2021 in #Berlin & #Brandenburg:  Wie in jedem Jahr kam unsere Mannschaft, einschli",jungenationalisten,1693,2022-01-23T17:35:08+00:00,1244,0,https://t.me/jungenationalisten/1693
jungenationalisten:1692,Es gibt nun auch ein kleines Video zum Gedenkmarsch in Magdeburg auf unserem YT-Kanal 🇩🇪🕯️  https://youtu.be/fY5SEvy5BKY,jungenationalisten,1692,2022-01-23T14:15:58+00:00,1749,0,https://t.me/jungenationalisten/1692
jungenationalisten:1691,"Magdeburg: Ehrenhaftes Gedenken, statt Anpassung an den Zeitgeist!  Für uns als Junge Nationalisten ist es selbstverstän",jungenationalisten,1691,2022-01-23T11:58:26+00:00,2815,0,https://t.me/jungenationalisten/1691
jungenationalisten:1690,Heute sind unsere Aktivisten beim Gedenkmarsch in Magdeburg.  Den Bombentoten ein würdevolles Gedenken 🕯️,jungenationalisten,1690,2022-01-22T14:29:41+00:00,1775,1,https://t.me/jungenationalisten/1690
jungenationalisten:1689,Wie oft wurdest du in der Schule mit der Vergangenheit konfrontiert anstatt über tatsächliche Probleme zu reden? Wie oft,jungenationalisten,1689,2022-01-20T12:52:13+00:00,1110,0,https://t.me/jungenationalisten/1689
jungenationalisten:1688,*Achtung Magdeburg ruft zur Tat!*   Das Kooperationsgespräch in Magdeburg für den Gedenkmarsch fand gestern statt.  Das ,jungenationalisten,1688,2022-01-19T11:02:57+00:00,2680,0,https://t.me/jungenationalisten/1688
jungenationalisten:1687,In Mecklenburg und Pommern geht was! Folgen und auf dem Laufenden bleiben:  instagram.com/pommern.verteidigen/ & instagr,jungenationalisten,1687,2022-01-19T09:51:49+00:00,1624,0,https://t.me/jungenationalisten/1687
jungenationalisten:1686,"Deutschlands Geburtstag - Wir feiern Treu!  Heute, am 18. Januar, jährt sich zum 151. Mal der Tag der Gründung des Deuts",jungenationalisten,1686,2022-01-18T16:25:06+00:00,1551,0,https://t.me/jungenationalisten/1686
jungenationalisten:1685,Deutschland uns Deutschen - wem auch sonst? 🇩🇪😉 Dieses und andere Aufklebermotive findet ihr in unserem Frontdienst: -> ,jungenationalisten,1685,2022-01-18T08:42:38+00:00,1999,0,https://t.me/jungenationalisten/1685
jungenationalisten:1684,#Rostock im Pfefferspray-Regen. Will das Regime offene Rechnungen begleichen?  Standhaft bleiben Hanseaten!,jungenationalisten,1684,2022-01-17T21:07:53+00:00,1039,0,https://t.me/jungenationalisten/1684
jungenationalisten:1683,,jungenationalisten,1683,2022-01-17T14:02:30+00:00,1214,0,https://t.me/jungenationalisten/1683
jungenationalisten:1682,"Das ehemals so stolze, vielfältige und ruhmreiche Europa ist ausgebrannt. Einst stark und innovativ, ging es mit dem 20.",jungenationalisten,1682,2022-01-16T10:36:28+00:00,1051,0,https://t.me/jungenationalisten/1682
jungenationalisten:1681,Nachgereicht: Heldengedenken in #Brandenburg🕯  Auch wenn zum Heldengedenken traditionell den Helden und Soldaten unseres,jungenationalisten,1681,2022-01-15T17:19:55+00:00,1097,0,https://t.me/jungenationalisten/1681
jungenationalisten:1680,#SachsenAnhalt - Heraus zum 76. Gedenktag anlässlich der Bombardierung Magdeburgs!  Am Sonnabend den 22. Januar findet w,jungenationalisten,1680,2022-01-15T11:03:40+00:00,2565,0,https://t.me/jungenationalisten/1680
jungenationalisten:1678,Der Blackout ist in aller Munde.  @hexogenoutdoor hat ein paar nützliche Videos zur Krisenvorsorge erstellt. Schaut rein,jungenationalisten,1678,2022-01-14T14:23:28+00:00,1008,0,https://t.me/jungenationalisten/1678
jungenationalisten:1677,"JN - Volk, Heimat & Tradition!  Politische Künstler zu uns. 🖌  🇩🇪 @jungenationalisten",jungenationalisten,1677,2022-01-13T19:11:52+00:00,1034,0,https://t.me/jungenationalisten/1677
jungenationalisten:1676,,jungenationalisten,1676,2022-01-12T21:21:55+00:00,3170,0,https://t.me/jungenationalisten/1676
jungenationalisten:1675,,jungenationalisten,1675,2022-01-12T21:21:55+00:00,3131,0,https://t.me/jungenationalisten/1675
jungenationalisten:1674,Widerstand im Pommernland!  Auch heute beteiligten sich Aktivisten unserer Jugendbewegung an den Coronaprotesten u.a. in,jungenationalisten,1674,2022-01-12T21:21:55+00:00,2980,0,https://t.me/jungenationalisten/1674
jungenationalisten:1673,(DE)  Hier ist Dresden!  Wir wünschen all unseren Unterstützern und Freunden ein gesundes und erfolgreiches neues Jahr! ,jungenationalisten,1673,2022-01-11T12:38:58+00:00,797,0,https://t.me/jungenationalisten/1673
jungenationalisten:1672,Hier nun der 10-Punkte-Ratgeber für Spaziergänger (Handyversion) die Druckdaten folgen später!  Runterladen und verbreit,jungenationalisten,1672,2022-01-11T09:01:56+00:00,703,0,https://t.me/jungenationalisten/1672
jungenationalisten:1671,,jungenationalisten,1671,2022-01-10T23:28:59+00:00,891,0,https://t.me/jungenationalisten/1671
jungenationalisten:1670,,jungenationalisten,1670,2022-01-10T23:28:59+00:00,938,0,https://t.me/jungenationalisten/1670
jungenationalisten:1669,Auch in #Bautzen ist man gewohnt durchsetzungsfähig!👌🏼,jungenationalisten,1669,2022-01-10T23:28:59+00:00,955,0,https://t.me/jungenationalisten/1669
jungenationalisten:1668,🇩🇪 Demo Rostock: Das Volk lässt sich nicht verbieten. Die Polizeikräfte können dem Druck der Menschen nicht standhalten ,jungenationalisten,1668,2022-01-10T22:43:31+00:00,941,0,https://t.me/jungenationalisten/1668
jungenationalisten:1667,Bundesweit waren heute wieder Aktivisten der JN auf der Straße um die aufbegehrenden Bürgerproteste zu unterstützen.  So,jungenationalisten,1667,2022-01-10T22:18:12+00:00,1207,0,https://t.me/jungenationalisten/1667
jungenationalisten:1666,#Thüringen: Auch in der Wartburgstadt Eisenach finden regelmäßig Demonstrationen gegen die Coronamaßnahmen mit großer Bü,jungenationalisten,1666,2022-01-10T13:50:14+00:00,925,0,https://t.me/jungenationalisten/1666
jungenationalisten:1665,,jungenationalisten,1665,2022-01-09T10:36:24+00:00,1235,0,https://t.me/jungenationalisten/1665
jungenationalisten:1664,,jungenationalisten,1664,2022-01-09T10:36:24+00:00,1224,0,https://t.me/jungenationalisten/1664
jungenationalisten:1663,In den letzten Tagen gab es wieder viele Anfragen für unsere Infobriefe. Diese werden nun Stück für Stück abgearbeitet u,jungenationalisten,1663,2022-01-09T10:36:24+00:00,1193,0,https://t.me/jungenationalisten/1663
jungenationalisten:1662,,jungenationalisten,1662,2022-01-08T20:39:28+00:00,5182,0,https://t.me/jungenationalisten/1662
jungenationalisten:1661,,jungenationalisten,1661,2022-01-08T20:39:28+00:00,5144,0,https://t.me/jungenationalisten/1661
jungenationalisten:1660,Auch in Cottbus waren heute in fast schon gewohnter Manier tausende Bürger auf der Straße. Auch unsere Aktivisten waren ,jungenationalisten,1660,2022-01-08T20:39:27+00:00,5091,0,https://t.me/jungenationalisten/1660
jungenationalisten:1659,,jungenationalisten,1659,2022-01-08T20:05:25+00:00,1040,0,https://t.me/jungenationalisten/1659
jungenationalisten:1658,"Neben großen Protesten in Cottbus, Düsseldorf, Magdeburg, Frankfurt a. Main fanden sich heute auch in Hamburg wieder tau",jungenationalisten,1658,2022-01-08T20:05:25+00:00,1025,0,https://t.me/jungenationalisten/1658
jungenationalisten:1656,Karlsruhe - Platz der Menschenrechte. Wir demonstrieren für die Freiheit. Die Coronadiktatur muss beendet werden!,jungenationalisten,1656,2022-01-08T15:55:51+00:00,962,0,https://t.me/jungenationalisten/1656
jungenationalisten:1655,JN voran! 🇩🇪 t.me/jungenationalisten,jungenationalisten,1655,2022-01-07T13:07:50+00:00,1125,0,https://t.me/jungenationalisten/1655
jungenationalisten:1654,"Wer offene Grenzen und Einwanderung fordert, begeht Verrat in doppelter Hinsicht. Denn er zerstört neben den kulturellen",jungenationalisten,1654,2022-01-07T09:22:54+00:00,933,0,https://t.me/jungenationalisten/1654
jungenationalisten:1653,,jungenationalisten,1653,2022-01-06T19:26:54+00:00,1012,0,https://t.me/jungenationalisten/1653
jungenationalisten:1652,,jungenationalisten,1652,2022-01-06T19:26:54+00:00,1002,0,https://t.me/jungenationalisten/1652
jungenationalisten:1651,,jungenationalisten,1651,2022-01-06T19:26:54+00:00,1001,0,https://t.me/jungenationalisten/1651
jungenationalisten:1649,Auch in #Mecklenburg und #Pommern unterstützen unsere Mitstreiter die bundesweiten Proteste nach besten Kräften. So beis,jungenationalisten,1649,2022-01-06T19:25:22+00:00,1271,0,https://t.me/jungenationalisten/1649
jungenationalisten:1648,Nette Erinnerung vom 1. Mai in Erfurt. ⚔🚩,jungenationalisten,1648,2022-01-06T14:00:14+00:00,1030,0,https://t.me/jungenationalisten/1648
jungenationalisten:1647,,jungenationalisten,1647,2022-01-04T17:18:03+00:00,1818,0,https://t.me/jungenationalisten/1647
jungenationalisten:1646,,jungenationalisten,1646,2022-01-04T17:18:03+00:00,1802,0,https://t.me/jungenationalisten/1646
jungenationalisten:1645,,jungenationalisten,1645,2022-01-04T17:18:03+00:00,1747,0,https://t.me/jungenationalisten/1645
jungenationalisten:1644,,jungenationalisten,1644,2022-01-04T17:18:03+00:00,1740,0,https://t.me/jungenationalisten/1644
jungenationalisten:1643,,jungenationalisten,1643,2022-01-04T17:18:03+00:00,1744,0,https://t.me/jungenationalisten/1643
jungenationalisten:1642,,jungenationalisten,1642,2022-01-04T17:18:03+00:00,1723,0,https://t.me/jungenationalisten/1642
jungenationalisten:1637,Auch wir als heimattreue Jugendorganisation unterstützen seit Monaten die immer mehr aufbegehrenden Bürgerproteste in de,jungenationalisten,1637,2022-01-04T17:11:55+00:00,1780,0,https://t.me/jungenationalisten/1637
jungenationalisten:1630,In gleich mehreren Städten zeigten wir gestern mit Transparenten auch optische Präsenz! So beispielsweise in der märkisc,jungenationalisten,1630,2022-01-04T12:55:22+00:00,990,0,https://t.me/jungenationalisten/1630
jungenationalisten:1622,#SachsenAnhalt: In der Lutherstadt Wittenberg waren heute wieder mehrere tausend Menschen gegen die Coronamaßnahmen auf ,jungenationalisten,1622,2022-01-03T19:32:05+00:00,3461,0,https://t.me/jungenationalisten/1622
jungenationalisten:1621,"#Braunschweig regelt!  Während es der Polizei eine große Gruppe am Altstadtmarkt einkesseln konnte, hat such eine Gruppe",jungenationalisten,1621,2022-01-03T19:23:45+00:00,848,0,https://t.me/jungenationalisten/1621
jungenationalisten:1620,"Sie alle sollen beim Heldengedenken im Kreise der Fackeln wissen, dass wir auch im Jahr 2021 ein Licht für sie entzünden",jungenationalisten,1620,2022-01-02T18:05:39+00:00,1167,0,https://t.me/jungenationalisten/1620
jungenationalisten:1619,,jungenationalisten,1619,2022-01-02T17:59:54+00:00,2257,0,https://t.me/jungenationalisten/1619
jungenationalisten:1618,,jungenationalisten,1618,2022-01-02T17:59:54+00:00,2239,0,https://t.me/jungenationalisten/1618
jungenationalisten:1617,#Brandenburg: Heldengedenken 2021 im Berliner Umland   Auch wenn zum Heldengedenken traditionell den Helden und Soldaten,jungenationalisten,1617,2022-01-02T17:59:54+00:00,2090,0,https://t.me/jungenationalisten/1617
jungenationalisten:1616,#Bayern: Gestern demonstrierten nochmal über 5000 Menschen in #Aschaffenburg für die Freiheit und gegen Coronairrsinn! 🇩,jungenationalisten,1616,2022-01-01T21:51:50+00:00,832,0,https://t.me/jungenationalisten/1616
jungenationalisten:1615,Kommt alle gut in das Jahr 2022 und sammelt nochmal Kraft für die bevorstehende Zeit.  Für Nationalisten wird sie defini,jungenationalisten,1615,2021-12-31T16:55:38+00:00,2855,0,https://t.me/jungenationalisten/1615
jungenationalisten:1614,Kommt gut ins neue Jahr. 2022 wird die Freiheit erkämpft. #Braunschweig,jungenationalisten,1614,2021-12-31T07:46:12+00:00,854,0,https://t.me/jungenationalisten/1614
jungenationalisten:1613,Nicht nur in #München waren gestern tausende Bürger spazieren und drückten somit ihren Protest gegen die hiesigen Corona,jungenationalisten,1613,2021-12-30T16:08:56+00:00,1037,0,https://t.me/jungenationalisten/1613
jungenationalisten:1611,Schwere Auseinandersetzungen in Bautzen!  In Bautzen ist der Montagsspaziergang nach einem Angriff der Polizei eskaliert,jungenationalisten,1611,2021-12-28T08:07:26+00:00,815,0,https://t.me/jungenationalisten/1611
jungenationalisten:1610,"Auch über die Feiertage haben wir unseren Helden der beiden Kriege gedacht, aber auch Mitstreitern und Kameraden, welche",jungenationalisten,1610,2021-12-27T17:09:44+00:00,1151,0,https://t.me/jungenationalisten/1610
jungenationalisten:1609,"Weihnachtsfrieden? Wollte der Gegner nicht. Weihnachtsoffensive soll er bekommen!  Kretzschmer meint, 99,8% der Sachsen ",jungenationalisten,1609,2021-12-27T15:00:43+00:00,993,0,https://t.me/jungenationalisten/1609
jungenationalisten:1608,Wir wünschen allen deutschen Landsleuten eine besinnliche Zeit im Kreis der Familie. Nutzt die Zeit und schöpft Kraft in,jungenationalisten,1608,2021-12-24T06:54:21+00:00,1882,0,https://t.me/jungenationalisten/1608
jungenationalisten:1607,#Thüringen: Heute waren in Eisenach über 500 Menschen gegen die Coronamaßnahmen des Staates auf der Straße. Angeführt wu,jungenationalisten,1607,2021-12-23T20:51:53+00:00,1276,0,https://t.me/jungenationalisten/1607
jungenationalisten:1606,"Wintersonnenwende in Berlin & Brandenburg 🔥  „Flamme zum Himmel, Du leuchtende Glut Funken sprühe in deutschen Blut Lass",jungenationalisten,1606,2021-12-23T19:17:04+00:00,1098,0,https://t.me/jungenationalisten/1606
jungenationalisten:1604,Mindestens 12.000 (!) Menschen demonstrierten am vergangenen Samstag in Nürnberg gegen die #CoronaDiktatur! Hier ist uns,jungenationalisten,1604,2021-12-23T12:22:04+00:00,1059,0,https://t.me/jungenationalisten/1604
jungenationalisten:1603,,jungenationalisten,1603,2021-12-23T09:39:05+00:00,924,0,https://t.me/jungenationalisten/1603
jungenationalisten:1602,Gefangenenpost zum Julfest!  Das Jahr 2021 hat uns allen bisher viel abverlangt. Noch schwieriger ist die Situation für,jungenationalisten,1602,2021-12-23T09:39:04+00:00,919,0,https://t.me/jungenationalisten/1602
jungenationalisten:1600,2-G Zirkus ...für Deutsche in Käfighaltung Auch in #Braunschweig   (...)Das Phänomen Weihnachtsmarkt hat sich in den let,jungenationalisten,1600,2021-12-22T19:52:57+00:00,814,0,https://t.me/jungenationalisten/1600
jungenationalisten:1599,,jungenationalisten,1599,2021-12-21T19:24:22+00:00,1118,0,https://t.me/jungenationalisten/1599
jungenationalisten:1598,,jungenationalisten,1598,2021-12-21T19:24:22+00:00,1111,0,https://t.me/jungenationalisten/1598
jungenationalisten:1597,"»Brenne Fackel! Leuchte Flamme ! Geh von Hand zu Hand. Trag den Glauben, trag die Treue weiter durch das Land. Vater, gi",jungenationalisten,1597,2021-12-21T19:24:22+00:00,997,0,https://t.me/jungenationalisten/1597
jungenationalisten:1595,,jungenationalisten,1595,2021-12-21T17:00:51+00:00,840,0,https://t.me/jungenationalisten/1595
jungenationalisten:1594,+Erneut Coronaproteste mit JN-Beteiligung+  Auch heute fanden wieder zahllose Demonstrationen gegen die Coronamaßnahmen ,jungenationalisten,1594,2021-12-20T19:26:04+00:00,1031,0,https://t.me/jungenationalisten/1594
jungenationalisten:1592,"""Du bist mehr Wert als ein Luca-Code!""  #Thüringen: Neben der Großdemonstration mit tausenden Teilnehmern in #Nürnberg u",jungenationalisten,1592,2021-12-20T17:48:26+00:00,3628,0,https://t.me/jungenationalisten/1592
jungenationalisten:1591,"Julfeier und Sonnenwende in Mittelsachsen 2021!  Hohe Nacht der klaren Sterne, Die wie weite Brücken steh'n Über einer t",jungenationalisten,1591,2021-12-20T09:01:35+00:00,895,0,https://t.me/jungenationalisten/1591
jungenationalisten:1590,,jungenationalisten,1590,2021-12-19T19:09:17+00:00,910,0,https://t.me/jungenationalisten/1590
jungenationalisten:1589,,jungenationalisten,1589,2021-12-19T19:09:17+00:00,829,0,https://t.me/jungenationalisten/1589
jungenationalisten:1588,,jungenationalisten,1588,2021-12-19T19:09:17+00:00,847,0,https://t.me/jungenationalisten/1588
jungenationalisten:1587,,jungenationalisten,1587,2021-12-19T19:09:17+00:00,821,0,https://t.me/jungenationalisten/1587
jungenationalisten:1586,,jungenationalisten,1586,2021-12-19T19:09:17+00:00,823,0,https://t.me/jungenationalisten/1586
jungenationalisten:1585,"Auch in diesem Jahr haben wir uns zusammengefunden, um gemeinsam die Wintersonnenwende zu feiern.  Die längste Nacht und",jungenationalisten,1585,2021-12-19T19:09:17+00:00,838,0,https://t.me/jungenationalisten/1585
jungenationalisten:1584,Gemeinsam gegen die Corona-Zwangsmaßnahmen und die Einführung der Impfpflicht in Wetzlar auf der Straße!  Abonniert unse,jungenationalisten,1584,2021-12-19T17:23:42+00:00,894,0,https://t.me/jungenationalisten/1584
jungenationalisten:1583,#Bayern: Deutsche Jugend heraus zur morgigen Demonstration gegen Impfpflicht und Coronawahnsinn in #Nürnberg!  Auch unse,jungenationalisten,1583,2021-12-18T12:28:40+00:00,906,0,https://t.me/jungenationalisten/1583
jungenationalisten:1582,Schreib uns in den Kommentaren und du hast in den nächsten Tagen deinen persönlichen Infobrief im Briefkasten ⚔🇩🇪,jungenationalisten,1582,2021-12-15T14:28:08+00:00,1921,0,https://t.me/jungenationalisten/1582
jungenationalisten:1581,Auch gestern fanden wieder landesweit verschiedene Bürgerproteste statt. Ähnlich wie in #Sachsen wird auch wie hier beis,jungenationalisten,1581,2021-12-15T08:59:06+00:00,2299,0,https://t.me/jungenationalisten/1581
jungenationalisten:1580,Deckt euch ein! ⚔🇩🇪🔥  www.frontdienst.de,jungenationalisten,1580,2021-12-14T21:33:25+00:00,1687,0,https://t.me/jungenationalisten/1580
jungenationalisten:1579,+Coronaproteste in Sachsen-Anhalt mit JN Beteiligung+  Auch am heutigen Montag sind wieder tausende Menschen auf die Str,jungenationalisten,1579,2021-12-13T18:55:26+00:00,1339,0,https://t.me/jungenationalisten/1579
jungenationalisten:1578,"Die bevorstehende Julzeit nutzen wir wieder wie in jedem Jahr um unseren nationalen, politischen Gefangenen zu schreiben",jungenationalisten,1578,2021-12-13T16:26:45+00:00,2057,0,https://t.me/jungenationalisten/1578
jungenationalisten:1577,"Ein Loblied auf die Initiative ""Zusammenrücken""!  Hilfreich, nett, aufgeschlossen, informativ, sich Mühe gebend und freu",jungenationalisten,1577,2021-12-12T16:16:28+00:00,809,0,https://t.me/jungenationalisten/1577
jungenationalisten:1576,Baden-Württemberg:  Überall in Deutschland begehrt der Protest und der damit verbundene Widerstand gegen die kaum noch a,jungenationalisten,1576,2021-12-12T10:47:22+00:00,1196,0,https://t.me/jungenationalisten/1576
jungenationalisten:1575,,jungenationalisten,1575,2021-12-11T19:58:17+00:00,844,0,https://t.me/jungenationalisten/1575
jungenationalisten:1574,,jungenationalisten,1574,2021-12-11T19:58:17+00:00,841,0,https://t.me/jungenationalisten/1574
jungenationalisten:1573,Auch wir unterstützen die sog. Coronaproteste und Demonstrationen gegen die bevorstehende Impfpflicht in den Regionen na,jungenationalisten,1573,2021-12-11T19:58:17+00:00,804,0,https://t.me/jungenationalisten/1573
jungenationalisten:1572,"## Bundestag beschließt Impfpflicht für Pflege und Medizin ## ⚔️ @CoronaWahnsinnStoppen  Es ist wichtig, dass sich die B",jungenationalisten,1572,2021-12-10T12:25:05+00:00,782,0,https://t.me/jungenationalisten/1572
jungenationalisten:1571,Auf welcher Seite stehst du? 😉🇩🇪⚔,jungenationalisten,1571,2021-12-09T18:31:13+00:00,906,0,https://t.me/jungenationalisten/1571
jungenationalisten:1570,Welche Lügen oder offensichtliche Widersprüche haben euch wachgerüttelt?  - die Täuschung mit den „Todeszahlen“ MIT oder,jungenationalisten,1570,2021-12-08T14:46:39+00:00,873,0,https://t.me/jungenationalisten/1570
jungenationalisten:1569,Volkstrauertag 2021 in Baden-Württemberg - Am diesjährigen Volkstrauertag wurden wieder Grabkerzen auf Soldatengräber un,jungenationalisten,1569,2021-12-08T11:40:49+00:00,856,0,https://t.me/jungenationalisten/1569
jungenationalisten:1568,"+Ein Hauch von Revolution+  Gestern gingen in ganz Mitteldeutschland tausende von Menschen auf die Straße, um gegen die ",jungenationalisten,1568,2021-12-07T16:43:30+00:00,1253,0,https://t.me/jungenationalisten/1568
jungenationalisten:1566,Weit lasst die Fahnen wehen  Wir woll´n zum Sturme gehen  Frei nach Landsknechtsart  Lasst den verlor´nen Haufen  Vorwär,jungenationalisten,1566,2021-12-07T14:50:26+00:00,2227,0,https://t.me/jungenationalisten/1566
jungenationalisten:1564,"Die meisten Menschen verbinden Weihnachten mit Stress, Hektik und den Kauf von teuren Geschenken.  ⚔ t.me/wirpackenan 📣 ",jungenationalisten,1564,2021-12-06T08:47:27+00:00,892,0,https://t.me/jungenationalisten/1564
jungenationalisten:1563,"❌❌Gefährder❌❌  Laut Bundesamt für Verfassungsschutz sitzen derzeit 34 sogenannte Extremisten in Haft, denen man vorwirft",jungenationalisten,1563,2021-12-05T21:18:27+00:00,842,0,https://t.me/jungenationalisten/1563
jungenationalisten:1562,Schießt Euch an! Am kommenden Samstag um 18 Uhr in Cottbus.,jungenationalisten,1562,2021-12-04T19:15:32+00:00,899,0,https://t.me/jungenationalisten/1562
jungenationalisten:1561,Literaturhinweise zum Wahnsinn dieser Tage:  Psychologie und Massenverblödung: - „Public Relations(PR)“ von Bernaise - „,jungenationalisten,1561,2021-12-03T09:44:17+00:00,4083,0,https://t.me/jungenationalisten/1561
jungenationalisten:1560,"Einigkeit und Recht und Freiheit, hallt es durch die Gassen.  In Sachsen schon Routine, sind gestern in Weißenfels Lands",jungenationalisten,1560,2021-12-03T06:30:40+00:00,1039,0,https://t.me/jungenationalisten/1560
jungenationalisten:1559,"Letzter Ausweg Corona-Impfung?  Viele geraten jetzt in Panik, wegen einer Impfpflicht, die eingeführt werden soll, wobei",jungenationalisten,1559,2021-12-01T15:36:38+00:00,1128,0,https://t.me/jungenationalisten/1559
jungenationalisten:1558,"Auch im Freistaat Thüringen gibt es eine heimattreue deutsche Jugend, deshalb  bilden sich aktuell neue Strukturen unser",jungenationalisten,1558,2021-11-25T17:48:38+00:00,2158,0,https://t.me/jungenationalisten/1558
jungenationalisten:1556,,jungenationalisten,1556,2021-11-23T13:57:05+00:00,4398,0,https://t.me/jungenationalisten/1556
jungenationalisten:1555,,jungenationalisten,1555,2021-11-23T13:57:05+00:00,4407,0,https://t.me/jungenationalisten/1555
jungenationalisten:1554,"Heimatliebe…🇩🇪  Mit Heimat assoziieren wir mehr als einen Ort mit dem wir verbunden sind, der uns Sicherheit gibt. Es is",jungenationalisten,1554,2021-11-23T13:57:05+00:00,4392,0,https://t.me/jungenationalisten/1554
jungenationalisten:1553,"⚔ @CoronaWahnsinnStoppen  Die Sekte ohne Würde, in der alles getan wird, was der TV-Hohepriester verlangt. Sie lassen si",jungenationalisten,1553,2021-11-22T17:28:12+00:00,1142,0,https://t.me/jungenationalisten/1553
jungenationalisten:1552,Heraus am Totensonntag 🕯🏴,jungenationalisten,1552,2021-11-21T11:42:59+00:00,1447,0,https://t.me/jungenationalisten/1552
jungenationalisten:1551,Österreich gegen das Globalistenpack!,jungenationalisten,1551,2021-11-20T18:52:15+00:00,1054,0,https://t.me/jungenationalisten/1551
jungenationalisten:1550,"Glückwunsch, Kyle!",jungenationalisten,1550,2021-11-19T21:20:23+00:00,1118,0,https://t.me/jungenationalisten/1550
jungenationalisten:1549,Am 21.11.21 um 14:00 Uhr findet das traditionelle Gedenken am Feld des Jammers statt. Fahrzeuge können auf dem Mitfahrer,jungenationalisten,1549,2021-11-19T17:01:03+00:00,1130,0,https://t.me/jungenationalisten/1549
jungenationalisten:1548,Folgt unserem Bundesvorsitzenden Paul Rzehaczek bei Twitter:  https://twitter.com/PaulRzehaczek,jungenationalisten,1548,2021-11-18T12:03:59+00:00,3948,0,https://t.me/jungenationalisten/1548
jungenationalisten:1547,#Thüringen: Junge Nationalisten auf den Spuren von Martin Luther und Friedrich Barbarossa   Die Geschichte Deutschlands ,jungenationalisten,1547,2021-11-16T15:29:15+00:00,1796,0,https://t.me/jungenationalisten/1547
jungenationalisten:1546,Brandanschlag In der Nacht vom 14.11. auf den 15.11.2021 kam es im Kreis Herzogtum Lauenburg (Schleswig-Holstein) zu ein,jungenationalisten,1546,2021-11-15T12:51:23+00:00,3275,0,https://t.me/jungenationalisten/1546
jungenationalisten:1545,"„Vergiss, mein Volk, die teuren Toten nicht!“  Es sind nicht viele, die in diesen sturmumwogten Zeiten an die Gräber jen",jungenationalisten,1545,2021-11-15T05:22:16+00:00,2684,0,https://t.me/jungenationalisten/1545
jungenationalisten:1544,,jungenationalisten,1544,2021-11-14T20:01:18+00:00,956,0,https://t.me/jungenationalisten/1544
jungenationalisten:1543,,jungenationalisten,1543,2021-11-14T20:01:18+00:00,944,0,https://t.me/jungenationalisten/1543
jungenationalisten:1542,,jungenationalisten,1542,2021-11-14T20:01:18+00:00,943,0,https://t.me/jungenationalisten/1542
jungenationalisten:1541,,jungenationalisten,1541,2021-11-14T20:01:18+00:00,885,0,https://t.me/jungenationalisten/1541
jungenationalisten:1540,,jungenationalisten,1540,2021-11-14T20:01:18+00:00,883,0,https://t.me/jungenationalisten/1540
jungenationalisten:1539,"Braunschweig, in Treue fest! Heldengedenken 2021  Unser gemeinsames Gedenken am Löwenwall ist ein Gegengewicht zu den st",jungenationalisten,1539,2021-11-14T20:01:18+00:00,872,0,https://t.me/jungenationalisten/1539
jungenationalisten:1538,,jungenationalisten,1538,2021-11-14T10:16:35+00:00,989,0,https://t.me/jungenationalisten/1538
jungenationalisten:1537,,jungenationalisten,1537,2021-11-14T10:16:35+00:00,988,0,https://t.me/jungenationalisten/1537
jungenationalisten:1536,Malschenberger Denkmalschändung kann ehrenvolles Gedenken nicht stoppen  Heute früh mussten die Bürger Malschenbergs fes,jungenationalisten,1536,2021-11-14T10:16:35+00:00,947,0,https://t.me/jungenationalisten/1536
jungenationalisten:1534,Traditionelles Heldengedenken in Südthüringen mit rund 80 Teilnehmern,jungenationalisten,1534,2021-11-13T22:19:37+00:00,903,0,https://t.me/jungenationalisten/1534
jungenationalisten:1533,"Auf der Kundgebung in #Remagen sprachen die nationalen Aktivisten Sven Skoda, Claus Cremer, Matthias Drewer und Manfred ",jungenationalisten,1533,2021-11-13T18:52:01+00:00,900,0,https://t.me/jungenationalisten/1533
jungenationalisten:1532,,jungenationalisten,1532,2021-11-13T18:52:01+00:00,846,0,https://t.me/jungenationalisten/1532
jungenationalisten:1531,"#Remagen: Nach dem Verlesen der Auflagen, hat sich der Trauerzug durch die Stadt in Bewegung gesetzt.",jungenationalisten,1531,2021-11-13T13:11:05+00:00,881,0,https://t.me/jungenationalisten/1531
jungenationalisten:1530,,jungenationalisten,1530,2021-11-13T13:11:05+00:00,870,0,https://t.me/jungenationalisten/1530
jungenationalisten:1529,,jungenationalisten,1529,2021-11-13T13:11:05+00:00,868,0,https://t.me/jungenationalisten/1529
jungenationalisten:1524,"Gebt mit uns zusammen am 13.11.2021 den Opfern alliierter Mordpolitik ein Gesicht. Nicht weil wir dazu aufrufen, sondern",jungenationalisten,1524,2021-11-12T17:08:10+00:00,954,0,https://t.me/jungenationalisten/1524
jungenationalisten:1523,Am Sonntag heraus zum Volkstrauertag und Heldengedenken!  Die Ehrerbietung gegenüber jenen die auf den Schlachtfeldern d,jungenationalisten,1523,2021-11-12T15:51:00+00:00,2034,0,https://t.me/jungenationalisten/1523
jungenationalisten:1521,"Für alle, die noch im Zuge des Volkstrauertages auf der Suche nach Friedhöfen und Denkmälern sind:  https://kriegsgraebe",jungenationalisten,1521,2021-11-12T05:36:24+00:00,7630,0,https://t.me/jungenationalisten/1521
jungenationalisten:1520,Ehrendienst zum diesjährigen 9.November  Mit einem Zitat aus dem Buch „Deutsche Fibel“ begann der Redner die Zeremonie i,jungenationalisten,1520,2021-11-10T16:08:05+00:00,1235,0,https://t.me/jungenationalisten/1520
jungenationalisten:1519,Angriff auf die Seele Braunschweigs – Linke schänden Obelisken vor Gedenkveranstaltung am Volkstrauertag!  Die linke Sze,jungenationalisten,1519,2021-11-10T10:16:50+00:00,822,0,https://t.me/jungenationalisten/1519
jungenationalisten:1518,,jungenationalisten,1518,2021-11-08T19:26:30+00:00,988,0,https://t.me/jungenationalisten/1518
jungenationalisten:1517,Am 6.11. gingen wieder tausende Sachsen in Leipzig gegen die Maßnahmen von Kretschmer u Konsorten auf die Straße.   Eine,jungenationalisten,1517,2021-11-08T19:26:30+00:00,888,0,https://t.me/jungenationalisten/1517
jungenationalisten:1516,"#Sachsen: Aktuell formiert sich in #Leipzig unsere Demo-Gruppe.   Schließt Euch der heimatbewussten Jugend an!   Jung, d",jungenationalisten,1516,2021-11-06T13:08:45+00:00,1200,0,https://t.me/jungenationalisten/1516
jungenationalisten:1515,Heraus auf die Straße. Der Coronaschutzverordnung zum Trotz.   Wir sehen uns am Sonnabend in Leipzig.,jungenationalisten,1515,2021-11-04T11:43:17+00:00,1173,0,https://t.me/jungenationalisten/1515
jungenationalisten:1514,Das linksextreme Szenelokal „Nordpol“ an der Dortmunder Münsterstraße schließt und sucht einen neuen Standort. Wir behan,jungenationalisten,1514,2021-11-03T15:44:19+00:00,1235,0,https://t.me/jungenationalisten/1514
jungenationalisten:1513,"Giorgos Fountoulis und Manos Kapelonis. Diese Namen dürften noch lange im Gedächtnis derjenigen bleiben, welche sich ste",jungenationalisten,1513,2021-11-01T16:36:38+00:00,3308,0,https://t.me/jungenationalisten/1513
jungenationalisten:1512,Jetzt einschalten und mitdiskutieren: https://youtu.be/lWgzcupLQLM,jungenationalisten,1512,2021-10-31T18:04:58+00:00,1959,0,https://t.me/jungenationalisten/1512
jungenationalisten:1511,"Heute Abend um 19 Uhr Livestream mit Paul Rzehaczek, dem Bundesvorsitzenden unserer Jugendbewegung. Welche Fragen habt i",jungenationalisten,1511,2021-10-31T14:57:53+00:00,1216,0,https://t.me/jungenationalisten/1511
jungenationalisten:1509,Heute fand in Sachsen-Anhalt der Landesparteitag der NPD statt. Der JN-Stützpunkt Anhaltiner Land übernahm den Ordnerdie,jungenationalisten,1509,2021-10-30T19:23:03+00:00,1265,0,https://t.me/jungenationalisten/1509
jungenationalisten:1508,,jungenationalisten,1508,2021-10-30T14:47:52+00:00,963,0,https://t.me/jungenationalisten/1508
jungenationalisten:1507,,jungenationalisten,1507,2021-10-30T14:47:52+00:00,957,0,https://t.me/jungenationalisten/1507
jungenationalisten:1506,"Montags für #Deutschland, statt Fridays for Future!🇩🇪  Seit März dieses Jahres protestiert die Bürgerbewegung #Leipzig (",jungenationalisten,1506,2021-10-30T14:47:52+00:00,891,0,https://t.me/jungenationalisten/1506
jungenationalisten:1505,"Morgen Abend um 19 Uhr Livestream mit Paul Rzehaczek, dem Bundesvorsitzenden der JN. Welche Fragen habt ihr an Paul? Jet",jungenationalisten,1505,2021-10-30T11:33:25+00:00,784,0,https://t.me/jungenationalisten/1505
jungenationalisten:1504,Angesichts des Stroms von Flüchtlingen an der deutsch-polnischen Grenze erwartet die Bundespolizeigewerkschaft (DPolG) e,jungenationalisten,1504,2021-10-30T06:59:45+00:00,1078,0,https://t.me/jungenationalisten/1504
jungenationalisten:1503,Angemeldetes und organisationsübergreifendes Gedenken in #Braunschweig mit Trauermarsch.  Standesgemäß werden wir am Vol,jungenationalisten,1503,2021-10-29T20:27:39+00:00,792,0,https://t.me/jungenationalisten/1503
jungenationalisten:1502,"Heute vor 12 Jahren verstarb Jürgen Rieger, der ""Anwalt für Deutschland"". Wie kein anderer Aktivist prägte er gerade die",jungenationalisten,1502,2021-10-29T09:14:16+00:00,2201,0,https://t.me/jungenationalisten/1502
jungenationalisten:1501,Grabkerzen für unsere Soldaten  ‌Dieses Jahr findet wieder unsere landesweite Aktion zum Heldengedenken statt. Jeder kan,jungenationalisten,1501,2021-10-28T17:03:30+00:00,898,0,https://t.me/jungenationalisten/1501
jungenationalisten:1500,"Herbstfest in #Mittelsachsen!  ""Eine absolute Anonymisierung als Ergebnis absoluter Individualisierung, die dazu führt, ",jungenationalisten,1500,2021-10-27T16:54:55+00:00,998,0,https://t.me/jungenationalisten/1500
jungenationalisten:1499,Sachsen: Montags für Deutschland statt #FridaysForFuture!  Seit März dieses Jahres protestiert die Bürgerbewegung #Leipz,jungenationalisten,1499,2021-10-26T09:52:41+00:00,1485,0,https://t.me/jungenationalisten/1499
jungenationalisten:1498,Herbstfest in Mittelsachsen  ⚔ t.me/wirpackenan 📣  Eine absolute Anonymisierung als Ergebnis absoluter Individualisierun,jungenationalisten,1498,2021-10-25T11:10:01+00:00,959,0,https://t.me/jungenationalisten/1498
jungenationalisten:1497,Nächste Woche erscheint Teil 2 unserer Doku über Linken Terrorismus in Deutschland. Dieser wird sich mit den Angeklagten,jungenationalisten,1497,2021-10-24T17:32:14+00:00,674,0,https://t.me/jungenationalisten/1497
jungenationalisten:1496,,jungenationalisten,1496,2021-10-24T14:27:24+00:00,1789,0,https://t.me/jungenationalisten/1496
jungenationalisten:1495,,jungenationalisten,1495,2021-10-24T14:27:23+00:00,1763,0,https://t.me/jungenationalisten/1495
jungenationalisten:1494,,jungenationalisten,1494,2021-10-24T14:27:23+00:00,1696,0,https://t.me/jungenationalisten/1494
jungenationalisten:1493,,jungenationalisten,1493,2021-10-24T14:27:23+00:00,1691,0,https://t.me/jungenationalisten/1493
jungenationalisten:1492,"#Brandenburg: Seit Wochen strömen abertausend hauptsächlich junge Männer aus dem Irak, Syrien, Afghanistan etc. über Pol",jungenationalisten,1492,2021-10-24T14:27:23+00:00,1681,0,https://t.me/jungenationalisten/1492
jungenationalisten:1491,Veranstaltungshinweis: Unser politischer Gegner wird immer gewaltaffiner und hemmungsloser.  Aus diesem Grund geben wir ,jungenationalisten,1491,2021-10-24T08:50:10+00:00,1554,0,https://t.me/jungenationalisten/1491
jungenationalisten:1490,JN Kanutour durch das herbstliche #Brandenburg🍁   Heutzutage können kaum noch Jugendliche mit dem Wort „Heimat“ etwas an,jungenationalisten,1490,2021-10-23T08:09:03+00:00,1697,0,https://t.me/jungenationalisten/1490
jungenationalisten:1489,"Die Toten mahnen   Wir liegen in Flandern, wir liegen im Belt, wir liegen in Russland noch immer zu Feld, wir liegen in ",jungenationalisten,1489,2021-10-21T14:09:34+00:00,1005,0,https://t.me/jungenationalisten/1489
jungenationalisten:1488,In diesem Zusammenhang halten die heimattreuen Aktivisten Paul Rzehaczek und Sebastian Schmidtke regelmäßig deutschlandw,jungenationalisten,1488,2021-10-20T17:35:19+00:00,1571,0,https://t.me/jungenationalisten/1488
jungenationalisten:1487,Nordrhein-Westfalen:  Am vergangenen Sonnabend kamen Kameraden und Kameradinnen in #Bielefeld zusammen um einem Vortrag ,jungenationalisten,1487,2021-10-20T10:03:22+00:00,1712,0,https://t.me/jungenationalisten/1487
jungenationalisten:1486,,jungenationalisten,1486,2021-10-18T15:21:45+00:00,969,0,https://t.me/jungenationalisten/1486
jungenationalisten:1485,,jungenationalisten,1485,2021-10-18T15:21:45+00:00,963,0,https://t.me/jungenationalisten/1485
jungenationalisten:1484,#Niedersachsen: Am vergangenen Wochenende waren einige unserer Aktivisten aus #Osnabrück wieder in der Natur unterwegs.🌿,jungenationalisten,1484,2021-10-18T15:21:45+00:00,964,0,https://t.me/jungenationalisten/1484
jungenationalisten:1483,"#Leipzig: Neben dauerstudierenden, Tofu essenden und genderneutralen Subjekten, gibt es noch eine Jugend, die sich dem Z",jungenationalisten,1483,2021-10-16T14:40:40+00:00,1740,0,https://t.me/jungenationalisten/1483
jungenationalisten:1482,Kennt ihr schon das nachhaltige Projekt <D32> in Döbeln?  Seit mehreren Jahren hat sich in Döbeln ein ehrenamtlich getra,jungenationalisten,1482,2021-10-15T14:25:41+00:00,1016,0,https://t.me/jungenationalisten/1482
jungenationalisten:1481,Herkunft & Identität - mehr als nur ein Standort!  Die tiefe Bindung zu dem Ort an dem man aufgewachsen ist wird in beso,jungenationalisten,1481,2021-10-15T12:52:12+00:00,997,0,https://t.me/jungenationalisten/1481
jungenationalisten:1475,"In diesem Moment werden Linke in der Hauptstadt ""weggentrifiziert"".  Mit dem Verlust der sogenannten ""Koepi"", einem bese",jungenationalisten,1475,2021-10-15T07:43:47+00:00,994,0,https://t.me/jungenationalisten/1475
jungenationalisten:1473,#JN in #Thüringen: Kurzentschlossene Interessierte haben morgen die Möglichkeit sich aus erster Hand über unsere Jugendo,jungenationalisten,1473,2021-10-14T15:48:15+00:00,1249,0,https://t.me/jungenationalisten/1473
jungenationalisten:1472,,jungenationalisten,1472,2021-10-12T15:33:44+00:00,975,0,https://t.me/jungenationalisten/1472
jungenationalisten:1471,,jungenationalisten,1471,2021-10-12T15:33:44+00:00,964,0,https://t.me/jungenationalisten/1471
jungenationalisten:1470,,jungenationalisten,1470,2021-10-12T15:33:44+00:00,964,0,https://t.me/jungenationalisten/1470
jungenationalisten:1469,Heimat und Land - Leipzig leistet Widerstand   Die Messestadtaktivisten unterstützen heute die Bürgerbewegung Leipzig.  ,jungenationalisten,1469,2021-10-12T15:33:44+00:00,966,0,https://t.me/jungenationalisten/1469
jungenationalisten:1468,Man muss nicht jeden Freitag die Schule schwänzen und auf sogenannte “Fridays for future”-Demos Phrasen rufen um etwas f,jungenationalisten,1468,2021-10-12T10:35:27+00:00,941,0,https://t.me/jungenationalisten/1468
jungenationalisten:1467,"„Wenn Sie mit Ihren Fragen wirklich die Wahrheit erkennen wollen, ist es notwendig, einige Klischees und Vorurteile aufz",jungenationalisten,1467,2021-10-11T17:44:38+00:00,1232,0,https://t.me/jungenationalisten/1467
jungenationalisten:1465,Dortmund: Abschied von Siegfried Borchardt🕯🏴  Dem Ruf der Dortmunder Aktivisten folgten gut 600 Nationalisten aus dem ge,jungenationalisten,1465,2021-10-10T17:27:48+00:00,1314,0,https://t.me/jungenationalisten/1465
jungenationalisten:1463,Veranstaltungshinweis für den norddeutschen Raum:  In gewohnt traditioneller Manier wird auch zum Jahresende die Sonnenw,jungenationalisten,1463,2021-10-07T10:46:03+00:00,2038,0,https://t.me/jungenationalisten/1463
jungenationalisten:1462,Gemeinschafts- und Vernetzungswochenende im Harz:  Am Sonnabend den 02. Oktober lud die Vernetzungsgruppe @Harzrevolte z,jungenationalisten,1462,2021-10-06T11:49:26+00:00,5843,0,https://t.me/jungenationalisten/1462
jungenationalisten:1461,Aufgepasst in Thüringen!  Aufgrund des verstärkten Interesses stellen wir uns am 15. Oktober interessierten Gleichgesinn,jungenationalisten,1461,2021-10-05T11:53:00+00:00,1374,0,https://t.me/jungenationalisten/1461
jungenationalisten:1460,Bald folgt Teil 2 unserer Reportage über linken Terrorismus in Deutschland. Die ersten „Institutionen“ wollen nun unsere,jungenationalisten,1460,2021-10-05T09:08:08+00:00,755,0,https://t.me/jungenationalisten/1460
jungenationalisten:1459,"“Deutschland, Deiner Festung zur Wehr!”:   Für die Jungen Nationalisten war die Jährung der sog. ""Wiedervereinigung"" wie",jungenationalisten,1459,2021-10-04T11:27:49+00:00,1289,0,https://t.me/jungenationalisten/1459
jungenationalisten:1458,Siegfried Borchardt ist verstorben.  Wir müssen euch eine schlimme Nachricht überbringen: Nach kurzem Krankenhausaufenth,jungenationalisten,1458,2021-10-04T05:30:15+00:00,534,0,https://t.me/jungenationalisten/1458
jungenationalisten:1457,Siegfried Borchardt - HIER! 🕯🏴,jungenationalisten,1457,2021-10-04T05:29:58+00:00,866,0,https://t.me/jungenationalisten/1457
jungenationalisten:1454,"„31 Jahre Wiedervereinigung. […] So hat ‘die Burg’ für uns eine tiefe Bedeutung, die heute einer gewaltigen Gefahr ausge",jungenationalisten,1454,2021-10-03T18:30:08+00:00,2882,0,https://t.me/jungenationalisten/1454
jungenationalisten:1453,"Neben dem Tag der Deutschen Einheit wird auch derzeit das Erntedankfest zelebriert.  Kultur, Identität, Gemeinschaft – d",jungenationalisten,1453,2021-10-03T16:33:15+00:00,1056,0,https://t.me/jungenationalisten/1453
jungenationalisten:1452,"Äußerlich teilwiedervereint, innerlich zersetzt und entwurzelt!   32 Jahre nach dem Fall der Mauer und 31 Jahre nach der",jungenationalisten,1452,2021-10-03T14:37:50+00:00,1515,0,https://t.me/jungenationalisten/1452
jungenationalisten:1451,,jungenationalisten,1451,2021-10-03T14:37:21+00:00,1426,0,https://t.me/jungenationalisten/1451
jungenationalisten:1450,,jungenationalisten,1450,2021-10-02T17:07:45+00:00,869,0,https://t.me/jungenationalisten/1450
jungenationalisten:1449,"Ein Volk ist nur so viel Wert, wie es seine Ahnen ehrt und dies auch seinen Kindern lehrt.   Diesen schönen Sonnabend nu",jungenationalisten,1449,2021-10-02T17:07:45+00:00,850,0,https://t.me/jungenationalisten/1449
jungenationalisten:1448,Bei Instagram haben wir ein Gewinnspiel. Seid kreativ und gewinnt eins von drei Propagandapaketen.   https://www.instagr,jungenationalisten,1448,2021-09-29T08:10:15+00:00,1135,0,https://t.me/jungenationalisten/1448
jungenationalisten:1447,“Hand in Hand für Erhalt und Bestand” - Unter diesem Motto fand auch dieses Jahr wieder ein Kunst- und Handwerkermarkt i,jungenationalisten,1447,2021-09-27T14:50:12+00:00,1383,0,https://t.me/jungenationalisten/1447
jungenationalisten:1446,Gemeinschafts- und Kulturpflege im Stützpunkt Berlin-Brandenburg  Das Wochenende war geprägt von einer Führung durch ein,jungenationalisten,1446,2021-09-26T13:22:46+00:00,2659,0,https://t.me/jungenationalisten/1446
jungenationalisten:1445,Unsere Wahlempfehlung für Volk und Heimat!,jungenationalisten,1445,2021-09-26T09:50:12+00:00,944,0,https://t.me/jungenationalisten/1445
jungenationalisten:1444,"Die Wahllokale haben ab jetzt bis 18 Uhr geöffnet, auf gehts NPD wählen. Hier unser Wahlaufruf vom unserem Parteivorsitz",jungenationalisten,1444,2021-09-26T07:59:26+00:00,726,0,https://t.me/jungenationalisten/1444
jungenationalisten:1443,"Für jeden der zum morgigen Wahltag noch unentschlossen ist kann man zur Entscheidungsfindung den sog. ""Wahl-O-Mat"" nahel",jungenationalisten,1443,2021-09-25T16:23:40+00:00,1004,0,https://t.me/jungenationalisten/1443
jungenationalisten:1442,Heute findet in Sachsen-Anhalt ein nationaler Kunst- und Handwerkermarkt statt.   Aktivisten unserer Jugendorganisation ,jungenationalisten,1442,2021-09-25T15:35:58+00:00,1109,0,https://t.me/jungenationalisten/1442
jungenationalisten:1441,Wir klagen an!  Mit gesunder Politik gegen ein krankes System.  Werde Teil des Widerstands: https://npd.de/mitglied-werd,jungenationalisten,1441,2021-09-25T08:44:36+00:00,779,0,https://t.me/jungenationalisten/1441
jungenationalisten:1440,,jungenationalisten,1440,2021-09-24T16:24:57+00:00,862,0,https://t.me/jungenationalisten/1440
jungenationalisten:1439,,jungenationalisten,1439,2021-09-24T16:24:57+00:00,851,0,https://t.me/jungenationalisten/1439
jungenationalisten:1438,Döbeln: Aufklärung statt Propaganda!  Seit ein paar Wochen schickt die Landesregierung Impfkommandos an Schulen. Doch da,jungenationalisten,1438,2021-09-24T16:24:57+00:00,802,0,https://t.me/jungenationalisten/1438
jungenationalisten:1436,https://youtu.be/Yiv2OqP7r6M,jungenationalisten,1436,2021-09-23T18:50:15+00:00,774,0,https://t.me/jungenationalisten/1436
jungenationalisten:1435,"Keine Stimme den Volksverrätern!   Wenn ihr mit offenen Augen durch Region Döbeln spaziert, könnt ihr diese Losung an so",jungenationalisten,1435,2021-09-23T09:13:08+00:00,887,0,https://t.me/jungenationalisten/1435
jungenationalisten:1434,Heute stellte Udo Pastörs Ministerpräsident Manuela Schwesig zur Rede.  Etwas holprig und verdattert versuchte die SPD-V,jungenationalisten,1434,2021-09-22T18:02:44+00:00,749,0,https://t.me/jungenationalisten/1434
jungenationalisten:1433,,jungenationalisten,1433,2021-09-22T14:14:25+00:00,1163,0,https://t.me/jungenationalisten/1433
jungenationalisten:1432,Stralsund (#Mecklenburg) - Unpässlicher Conrad-Flunker-Busse:  Nachdem der ehemalige  Juso- und die grüne Jugend Funktio,jungenationalisten,1432,2021-09-22T14:14:25+00:00,1167,0,https://t.me/jungenationalisten/1432
jungenationalisten:1431,Hier ein paar erste Eindrücke unseres Infostands mit Kundgebung in Stralsund.,jungenationalisten,1431,2021-09-21T16:31:37+00:00,770,0,https://t.me/jungenationalisten/1431
jungenationalisten:1430,Linke Netzwerke trockenlegen!   Am heutigen Montag sollte in Eilenburg ein Vortrag vom Netzwerk für Demokratie und Coura,jungenationalisten,1430,2021-09-20T17:34:56+00:00,926,0,https://t.me/jungenationalisten/1430
jungenationalisten:1429,,jungenationalisten,1429,2021-09-20T17:34:39+00:00,798,0,https://t.me/jungenationalisten/1429
jungenationalisten:1428,,jungenationalisten,1428,2021-09-20T17:34:39+00:00,786,0,https://t.me/jungenationalisten/1428
jungenationalisten:1427,,jungenationalisten,1427,2021-09-20T17:34:39+00:00,787,0,https://t.me/jungenationalisten/1427
jungenationalisten:1426,,jungenationalisten,1426,2021-09-20T17:34:39+00:00,780,0,https://t.me/jungenationalisten/1426
jungenationalisten:1425,,jungenationalisten,1425,2021-09-20T17:34:39+00:00,768,0,https://t.me/jungenationalisten/1425
jungenationalisten:1424,"Guten Morgen!  Es wird. Zwar wurde auch bei der U 18 Wahl peinlichst genau darauf geachtet, dass die NPD nicht einzeln a",jungenationalisten,1424,2021-09-20T07:34:52+00:00,733,0,https://t.me/jungenationalisten/1424
jungenationalisten:1422,,jungenationalisten,1422,2021-09-19T15:04:04+00:00,896,0,https://t.me/jungenationalisten/1422
jungenationalisten:1421,,jungenationalisten,1421,2021-09-19T15:04:04+00:00,893,0,https://t.me/jungenationalisten/1421
jungenationalisten:1420,"Plakate, Aufkleber, Klamotten, sogar Bücher und allerlei Weiteres...  Auf unserem Materialdienst gibt es für jeden, der ",jungenationalisten,1420,2021-09-19T15:04:04+00:00,868,0,https://t.me/jungenationalisten/1420
jungenationalisten:1416,"Steht auf für ein Europa der souveränen Nationalstaaten!  Eine Nation ist nicht einfach eine Gruppe von Individuen, sond",jungenationalisten,1416,2021-09-17T17:58:22+00:00,1026,0,https://t.me/jungenationalisten/1416
jungenationalisten:1415,"Die meisten Menschen sehen nur die Endergebnisse der Aktionen.   Doch jede Aktion muss geplant, vorbereitet und nachgear",jungenationalisten,1415,2021-09-17T04:03:39+00:00,867,0,https://t.me/jungenationalisten/1415
jungenationalisten:1414,Wir glauben an unsere Jugend und unser Volk!,jungenationalisten,1414,2021-09-16T11:37:52+00:00,920,0,https://t.me/jungenationalisten/1414
jungenationalisten:1411,Zu den gemeinschaftlichen Höhepunkten zählt für jeden JN-Aktivisten der überregionale Gemeinschaftstag unserer Jugendorg,jungenationalisten,1411,2021-09-11T12:40:41+00:00,2244,0,https://t.me/jungenationalisten/1411
jungenationalisten:1410,Hier werden die Angeklagten vorgeführt. Wie echte Verbrecher verstecken sie sich hinter Aktenordnern.🐷,jungenationalisten,1410,2021-09-08T09:12:30+00:00,3960,0,https://t.me/jungenationalisten/1410
jungenationalisten:1409,Sachsen: In Dresden stehen derzeit Lina Engel und andere linkskriminelle Konsorten vor Gericht. Auch wir haben Prozessbe,jungenationalisten,1409,2021-09-08T08:18:50+00:00,3223,0,https://t.me/jungenationalisten/1409
jungenationalisten:1408,Johann Guntermann ist Teil der mutmaßlichen Terrorgruppe um Lina Engel und aktuell auf der Flucht. Er scheint jedoch wei,jungenationalisten,1408,2021-09-08T06:18:00+00:00,883,0,https://t.me/jungenationalisten/1408
jungenationalisten:1407,Heute ist Prozessbeginn gegen die sogenannte Hammerbande. Dies bedeutet auch das unser zweiter Teil demnächst erscheint.,jungenationalisten,1407,2021-09-08T04:56:04+00:00,797,0,https://t.me/jungenationalisten/1407
jungenationalisten:1406,Alle Abonnenten aus Leipzig und Umgebung können gern bei den MESSESTADTAKTIVISTEN vorbeischauen. Die Jungs und Mädels ha,jungenationalisten,1406,2021-09-06T19:41:54+00:00,1433,0,https://t.me/jungenationalisten/1406
jungenationalisten:1405,"6 Jahre lang ließen die US Amerikaner die Stadt Ansbach in dem Glauben, sie würden im Jahre 2021 die Kaserne im Ortsteil",jungenationalisten,1405,2021-09-06T18:27:19+00:00,954,0,https://t.me/jungenationalisten/1405
jungenationalisten:1404,,jungenationalisten,1404,2021-09-05T16:19:10+00:00,948,0,https://t.me/jungenationalisten/1404
jungenationalisten:1403,,jungenationalisten,1403,2021-09-05T16:19:10+00:00,934,0,https://t.me/jungenationalisten/1403
jungenationalisten:1402,,jungenationalisten,1402,2021-09-05T16:19:10+00:00,923,0,https://t.me/jungenationalisten/1402
jungenationalisten:1401,,jungenationalisten,1401,2021-09-05T16:19:10+00:00,864,0,https://t.me/jungenationalisten/1401
jungenationalisten:1400,+++Gewinnspiel auf Instagram!+++  Zusammen mit @aktivde machen wir ein Gewinnspiel.  Wie ihr gewinnen könnt:  1. Zu gewi,jungenationalisten,1400,2021-09-05T16:19:10+00:00,869,0,https://t.me/jungenationalisten/1400
jungenationalisten:1399,,jungenationalisten,1399,2021-09-05T10:38:57+00:00,3399,0,https://t.me/jungenationalisten/1399
jungenationalisten:1398,,jungenationalisten,1398,2021-09-05T10:38:57+00:00,3388,0,https://t.me/jungenationalisten/1398
jungenationalisten:1397,,jungenationalisten,1397,2021-09-05T10:38:57+00:00,3248,0,https://t.me/jungenationalisten/1397
jungenationalisten:1396,,jungenationalisten,1396,2021-09-05T10:38:56+00:00,3239,0,https://t.me/jungenationalisten/1396
jungenationalisten:1395,Zu den gemeinschaftlichen Höhepunkten zählt für jeden JN-Aktivisten der überregionale  Gemeinschaftstag unserer Jugendor,jungenationalisten,1395,2021-09-05T10:38:56+00:00,3254,0,https://t.me/jungenationalisten/1395
jungenationalisten:1394,,jungenationalisten,1394,2021-09-02T11:37:51+00:00,930,0,https://t.me/jungenationalisten/1394
jungenationalisten:1393,,jungenationalisten,1393,2021-09-02T11:37:51+00:00,918,0,https://t.me/jungenationalisten/1393
jungenationalisten:1392,Auf gute Nachbarschaft – Wir bleiben! Eschede kennt sowieso nur ein Thema. Die NPD und den Hof Nahtz. Also haben wir bes,jungenationalisten,1392,2021-09-02T11:37:51+00:00,885,0,https://t.me/jungenationalisten/1392
jungenationalisten:1391,Nachgereicht: Thementag in #Berlin rund um die innerdeutsche Teilung von 1945-1990.  Die letzten 31 Jahre haben bewiesen,jungenationalisten,1391,2021-09-01T12:46:21+00:00,1943,0,https://t.me/jungenationalisten/1391
jungenationalisten:1390,,jungenationalisten,1390,2021-08-29T18:48:10+00:00,1107,0,https://t.me/jungenationalisten/1390
jungenationalisten:1389,"Infotisch in Eschede, Landkreis Celle  Gute Leute, stabile Musik und linke Spießer - was braucht es mehr für einen schön",jungenationalisten,1389,2021-08-29T18:48:10+00:00,1082,0,https://t.me/jungenationalisten/1389
jungenationalisten:1388,Wie sieht euer Wahlverhalten zur Bundestagswahl 2021 aus?🔮🤔  https://www.voteswiper.org/de/deutschland/bundestagswahl-20,jungenationalisten,1388,2021-08-29T14:11:34+00:00,1207,0,https://t.me/jungenationalisten/1388
jungenationalisten:1387,https://youtu.be/Hxsu4UUpPqE,jungenationalisten,1387,2021-08-27T11:06:52+00:00,1014,0,https://t.me/jungenationalisten/1387
jungenationalisten:1386,"Guten Morgen, hier nun wie bereits angekündigt, unser Gespräch mit Stefan, dem Macher der im sächsischen Döbeln ansässig",jungenationalisten,1386,2021-08-26T06:39:06+00:00,1331,0,https://t.me/jungenationalisten/1386
jungenationalisten:1385,,jungenationalisten,1385,2021-08-26T06:32:33+00:00,903,0,https://t.me/jungenationalisten/1385
jungenationalisten:1384,"Kein Witz...  Linke Witzfigur versucht AfD-Schild umzutreten und verletzt sich so schwer, dass er mit dem Krankenwagen a",jungenationalisten,1384,2021-08-26T06:32:33+00:00,834,0,https://t.me/jungenationalisten/1384
jungenationalisten:1382,"Fremdscham Alarm beim Werbespot der Grünen und ihrer verschandelten Version von ""Kein schöner Land"".   Man darf das Vide",jungenationalisten,1382,2021-08-25T19:37:15+00:00,873,0,https://t.me/jungenationalisten/1382
jungenationalisten:1381,Ihr wollt den NPD-Werbespot zur Bundestagswahl sehen aber seid Vodaf*ne Kunde und habt mal wieder kein gescheites Netz? ,jungenationalisten,1381,2021-08-24T16:32:10+00:00,820,0,https://t.me/jungenationalisten/1381
jungenationalisten:1380,Stabile Aufkleber für die deutsche Jugend! Unter anderem das Motiv: „Deutschland uns Deutschen“  Schaut rein: www.frontd,jungenationalisten,1380,2021-08-24T13:13:50+00:00,1767,0,https://t.me/jungenationalisten/1380
jungenationalisten:1379,"In unserem aktuellen Gespräch mit Stefan, dem Macher der im sächsischen Döbeln ansässigen Tauschbörse „D32- Aktion Solid",jungenationalisten,1379,2021-08-24T10:31:55+00:00,731,0,https://t.me/jungenationalisten/1379
jungenationalisten:1378,Interessanter Vortrag zur *genetischen Herkunft der Europäer* und frühen Wanderungen mit neuen technischen Methoden.  Hi,jungenationalisten,1378,2021-08-23T15:08:44+00:00,928,0,https://t.me/jungenationalisten/1378
jungenationalisten:1377,Wir sagen: ❌ Nein - zur Impfpflicht! ❌ Nein - zum Immunitätsausweis! ❌ Nein - zur Spaltung des Volkes!  Der Staat handel,jungenationalisten,1377,2021-08-21T05:57:58+00:00,855,0,https://t.me/jungenationalisten/1377
jungenationalisten:1376,Wir klagen an!  Mit den Vertretern des Parteienkartells wird es keine vertretbare Politik mehr geben. ❌🚯  Unser Weg: Mit,jungenationalisten,1376,2021-08-20T10:19:57+00:00,959,0,https://t.me/jungenationalisten/1376
jungenationalisten:1374,Unser Lager ist wieder aufgefüllt. Bestellung unserer Aufklebermotive unter: info@corona-wahnsinn-beenden.de  Preisstaff,jungenationalisten,1374,2021-08-19T08:47:47+00:00,864,0,https://t.me/jungenationalisten/1374
jungenationalisten:1373,Es ist wieder soweit! Am 28. August 2021 heraus zum Sporttag heimattreuer Kräfte aus Berlin-Brandenburg!🇩🇪  Wir wollen d,jungenationalisten,1373,2021-08-18T09:04:20+00:00,957,0,https://t.me/jungenationalisten/1373
jungenationalisten:1371,Aktivisten lassen sich nicht einschüchtern!   Am gestrigen Samstag marschierten in Freiberg vermummte Anhänger der Antif,jungenationalisten,1371,2021-08-15T18:20:00+00:00,1052,0,https://t.me/jungenationalisten/1371
jungenationalisten:1370,Schöne Flanke gegen #dieGrünen im #Wahlkampf: Bundesweite Plakataktion #GrünerMist sorgt für Riesenwirbel. 👏🏻  https://g,jungenationalisten,1370,2021-08-15T09:11:21+00:00,903,0,https://t.me/jungenationalisten/1370
jungenationalisten:1369,,jungenationalisten,1369,2021-08-14T12:14:37+00:00,2906,0,https://t.me/jungenationalisten/1369
jungenationalisten:1368,,jungenationalisten,1368,2021-08-14T12:14:37+00:00,2727,0,https://t.me/jungenationalisten/1368
jungenationalisten:1367,,jungenationalisten,1367,2021-08-14T12:14:37+00:00,2730,0,https://t.me/jungenationalisten/1367
jungenationalisten:1366,,jungenationalisten,1366,2021-08-14T12:14:37+00:00,2653,0,https://t.me/jungenationalisten/1366
jungenationalisten:1365,#Berlin: Anlässlich des 60. Jahrestags des Mauerbaus fanden sich heute in der Hauptstadt knapp 40 Nationalisten zu einer,jungenationalisten,1365,2021-08-14T12:14:37+00:00,2663,0,https://t.me/jungenationalisten/1365
jungenationalisten:1364,Ungeimpfte im Visier des Staates! P[R]OSITION 13.08.2021  https://www.youtube.com/watch?v=qLBZ9xtrky4  Wir melden uns au,jungenationalisten,1364,2021-08-14T07:15:17+00:00,768,0,https://t.me/jungenationalisten/1364
jungenationalisten:1363,60 Jahre Mauerbau – 32 Jahre Mauerfall – und doch werden heute erneut innerdeutsche Grenzen gezogen. Seien es Unterschie,jungenationalisten,1363,2021-08-13T11:06:09+00:00,1287,0,https://t.me/jungenationalisten/1363
jungenationalisten:1362,"Der Anteil für Gesamthessen. Man darf sich ausmalen, wie die Verhältnisse in den Städten wie FFM sind. Quelle: Twitter, ",jungenationalisten,1362,2021-08-13T07:13:58+00:00,909,0,https://t.me/jungenationalisten/1362
jungenationalisten:1360,Unser Aktivist hat mal wieder zur Gitarre gegriffen.   Hört rein.🇩🇪  https://youtube.com/watch?v=8TsBRw3PbUk,jungenationalisten,1360,2021-08-12T17:39:54+00:00,2279,0,https://t.me/jungenationalisten/1360
jungenationalisten:1359,,jungenationalisten,1359,2021-08-11T15:33:04+00:00,1033,0,https://t.me/jungenationalisten/1359
jungenationalisten:1358,,jungenationalisten,1358,2021-08-11T15:33:04+00:00,1019,0,https://t.me/jungenationalisten/1358
jungenationalisten:1357,,jungenationalisten,1357,2021-08-11T15:33:04+00:00,1042,0,https://t.me/jungenationalisten/1357
jungenationalisten:1356,"Nach einer überregionalen und konstruktiven Zusammenkunft am vergangenen Wochenende in Sachsen, besuchten JNler aus Berl",jungenationalisten,1356,2021-08-11T15:33:04+00:00,1016,0,https://t.me/jungenationalisten/1356
jungenationalisten:1355,"Ein Dank an alle Spender!  ⚔ t.me/wirpackenan 📣  Die Welle der Solidarität, welche uns seit Beginn der Spendenaktion zug",jungenationalisten,1355,2021-08-10T09:57:49+00:00,759,0,https://t.me/jungenationalisten/1355
jungenationalisten:1354,"Auf eine Anfrage der FDP teilt die Regierung mit, dass sie nicht wisse, welche Maßnahmen das Pandemiegeschehen eindämmen",jungenationalisten,1354,2021-08-09T12:31:29+00:00,812,0,https://t.me/jungenationalisten/1354
jungenationalisten:1352,,jungenationalisten,1352,2021-08-08T18:10:21+00:00,1012,0,https://t.me/jungenationalisten/1352
jungenationalisten:1351,Leipziger Land (#Sachsen): Aufgrund der regelmäßig stattfindenden Bürgerproteste entlang der Bundesstraße 107 gegen die ,jungenationalisten,1351,2021-08-08T18:10:20+00:00,975,0,https://t.me/jungenationalisten/1351
jungenationalisten:1350,,jungenationalisten,1350,2021-08-08T14:39:20+00:00,1618,0,https://t.me/jungenationalisten/1350
jungenationalisten:1349,,jungenationalisten,1349,2021-08-08T14:39:20+00:00,1625,0,https://t.me/jungenationalisten/1349
jungenationalisten:1348,,jungenationalisten,1348,2021-08-08T14:39:20+00:00,1492,0,https://t.me/jungenationalisten/1348
jungenationalisten:1347,,jungenationalisten,1347,2021-08-08T14:39:20+00:00,1488,0,https://t.me/jungenationalisten/1347
jungenationalisten:1346,+Gründung des Gebietsverbandes Mitte+  Am gestrigen Sonnabend fand der Landeskongress der JN Sachsen statt. Auf diesem w,jungenationalisten,1346,2021-08-08T14:39:20+00:00,1485,0,https://t.me/jungenationalisten/1346
jungenationalisten:1345,"Zum fast taggenauen 60. Jubiläum des Mauerbaus in Berlin wollen wir mahnend daran erinnern, wie damals Familien, Freunde",jungenationalisten,1345,2021-08-04T10:54:17+00:00,2989,0,https://t.me/jungenationalisten/1345
jungenationalisten:1344,Zwei Schwarzafrikaner überfallen 27-jährigen in Nürnberger Altstadt. https://npd-nuernberg.com/nuernberg-zwei-schwarzafr,jungenationalisten,1344,2021-08-03T07:30:22+00:00,1143,0,https://t.me/jungenationalisten/1344
jungenationalisten:1343,"Berlin war kein Unfall, sondern Tötung mit mittelbarem Vorsatz!  ""Wie ein Sprecher der Staatsanwaltschaft auf SPIEGEL-An",jungenationalisten,1343,2021-08-02T13:50:13+00:00,850,0,https://t.me/jungenationalisten/1343
jungenationalisten:1342,"#Niedersachsen: Am gestrigen Tage trafen sich Aktivisten aus Osnabrück, um gemeinsam in gemütlicher Runde das vergangene",jungenationalisten,1342,2021-08-01T09:14:40+00:00,972,0,https://t.me/jungenationalisten/1342
jungenationalisten:1341,"Teilt fleißig das Video und gebt den Opfern der feigen Anschläge ein Gesicht. Decken wir auf, was in den Medien verschwi",jungenationalisten,1341,2021-07-31T08:13:45+00:00,647,0,https://t.me/jungenationalisten/1341
jungenationalisten:1340,#Brandenburg -  Kaum ein zweiter deutscher Dichter prägte das Deutschland des 19. Jahrhunderts so sehr wie der in Neurup,jungenationalisten,1340,2021-07-29T16:57:03+00:00,1183,0,https://t.me/jungenationalisten/1340
jungenationalisten:1339,#RheinlandPfalz / #NordrheinWestfalen:  Nachdem vor knapp zwei Wochen zehntausende Menschen durch die Flutkatastrophe so,jungenationalisten,1339,2021-07-27T15:41:03+00:00,1422,0,https://t.me/jungenationalisten/1339
jungenationalisten:1338,,jungenationalisten,1338,2021-07-26T18:57:36+00:00,952,0,https://t.me/jungenationalisten/1338
jungenationalisten:1337,,jungenationalisten,1337,2021-07-26T18:57:36+00:00,960,0,https://t.me/jungenationalisten/1337
jungenationalisten:1336,"In diesen Tagen meinen die Sozis und die Grünen mal wieder, den Muslimen ein schönes Opferfest wünschen zu müssen. Dass ",jungenationalisten,1336,2021-07-26T18:57:36+00:00,879,0,https://t.me/jungenationalisten/1336
jungenationalisten:1335,,jungenationalisten,1335,2021-07-26T14:18:16+00:00,1988,0,https://t.me/jungenationalisten/1335
jungenationalisten:1334,,jungenationalisten,1334,2021-07-26T14:18:16+00:00,1687,0,https://t.me/jungenationalisten/1334
jungenationalisten:1333,,jungenationalisten,1333,2021-07-26T14:18:16+00:00,1989,0,https://t.me/jungenationalisten/1333
jungenationalisten:1332,"#Niedersachsen: Am Wochenende begaben sich junge Deutsche, im Rahmen einer Wanderung, auf die Spuren von Hermann Löns. D",jungenationalisten,1332,2021-07-26T14:18:16+00:00,1994,0,https://t.me/jungenationalisten/1332
jungenationalisten:1331,,jungenationalisten,1331,2021-07-25T19:05:37+00:00,1712,0,https://t.me/jungenationalisten/1331
jungenationalisten:1330,,jungenationalisten,1330,2021-07-25T19:05:37+00:00,1711,0,https://t.me/jungenationalisten/1330
jungenationalisten:1329,,jungenationalisten,1329,2021-07-25T19:05:37+00:00,1699,0,https://t.me/jungenationalisten/1329
jungenationalisten:1328,,jungenationalisten,1328,2021-07-25T19:05:37+00:00,1647,0,https://t.me/jungenationalisten/1328
jungenationalisten:1327,"Morgen startet der sog. ""Arbeitsalltag"" wieder und wir lassen die Eindrücke vom Wochenende sacken. Während der staatlich",jungenationalisten,1327,2021-07-25T19:05:37+00:00,1651,0,https://t.me/jungenationalisten/1327
jungenationalisten:1325,Sachsen hilft - Solidarität ist Ehrensache!   Inzwischen befinden wir uns wieder auf dem Rückweg von der Region Ahrweile,jungenationalisten,1325,2021-07-25T18:03:58+00:00,780,0,https://t.me/jungenationalisten/1325
jungenationalisten:1324,Der erste Anhänger für die mobile Wasserversorgung in den Hochwassergebieten ist im Aufbau. Weitere sind in Planung.   S,jungenationalisten,1324,2021-07-25T10:43:38+00:00,761,0,https://t.me/jungenationalisten/1324
jungenationalisten:1323,"➡️ Erster, kurzer Filmbericht von DS-TV aus Bad Neuenahr (Rheinland-Pfalz):  https://youtu.be/cfZrWyrM7AY  👉🏻 Die DEUTSC",jungenationalisten,1323,2021-07-24T20:24:33+00:00,740,0,https://t.me/jungenationalisten/1323
jungenationalisten:1322,,jungenationalisten,1322,2021-07-24T19:03:39+00:00,3257,0,https://t.me/jungenationalisten/1322
jungenationalisten:1321,,jungenationalisten,1321,2021-07-24T19:03:39+00:00,3247,0,https://t.me/jungenationalisten/1321
jungenationalisten:1320,,jungenationalisten,1320,2021-07-24T19:03:39+00:00,3106,0,https://t.me/jungenationalisten/1320
jungenationalisten:1319,,jungenationalisten,1319,2021-07-24T19:03:39+00:00,3082,0,https://t.me/jungenationalisten/1319
jungenationalisten:1318,,jungenationalisten,1318,2021-07-24T19:03:39+00:00,3086,0,https://t.me/jungenationalisten/1318
jungenationalisten:1317,,jungenationalisten,1317,2021-07-24T19:03:39+00:00,2953,0,https://t.me/jungenationalisten/1317
jungenationalisten:1316,Hochwasserhilfe in Rheinland-Pfalz:  Ein langer Tag neigt sich dem Ende zu. Noch immer ist die Lage vor Ort äußerst unüb,jungenationalisten,1316,2021-07-24T19:03:39+00:00,2972,0,https://t.me/jungenationalisten/1316
jungenationalisten:1315,"#Sachsen packt mit an! 5 Transporter, organisiert von „t.me/wirpackenan“ fahren nun gen Westen und unterstützen unsere L",jungenationalisten,1315,2021-07-23T18:05:19+00:00,681,0,https://t.me/jungenationalisten/1315
jungenationalisten:1314,Vorschau auf die kommende Doku auf avos.tv,jungenationalisten,1314,2021-07-23T17:40:59+00:00,530,0,https://t.me/jungenationalisten/1314
jungenationalisten:1313,Hier noch als YouTubelink  https://youtu.be/542syg4nw3c,jungenationalisten,1313,2021-07-23T17:40:56+00:00,562,0,https://t.me/jungenationalisten/1313
jungenationalisten:1312,Letztes Vorschauvideo zur kommenden Dokumentation,jungenationalisten,1312,2021-07-23T17:40:55+00:00,706,0,https://t.me/jungenationalisten/1312
jungenationalisten:1311,"""Ich bin lieber ein Tag ein Löwe, als tausend Jahre ein Schaf in diesem Staat.""  So sagte es einmal der deutsche Freihei",jungenationalisten,1311,2021-07-23T14:36:41+00:00,1584,0,https://t.me/jungenationalisten/1311
jungenationalisten:1310,,jungenationalisten,1310,2021-07-23T14:36:39+00:00,1511,0,https://t.me/jungenationalisten/1310
jungenationalisten:1308,"​Es gibt viele Möglichkeiten, der Heuchelei der Politik handfeste Solidarität entgegen zu stellen.  ⚔ t.me/wirpackenan 📣",jungenationalisten,1308,2021-07-23T07:42:40+00:00,641,0,https://t.me/jungenationalisten/1308
jungenationalisten:1307,"SOLIDARITÄT LEBEN!  Es ist Zeit auch einmal DANKE an die vielen Helfer, Unterstützer und Spender zu sagen. Wir packen ge",jungenationalisten,1307,2021-07-22T12:29:04+00:00,615,0,https://t.me/jungenationalisten/1307
jungenationalisten:1306,Nationale Hochwasserhilfe  Unsere Kameraden vor Ort benötigen dringend Wasser und Strom. Als gemeinsames Projekt von Deu,jungenationalisten,1306,2021-07-22T09:08:00+00:00,707,0,https://t.me/jungenationalisten/1306
jungenationalisten:1305,"MACH’ AUF UNS AUFMERKSAM! Du kannst dabei helfen, dass mehr Menschen von unserer Hilfe für deutsche Bedürftige erfahren ",jungenationalisten,1305,2021-07-21T21:30:37+00:00,686,0,https://t.me/jungenationalisten/1305
jungenationalisten:1304,Warum ist das nur so?  https://twitter.com/NDS_JN/status/1417802092257939457,jungenationalisten,1304,2021-07-21T11:13:30+00:00,652,0,https://t.me/jungenationalisten/1304
jungenationalisten:1303,Hilfe vor Ort & Sachspenden  ⚔ t.me/wirpackenan 📣  Am _24. und 25. Juli_ werden wir das erste Mal aus Sachsen in das bet,jungenationalisten,1303,2021-07-21T08:03:19+00:00,703,0,https://t.me/jungenationalisten/1303
jungenationalisten:1302,Gesunde Politik gegen ein krankes System!  https://m.youtube.com/watch?v=LMiPGCHt-0w,jungenationalisten,1302,2021-07-19T19:30:00+00:00,701,0,https://t.me/jungenationalisten/1302
jungenationalisten:1301,#Brandenburg: Am gestrigen Sonnabend demonstrierten volkstreue Kräfte in Frankfurt/Oder. Auch JN Aktivisten waren natürl,jungenationalisten,1301,2021-07-18T15:18:57+00:00,2662,0,https://t.me/jungenationalisten/1301
jungenationalisten:1300,,jungenationalisten,1300,2021-07-17T10:40:32+00:00,986,0,https://t.me/jungenationalisten/1300
jungenationalisten:1299,Auf den Spuren der deutschen Befreiungskriege:  Aktuell findet eine Wanderung von JN-Aktivisten aus dem Anhaltiner Land ,jungenationalisten,1299,2021-07-17T10:40:32+00:00,975,0,https://t.me/jungenationalisten/1299
jungenationalisten:1295,"Spenden (bitte der Grafik entnehmen)  Die Bilder welche uns von der aktuellen Unwetterkatastrophe erreichen, wecken schm",jungenationalisten,1295,2021-07-17T08:30:50+00:00,617,0,https://t.me/jungenationalisten/1295
jungenationalisten:1294,Vortragsreihe zu linkem Terror – Sebastian und Paul berichten über die Praxis linker Verbrecher und sinnvollen Möglichke,jungenationalisten,1294,2021-07-16T10:53:03+00:00,4642,0,https://t.me/jungenationalisten/1294
jungenationalisten:1293,,jungenationalisten,1293,2021-07-15T11:14:13+00:00,595,0,https://t.me/jungenationalisten/1293
jungenationalisten:1292,Hört man heute das Wort „Antikapitalismus“ denkt ein Großteil der politisch interessierten Menschen an linke Kapitalismu,jungenationalisten,1292,2021-07-14T14:47:34+00:00,1201,0,https://t.me/jungenationalisten/1292
jungenationalisten:1291,"Bundesweit wird mit schwarzen Kreuzen in der Öffentlichkeit auf die Opfer von Ausländergewalt aufmerksam gemacht, da die",jungenationalisten,1291,2021-07-14T08:45:37+00:00,1560,0,https://t.me/jungenationalisten/1291
jungenationalisten:1290,,jungenationalisten,1290,2021-07-13T17:01:47+00:00,666,0,https://t.me/jungenationalisten/1290
jungenationalisten:1289,,jungenationalisten,1289,2021-07-13T17:01:47+00:00,663,0,https://t.me/jungenationalisten/1289
jungenationalisten:1288,,jungenationalisten,1288,2021-07-13T17:01:47+00:00,659,0,https://t.me/jungenationalisten/1288
jungenationalisten:1287,,jungenationalisten,1287,2021-07-13T17:01:47+00:00,628,0,https://t.me/jungenationalisten/1287
jungenationalisten:1286,"#Wien und #Würzburg lenken das Augenmerk auf schreckliche Art und Weise auf die importierte Gewalt.   Gewalt, Raub und t",jungenationalisten,1286,2021-07-13T17:01:47+00:00,634,0,https://t.me/jungenationalisten/1286
jungenationalisten:1285,,jungenationalisten,1285,2021-07-13T15:05:16+00:00,845,0,https://t.me/jungenationalisten/1285
jungenationalisten:1284,,jungenationalisten,1284,2021-07-13T15:05:16+00:00,852,0,https://t.me/jungenationalisten/1284
jungenationalisten:1283,,jungenationalisten,1283,2021-07-13T15:05:16+00:00,843,0,https://t.me/jungenationalisten/1283
jungenationalisten:1282,,jungenationalisten,1282,2021-07-13T15:05:16+00:00,816,0,https://t.me/jungenationalisten/1282
jungenationalisten:1281,Ebenso erreichten uns auch zahlreiche Zusendungen aus Berlin und dem nördlichen Brandenburg.🕯  Etliche andere Regionen b,jungenationalisten,1281,2021-07-13T15:05:16+00:00,835,0,https://t.me/jungenationalisten/1281
jungenationalisten:1280,,jungenationalisten,1280,2021-07-13T14:12:33+00:00,800,0,https://t.me/jungenationalisten/1280
jungenationalisten:1279,,jungenationalisten,1279,2021-07-13T14:12:33+00:00,797,0,https://t.me/jungenationalisten/1279
jungenationalisten:1278,,jungenationalisten,1278,2021-07-13T14:12:33+00:00,799,0,https://t.me/jungenationalisten/1278
jungenationalisten:1277,"Zahlreiche Zusendungen erreichten uns auch aus #Mecklenburg und #Pommern, beispielsweise aus Usedom.  Etliche andere Reg",jungenationalisten,1277,2021-07-13T14:12:33+00:00,806,0,https://t.me/jungenationalisten/1277
jungenationalisten:1276,+Video zur Aktion Schwarze Kreuze+  Nun gibt es auch ein kleines Video von den Aktivsten im Anhaltiner Land.  Niemals we,jungenationalisten,1276,2021-07-13T11:17:31+00:00,2022,0,https://t.me/jungenationalisten/1276
jungenationalisten:1275,"-Aktuell erreichten uns Bilder zur „Gedenkaktion Schwarze Kreuze“-  Ob Würzburg, Berlin, Freiburg, Kandel oder Köln. - O",jungenationalisten,1275,2021-07-13T09:32:51+00:00,666,0,https://t.me/jungenationalisten/1275
jungenationalisten:1274,,jungenationalisten,1274,2021-07-13T08:27:13+00:00,902,0,https://t.me/jungenationalisten/1274
jungenationalisten:1273,,jungenationalisten,1273,2021-07-13T08:27:13+00:00,903,0,https://t.me/jungenationalisten/1273
jungenationalisten:1272,,jungenationalisten,1272,2021-07-13T08:27:13+00:00,902,0,https://t.me/jungenationalisten/1272
jungenationalisten:1271,"Heute ist der bundesweite Aktionstag ""Schwarze Kreuze""!🕯  Bereits das siebte Jahr in Folge findet die Aktion ""Schwarze K",jungenationalisten,1271,2021-07-13T08:27:13+00:00,876,0,https://t.me/jungenationalisten/1271
jungenationalisten:1270,Bildung – Aktivismus – Gemeinschaft.  Diese drei Bereiche sind die Grundpfeiler unserer Jugendbewegung und alle Bereiche,jungenationalisten,1270,2021-07-12T12:12:30+00:00,961,0,https://t.me/jungenationalisten/1270
jungenationalisten:1269,Grüße aus Würzburg   JN  https://schwarzekreuze.wordpress.com/2021/07/07/gruse-aus-wurzburg/,jungenationalisten,1269,2021-07-11T19:33:12+00:00,773,0,https://t.me/jungenationalisten/1269
jungenationalisten:1268,Bald erscheint unsere erste Doku zu linkem Terrorismus,jungenationalisten,1268,2021-07-11T15:51:36+00:00,459,0,https://t.me/jungenationalisten/1268
jungenationalisten:1266,,jungenationalisten,1266,2021-07-11T11:17:22+00:00,2797,0,https://t.me/jungenationalisten/1266
jungenationalisten:1265,,jungenationalisten,1265,2021-07-11T11:17:22+00:00,2808,0,https://t.me/jungenationalisten/1265
jungenationalisten:1264,,jungenationalisten,1264,2021-07-11T11:17:22+00:00,2804,0,https://t.me/jungenationalisten/1264
jungenationalisten:1263,,jungenationalisten,1263,2021-07-11T11:17:22+00:00,2616,0,https://t.me/jungenationalisten/1263
jungenationalisten:1262,"Am Dienstag ist wieder der bundesweite Aktionstag ""schwarze Kreuze"" und in vielen JN Stützpunkten laufen die Vorbereitun",jungenationalisten,1262,2021-07-11T11:17:22+00:00,2606,0,https://t.me/jungenationalisten/1262
jungenationalisten:1261,"#Mecklenburg: Die letzten Monate haben wieder bewiesen, dass wir in vielen Bundesländern ein grundsätzliches und durchau",jungenationalisten,1261,2021-07-11T08:24:28+00:00,1316,0,https://t.me/jungenationalisten/1261
jungenationalisten:1260,"Heute ist es 76 Jahre her, dass die US-Armee das Kommando über das Kriegsgefangenenlager in Bretzenheim/Nahe an die fran",jungenationalisten,1260,2021-07-10T16:36:18+00:00,687,0,https://t.me/jungenationalisten/1260
jungenationalisten:1259,"Die Entwicklungen machen eines deutlich: besonders der Anstieg der Delikte im Zusammenhang mit synthetischen Drogen, die",jungenationalisten,1259,2021-07-10T11:26:29+00:00,1138,0,https://t.me/jungenationalisten/1259
jungenationalisten:1258,,jungenationalisten,1258,2021-07-09T09:21:27+00:00,1341,0,https://t.me/jungenationalisten/1258
jungenationalisten:1257,,jungenationalisten,1257,2021-07-09T09:21:27+00:00,1344,0,https://t.me/jungenationalisten/1257
jungenationalisten:1256,"#Sachsen: Am vergangenem Wochenende wurden zwei Dutzend Anwärter der Jungen Nationalisten aus Berlin, Brandenburg und Sa",jungenationalisten,1256,2021-07-09T09:21:27+00:00,1287,0,https://t.me/jungenationalisten/1256
jungenationalisten:1252,,jungenationalisten,1252,2021-07-08T09:51:30+00:00,771,0,https://t.me/jungenationalisten/1252
jungenationalisten:1251,Jeden Tag sind unsere Mitstreiter sowie Sympathisanten in der ganzen Bundesrepublik unterwegs und verbreiten unsere krit,jungenationalisten,1251,2021-07-08T09:51:30+00:00,769,0,https://t.me/jungenationalisten/1251
jungenationalisten:1250,Es geht voran. Heute haben wir die Studioaufnahmen für die Reportage über linksterroristische Gewalt abgeschlossen. Jetz,jungenationalisten,1250,2021-07-07T15:28:45+00:00,676,0,https://t.me/jungenationalisten/1250
jungenationalisten:1249,"DEUTSCHE OPFER - FREMDE TÄTER!  Im Jahr 2020 fielen 32% Deutsche, der katastrophalen Asylpolitik von Merkel und Co zum O",jungenationalisten,1249,2021-07-07T11:55:28+00:00,920,0,https://t.me/jungenationalisten/1249
jungenationalisten:1248,"Am 13.07.2021 findet wieder die Aktion „schwarze Kreuze“ statt, bei der in ganz Deutschland schwarze Kreuze mit Botschaf",jungenationalisten,1248,2021-07-07T07:11:34+00:00,672,0,https://t.me/jungenationalisten/1248
jungenationalisten:1247,,jungenationalisten,1247,2021-07-05T14:44:33+00:00,1982,0,https://t.me/jungenationalisten/1247
jungenationalisten:1246,,jungenationalisten,1246,2021-07-05T14:44:33+00:00,2010,0,https://t.me/jungenationalisten/1246
jungenationalisten:1245,,jungenationalisten,1245,2021-07-05T14:44:33+00:00,2001,0,https://t.me/jungenationalisten/1245
jungenationalisten:1244,Würzburg ist überall!  Am 25. Juni ermordete der Schwarzafrikaner Abdirahman J. A. in Würzburg drei Frauen mit einem Mes,jungenationalisten,1244,2021-07-05T14:44:33+00:00,2000,0,https://t.me/jungenationalisten/1244
jungenationalisten:1243,"Am 13. Juli ist wieder ""Tag der schwarzen Kreuze""!🏴  Am 13.07.2014 machten es sich Aktivisten zur Aufgabe an die seit 19",jungenationalisten,1243,2021-07-04T17:14:02+00:00,6116,0,https://t.me/jungenationalisten/1243
jungenationalisten:1242,Dir ist die Zukunft deines Landes nicht egal?  Du siehst die unzähligen Probleme in deinem Land und möchtest daran etwas,jungenationalisten,1242,2021-07-04T09:04:16+00:00,1300,0,https://t.me/jungenationalisten/1242
jungenationalisten:1241,Heute fand eine politische Grundlagen-Schulung unserer Jugendorganisation statt. Neben den Säulen Aktivismus und Gemeins,jungenationalisten,1241,2021-07-03T13:53:22+00:00,972,0,https://t.me/jungenationalisten/1241
jungenationalisten:1240,,jungenationalisten,1240,2021-07-03T11:27:04+00:00,979,0,https://t.me/jungenationalisten/1240
jungenationalisten:1239,Regelmäßig veranstalten unsere Regionalgruppen (Stützpunkte) Mitglieder- und Koordinierungstreffen um nationaldenkende J,jungenationalisten,1239,2021-07-03T11:27:04+00:00,979,0,https://t.me/jungenationalisten/1239
jungenationalisten:1238,Kaum ein zweiter deutscher Dichter prägte das Deutschland des 19. Jahrhunderts so sehr wie der Schriftsteller Theodor Fo,jungenationalisten,1238,2021-07-02T14:07:38+00:00,1107,0,https://t.me/jungenationalisten/1238
jungenationalisten:1237,JN Fußballturnier in Südbrandenburg:  Zum inzwischen vierten Jahr in Folge organisierten Berliner und Brandenburger Akti,jungenationalisten,1237,2021-07-01T15:30:24+00:00,963,0,https://t.me/jungenationalisten/1237
jungenationalisten:1236,,jungenationalisten,1236,2021-06-29T17:35:05+00:00,1780,0,https://t.me/jungenationalisten/1236
jungenationalisten:1235,,jungenationalisten,1235,2021-06-29T17:35:05+00:00,1797,0,https://t.me/jungenationalisten/1235
jungenationalisten:1234,Arbeitssame Frauen wurden vor wenigen Tagen in #Würzburg niedergemetzelt. Statt hier endlich mit Präventivmaßnahmen anzu,jungenationalisten,1234,2021-06-29T17:35:05+00:00,1783,0,https://t.me/jungenationalisten/1234
jungenationalisten:1233,Sonnenwende in #Mittelsachsen!  Zum Kampfe ruft ihr gegen die Feigen. Die Flamme wird den Weg euch zeigen.  Hüter der Fl,jungenationalisten,1233,2021-06-28T10:13:59+00:00,946,0,https://t.me/jungenationalisten/1233
jungenationalisten:1232,Schächten verbieten!,jungenationalisten,1232,2021-06-28T05:16:16+00:00,954,0,https://t.me/jungenationalisten/1232
jungenationalisten:1231,"Selbstdruckplakat ""Würzburg ist überall""🔪",jungenationalisten,1231,2021-06-27T16:32:01+00:00,1135,0,https://t.me/jungenationalisten/1231
jungenationalisten:1230,"Nach Migrantenamoklauf von Würzburg🔪:  Werdet selbst aktiv!   Druckt euch unser Selbstdruckplakat aus, bastelt Schilder ",jungenationalisten,1230,2021-06-27T16:31:48+00:00,2341,0,https://t.me/jungenationalisten/1230
jungenationalisten:1228,,jungenationalisten,1228,2021-06-27T09:40:51+00:00,1767,0,https://t.me/jungenationalisten/1228
jungenationalisten:1227,,jungenationalisten,1227,2021-06-27T09:40:51+00:00,1772,0,https://t.me/jungenationalisten/1227
jungenationalisten:1226,,jungenationalisten,1226,2021-06-27T09:40:51+00:00,1720,0,https://t.me/jungenationalisten/1226
jungenationalisten:1225,,jungenationalisten,1225,2021-06-27T09:40:50+00:00,1710,0,https://t.me/jungenationalisten/1225
jungenationalisten:1224,,jungenationalisten,1224,2021-06-27T09:40:50+00:00,1714,0,https://t.me/jungenationalisten/1224
jungenationalisten:1223,,jungenationalisten,1223,2021-06-27T09:40:50+00:00,1683,0,https://t.me/jungenationalisten/1223
jungenationalisten:1222,"Brandenburg: Gestern fand wieder einmal das jährliche JN Fußballturnier statt, von welchem wir euch einige Eindrücke nic",jungenationalisten,1222,2021-06-27T09:40:50+00:00,1696,0,https://t.me/jungenationalisten/1222
jungenationalisten:1221,Vielfalt und Toleranz zeigen sich am Beispiel von #Würzburg.  Man vergleiche das letzte Wahlergebnis und möge eigene Sch,jungenationalisten,1221,2021-06-26T05:25:46+00:00,864,0,https://t.me/jungenationalisten/1221
jungenationalisten:1220,#Bayern: Am gestrigen Tag rannte ein typischer Bereicherer im Blutrausch mit einem Kampfmesser durch #Würzburg|s Straßen,jungenationalisten,1220,2021-06-26T04:32:58+00:00,1059,0,https://t.me/jungenationalisten/1220
jungenationalisten:1219,"Teilt den Kanal, die anstehende Dokumentation über die linksterroristische Anschlagsserie in Sachsen und Thüringen ist i",jungenationalisten,1219,2021-06-24T13:15:12+00:00,631,0,https://t.me/jungenationalisten/1219
jungenationalisten:1218,"Die Allianz Arena in München soll für das EM-Spiel Deutschland/Ungarn in Regenbogenfarben leuchten. So verlangt es die """,jungenationalisten,1218,2021-06-23T18:50:43+00:00,1201,0,https://t.me/jungenationalisten/1218
jungenationalisten:1217,,jungenationalisten,1217,2021-06-23T18:50:31+00:00,2033,0,https://t.me/jungenationalisten/1217
jungenationalisten:1216,"»Bei den mutmaßlichen Tätern handele es sich um eine Gruppe iranischer, syrischer und deutscher Abstammung.«  Raubdelikt",jungenationalisten,1216,2021-06-22T19:00:25+00:00,928,0,https://t.me/jungenationalisten/1216
jungenationalisten:1215,,jungenationalisten,1215,2021-06-21T15:21:59+00:00,809,0,https://t.me/jungenationalisten/1215
jungenationalisten:1214,,jungenationalisten,1214,2021-06-21T15:21:59+00:00,798,0,https://t.me/jungenationalisten/1214
jungenationalisten:1213,,jungenationalisten,1213,2021-06-21T15:21:59+00:00,809,0,https://t.me/jungenationalisten/1213
jungenationalisten:1212,,jungenationalisten,1212,2021-06-21T15:21:59+00:00,707,0,https://t.me/jungenationalisten/1212
jungenationalisten:1211,,jungenationalisten,1211,2021-06-21T15:21:59+00:00,710,0,https://t.me/jungenationalisten/1211
jungenationalisten:1210,,jungenationalisten,1210,2021-06-21T15:21:59+00:00,712,0,https://t.me/jungenationalisten/1210
jungenationalisten:1209,,jungenationalisten,1209,2021-06-21T15:21:59+00:00,714,0,https://t.me/jungenationalisten/1209
jungenationalisten:1208,,jungenationalisten,1208,2021-06-21T15:21:59+00:00,717,0,https://t.me/jungenationalisten/1208
jungenationalisten:1207,"Am 19.6.2021 trafen sich zum wiederholten Male Kameraden in Eschede, um gemeinsam die Sommersonnenwende zu feiern.  Währ",jungenationalisten,1207,2021-06-21T15:21:58+00:00,715,0,https://t.me/jungenationalisten/1207
jungenationalisten:1197,"Sachsen-Anhalt:  Als Jugendorganisation stehen wir für einen modernen, rebellischen Kampf gegen den Ungeist dieser Zeit.",jungenationalisten,1197,2021-06-20T12:40:34+00:00,1559,0,https://t.me/jungenationalisten/1197
jungenationalisten:1196,+Deutsche Jugend bleibt stabil+  Du suchst Anschluss zu einer jungen deutschen Gruppe welche die alten Werte und Ideale ,jungenationalisten,1196,2021-06-17T15:09:24+00:00,1423,0,https://t.me/jungenationalisten/1196
jungenationalisten:1195,In diesem Jahr jährt sich der Tag des Volksaufstandes in der DDR zum 68. Mal.  Am 17. Juni erhoben sich selbstbewusste A,jungenationalisten,1195,2021-06-17T06:10:17+00:00,2525,0,https://t.me/jungenationalisten/1195
jungenationalisten:1194,"Erneuter Fall von brutaler Ausländergewalt in Döbeln (Sachsen)  ⚔ t.me/wirpackenan 📣  Der Wettinplatz, in dessen Nähe si",jungenationalisten,1194,2021-06-15T12:22:58+00:00,822,0,https://t.me/jungenationalisten/1194
jungenationalisten:1193,ERINNERUNG:  Jährliches nationales Fußballturnier in Brandenburg!⚽️  Wann:  10 Uhr am 26.06.2021  Wo: Brandenburg  (Weit,jungenationalisten,1193,2021-06-14T15:24:32+00:00,1973,0,https://t.me/jungenationalisten/1193
jungenationalisten:1192,"Veranstaltungshinweis für den Raum Südbrandenburg & Nordsachsen:  Sommersonnenwende - Wühlt, ihr Winde, braust, ihr Flam",jungenationalisten,1192,2021-06-14T08:11:22+00:00,1262,0,https://t.me/jungenationalisten/1192
jungenationalisten:1191,,jungenationalisten,1191,2021-06-13T17:24:58+00:00,864,0,https://t.me/jungenationalisten/1191
jungenationalisten:1190,,jungenationalisten,1190,2021-06-13T17:24:58+00:00,866,0,https://t.me/jungenationalisten/1190
jungenationalisten:1189,,jungenationalisten,1189,2021-06-13T17:24:58+00:00,862,0,https://t.me/jungenationalisten/1189
jungenationalisten:1188,,jungenationalisten,1188,2021-06-13T17:24:58+00:00,819,0,https://t.me/jungenationalisten/1188
jungenationalisten:1187,,jungenationalisten,1187,2021-06-13T17:24:58+00:00,821,0,https://t.me/jungenationalisten/1187
jungenationalisten:1186,"""Nur in einem gesunden Körper kann ein gesunder Geist wohnen!""   Gestern kam eine unserer Regionalgruppen in Südbrandenb",jungenationalisten,1186,2021-06-13T17:24:58+00:00,825,0,https://t.me/jungenationalisten/1186
jungenationalisten:1185,,jungenationalisten,1185,2021-06-13T15:48:54+00:00,2041,0,https://t.me/jungenationalisten/1185
jungenationalisten:1184,,jungenationalisten,1184,2021-06-13T15:48:54+00:00,2052,0,https://t.me/jungenationalisten/1184
jungenationalisten:1183,,jungenationalisten,1183,2021-06-13T15:48:54+00:00,2048,0,https://t.me/jungenationalisten/1183
jungenationalisten:1182,,jungenationalisten,1182,2021-06-13T15:48:54+00:00,1978,0,https://t.me/jungenationalisten/1182
jungenationalisten:1181,,jungenationalisten,1181,2021-06-13T15:48:54+00:00,1969,0,https://t.me/jungenationalisten/1181
jungenationalisten:1180,,jungenationalisten,1180,2021-06-13T15:48:54+00:00,1970,0,https://t.me/jungenationalisten/1180
jungenationalisten:1179,,jungenationalisten,1179,2021-06-13T15:48:54+00:00,1963,0,https://t.me/jungenationalisten/1179
jungenationalisten:1178,,jungenationalisten,1178,2021-06-13T15:48:54+00:00,1963,0,https://t.me/jungenationalisten/1178
jungenationalisten:1177,Das Wochenende stand für unsere Aktivisten in Sachsen-Anhalt ganz im Zeichen des politischen Kampfes und der Gemeinschaf,jungenationalisten,1177,2021-06-13T15:48:54+00:00,1963,0,https://t.me/jungenationalisten/1177
jungenationalisten:1176,„Ende April durchsuchte die Soko LinX (Linksextremismus) des sächsischen LKA nach einem politisch motivierten Überfall a,jungenationalisten,1176,2021-06-12T07:12:57+00:00,1190,0,https://t.me/jungenationalisten/1176
jungenationalisten:1174,,jungenationalisten,1174,2021-06-11T17:36:46+00:00,2174,0,https://t.me/jungenationalisten/1174
jungenationalisten:1173,,jungenationalisten,1173,2021-06-11T17:36:45+00:00,2180,0,https://t.me/jungenationalisten/1173
jungenationalisten:1172,,jungenationalisten,1172,2021-06-11T17:36:45+00:00,2167,0,https://t.me/jungenationalisten/1172
jungenationalisten:1171,,jungenationalisten,1171,2021-06-11T17:36:45+00:00,2049,0,https://t.me/jungenationalisten/1171
jungenationalisten:1170,,jungenationalisten,1170,2021-06-11T17:36:45+00:00,2049,0,https://t.me/jungenationalisten/1170
jungenationalisten:1169,"""Unser Blut verbindet uns von Natur aus als Deutsche. Doch es sind gemeinsame Erlebnisse wie diese Wanderung, die eine d",jungenationalisten,1169,2021-06-11T17:36:45+00:00,2022,0,https://t.me/jungenationalisten/1169
jungenationalisten:1168,"Heimatliebe hautnah erleben: Wandertour des JN Stützpunkts Berlin-Brandenburg🌿  ""Gemeinschaft wächst nicht unter geschen",jungenationalisten,1168,2021-06-11T14:44:53+00:00,1348,0,https://t.me/jungenationalisten/1168
jungenationalisten:1167,Der politische Kampf beginnt bei uns in den Köpfen.  Die vergangenen Wochen zeigten: die Linksextremen bringen diesen Ka,jungenationalisten,1167,2021-06-11T09:34:39+00:00,763,0,https://t.me/jungenationalisten/1167
jungenationalisten:1166,ERINNERUNG Am Sonnabend 12.Juni 2021 startet am Bahnhof Roßlau um 12.30 Uhr eine Kundgebung mit anschließender Demonstra,jungenationalisten,1166,2021-06-10T15:59:00+00:00,1760,0,https://t.me/jungenationalisten/1166
jungenationalisten:1165,Die Bundesanwaltschaft hat am 14. Mai 2021 vor dem Staatsschutzsenat des Oberlandesgerichts Dresden Anklage gegen Lina E,jungenationalisten,1165,2021-06-09T07:52:19+00:00,950,0,https://t.me/jungenationalisten/1165
jungenationalisten:1164,Israel erweitert seit etlichen Jahren ununterbrochen illegitim seine Grenzen. Für die neuen israelischen Siedlungen muss,jungenationalisten,1164,2021-06-08T17:10:13+00:00,1107,0,https://t.me/jungenationalisten/1164
jungenationalisten:1163,"Für eine Reportage über linksextreme Strukturen und die vermutliche Terrorgruppe um Lina E., trafen wir uns heute mit ei",jungenationalisten,1163,2021-06-07T20:33:28+00:00,870,0,https://t.me/jungenationalisten/1163
jungenationalisten:1162,,jungenationalisten,1162,2021-06-07T09:39:47+00:00,818,0,https://t.me/jungenationalisten/1162
jungenationalisten:1161,"Am 13. Juli ist wieder ""Tag der schwarzen Kreuze""!🏴  Am 13.07.2014 machten es sich einige Aktivisten zur Aufgabe an die ",jungenationalisten,1161,2021-06-07T09:39:23+00:00,1179,0,https://t.me/jungenationalisten/1161
jungenationalisten:1160,,jungenationalisten,1160,2021-06-06T17:49:43+00:00,1373,0,https://t.me/jungenationalisten/1160
jungenationalisten:1159,,jungenationalisten,1159,2021-06-06T17:49:43+00:00,1366,0,https://t.me/jungenationalisten/1159
jungenationalisten:1158,,jungenationalisten,1158,2021-06-06T17:49:43+00:00,1382,0,https://t.me/jungenationalisten/1158
jungenationalisten:1157,,jungenationalisten,1157,2021-06-06T17:49:43+00:00,1342,0,https://t.me/jungenationalisten/1157
jungenationalisten:1156,,jungenationalisten,1156,2021-06-06T17:49:42+00:00,1315,0,https://t.me/jungenationalisten/1156
jungenationalisten:1155,"Das Wochenende nutzte eine JN-Wandertruppe, um 25 Kilometer durch die Sächsische Schweiz zu wandern. Zusammen wurden Ber",jungenationalisten,1155,2021-06-06T17:49:42+00:00,1305,1,https://t.me/jungenationalisten/1155
jungenationalisten:1151,"#SachsenAnhalt: Demonstration nach linksextremen Brandanschlag!  Wie jetzt bekannt wurde, war der Brand eines Bungalows ",jungenationalisten,1151,2021-06-05T20:59:43+00:00,1786,0,https://t.me/jungenationalisten/1151
jungenationalisten:1149,"Unsere Leistungsmärsche sind übrigens auch für ""Nicht-Mitglieder"" offen.😏  Bis dahin informiere dich auf unserer Interne",jungenationalisten,1149,2021-06-04T11:56:39+00:00,2036,0,https://t.me/jungenationalisten/1149
jungenationalisten:1148,"Letztes Wochenende schlossen sich einige Junge Nationalisten zusammen, um in #Hessen den 50 KM Leistungsmarsch zu beschr",jungenationalisten,1148,2021-06-04T11:52:31+00:00,1396,0,https://t.me/jungenationalisten/1148
jungenationalisten:1147,💥 EXKLUSIV: Anklage gegen Antifa-Hammerbande – Das sind die Mitglieder  Ein halbes Jahr nach der spektakulären Verhaftun,jungenationalisten,1147,2021-06-03T16:49:24+00:00,695,0,https://t.me/jungenationalisten/1147
jungenationalisten:1146,Am 12. Juni 2021 heraus zum Sporttag heimattreuer Kräfte aus Berlin-Brandenburg!🇩🇪  Während im Coronalockdown viele Deut,jungenationalisten,1146,2021-06-03T12:58:30+00:00,779,0,https://t.me/jungenationalisten/1146
jungenationalisten:1144,,jungenationalisten,1144,2021-05-31T17:25:48+00:00,1006,0,https://t.me/jungenationalisten/1144
jungenationalisten:1143,,jungenationalisten,1143,2021-05-31T17:25:48+00:00,1006,0,https://t.me/jungenationalisten/1143
jungenationalisten:1142,,jungenationalisten,1142,2021-05-31T17:25:48+00:00,1012,0,https://t.me/jungenationalisten/1142
jungenationalisten:1141,,jungenationalisten,1141,2021-05-31T17:25:48+00:00,881,0,https://t.me/jungenationalisten/1141
jungenationalisten:1140,,jungenationalisten,1140,2021-05-31T17:25:48+00:00,876,0,https://t.me/jungenationalisten/1140
jungenationalisten:1139,,jungenationalisten,1139,2021-05-31T17:25:48+00:00,876,0,https://t.me/jungenationalisten/1139
jungenationalisten:1138,"Das gute Wetter sinnvoll nutzen!  Mit wachsender Begeisterung sehen wir wie der deutsche Wald neu erblüht, daher nutzten",jungenationalisten,1138,2021-05-31T17:25:48+00:00,869,0,https://t.me/jungenationalisten/1138
jungenationalisten:1137,,jungenationalisten,1137,2021-05-31T11:36:14+00:00,1677,0,https://t.me/jungenationalisten/1137
jungenationalisten:1136,,jungenationalisten,1136,2021-05-31T11:36:14+00:00,1673,0,https://t.me/jungenationalisten/1136
jungenationalisten:1135,Das letzte halbe Jahr hat bewiesen dass wir ein grundsätzliches und ernstzunehmendes Problem mit linksextremer Gewalt ha,jungenationalisten,1135,2021-05-31T11:36:14+00:00,1592,0,https://t.me/jungenationalisten/1135
jungenationalisten:1134,,jungenationalisten,1134,2021-05-30T18:09:35+00:00,871,0,https://t.me/jungenationalisten/1134
jungenationalisten:1133,Die von euch in den letzten  Tagen angeforderten Infoschreiben wurden alle abgearbeitet und gehen morgen mit der Post ra,jungenationalisten,1133,2021-05-30T18:09:35+00:00,877,0,https://t.me/jungenationalisten/1133
jungenationalisten:1132,Jetzt den Antritt der NPD zur Bundestagswahl unterstützen,jungenationalisten,1132,2021-05-30T15:11:22+00:00,873,0,https://t.me/jungenationalisten/1132
jungenationalisten:1131,"Doch wir sind lieber tot als rot - Nationalisten, lieber tot als rot - gegen linke Anarchisten. Lieber tot als rot - Nat",jungenationalisten,1131,2021-05-30T08:30:08+00:00,799,0,https://t.me/jungenationalisten/1131
jungenationalisten:1130,,jungenationalisten,1130,2021-05-29T07:09:20+00:00,867,0,https://t.me/jungenationalisten/1130
jungenationalisten:1129,,jungenationalisten,1129,2021-05-29T07:09:20+00:00,856,0,https://t.me/jungenationalisten/1129
jungenationalisten:1128,Auch in den letzten Tagen waren unsere Mitstreiter offenbar wieder aktiv und sorgten für etwas Dominanz auf Deutschlands,jungenationalisten,1128,2021-05-29T07:09:20+00:00,840,0,https://t.me/jungenationalisten/1128
jungenationalisten:1127,,jungenationalisten,1127,2021-05-28T17:33:03+00:00,838,0,https://t.me/jungenationalisten/1127
jungenationalisten:1126,,jungenationalisten,1126,2021-05-28T17:33:03+00:00,830,0,https://t.me/jungenationalisten/1126
jungenationalisten:1125,,jungenationalisten,1125,2021-05-28T17:33:03+00:00,829,0,https://t.me/jungenationalisten/1125
jungenationalisten:1124,,jungenationalisten,1124,2021-05-28T17:33:03+00:00,811,0,https://t.me/jungenationalisten/1124
jungenationalisten:1123,,jungenationalisten,1123,2021-05-28T17:33:03+00:00,803,0,https://t.me/jungenationalisten/1123
jungenationalisten:1122,,jungenationalisten,1122,2021-05-28T17:33:03+00:00,780,0,https://t.me/jungenationalisten/1122
jungenationalisten:1121,,jungenationalisten,1121,2021-05-28T17:33:03+00:00,779,0,https://t.me/jungenationalisten/1121
jungenationalisten:1120,,jungenationalisten,1120,2021-05-28T17:33:03+00:00,769,0,https://t.me/jungenationalisten/1120
jungenationalisten:1119,Das Ausmaß der Zerstörung nach dem feigen Brandanschlag und der Schändung der Gedenksteine in Guthmannshausen in Bildern,jungenationalisten,1119,2021-05-28T17:33:03+00:00,772,0,https://t.me/jungenationalisten/1119
jungenationalisten:1118,Erste Bilder und ein Interview des unabhängigen Journalisten Sebastian Schmidtke aus Kloster Veßra vom versuchten Brand-,jungenationalisten,1118,2021-05-28T15:22:02+00:00,1434,0,https://t.me/jungenationalisten/1118
jungenationalisten:1117,Linksextremer Terror in #Thüringen geht weiter!   Heute Nacht gab es in #KlosterVeßra einen Brandanschlag und in #Erfurt,jungenationalisten,1117,2021-05-28T13:06:13+00:00,1084,0,https://t.me/jungenationalisten/1117
jungenationalisten:1116,Die linksextreme Anschlagsserie in #Thüringen setzt sich fort: In Kloster Vessra legten Unbekannte Feuer in einer Gastst,jungenationalisten,1116,2021-05-28T12:33:11+00:00,1051,0,https://t.me/jungenationalisten/1116
jungenationalisten:1115,+Gedenktag Albert Leo Schlageter+  Heute vor 98 Jahren wurde der deutsche Freiheitskämpfer Albert Leo Schlageter auf der,jungenationalisten,1115,2021-05-26T15:16:17+00:00,2341,0,https://t.me/jungenationalisten/1115
jungenationalisten:1114,Jetzt schon vormerken und anmelden - jährliches nationales Fußballturnier in Brandenburg (nach aktuellen Coronaauflagen ,jungenationalisten,1114,2021-05-26T11:49:53+00:00,2751,0,https://t.me/jungenationalisten/1114
jungenationalisten:1113,Dir ist die Zukunft deines Landes nicht egal?  Du siehst die unzähligen Probleme in deinem Land und möchtest daran etwas,jungenationalisten,1113,2021-05-25T16:46:33+00:00,838,0,https://t.me/jungenationalisten/1113
jungenationalisten:1112,Auch uns passiert es : Manchmal rutscht trotz aller Vorsicht ein Anglizismus durch. Das mag im kleinen Rahmen nicht weit,jungenationalisten,1112,2021-05-25T09:48:02+00:00,778,0,https://t.me/jungenationalisten/1112
jungenationalisten:1111,Auch am Pfingstmontag-Abend wird sich noch mit Interessenten unserer Jugendbewegung getroffen.   Durch kontinuierliche A,jungenationalisten,1111,2021-05-24T19:17:14+00:00,991,0,https://t.me/jungenationalisten/1111
jungenationalisten:1110,,jungenationalisten,1110,2021-05-24T11:06:05+00:00,1050,0,https://t.me/jungenationalisten/1110
jungenationalisten:1108,,jungenationalisten,1108,2021-05-24T11:06:05+00:00,1073,0,https://t.me/jungenationalisten/1108
jungenationalisten:1107,,jungenationalisten,1107,2021-05-24T11:06:05+00:00,1069,0,https://t.me/jungenationalisten/1107
jungenationalisten:1106,,jungenationalisten,1106,2021-05-24T11:06:05+00:00,997,0,https://t.me/jungenationalisten/1106
jungenationalisten:1105,,jungenationalisten,1105,2021-05-24T11:06:05+00:00,994,0,https://t.me/jungenationalisten/1105
jungenationalisten:1104,,jungenationalisten,1104,2021-05-24T11:06:04+00:00,1004,0,https://t.me/jungenationalisten/1104
jungenationalisten:1103,Als nationale Jugendorganisation setzen wir nicht nur auf Charakter- und weltanschauliche Schulungen um unsere Mitstreit,jungenationalisten,1103,2021-05-24T11:06:04+00:00,1000,0,https://t.me/jungenationalisten/1103
jungenationalisten:1102,,jungenationalisten,1102,2021-05-23T13:27:22+00:00,876,0,https://t.me/jungenationalisten/1102
jungenationalisten:1101,"""Nur in einem gesunden Körper kann ein gesunder Geist wohnen!""   Gestern kam eine unserer Regionalgruppen (Berlin-Brande",jungenationalisten,1101,2021-05-23T13:27:22+00:00,883,0,https://t.me/jungenationalisten/1101
jungenationalisten:1100,Schöne Pfingsttage im Kreise der Familie wünschen die Jungen Nationalisten.🌺👪,jungenationalisten,1100,2021-05-23T10:28:38+00:00,2833,0,https://t.me/jungenationalisten/1100
jungenationalisten:1099,Feiger Brandanschlag und mehrfacher versuchter Mord in Braunschweig!   Gestern Nacht haben linkskriminelle Mörder in Bra,jungenationalisten,1099,2021-05-23T07:19:09+00:00,691,0,https://t.me/jungenationalisten/1099
jungenationalisten:1098,🔥 Antifa Berlin: Brandstifter und Rufmörder  In Berlin spielte sich ein unglaublicher Fall ab: Ein Linksextremist legte ,jungenationalisten,1098,2021-05-21T17:30:23+00:00,805,0,https://t.me/jungenationalisten/1098
jungenationalisten:1097,##Gewinnspiel – neue Braunschweig Aufkleber## https://www.instagram.com/braunschweig.verteidigen/  Um ein bisschen Schwu,jungenationalisten,1097,2021-05-19T15:05:46+00:00,1077,0,https://t.me/jungenationalisten/1097
jungenationalisten:1095,"Die passende Grafik dazu wird es auch bald über www.frontdienst.de geben.😏  ""Israel erweitert ununterbrochen illegitim s",jungenationalisten,1095,2021-05-14T18:07:38+00:00,2154,0,https://t.me/jungenationalisten/1095
jungenationalisten:1094,"Heute jährt sich die Gründung des parasitären Staats Israel zum 73. Mal. Wer in dieser Zeit ein wenig aufgepasst hat, ko",jungenationalisten,1094,2021-05-14T17:08:30+00:00,3175,0,https://t.me/jungenationalisten/1094
jungenationalisten:1093,"#BaWü: Am zurückliegenden sogenannten ""Tag der Befreiung"" waren nationale Aktivisten auf dem Ehrenfriedhof in Ludwigsbur",jungenationalisten,1093,2021-05-13T14:19:38+00:00,1086,0,https://t.me/jungenationalisten/1093
jungenationalisten:1092,,jungenationalisten,1092,2021-05-13T06:39:27+00:00,1009,0,https://t.me/jungenationalisten/1092
jungenationalisten:1091,,jungenationalisten,1091,2021-05-13T06:39:27+00:00,1004,0,https://t.me/jungenationalisten/1091
jungenationalisten:1090,In den zurückliegenden Tagen erreichten uns einige Zusendungen aus Pforzheim (Baden-Württemberg) und Leipzig (Sachsen). ,jungenationalisten,1090,2021-05-13T06:39:27+00:00,909,0,https://t.me/jungenationalisten/1090
jungenationalisten:1089,"Paul Rzehaczek: ""Liebe Freunde, Unterstützer und Sympathisanten, zwei Monate ist es nun her, dass Linksterroristen, als ",jungenationalisten,1089,2021-05-12T17:36:35+00:00,10538,0,https://t.me/jungenationalisten/1089
jungenationalisten:1088,Aktionstag gegen Linksterrorismus   Grüße aus Stammheim Seit heute morgen um 8 Uhr stehen wir vorm Oberlandesgericht zur,jungenationalisten,1088,2021-05-10T15:49:58+00:00,1003,0,https://t.me/jungenationalisten/1088
jungenationalisten:1087,"In der Stadt Angermünde wurde heute Nachmittag eine ""Anti-Lockdown-Plakatkampagne"" durchgeführt",jungenationalisten,1087,2021-05-10T05:05:23+00:00,975,0,https://t.me/jungenationalisten/1087
jungenationalisten:1086,,jungenationalisten,1086,2021-05-10T05:05:23+00:00,969,0,https://t.me/jungenationalisten/1086
jungenationalisten:1085,,jungenationalisten,1085,2021-05-10T05:05:22+00:00,980,0,https://t.me/jungenationalisten/1085
jungenationalisten:1084,,jungenationalisten,1084,2021-05-10T05:05:22+00:00,948,0,https://t.me/jungenationalisten/1084
jungenationalisten:1083,,jungenationalisten,1083,2021-05-10T05:05:22+00:00,937,0,https://t.me/jungenationalisten/1083
jungenationalisten:1082,,jungenationalisten,1082,2021-05-10T05:05:22+00:00,936,0,https://t.me/jungenationalisten/1082
jungenationalisten:1081,,jungenationalisten,1081,2021-05-10T05:05:22+00:00,927,0,https://t.me/jungenationalisten/1081
jungenationalisten:1080,,jungenationalisten,1080,2021-05-09T19:04:50+00:00,874,0,https://t.me/jungenationalisten/1080
jungenationalisten:1079,"Wer viele Monate als Kriegsgefangener in den alliierten Lagern Hunger, Tod und Demütigung erlebt hat, der wird den 8. Ma",jungenationalisten,1079,2021-05-09T19:04:50+00:00,869,0,https://t.me/jungenationalisten/1079
jungenationalisten:1078,"​​Nachtrag zum 8. Mai – kein Tag der Befreiung!  Der 8. Mai 1945 ist der Tag, an dem die Deutschen die Deutungshoheit üb",jungenationalisten,1078,2021-05-09T17:23:05+00:00,793,0,https://t.me/jungenationalisten/1078
jungenationalisten:1077,"Heute ehren wir unsere deutschen Mütter!🌹  ""Eine deutsche Mutter, die ihren Kinderwagen vor sich herschiebt, kann zum Si",jungenationalisten,1077,2021-05-09T12:25:41+00:00,3025,0,https://t.me/jungenationalisten/1077
jungenationalisten:1076,So unmenschlich der Feind war - so unverhandelbar ist für uns die Erinnerung!  Auch in Mecklenburg und Pommern wurde den,jungenationalisten,1076,2021-05-09T07:53:34+00:00,1428,0,https://t.me/jungenationalisten/1076
jungenationalisten:1075,,jungenationalisten,1075,2021-05-08T20:53:26+00:00,991,0,https://t.me/jungenationalisten/1075
jungenationalisten:1074,,jungenationalisten,1074,2021-05-08T20:53:25+00:00,996,0,https://t.me/jungenationalisten/1074
jungenationalisten:1073,,jungenationalisten,1073,2021-05-08T20:53:25+00:00,991,0,https://t.me/jungenationalisten/1073
jungenationalisten:1072,,jungenationalisten,1072,2021-05-08T20:53:25+00:00,942,0,https://t.me/jungenationalisten/1072
jungenationalisten:1071,Weitere Zusendungen der heutigen 8.Mai Gedenkaktionen erreichten uns und wollen wir an dieser Stelle nicht vorenthalten.,jungenationalisten,1071,2021-05-08T20:53:25+00:00,940,0,https://t.me/jungenationalisten/1071
jungenationalisten:1070,Am 8. Mai jährt sich zum inzwischen 76. Mal das Ende des größten Völkerringens der Geschichte. Mit der Unterzeichnung de,jungenationalisten,1070,2021-05-08T18:18:16+00:00,1490,0,https://t.me/jungenationalisten/1070
jungenationalisten:1069,"#Niedersachsen: Heute wurde nicht nur die angebliche ""Befreiung"" Deutschlands gefeiert, sondern auch wieder gegen ein he",jungenationalisten,1069,2021-05-08T17:56:38+00:00,693,0,https://t.me/jungenationalisten/1069
jungenationalisten:1068,,jungenationalisten,1068,2021-05-08T14:57:28+00:00,867,0,https://t.me/jungenationalisten/1068
jungenationalisten:1067,,jungenationalisten,1067,2021-05-08T14:57:28+00:00,866,0,https://t.me/jungenationalisten/1067
jungenationalisten:1066,,jungenationalisten,1066,2021-05-08T14:57:28+00:00,870,0,https://t.me/jungenationalisten/1066
jungenationalisten:1065,"#Pommern | #Usedom: Weitere Zusendungen des gestrigen Abends erreichten uns soeben.  Befreier morden nicht, Befreier rau",jungenationalisten,1065,2021-05-08T14:57:28+00:00,839,0,https://t.me/jungenationalisten/1065
jungenationalisten:1064,,jungenationalisten,1064,2021-05-08T11:35:25+00:00,782,0,https://t.me/jungenationalisten/1064
jungenationalisten:1063,,jungenationalisten,1063,2021-05-08T11:35:25+00:00,782,0,https://t.me/jungenationalisten/1063
jungenationalisten:1062,,jungenationalisten,1062,2021-05-08T11:35:24+00:00,790,0,https://t.me/jungenationalisten/1062
jungenationalisten:1061,Auch unsere Selbstdruckplakate kamen offenbar vielfach zum Einsatz.💪🏻  So erreichten uns beispielsweise Zusendungen aus ,jungenationalisten,1061,2021-05-08T11:35:24+00:00,796,0,https://t.me/jungenationalisten/1061
jungenationalisten:1060,Hier eine Zusendung aus dem Erzgebirge.  8. Mai 1945 - KEIN TAG DER BEFREIUNG!,jungenationalisten,1060,2021-05-08T11:03:35+00:00,731,0,https://t.me/jungenationalisten/1060
jungenationalisten:1059,,jungenationalisten,1059,2021-05-08T11:03:34+00:00,730,0,https://t.me/jungenationalisten/1059
jungenationalisten:1058,,jungenationalisten,1058,2021-05-08T11:03:34+00:00,732,0,https://t.me/jungenationalisten/1058
jungenationalisten:1057,"8. Mai - Wir feiern nicht!  Neues Video von unserem Kreisverband zum Thema 8. Mai, welcher uns nach wie vor als ""Tag der",jungenationalisten,1057,2021-05-08T10:01:22+00:00,714,0,https://t.me/jungenationalisten/1057
jungenationalisten:1056,,jungenationalisten,1056,2021-05-08T08:48:41+00:00,890,0,https://t.me/jungenationalisten/1056
jungenationalisten:1055,,jungenationalisten,1055,2021-05-08T08:48:41+00:00,888,0,https://t.me/jungenationalisten/1055
jungenationalisten:1054,,jungenationalisten,1054,2021-05-08T08:48:41+00:00,882,0,https://t.me/jungenationalisten/1054
jungenationalisten:1053,,jungenationalisten,1053,2021-05-08T08:48:41+00:00,863,0,https://t.me/jungenationalisten/1053
jungenationalisten:1052,"Erste Zusendungen des gestrigen Abends erreichten uns soeben. Zu verorten sind die Bilder u.a. in Sachsen-Anhalt, Schles",jungenationalisten,1052,2021-05-08T08:48:40+00:00,869,0,https://t.me/jungenationalisten/1052
jungenationalisten:1051,"""Ihr Tod brachte unsere Verpflichtung, niemals zu vergessen ihre Vernichtung. Das Schweigen über sie zu durchbrechen, de",jungenationalisten,1051,2021-05-08T07:15:41+00:00,1924,0,https://t.me/jungenationalisten/1051
jungenationalisten:1050,,jungenationalisten,1050,2021-05-07T16:45:10+00:00,953,0,https://t.me/jungenationalisten/1050
jungenationalisten:1049,,jungenationalisten,1049,2021-05-07T16:45:10+00:00,959,0,https://t.me/jungenationalisten/1049
jungenationalisten:1048,,jungenationalisten,1048,2021-05-07T16:45:10+00:00,963,0,https://t.me/jungenationalisten/1048
jungenationalisten:1047,"Der geschichtsrevisionistische ""Tag der Befreiung"" steht unmittelbar bevor und die Vorbereitungen in vielen Bundesländer",jungenationalisten,1047,2021-05-07T16:45:10+00:00,967,0,https://t.me/jungenationalisten/1047
jungenationalisten:1046,Neue Abgründe von den Grünen:  So will die Parteibasis den Begriff Deutschland aus ihrem Wahlprogramm tilgen.  Die Begrü,jungenationalisten,1046,2021-05-07T10:15:30+00:00,776,0,https://t.me/jungenationalisten/1046
jungenationalisten:1045,"Um dem linken Geschichtsrevisionismus entgegentreten zu können, ist es unerlässlich, Material als Gegenpol in der Öffent",jungenationalisten,1045,2021-05-06T17:51:36+00:00,825,0,https://t.me/jungenationalisten/1045
jungenationalisten:1044,"8.Mai - Wir feiern nicht, wir gedenken!  Dem Befehl des Gewissens folgend werden wir auch in diesem Jahr bestmöglich den",jungenationalisten,1044,2021-05-06T13:53:44+00:00,1096,0,https://t.me/jungenationalisten/1044
jungenationalisten:1043,🔥 Der Fall Lina Engel: Exklusiv! Finanzierte sich die Antifa-Bande mit Drogen-Deals? (Teil 2)  Der mutmaßlichen Chefterr,jungenationalisten,1043,2021-05-05T16:30:52+00:00,649,0,https://t.me/jungenationalisten/1043
jungenationalisten:1042,"Befreier morden nicht, Befreier rauben nicht, Befreier schänden nicht – 8. Mai, wir feiern nicht!  Wir leisten an diesem",jungenationalisten,1042,2021-05-05T12:52:47+00:00,2249,0,https://t.me/jungenationalisten/1042
jungenationalisten:1041,"Um den Anspruch einer wegweisenden politischen Jugendorganisation zu erfüllen, ist eine ganzheitliche Strategie notwendi",jungenationalisten,1041,2021-05-04T15:15:24+00:00,935,0,https://t.me/jungenationalisten/1041
jungenationalisten:1040,Aktionsvideo zum 01. Mai 2021  Hier nun ein kleines Aktionsvideo zur spontanen Versammlung unserer Jugendorganisation au,jungenationalisten,1040,2021-05-03T18:31:34+00:00,972,0,https://t.me/jungenationalisten/1040
jungenationalisten:1039,>>>https://soundcloud.com/schuelersprecherinfo<<<  🎶Wie versprochen gibt es nun unsere Playlist. Lieder aus verschiedene,jungenationalisten,1039,2021-05-03T17:22:53+00:00,822,0,https://t.me/jungenationalisten/1039
jungenationalisten:1038,Heute gibt's was auf die Ohren!🎶  Heute gegen 19 Uhr veröffentlichen wir eine neue Schuelersprecher Playlist auf Soundcl,jungenationalisten,1038,2021-05-03T06:35:29+00:00,856,0,https://t.me/jungenationalisten/1038
jungenationalisten:1037,,jungenationalisten,1037,2021-05-02T18:25:04+00:00,3086,0,https://t.me/jungenationalisten/1037
jungenationalisten:1036,,jungenationalisten,1036,2021-05-02T18:25:04+00:00,3085,0,https://t.me/jungenationalisten/1036
jungenationalisten:1035,,jungenationalisten,1035,2021-05-02T18:25:04+00:00,2919,0,https://t.me/jungenationalisten/1035
jungenationalisten:1034,,jungenationalisten,1034,2021-05-02T18:25:04+00:00,2929,0,https://t.me/jungenationalisten/1034
jungenationalisten:1033,Eindrücke der gestrigen JN-Eilversammlung auf dem Berliner Alexanderplatz wollen wir euch nicht vorenthalten.  Der Versu,jungenationalisten,1033,2021-05-02T18:25:03+00:00,2861,0,https://t.me/jungenationalisten/1033
jungenationalisten:1027,"Videobericht: 1. Mai 2021 - ""Unser Land braucht Zukunft!"" | Demonstration in Greifswald  Am 1. Mai 2021 fand in Greifswa",jungenationalisten,1027,2021-05-02T16:59:34+00:00,750,0,https://t.me/jungenationalisten/1027
jungenationalisten:1025,"Der nationale Widerstand in #NRW konnte an diesem 1. Mai ein starkes Zeichen setzen. Mit #Dortmund, #Essen und #Düsseldo",jungenationalisten,1025,2021-05-02T06:00:00+00:00,895,0,https://t.me/jungenationalisten/1025
jungenationalisten:1024,,jungenationalisten,1024,2021-05-02T06:00:00+00:00,870,0,https://t.me/jungenationalisten/1024
jungenationalisten:1023,,jungenationalisten,1023,2021-05-02T06:00:00+00:00,871,0,https://t.me/jungenationalisten/1023
jungenationalisten:1022,,jungenationalisten,1022,2021-05-02T06:00:00+00:00,844,0,https://t.me/jungenationalisten/1022
jungenationalisten:1021,,jungenationalisten,1021,2021-05-01T22:28:39+00:00,791,0,https://t.me/jungenationalisten/1021
jungenationalisten:1020,,jungenationalisten,1020,2021-05-01T22:28:39+00:00,788,0,https://t.me/jungenationalisten/1020
jungenationalisten:1019,,jungenationalisten,1019,2021-05-01T22:28:39+00:00,757,0,https://t.me/jungenationalisten/1019
jungenationalisten:1018,,jungenationalisten,1018,2021-05-01T22:28:38+00:00,751,0,https://t.me/jungenationalisten/1018
jungenationalisten:1017,,jungenationalisten,1017,2021-05-01T22:28:38+00:00,762,0,https://t.me/jungenationalisten/1017
jungenationalisten:1016,,jungenationalisten,1016,2021-05-01T22:28:38+00:00,748,0,https://t.me/jungenationalisten/1016
jungenationalisten:1015,,jungenationalisten,1015,2021-05-01T16:07:11+00:00,983,0,https://t.me/jungenationalisten/1015
jungenationalisten:1014,,jungenationalisten,1014,2021-05-01T16:07:11+00:00,989,0,https://t.me/jungenationalisten/1014
jungenationalisten:1013,"Arbeiterkampftag in der Hauptstadt!  Nachdem den Jungen Nationalisten die Einreise nach Greifswald versagt wurde, gibt e",jungenationalisten,1013,2021-05-01T16:07:11+00:00,998,0,https://t.me/jungenationalisten/1013
jungenationalisten:1012,#Berlin-#Wedding: Es ist was im Busch. Mehr dazu in Kürze...🤫,jungenationalisten,1012,2021-05-01T15:39:46+00:00,905,0,https://t.me/jungenationalisten/1012
jungenationalisten:1011,#Greifswald,jungenationalisten,1011,2021-05-01T14:05:24+00:00,934,0,https://t.me/jungenationalisten/1011
jungenationalisten:1010,,jungenationalisten,1010,2021-05-01T13:55:51+00:00,677,0,https://t.me/jungenationalisten/1010
jungenationalisten:1009,,jungenationalisten,1009,2021-05-01T13:55:50+00:00,676,0,https://t.me/jungenationalisten/1009
jungenationalisten:1008,,jungenationalisten,1008,2021-05-01T13:55:50+00:00,680,0,https://t.me/jungenationalisten/1008
jungenationalisten:1007,"Erste Grüße aus Greifswald, Mecklenburg:  Soziale Gerechtigkeit und echte Solidarität gegen den Gier- und Almosenkapital",jungenationalisten,1007,2021-05-01T13:55:50+00:00,676,0,https://t.me/jungenationalisten/1007
jungenationalisten:1006,"Währenddessen erreichen uns Bilder von JNlern, welche es trotzdem auf die Veranstaltung in Greifswald geschafft. Während",jungenationalisten,1006,2021-05-01T13:23:16+00:00,1458,0,https://t.me/jungenationalisten/1006
jungenationalisten:1005,Nach der rechtswidrigen Abweisung unserer Reisegruppe mit gut 70 Aktivsten befinden wir uns auf den Rückweg aus Greifswa,jungenationalisten,1005,2021-05-01T13:08:27+00:00,871,0,https://t.me/jungenationalisten/1005
jungenationalisten:1004,"Heraus zum 1. Mai in Greifswald!   Ausbeutung, Unterdrückung, Mord haben ein Gesicht: Verbrechertum!   Niemals war es de",jungenationalisten,1004,2021-04-30T19:42:54+00:00,1413,0,https://t.me/jungenationalisten/1004
jungenationalisten:1003,Mitteilung der NPD zur aktuellen linksextremen Anschlagsserie  https://youtu.be/aEf0Y8AQv6g,jungenationalisten,1003,2021-04-30T14:13:56+00:00,730,0,https://t.me/jungenationalisten/1003
jungenationalisten:1002,Junge Nationalisten fahren morgen nach #Greifswald!  Am morgigen Tag der deutschen Arbeit unterstützen wir die antikapit,jungenationalisten,1002,2021-04-30T09:49:49+00:00,954,0,https://t.me/jungenationalisten/1002
jungenationalisten:1001,Passend zum bevorstehenden Arbeiterkampftag - Warum Kapitalismus tötet und was uns das angeht:  Kaum jemals zuvor war es,jungenationalisten,1001,2021-04-29T17:54:18+00:00,870,0,https://t.me/jungenationalisten/1001
jungenationalisten:1000,#Sachsen: Heute führte die Polizei mehrere Durchsuchungen in linksextremen Objekten in #Leipzig-#Connewitz durch. Wer al,jungenationalisten,1000,2021-04-28T18:09:42+00:00,1718,0,https://t.me/jungenationalisten/1000
jungenationalisten:999,"Wo immer linksgrüne Parteien regieren, werden die deutsche Geschichte und Kultur mit Füßen getreten.   So haben SPD und ",jungenationalisten,999,2021-04-28T14:06:34+00:00,1492,0,https://t.me/jungenationalisten/999
jungenationalisten:998,,jungenationalisten,998,2021-04-27T17:42:57+00:00,728,0,https://t.me/jungenationalisten/998
jungenationalisten:997,,jungenationalisten,997,2021-04-27T17:42:57+00:00,720,0,https://t.me/jungenationalisten/997
jungenationalisten:996,Freiheitskämpfer: Damals wie heute!  Carsten Dicty hat das Ruder im UB Braunschweig übernommen und gibt seine Kandidatur,jungenationalisten,996,2021-04-27T17:42:57+00:00,695,0,https://t.me/jungenationalisten/996
jungenationalisten:995,,jungenationalisten,995,2021-04-27T09:27:42+00:00,942,0,https://t.me/jungenationalisten/995
jungenationalisten:994,,jungenationalisten,994,2021-04-27T09:27:42+00:00,953,0,https://t.me/jungenationalisten/994
jungenationalisten:993,Offenbar gibt es derzeit auch kreative Mobilisierungsaktionen anlässlich des bevorstehenden 1.Mai. Die JN wird maßgeblic,jungenationalisten,993,2021-04-27T09:27:42+00:00,945,0,https://t.me/jungenationalisten/993
jungenationalisten:989,"Plakate, Aufkleber, Klamotten, Fahnen, Banner, sogar Bücher und allerlei Weiteres...  Wir haben die letzten Monate genut",jungenationalisten,989,2021-04-25T15:04:18+00:00,1707,0,https://t.me/jungenationalisten/989
jungenationalisten:988,,jungenationalisten,988,2021-04-25T08:23:47+00:00,1644,0,https://t.me/jungenationalisten/988
jungenationalisten:987,,jungenationalisten,987,2021-04-25T08:23:47+00:00,1642,0,https://t.me/jungenationalisten/987
jungenationalisten:986,,jungenationalisten,986,2021-04-25T08:23:46+00:00,1537,0,https://t.me/jungenationalisten/986
jungenationalisten:985,,jungenationalisten,985,2021-04-25T08:23:46+00:00,1535,0,https://t.me/jungenationalisten/985
jungenationalisten:984,"#Brandenburg:  ""Nur in einem gesunden Körper kann ein gesunder Geist wohnen!""   Bei der stetig wachsenden Gewaltaffinitä",jungenationalisten,984,2021-04-25T08:23:46+00:00,1501,0,https://t.me/jungenationalisten/984
jungenationalisten:983,Nach über einem Dutzend linksextremer Brandanschlägen in den letzten 14 Tagen brannte heute die Gedächtnisstätte Guthman,jungenationalisten,983,2021-04-23T19:41:29+00:00,2398,0,https://t.me/jungenationalisten/983
jungenationalisten:982,"Die Kartellparteien sind sich einig darin, Deutschland abzuwickeln. Wir jedoch wollen eine Zukunft für unser Volk.  🇩🇪 @",jungenationalisten,982,2021-04-23T08:15:48+00:00,900,0,https://t.me/jungenationalisten/982
jungenationalisten:981,"Du hast die Schnauze voll von fremd auferlegten Vorschriften? Davon, dass Zuwanderer die größten Ansprüche haben und man",jungenationalisten,981,2021-04-22T16:12:55+00:00,942,0,https://t.me/jungenationalisten/981
jungenationalisten:980,Haben wir was anderes erwartet?  ⚔ t.me/wirpackenan 📣,jungenationalisten,980,2021-04-21T14:10:39+00:00,939,0,https://t.me/jungenationalisten/980
jungenationalisten:979,"Zehntausende sind derzeit in #Berlin gegen das  ""Ermächtigungsgesetz"" zu Recht auf der Straße, mit welchem unsere Freihe",jungenationalisten,979,2021-04-21T11:07:55+00:00,966,0,https://t.me/jungenationalisten/979
jungenationalisten:978,Baden-Württemberg: Am vergangenen Sonntag gedachten heimattreue Kräfte in Memprechtshofen den am 14.04.1945 kurz vor Kri,jungenationalisten,978,2021-04-21T07:22:18+00:00,963,0,https://t.me/jungenationalisten/978
jungenationalisten:976,⚠️ Achtung: Wir dokumentieren an dieser Stelle die von der DEUTSCHEN STIMME unterstützte Kundgebung vor der Sächsischen ,jungenationalisten,976,2021-04-20T16:59:52+00:00,888,0,https://t.me/jungenationalisten/976
jungenationalisten:975,Arbeiterkampftag in #Mecklenburg und #Pommern:  Am 1. Mai 2021 unterstützen wir die Demonstration in #Greifswald mit ein,jungenationalisten,975,2021-04-20T09:16:27+00:00,2189,2,https://t.me/jungenationalisten/975
jungenationalisten:974,"Mit unserer ""Schulhof-CD"" hat Schülersprecher ursprünglich angefangen.  Wir haben in den letzten Monaten viele Rechte zu",jungenationalisten,974,2021-04-19T18:30:43+00:00,962,0,https://t.me/jungenationalisten/974
jungenationalisten:973,Antifa-Anschlag in Dresden: Kulturmarxisten attackieren Buchhaus Loschwitz mit Buttersäure!  Die Gewalt durch Linksextre,jungenationalisten,973,2021-04-19T12:50:58+00:00,777,0,https://t.me/jungenationalisten/973
jungenationalisten:972,In #Dresden wurde heute durch Nationalisten und Patrioten das Kind beim Namen genannt: Linksextreme genießen hierzulande,jungenationalisten,972,2021-04-18T17:15:12+00:00,873,0,https://t.me/jungenationalisten/972
jungenationalisten:971,#Sachsen: Soeben startete unsere Kundgebung unweit der Staatskanzlei in Dresden.  Maik Müller erläutert den Anwesenden d,jungenationalisten,971,2021-04-18T11:20:01+00:00,1286,0,https://t.me/jungenationalisten/971
jungenationalisten:970,"Juliane Nagel's (Die Linke Leipzig) Verstrickungen in die militante Antifa-Szene:   ""COMPACT-Recherchen ergaben, dass Na",jungenationalisten,970,2021-04-17T11:48:39+00:00,1012,0,https://t.me/jungenationalisten/970
jungenationalisten:969,In mehreren Bundesländern schlug eine linkskriminelle Bande aus #Sachsen zu.   Die Spur der mysteriösen Kommandoführerin,jungenationalisten,969,2021-04-16T14:12:00+00:00,2005,0,https://t.me/jungenationalisten/969
jungenationalisten:968,"Sahra Wagenknecht hat recht!   Viele Linke haben sich so weit von der Wirklichkeit inklusive ihrer Probleme entfernt, wi",jungenationalisten,968,2021-04-15T18:55:13+00:00,1206,0,https://t.me/jungenationalisten/968
jungenationalisten:967,Parteiübergreifend gegen Linksterrorismus und staatliche Förderung des Linksextremismus auf die Straße!  +++ ACHTUNG: NE,jungenationalisten,967,2021-04-15T08:26:25+00:00,945,0,https://t.me/jungenationalisten/967
jungenationalisten:966,++ #SACHSEN: ACHTUNG - NEUES DATUM FÜR UNSERE KUNDGEBUNG++  Nach dem gestrigen Kooperationsgespräch und des sich aufgrun,jungenationalisten,966,2021-04-14T15:24:33+00:00,1411,1,https://t.me/jungenationalisten/966
jungenationalisten:963,#MECKLENBURG & #POMMERN: HERAUS ZUM 1. MAI - Dem Tag der deutschen Arbeit!  Die nationale Opposition demonstriert in die,jungenationalisten,963,2021-04-14T12:40:07+00:00,1250,0,https://t.me/jungenationalisten/963
jungenationalisten:962,BRANDENBURG/BERLIN:  Am Sonnabend nutzten heimattreue Aktivisten das Wochenende für eine spontane Wanderung durch die he,jungenationalisten,962,2021-04-13T16:12:00+00:00,950,0,https://t.me/jungenationalisten/962
jungenationalisten:961,,jungenationalisten,961,2021-04-13T10:56:53+00:00,833,0,https://t.me/jungenationalisten/961
jungenationalisten:960,#SchleswigHolstein: Dem Ungeist der Zeit zu widerstehen ist die Aufgabe der kommenden Generationen. Daher sehen wir es a,jungenationalisten,960,2021-04-13T10:56:53+00:00,831,0,https://t.me/jungenationalisten/960
jungenationalisten:959,,jungenationalisten,959,2021-04-12T17:41:15+00:00,2185,0,https://t.me/jungenationalisten/959
jungenationalisten:958,,jungenationalisten,958,2021-04-12T17:41:15+00:00,2191,0,https://t.me/jungenationalisten/958
jungenationalisten:957,,jungenationalisten,957,2021-04-12T17:41:15+00:00,2183,0,https://t.me/jungenationalisten/957
jungenationalisten:956,,jungenationalisten,956,2021-04-12T17:41:15+00:00,2127,0,https://t.me/jungenationalisten/956
jungenationalisten:955,Das zurückliegende Wochenende wurde durch unsere JNler aus Berlin und Brandenburg auf vielfältige Art und Weise produkti,jungenationalisten,955,2021-04-12T17:41:15+00:00,2123,0,https://t.me/jungenationalisten/955
jungenationalisten:954,"Ein Blick auf unsere demographische Entwicklung zeigt die Wichtigkeit von kinderreichen, deutschen Familien auf. Sie sin",jungenationalisten,954,2021-04-12T11:25:03+00:00,751,0,https://t.me/jungenationalisten/954
jungenationalisten:953,"Leider gibt es sadistische Tierhasser, die Giftköder verteilen. Deshalb haben wir derzeit ein Auge auf den Nürnberger St",jungenationalisten,953,2021-04-11T18:02:36+00:00,831,0,https://t.me/jungenationalisten/953
jungenationalisten:952,,jungenationalisten,952,2021-04-11T14:07:02+00:00,793,0,https://t.me/jungenationalisten/952
jungenationalisten:951,,jungenationalisten,951,2021-04-11T14:07:02+00:00,740,0,https://t.me/jungenationalisten/951
jungenationalisten:950,,jungenationalisten,950,2021-04-11T14:07:02+00:00,748,0,https://t.me/jungenationalisten/950
jungenationalisten:949,,jungenationalisten,949,2021-04-11T14:07:02+00:00,711,0,https://t.me/jungenationalisten/949
jungenationalisten:948,Oft schmieren Linksextremisten ihre krude Weltsicht in aller Öffentlichkeit herum und verschandeln somit das Straßenbild,jungenationalisten,948,2021-04-11T14:07:02+00:00,711,0,https://t.me/jungenationalisten/948
jungenationalisten:947,"​​Kreativer Protest ist wichtig! Bild: Döbeln/Mittelsachsen  ⚔ t.me/wirpackenan 📣   Gegen verständnislose Politiker, Erz",jungenationalisten,947,2021-04-11T11:27:34+00:00,709,0,https://t.me/jungenationalisten/947
jungenationalisten:946,Gestern demonstrierte die JN in den Straßen von Celle während der Ausgangssperre. Spontan wurde dies zwingend erforderli,jungenationalisten,946,2021-04-10T16:12:11+00:00,1622,0,https://t.me/jungenationalisten/946
jungenationalisten:945,,jungenationalisten,945,2021-04-10T07:56:24+00:00,1886,0,https://t.me/jungenationalisten/945
jungenationalisten:944,*Heraus zur Kundgebung von NPD & JN am 17.04.2021 in Dresden!*  Unter dem Motto: „Linksterror stoppen – »Antifa« verbiet,jungenationalisten,944,2021-04-10T07:56:20+00:00,1305,0,https://t.me/jungenationalisten/944
jungenationalisten:943,,jungenationalisten,943,2021-04-09T21:25:32+00:00,621,0,https://t.me/jungenationalisten/943
jungenationalisten:942,,jungenationalisten,942,2021-04-09T21:25:32+00:00,618,0,https://t.me/jungenationalisten/942
jungenationalisten:941,Landeskongress der JN unterbunden. 🇩🇪 @jnpdniedersachsen  Am frühen Abend haben Ordnungsamt und Polizei den Landeskongre,jungenationalisten,941,2021-04-09T21:25:32+00:00,609,0,https://t.me/jungenationalisten/941
jungenationalisten:939,,jungenationalisten,939,2021-04-09T20:38:39+00:00,1419,0,https://t.me/jungenationalisten/939
jungenationalisten:938,,jungenationalisten,938,2021-04-09T20:38:38+00:00,1420,0,https://t.me/jungenationalisten/938
jungenationalisten:937,#Niedersachsen: Nach staatlicher Repression findet derzeit eine Eilversammlung in Celle statt!🏴  Mehr dazu in Kürze...,jungenationalisten,937,2021-04-09T20:38:38+00:00,1399,0,https://t.me/jungenationalisten/937
jungenationalisten:936,Aktionstag zum Jahrestag der Bombardierung von Halberstadt:  Am 08. April 1945 musste die wunderschöne Stadt Halberstadt,jungenationalisten,936,2021-04-08T11:01:22+00:00,673,0,https://t.me/jungenationalisten/936
jungenationalisten:935,In den zurückliegenden Tagen taten sich in #Sachsen Kulturbereicherer somalischer Herkunft besonders durch Sexual - und ,jungenationalisten,935,2021-04-07T10:30:04+00:00,932,0,https://t.me/jungenationalisten/935
jungenationalisten:934,Bitte Eure fragen an Paul Rzehaczek hier rein,jungenationalisten,934,2021-04-06T17:03:48+00:00,705,0,https://t.me/jungenationalisten/934
jungenationalisten:933,Unser Chef im Gespräch:  https://youtu.be/z8CJ68K3My8,jungenationalisten,933,2021-04-06T16:25:44+00:00,2181,0,https://t.me/jungenationalisten/933
jungenationalisten:932,Antifa-Überfall (als SEK-Beamte verkleidet) von Eilenburg: heute Abend spricht das Opfer bei mir im Live-Stream! 🇩🇪  🔴 L,jungenationalisten,932,2021-04-06T09:49:37+00:00,877,0,https://t.me/jungenationalisten/932
jungenationalisten:931,Heute ist unser Bundesvorsitzender live zu Gast bei Ignaz Bearth. Schaltet ein und stellt eure Fragen.,jungenationalisten,931,2021-04-06T09:49:37+00:00,769,0,https://t.me/jungenationalisten/931
jungenationalisten:930,,jungenationalisten,930,2021-04-05T18:38:19+00:00,828,0,https://t.me/jungenationalisten/930
jungenationalisten:929,“Meterhohe Flammen steigen in des Himmels Dunkelheit. Farbenfroher Feuerreigen. Es ist wieder Osterzeit. Böse Geister zu,jungenationalisten,929,2021-04-05T18:38:19+00:00,826,0,https://t.me/jungenationalisten/929
jungenationalisten:928,Die Ostertage nutzten unsere Mitstreiter auch um der gefallenen Helden zu gedenken.  So beispielsweise am Arbersee in Ba,jungenationalisten,928,2021-04-05T15:05:55+00:00,1925,0,https://t.me/jungenationalisten/928
jungenationalisten:927,Sachsen-Anhalt: Am Osterwochenende trafen sich Mitglieder der JN im Anhaltiner Land mit freien Kräften der Region zu ein,jungenationalisten,927,2021-04-05T10:18:20+00:00,1365,0,https://t.me/jungenationalisten/927
jungenationalisten:926,,jungenationalisten,926,2021-04-04T09:24:27+00:00,1096,0,https://t.me/jungenationalisten/926
jungenationalisten:925,,jungenationalisten,925,2021-04-04T09:24:26+00:00,1101,0,https://t.me/jungenationalisten/925
jungenationalisten:924,,jungenationalisten,924,2021-04-04T09:24:26+00:00,1105,0,https://t.me/jungenationalisten/924
jungenationalisten:923,,jungenationalisten,923,2021-04-04T09:24:26+00:00,1044,0,https://t.me/jungenationalisten/923
jungenationalisten:922,>>>Osteraktion in Südbrandenburg<<<  Ein toller Nachmittag neigt sich dem Ende.  So waren wir gemeinsam als heimatverbun,jungenationalisten,922,2021-04-04T09:24:26+00:00,1044,0,https://t.me/jungenationalisten/922
jungenationalisten:921,"""Ostern ist das Siegesfest des ewigen Lebens.""  Wir wünschen allen Mitstreitern und Sympathisanten frohe Feiertage.  Uns",jungenationalisten,921,2021-04-04T06:54:56+00:00,2509,0,https://t.me/jungenationalisten/921
jungenationalisten:920,,jungenationalisten,920,2021-04-03T17:24:45+00:00,851,0,https://t.me/jungenationalisten/920
jungenationalisten:919,,jungenationalisten,919,2021-04-03T17:24:45+00:00,851,0,https://t.me/jungenationalisten/919
jungenationalisten:918,"Wir wollen nicht nur reden, sondern auch handeln!   Unsere Aktivisten rücken nahezu täglich aus.  Das Osterwochenende nu",jungenationalisten,918,2021-04-03T17:24:45+00:00,859,0,https://t.me/jungenationalisten/918
jungenationalisten:917,"Kreativer Protest ist wichtig! Bild: Döbeln/Mittelsachsen  ⚔ t.me/wirpackenan 📣   Gegen verständnislose Politiker, Erzie",jungenationalisten,917,2021-04-03T13:59:25+00:00,696,0,https://t.me/jungenationalisten/917
jungenationalisten:916,Stuttgart: im Moment auf dem Marienplatz. Jetzt beginnt hier der Protest gegen die Coronamaßnahmen.  Wir sind dabei.,jungenationalisten,916,2021-04-03T12:12:40+00:00,724,0,https://t.me/jungenationalisten/916
jungenationalisten:915,"Aktuell im sächsischen Grimma laufen mehrer hundert Menschen spontan, friedlich und ungezwungen durch die Stadt! Bei gut",jungenationalisten,915,2021-04-02T13:35:25+00:00,708,0,https://t.me/jungenationalisten/915
jungenationalisten:914,,jungenationalisten,914,2021-04-01T16:17:42+00:00,1648,0,https://t.me/jungenationalisten/914
jungenationalisten:913,,jungenationalisten,913,2021-04-01T16:17:42+00:00,1646,0,https://t.me/jungenationalisten/913
jungenationalisten:912,Man muss nicht jeden Freitag die Schule schwänzen und auf sogenannte “Fridays for future”-Demos Phrasen rufen um etwas f,jungenationalisten,912,2021-04-01T16:17:42+00:00,1589,0,https://t.me/jungenationalisten/912
jungenationalisten:911,​​Schließt euch an! Nochmal mit Nachdruck! GEMEINSAM gegen EINSAM!  ⚔ t.me/wirpackenan 📣   Aufgebrachte Eltern und traur,jungenationalisten,911,2021-04-01T11:18:29+00:00,698,0,https://t.me/jungenationalisten/911
jungenationalisten:910,https://npd.de/2021/03/stellungnahme-zur-durchsuchung/,jungenationalisten,910,2021-03-31T19:15:42+00:00,619,0,https://t.me/jungenationalisten/910
jungenationalisten:909,"Billige Systempropaganda: Dieser Asylant zieht seine „Bewerbung“ nicht wegen einer angeblichen „Bedrohung“ zurück, sonde",jungenationalisten,909,2021-03-31T16:32:11+00:00,622,0,https://t.me/jungenationalisten/909
jungenationalisten:908,​​Generation Freiheiheitskampf!  ⚔ t.me/wirpackenan 📣   Der Platz am Rathaus in Döbeln füllt sich. Vertraut ist das Bild,jungenationalisten,908,2021-03-30T10:38:45+00:00,748,0,https://t.me/jungenationalisten/908
jungenationalisten:907,Regelmäßig starten wir in den sozialen Medien Aufrufe um heimatbewusste junge Deutsche mit Gleichgesinnten zusammen zu b,jungenationalisten,907,2021-03-28T11:53:51+00:00,771,0,https://t.me/jungenationalisten/907
jungenationalisten:906,Gestern begannen Mitstreiter der Anhaltiner JN mit einer kleinen Frühlingsoffensive und verteilten Material unserer Juge,jungenationalisten,906,2021-03-28T09:12:45+00:00,865,0,https://t.me/jungenationalisten/906
jungenationalisten:905,Wie unwissend eigentlich der politische Gegner ist beweist das angehängte Kurzvideo.  Dabei gibt es bei uns sogar einen ,jungenationalisten,905,2021-03-27T13:11:11+00:00,1556,0,https://t.me/jungenationalisten/905
jungenationalisten:904,,jungenationalisten,904,2021-03-27T10:52:04+00:00,716,0,https://t.me/jungenationalisten/904
jungenationalisten:903,,jungenationalisten,903,2021-03-27T10:52:04+00:00,720,0,https://t.me/jungenationalisten/903
jungenationalisten:902,,jungenationalisten,902,2021-03-27T10:52:04+00:00,719,0,https://t.me/jungenationalisten/902
jungenationalisten:901,,jungenationalisten,901,2021-03-27T10:52:04+00:00,673,0,https://t.me/jungenationalisten/901
jungenationalisten:900,"Wo sich die Menschen aufhalten, bleibt Unrat liegen. Aus diesem Grund trafen wir uns am 25. März im Chemnitzer Umland mi",jungenationalisten,900,2021-03-27T10:52:04+00:00,680,0,https://t.me/jungenationalisten/900
jungenationalisten:899,,jungenationalisten,899,2021-03-25T15:32:38+00:00,629,0,https://t.me/jungenationalisten/899
jungenationalisten:898,,jungenationalisten,898,2021-03-25T15:32:38+00:00,645,0,https://t.me/jungenationalisten/898
jungenationalisten:897,,jungenationalisten,897,2021-03-25T15:32:38+00:00,626,0,https://t.me/jungenationalisten/897
jungenationalisten:896,,jungenationalisten,896,2021-03-25T15:32:38+00:00,629,0,https://t.me/jungenationalisten/896
jungenationalisten:895,,jungenationalisten,895,2021-03-25T15:32:38+00:00,617,0,https://t.me/jungenationalisten/895
jungenationalisten:894,,jungenationalisten,894,2021-03-25T15:32:37+00:00,613,0,https://t.me/jungenationalisten/894
jungenationalisten:893,❌ Kein Bier für die Antifa: Unsere COMPACT-Reporter waren heute mit der Berliner Polizei in der geräumten Kreuzberger Sz,jungenationalisten,893,2021-03-25T15:32:37+00:00,623,0,https://t.me/jungenationalisten/893
jungenationalisten:892,"Heute wurde ein linksextremer Rückzugsraum in der Hauptstadt geräumt.  Die ehemalige sog. ""Kneipe"" ""Meuterei"" ist mindes",jungenationalisten,892,2021-03-25T11:48:47+00:00,3165,0,https://t.me/jungenationalisten/892
jungenationalisten:890,​​Einige kreative Kunstaktionen gestern in Mittelsachsen! Polizei in Waldheim auf Position.  Überall im Bundesgebiet und,jungenationalisten,890,2021-03-25T09:05:43+00:00,759,0,https://t.me/jungenationalisten/890
jungenationalisten:889,"150 Jahre Bismarcksche Reichskanzlerschaft. 150 Jahre Deutsches Reich. 150 Jahre Politik, wie Deutschland sie heute bräu",jungenationalisten,889,2021-03-23T18:26:52+00:00,1540,0,https://t.me/jungenationalisten/889
jungenationalisten:888,,jungenationalisten,888,2021-03-23T05:39:29+00:00,838,0,https://t.me/jungenationalisten/888
jungenationalisten:887,,jungenationalisten,887,2021-03-23T05:39:29+00:00,792,0,https://t.me/jungenationalisten/887
jungenationalisten:886,Seit dem vergangenen Jahr finden bundesweit regelmäßig Proteste gegen die bestehenden Corona-Zwangsmaßnahmen statt. Häuf,jungenationalisten,886,2021-03-23T05:39:29+00:00,772,0,https://t.me/jungenationalisten/886
jungenationalisten:885,"150 Jahre Bismarcksche Reichskanzlerschaft - 150 Jahre nationale Politik, wie Deutschland sie heute bräuchte - die JN er",jungenationalisten,885,2021-03-21T19:12:59+00:00,2247,0,https://t.me/jungenationalisten/885
jungenationalisten:884,,jungenationalisten,884,2021-03-21T10:16:35+00:00,947,0,https://t.me/jungenationalisten/884
jungenationalisten:883,,jungenationalisten,883,2021-03-21T10:16:35+00:00,957,0,https://t.me/jungenationalisten/883
jungenationalisten:882,Aus den Stützpunkten: Unsere Gemeinschaft wächst stetig. Nach einer kürzeren Probezeit traten kürzlich wieder mehrere Ju,jungenationalisten,882,2021-03-21T10:16:35+00:00,958,0,https://t.me/jungenationalisten/882
jungenationalisten:881,"Heute ist Tag der politisch Gefangenen!  Viele Kameraden verbinden die Gefangenenhilfe nur mit Briefe schreiben, doch ta",jungenationalisten,881,2021-03-18T21:42:05+00:00,1160,0,https://t.me/jungenationalisten/881
jungenationalisten:880,Alles für Paul! 🇩🇪 @jnpdniedersachsen  Seine Standhaftigkeit und sein Charakter zeichnen ihn als echten Kämpfer für die ,jungenationalisten,880,2021-03-18T16:25:48+00:00,808,0,https://t.me/jungenationalisten/880
jungenationalisten:879,,jungenationalisten,879,2021-03-18T10:04:28+00:00,872,0,https://t.me/jungenationalisten/879
jungenationalisten:878,,jungenationalisten,878,2021-03-18T10:04:28+00:00,870,0,https://t.me/jungenationalisten/878
jungenationalisten:877,"Am 27. März 2021 trifft sich die heimatbewusste Jugend in der Mark zum gemeinsamen Sport:  ""Während im Coronalockdown vi",jungenationalisten,877,2021-03-18T10:04:27+00:00,798,0,https://t.me/jungenationalisten/877
jungenationalisten:876,Am zurückliegendem Wochenende war unsere Jugendorganisation (JN) unter dem Motto „Als der Boden bebte und der Morgen sta,jungenationalisten,876,2021-03-16T16:05:58+00:00,1009,0,https://t.me/jungenationalisten/876
jungenationalisten:875,,jungenationalisten,875,2021-03-15T19:06:00+00:00,995,0,https://t.me/jungenationalisten/875
jungenationalisten:874,Seit dem vergangenen Jahr finden bundesweit regelmäßig Proteste gegen die bestehenden Corona-Zwangsmaßnahmen statt. Häuf,jungenationalisten,874,2021-03-15T19:06:00+00:00,1007,0,https://t.me/jungenationalisten/874
jungenationalisten:873,https://www.youtube.com/watch?v=BSCKGzuV5u8  🎇DS-TV exklusiv – Paul Rzehaczek: »Ab jetzt - Alle Heimatliebenden müssen z,jungenationalisten,873,2021-03-15T16:50:47+00:00,677,0,https://t.me/jungenationalisten/873
jungenationalisten:872,"ALLIIERTER BOMBENTERROR AUF SWINEMÜNDE – UNVERGESSEN!  Pommern: Am 12. März haben sich Kameraden der JN, der NPD und der",jungenationalisten,872,2021-03-15T12:41:32+00:00,990,0,https://t.me/jungenationalisten/872
jungenationalisten:871,Nach dem feigen Überfall vor wenigen Tagen meldet sich nun unser Bundesvorsitzender zu Wort.,jungenationalisten,871,2021-03-14T19:43:53+00:00,15333,0,https://t.me/jungenationalisten/871
jungenationalisten:870,In den zurückliegenden Tagen wurden in verschiedenen hessischen Landkreisen öffentlichkeitswirksame Aktionen durch uns d,jungenationalisten,870,2021-03-14T13:26:46+00:00,1099,0,https://t.me/jungenationalisten/870
jungenationalisten:869,,jungenationalisten,869,2021-03-14T11:09:19+00:00,1027,0,https://t.me/jungenationalisten/869
jungenationalisten:868,,jungenationalisten,868,2021-03-14T11:09:19+00:00,1024,0,https://t.me/jungenationalisten/868
jungenationalisten:867,"""Kein Druck so hart,  kein Leid so schwer, daß deutsche Treu'  nicht stärker wär!""  In den zurückliegenden  Tagen war un",jungenationalisten,867,2021-03-14T11:09:19+00:00,930,0,https://t.me/jungenationalisten/867
jungenationalisten:866,"Wahlen in RLP, BaWü & Hessen ⚔ @CoronaWahnsinnStoppen  Am Wochenende wird gewählt. Und auch hier heißt es: Zeichen setze",jungenationalisten,866,2021-03-14T08:56:47+00:00,674,0,https://t.me/jungenationalisten/866
jungenationalisten:865,,jungenationalisten,865,2021-03-14T07:06:36+00:00,829,0,https://t.me/jungenationalisten/865
jungenationalisten:864,Unser Erstwähleranschreiben für die NPD. Für die hessische Kommunalwahl wurde es an die vielen tausend 18 bis 24-Jährige,jungenationalisten,864,2021-03-14T07:06:36+00:00,828,0,https://t.me/jungenationalisten/864
jungenationalisten:863,Heute führte die Wetterauer NPD eine Kundgebung in Büdingen gegen die derzeitige Asyl-Politik durch. Auch fordert die NP,jungenationalisten,863,2021-03-14T05:54:12+00:00,790,0,https://t.me/jungenationalisten/863
jungenationalisten:862,"Morgen sind unter anderem Kommunalwahlen in Hessen. Auch JNler treten erneut für die nationale Opposition an, um Politik",jungenationalisten,862,2021-03-13T20:29:19+00:00,843,0,https://t.me/jungenationalisten/862
jungenationalisten:861,,jungenationalisten,861,2021-03-13T18:47:48+00:00,1321,0,https://t.me/jungenationalisten/861
jungenationalisten:860,,jungenationalisten,860,2021-03-13T18:47:47+00:00,1322,0,https://t.me/jungenationalisten/860
jungenationalisten:859,"#Pommern: Gestern haben sich Kameraden der JN, der NPD und freie Kräfte trotz den momentanen Umständen an der Kriegsgräb",jungenationalisten,859,2021-03-13T18:47:47+00:00,1277,0,https://t.me/jungenationalisten/859
jungenationalisten:858,"🔥🔥Überfall in Eilenburg - Üble Opferverhöhnung durch Grünen-Politiker Jürgen Kasek  💥Jürgen Kasek, der umweltpolitische ",jungenationalisten,858,2021-03-13T16:24:55+00:00,702,0,https://t.me/jungenationalisten/858
jungenationalisten:857,Nach linkskriminellem Überfall - Solidarität mit Paul!  Bei Beobachtern der linksextremen Szene weckt der Mordversuch am,jungenationalisten,857,2021-03-12T18:56:35+00:00,4334,0,https://t.me/jungenationalisten/857
jungenationalisten:856,"„Wer jetzt überlegt, ob er diese Meldung tatsächlich teilen kann, teilen darf, weil das Opfer einer Jugendorganisation v",jungenationalisten,856,2021-03-12T10:40:57+00:00,873,0,https://t.me/jungenationalisten/856
jungenationalisten:854,"Heute er, morgen Du! Deutsche, haltet zusammen!   Denn das ist die Botschaft von Paul Rzehaczek: »Die Lehre aus diesem V",jungenationalisten,854,2021-03-11T18:43:35+00:00,2361,0,https://t.me/jungenationalisten/854
jungenationalisten:853,"Grabschändung in Sinsheim!  Mit Entsetzen mussten Sinsheimer Unterstützer heute feststellen, daß am Grab des erst Montag",jungenationalisten,853,2021-03-11T13:24:28+00:00,874,0,https://t.me/jungenationalisten/853
jungenationalisten:852,Migration tötet!!   t.me/jnpdniedersachsen   https://hannover.citynews-online.de/polizei-feuerwehr/oeffentlichkeitsfahnd,jungenationalisten,852,2021-03-11T06:43:14+00:00,773,0,https://t.me/jungenationalisten/852
jungenationalisten:851,"Sachsen: Anlässlich des 76. Jahrestages der Bombardierung von Chemnitz durch alliierte ""Befreier"" führten unsere Mitstre",jungenationalisten,851,2021-03-10T17:41:37+00:00,879,0,https://t.me/jungenationalisten/851
jungenationalisten:850,"​​♥️ Tierschutz ist Ehrensache!♥️  Gemeinsam mit euch konnten wir auch wieder im Jahre 2020/2021 einige Tierheime, Pfleg",jungenationalisten,850,2021-03-10T13:12:31+00:00,725,0,https://t.me/jungenationalisten/850
jungenationalisten:849,Regelmäßig starten wir in den sozialen Medien Aufrufe um heimatbewusste junge Deutsche mit Gleichgesinnten zusammen zu b,jungenationalisten,849,2021-03-08T16:08:08+00:00,802,0,https://t.me/jungenationalisten/849
jungenationalisten:848,Volkskraft voraus!  🇩🇪 @jnpdniedersachsen  Grüße aus Niedersachsen an den @Der_Volkslehrer und die Volkskraft-Wochen 202,jungenationalisten,848,2021-03-08T12:08:23+00:00,634,0,https://t.me/jungenationalisten/848
jungenationalisten:847,,jungenationalisten,847,2021-03-08T11:34:52+00:00,1523,0,https://t.me/jungenationalisten/847
jungenationalisten:846,,jungenationalisten,846,2021-03-08T11:34:52+00:00,1515,0,https://t.me/jungenationalisten/846
jungenationalisten:845,,jungenationalisten,845,2021-03-08T11:34:52+00:00,1519,0,https://t.me/jungenationalisten/845
jungenationalisten:844,,jungenationalisten,844,2021-03-08T11:34:51+00:00,1447,0,https://t.me/jungenationalisten/844
jungenationalisten:843,"#Brandenburg, Oberspreewald-Lausitz: „Umweltschutz ist Heimatschutz - Anpacken statt Schnacken“!🌿  Gemeinsam mit der nat",jungenationalisten,843,2021-03-08T11:34:51+00:00,1453,0,https://t.me/jungenationalisten/843
jungenationalisten:842,"So sehr Berliner Miethaie freilich in Korruption verwickelt sind, instrumentalisierende kommunistische Propaganda der ""D",jungenationalisten,842,2021-03-07T19:40:13+00:00,739,0,https://t.me/jungenationalisten/842
jungenationalisten:841,,jungenationalisten,841,2021-03-07T18:06:13+00:00,729,0,https://t.me/jungenationalisten/841
jungenationalisten:840,,jungenationalisten,840,2021-03-07T18:06:13+00:00,730,0,https://t.me/jungenationalisten/840
jungenationalisten:839,"Gestern trafen wir uns mit Vertretern aus    verschiedenen Regionen der Oberlausitz, um gemeinsam einen Gemeinschaftstag",jungenationalisten,839,2021-03-07T18:06:13+00:00,698,0,https://t.me/jungenationalisten/839
jungenationalisten:838,,jungenationalisten,838,2021-03-06T20:39:55+00:00,834,0,https://t.me/jungenationalisten/838
jungenationalisten:837,,jungenationalisten,837,2021-03-06T20:39:55+00:00,835,0,https://t.me/jungenationalisten/837
jungenationalisten:836,"#Chemnitz: Wie in den vorangegangenen Jahren, haben wir uns auch gestern geweigert die Bombardierung unserer Stadt unkom",jungenationalisten,836,2021-03-06T20:39:54+00:00,810,0,https://t.me/jungenationalisten/836
jungenationalisten:835,Volksgemeinschaft ist nicht nur ein Wort  Letzte Woche überbrachte uns Nico aus dem JN Stützpunkt Brandenburg ein Spende,jungenationalisten,835,2021-03-06T15:08:55+00:00,716,0,https://t.me/jungenationalisten/835
jungenationalisten:834,Die AfD wird nun bundesweit zum Verdachtsfall für den Verfassungsschutz. In Frankreich wurde die Identitäre Bewegung ver,jungenationalisten,834,2021-03-06T09:07:29+00:00,663,0,https://t.me/jungenationalisten/834
jungenationalisten:833,,jungenationalisten,833,2021-03-06T00:36:51+00:00,767,0,https://t.me/jungenationalisten/833
jungenationalisten:832,Gestern haben JN Aktivisten auf dem Friedhof in #Chemnitz Schönau die Gräber der Opfer und Gefallenen gepflegt. Anschlie,jungenationalisten,832,2021-03-06T00:36:51+00:00,739,0,https://t.me/jungenationalisten/832
jungenationalisten:831,,jungenationalisten,831,2021-03-05T15:35:12+00:00,776,0,https://t.me/jungenationalisten/831
jungenationalisten:830,,jungenationalisten,830,2021-03-05T15:35:12+00:00,777,0,https://t.me/jungenationalisten/830
jungenationalisten:829,,jungenationalisten,829,2021-03-05T15:35:12+00:00,773,0,https://t.me/jungenationalisten/829
jungenationalisten:828,"Anlässlich der Bombardierung von Chemnitz durch alliierte ""Befreier"" finden jährlich unterschiedliche Gedenkaktionen von",jungenationalisten,828,2021-03-05T15:35:11+00:00,759,0,https://t.me/jungenationalisten/828
jungenationalisten:827,#Sachsen: Am heutigen 05. März jährt sich die Bombardierung unserer geliebten Heimatstadt Chemnitz zum 76. Mal. Daher ru,jungenationalisten,827,2021-03-05T08:30:57+00:00,774,0,https://t.me/jungenationalisten/827
jungenationalisten:826,"#Brandenburg: Bei kürzlich zurückliegenden Spaziergängen durch die Mark entdeckten wir, dass es in vielen Regionen durch",jungenationalisten,826,2021-03-04T18:43:39+00:00,1017,0,https://t.me/jungenationalisten/826
jungenationalisten:825,Seit wann interessiert sich der Verfassungsschutz für Grundrechte? ⚔️ @CoronaWahnsinnStoppen   Das System Merkel und ihr,jungenationalisten,825,2021-03-03T11:11:50+00:00,786,0,https://t.me/jungenationalisten/825
jungenationalisten:824,,jungenationalisten,824,2021-03-02T15:07:21+00:00,730,0,https://t.me/jungenationalisten/824
jungenationalisten:823,,jungenationalisten,823,2021-03-02T15:07:21+00:00,734,0,https://t.me/jungenationalisten/823
jungenationalisten:822,"Heimat ist nicht nur ein Ort. Heimat ist ein Gefühl. Ein Gefühl von Freiheit, ein Gefühl von Verbundenheit und ein Gefüh",jungenationalisten,822,2021-03-02T15:07:21+00:00,721,0,https://t.me/jungenationalisten/822
jungenationalisten:818,"Berlin: Gestern unterstützten unsere Mitstreiter die nationale Opposition in Köpenick, welche sich im Vorwahlkampf befin",jungenationalisten,818,2021-02-28T15:14:02+00:00,1371,0,https://t.me/jungenationalisten/818
jungenationalisten:817,JN Bundesarbeitskreis Bildung: NATIONALISMUS - Lösung der globalistischen Frage  Multiethnische Konstrukte – liebevoll a,jungenationalisten,817,2021-02-28T11:26:07+00:00,953,0,https://t.me/jungenationalisten/817
jungenationalisten:816,,jungenationalisten,816,2021-02-27T15:56:55+00:00,819,0,https://t.me/jungenationalisten/816
jungenationalisten:815,#BPtv: Die Veranstaltung in #Altenstadt hat in diesen Minuten begonnen. Zu Beginn spricht und spielt der bekannte Lieder,jungenationalisten,815,2021-02-27T15:56:48+00:00,797,0,https://t.me/jungenationalisten/815
jungenationalisten:814,Kommt gut in das Wochenende und bleibt anständig!🇩🇪  Anbei erreichte uns eine Zusendung aus Niedersachsen... 💪🏻,jungenationalisten,814,2021-02-27T07:02:04+00:00,724,0,https://t.me/jungenationalisten/814
jungenationalisten:812,"Habt einen guten Start ins Wochenende 🎶  ""Die Zitadelle der Festung Europas, sie steht und fällt mit uns Jungen. Schon u",jungenationalisten,812,2021-02-26T17:09:22+00:00,852,0,https://t.me/jungenationalisten/812
jungenationalisten:811,Die Corona-Mutanten sitzen im Bundestag! ⚔ @CoronaWahnsinnStoppen Eine Panikmeldung jagt die nächste. Das mediale Tromme,jungenationalisten,811,2021-02-26T12:32:51+00:00,666,0,https://t.me/jungenationalisten/811
jungenationalisten:810,"Mit Harzrevolte wurde ein Projekt in's Leben gerufen, welches die Vernetzung im Großraum Harz vorantreiben möchte. Mehr ",jungenationalisten,810,2021-02-25T20:21:54+00:00,655,0,https://t.me/jungenationalisten/810
jungenationalisten:809,"Wer kann unsre Wege messen, wer kann unser Wollen wägen? Alle, die mit uns marschieren, werden Weg und Ziel erspüren.   ",jungenationalisten,809,2021-02-24T14:57:15+00:00,2041,0,https://t.me/jungenationalisten/809
jungenationalisten:808,Wahlkampfveranstaltung am 27.2. in Altenstadt (Hessen)  Am kommenden Sonnabend findet eine Veranstaltung zur Kommunalwah,jungenationalisten,808,2021-02-24T07:47:20+00:00,711,0,https://t.me/jungenationalisten/808
jungenationalisten:807,"GRIECHISCHE NATIONALE FRONT WARNT VOR TÜRKISCHER AGGRESSION  Als nationalistische Jugendbewegung, welche sich für die So",jungenationalisten,807,2021-02-23T17:19:00+00:00,944,0,https://t.me/jungenationalisten/807
jungenationalisten:806,https://youtu.be/8S6u2GJjoGk,jungenationalisten,806,2021-02-21T13:13:37+00:00,1176,0,https://t.me/jungenationalisten/806
jungenationalisten:805,"Am Samstag, den 13. Februar reisten Junge Nationalisten aus dem gesamten Bundesgebiet in die sächsische Landeshauptstadt",jungenationalisten,805,2021-02-21T12:09:43+00:00,921,0,https://t.me/jungenationalisten/805
jungenationalisten:804,"Freitag Abend, das bedeutet Wochenrückblick:  @PROsition  https://youtu.be/tf_wBlrglSY",jungenationalisten,804,2021-02-19T17:48:50+00:00,731,0,https://t.me/jungenationalisten/804
jungenationalisten:803,"Der ""Fall"" Hanau und die damit verbundene Gedenkkultur zeigt wieder einmal, dass es durchaus Opfer zweiter Klasse gibt. ",jungenationalisten,803,2021-02-19T11:11:22+00:00,798,0,https://t.me/jungenationalisten/803
jungenationalisten:802,Schluss mit dem Irrsinn und weg mit den Kartellparteien!   ⚔🇩🇪 @CoronaWahnsinnStoppen  Das Motiv ist auch als Aufkleber ,jungenationalisten,802,2021-02-18T13:19:27+00:00,756,0,https://t.me/jungenationalisten/802
jungenationalisten:801,,jungenationalisten,801,2021-02-15T11:19:23+00:00,1220,0,https://t.me/jungenationalisten/801
jungenationalisten:800,,jungenationalisten,800,2021-02-15T11:19:23+00:00,1131,0,https://t.me/jungenationalisten/800
jungenationalisten:799,,jungenationalisten,799,2021-02-15T11:19:23+00:00,1137,0,https://t.me/jungenationalisten/799
jungenationalisten:798,,jungenationalisten,798,2021-02-15T11:19:23+00:00,992,0,https://t.me/jungenationalisten/798
jungenationalisten:797,Am 15. Februar vor 76 Jahren wurde auch Cottbus durch die Alliierten massiv bombardiert. Mindestens 1000 Deutsche ließen,jungenationalisten,797,2021-02-15T11:19:23+00:00,984,0,https://t.me/jungenationalisten/797
jungenationalisten:796,DS-TV: Dresden Gedenken 2021 »Den 13. Februar zum offiziellen Gedenktag erheben!«  https://www.youtube.com/watch?v=zpJDP,jungenationalisten,796,2021-02-14T19:25:41+00:00,767,0,https://t.me/jungenationalisten/796
jungenationalisten:794,,jungenationalisten,794,2021-02-14T14:41:45+00:00,706,0,https://t.me/jungenationalisten/794
jungenationalisten:793,,jungenationalisten,793,2021-02-14T14:41:45+00:00,707,0,https://t.me/jungenationalisten/793
jungenationalisten:792,(DE) Am heutigen Tag haben wir die Kränze und Blumen in stillem Gedenken niedergelegt.  Erste Eindrücke von der gestrige,jungenationalisten,792,2021-02-14T14:41:45+00:00,653,0,https://t.me/jungenationalisten/792
jungenationalisten:791,,jungenationalisten,791,2021-02-14T12:55:14+00:00,820,0,https://t.me/jungenationalisten/791
jungenationalisten:790,,jungenationalisten,790,2021-02-14T12:55:14+00:00,820,0,https://t.me/jungenationalisten/790
jungenationalisten:789,,jungenationalisten,789,2021-02-14T12:55:14+00:00,812,0,https://t.me/jungenationalisten/789
jungenationalisten:788,,jungenationalisten,788,2021-02-14T12:55:14+00:00,813,0,https://t.me/jungenationalisten/788
jungenationalisten:787,Einige Eindrücke vom gestrigen Gedenken in Dresden wollen wir Euch natürlich nicht vorenthalten. Die Veranstaltung konnt,jungenationalisten,787,2021-02-14T12:55:14+00:00,802,0,https://t.me/jungenationalisten/787
jungenationalisten:786,,jungenationalisten,786,2021-02-13T17:54:16+00:00,672,0,https://t.me/jungenationalisten/786
jungenationalisten:785,,jungenationalisten,785,2021-02-13T17:54:16+00:00,680,0,https://t.me/jungenationalisten/785
jungenationalisten:784,,jungenationalisten,784,2021-02-13T17:54:16+00:00,671,0,https://t.me/jungenationalisten/784
jungenationalisten:783,Dresden Gedenken 2021  In Kälte und dem Corona Irrsinn zum Trotz sind wir heute für die Toten unseres Volkes zu einem wü,jungenationalisten,783,2021-02-13T17:54:16+00:00,651,0,https://t.me/jungenationalisten/783
jungenationalisten:782,"Während ein Gedicht über die Dresdner Toten verlesen wird, tanzen antideutsche Elemente auf den Gräbern der Dresdner Luf",jungenationalisten,782,2021-02-13T15:27:28+00:00,1538,0,https://t.me/jungenationalisten/782
jungenationalisten:781,,jungenationalisten,781,2021-02-13T14:22:45+00:00,805,0,https://t.me/jungenationalisten/781
jungenationalisten:780,,jungenationalisten,780,2021-02-13T14:22:44+00:00,803,0,https://t.me/jungenationalisten/780
jungenationalisten:779,,jungenationalisten,779,2021-02-13T14:22:44+00:00,812,0,https://t.me/jungenationalisten/779
jungenationalisten:778,Erste Eindrücke aus Dresden wollen wir Euch natürlich nicht vorenthalten 🕯,jungenationalisten,778,2021-02-13T14:22:44+00:00,814,0,https://t.me/jungenationalisten/778
jungenationalisten:777,,jungenationalisten,777,2021-02-13T11:32:30+00:00,720,0,https://t.me/jungenationalisten/777
jungenationalisten:776,,jungenationalisten,776,2021-02-13T11:32:29+00:00,721,0,https://t.me/jungenationalisten/776
jungenationalisten:775,,jungenationalisten,775,2021-02-13T11:32:29+00:00,727,0,https://t.me/jungenationalisten/775
jungenationalisten:774,"Wir gedenken der unzähligen Opfer von Dresden!  Hunderttausende Frauen, Kinder, Alte und deutsche Geflüchtete starben du",jungenationalisten,774,2021-02-13T11:32:29+00:00,728,0,https://t.me/jungenationalisten/774
jungenationalisten:773,Südbrandenburg: In der Niederlausitz stellten heimattreue Aktivisten symbolisch weiße Kreuze für die unzähligen Opfer de,jungenationalisten,773,2021-02-13T10:31:32+00:00,927,0,https://t.me/jungenationalisten/773
jungenationalisten:772,"„Wer das Weinen verlernt hat, der lernt es wieder beim Untergang Dresdens.“🕯  Gerhart Hauptmann",jungenationalisten,772,2021-02-13T09:34:12+00:00,1393,0,https://t.me/jungenationalisten/772
jungenationalisten:771,HIER IST DRESDEN!  Am 13. Februar jähren sich die angloamerikanischen Bombenangriffe auf die Kunst- und Kulturstadt Dres,jungenationalisten,771,2021-02-12T18:34:30+00:00,916,0,https://t.me/jungenationalisten/771
jungenationalisten:770,Hier ist Dresden!  @dresden2020  Auch im Jahr 2021 wollen wir ein würdiges und ehrenvolles Gedenken in Dresden durchführ,jungenationalisten,770,2021-02-11T12:49:04+00:00,642,0,https://t.me/jungenationalisten/770
jungenationalisten:769,,jungenationalisten,769,2021-02-11T09:32:48+00:00,801,0,https://t.me/jungenationalisten/769
jungenationalisten:768,,jungenationalisten,768,2021-02-11T09:32:48+00:00,800,0,https://t.me/jungenationalisten/768
jungenationalisten:767,"Dieses Jahr jährt sich die Zerstörung Dresdens zum 76. Mal.  Wir haben, auch 76 Jahre danach, die Toten nicht vergessen ",jungenationalisten,767,2021-02-11T09:32:48+00:00,750,0,https://t.me/jungenationalisten/767
jungenationalisten:766,"Mordfantasien in der SPD-Parteijugend: „Jungliberale erschießen“ und ""Ein Vermieterschwein persönlich zu erschießen, kan",jungenationalisten,766,2021-02-10T10:07:54+00:00,720,0,https://t.me/jungenationalisten/766
jungenationalisten:765,,jungenationalisten,765,2021-02-09T16:58:37+00:00,929,0,https://t.me/jungenationalisten/765
jungenationalisten:764,,jungenationalisten,764,2021-02-09T16:58:37+00:00,932,0,https://t.me/jungenationalisten/764
jungenationalisten:763,,jungenationalisten,763,2021-02-09T16:58:37+00:00,927,0,https://t.me/jungenationalisten/763
jungenationalisten:762,,jungenationalisten,762,2021-02-09T16:58:37+00:00,905,0,https://t.me/jungenationalisten/762
jungenationalisten:761,,jungenationalisten,761,2021-02-09T16:58:37+00:00,907,0,https://t.me/jungenationalisten/761
jungenationalisten:760,"Seit einigen Tagen laufen offenbar auch die Gedenkaktionen in Berlin und Brandenburg, um an die Zerstörung Dresdens im F",jungenationalisten,760,2021-02-09T16:58:37+00:00,911,0,https://t.me/jungenationalisten/760
jungenationalisten:759,,jungenationalisten,759,2021-02-09T10:02:08+00:00,1009,0,https://t.me/jungenationalisten/759
jungenationalisten:758,,jungenationalisten,758,2021-02-09T10:02:08+00:00,994,0,https://t.me/jungenationalisten/758
jungenationalisten:757,,jungenationalisten,757,2021-02-09T10:02:07+00:00,986,0,https://t.me/jungenationalisten/757
jungenationalisten:756,,jungenationalisten,756,2021-02-09T10:02:07+00:00,968,0,https://t.me/jungenationalisten/756
jungenationalisten:755,,jungenationalisten,755,2021-02-09T10:02:07+00:00,963,0,https://t.me/jungenationalisten/755
jungenationalisten:754,Bundesweit laufen derzeit die Aktionen zu den diesjährigen Dresden-Gedenkwochen offenbar auf Hochtouren.  So erreichen u,jungenationalisten,754,2021-02-09T10:02:07+00:00,972,0,https://t.me/jungenationalisten/754
jungenationalisten:753,"DE:  HIER IST DRESDEN!  Das Wichtigste zuerst: Für die Anreise zu einer angemeldeten Versammlung gilt die ""15 Kilometer-",jungenationalisten,753,2021-02-08T17:51:29+00:00,722,0,https://t.me/jungenationalisten/753
jungenationalisten:752,​​Ihr seid aus der Region Döbeln bzw aus #Mittelsachsen?  Ihr habt Lust auf #Gemeinschaft und wollt eure Fähigkeiten wei,jungenationalisten,752,2021-02-06T12:30:49+00:00,796,0,https://t.me/jungenationalisten/752
jungenationalisten:751,"""Mit Nationalisten kann man nicht reden?""  Ganz im Gegenteil, im Gegensatz zum politischen Gegner scheuen wir nicht die ",jungenationalisten,751,2021-02-05T10:12:33+00:00,756,0,https://t.me/jungenationalisten/751
jungenationalisten:748,"Traditionen pflegen!  ""Wo man singt, da lass dich nieder.""  So lautet ein altes deutsches Sprichwort. Als nationale Juge",jungenationalisten,748,2021-02-04T18:29:05+00:00,1153,0,https://t.me/jungenationalisten/748
jungenationalisten:747,Seid so gut und rührt die Werbetrommel für Niedersachsen 😉🇩🇪⚔  t.me/jnpdniedersachsen,jungenationalisten,747,2021-02-03T15:14:05+00:00,743,0,https://t.me/jungenationalisten/747
jungenationalisten:746,"""Sie haben Post""  Mitglieder und Anwärter erhalten mehrmals im Jahr unsere Mitglieder-Zeitschrift, die ""JN-Intern"". Hier",jungenationalisten,746,2021-02-02T18:25:26+00:00,2602,0,https://t.me/jungenationalisten/746
jungenationalisten:745,HIER IST DRESDEN!  (DE) Dass die Durchführung eines Gedenkens in möglichst angemessenem Rahmen in diesem Jahr ganz beson,jungenationalisten,745,2021-02-01T19:20:33+00:00,702,0,https://t.me/jungenationalisten/745
jungenationalisten:743,,jungenationalisten,743,2021-01-31T18:14:45+00:00,1012,0,https://t.me/jungenationalisten/743
jungenationalisten:742,,jungenationalisten,742,2021-01-31T18:14:44+00:00,1018,0,https://t.me/jungenationalisten/742
jungenationalisten:741,,jungenationalisten,741,2021-01-31T18:14:44+00:00,1008,0,https://t.me/jungenationalisten/741
jungenationalisten:740,"Brandenburg: Das schöne Winterwetter am Wochenende nutzten unsere Aktivisten, um im märkischen Landkreis Potsdam-Mittelm",jungenationalisten,740,2021-01-31T18:14:44+00:00,1012,0,https://t.me/jungenationalisten/740
jungenationalisten:739,Zu jedem Problem gibt es eine Ablenkung. Zu jeder Änderung gibt es einen passenden Zeitpunkt und zu jedem Versprechen gi,jungenationalisten,739,2021-01-31T12:16:52+00:00,894,0,https://t.me/jungenationalisten/739
jungenationalisten:738,,jungenationalisten,738,2021-01-30T22:20:45+00:00,1910,0,https://t.me/jungenationalisten/738
jungenationalisten:737,,jungenationalisten,737,2021-01-30T22:20:45+00:00,1920,0,https://t.me/jungenationalisten/737
jungenationalisten:736,Versenkung der Wilhelm Gustloff:  Da man heutzutage in den Medien fast nichts mehr über die enormen Schicksale hört und ,jungenationalisten,736,2021-01-30T22:20:45+00:00,1843,0,https://t.me/jungenationalisten/736
jungenationalisten:735,"Pommern: An jenem 30. Januar trug die Wilhelm Gustloff die deutschen Zivilisten auf der Flucht vor der Roten Armee, welc",jungenationalisten,735,2021-01-30T11:54:01+00:00,4756,0,https://t.me/jungenationalisten/735
jungenationalisten:734,(DE)  Alle Jahre wieder...  ...beschmieren und zerstören kriminelle Linksextremisten die letzten verbliebenen Fragmente ,jungenationalisten,734,2021-01-28T09:27:00+00:00,695,0,https://t.me/jungenationalisten/734
jungenationalisten:733,Herkunftssprachlicher Unterricht?  Uns Deutschen soll gelehrt werden es gibt keine Grenzen und wir sind alle gleiche Men,jungenationalisten,733,2021-01-27T14:54:27+00:00,847,0,https://t.me/jungenationalisten/733
jungenationalisten:732,Warum rückt die AfD mit ihrer Stellungnahme zum „Staatsvolk“ von ihrer Rolle als echte Opposition ab und verbeugt sich v,jungenationalisten,732,2021-01-26T12:01:44+00:00,30905,0,https://t.me/jungenationalisten/732
jungenationalisten:731,Schuelersprecher.info jetzt auch auf Telegram!🇩🇪  Bei unserer letzten Instagram-Umfrage habt ihr entschieden - über 90% ,jungenationalisten,731,2021-01-25T11:34:40+00:00,956,0,https://t.me/jungenationalisten/731
jungenationalisten:730,"Es ist Freitag, das heißt: Wochenrückblick bei @PROsition  https://youtu.be/XHoPrcufUjY",jungenationalisten,730,2021-01-22T18:31:58+00:00,970,0,https://t.me/jungenationalisten/730
jungenationalisten:729,,jungenationalisten,729,2021-01-22T10:17:53+00:00,1024,0,https://t.me/jungenationalisten/729
jungenationalisten:728,"Dann sind wir auch offiziell wieder die größte Partei in der BRD, die einen ethnischen Volksbegriff für Politik, Gemeinw",jungenationalisten,728,2021-01-22T10:17:53+00:00,833,0,https://t.me/jungenationalisten/728
jungenationalisten:727,"DE  Hier ist Dresden!  Liebe Kameraden, liebe Freunde und Unterstützer,   die stark einschränkenden Bedingungen für öffe",jungenationalisten,727,2021-01-21T08:54:54+00:00,812,0,https://t.me/jungenationalisten/727
jungenationalisten:725,"Deutschlands Geburtstag - Wir feiern Treu!  ""Heute, am 18. Januar, jährt sich zum 150. Mal der Tag der Gründung des Deut",jungenationalisten,725,2021-01-18T19:47:09+00:00,1531,0,https://t.me/jungenationalisten/725
jungenationalisten:724,"Re-Upload unseres #AntiAntifa Videos, da Telegram mit größeren Datenmengen nicht zurecht kommt. Wer es trotzdem in volle",jungenationalisten,724,2021-01-17T07:57:02+00:00,998,0,https://t.me/jungenationalisten/724
jungenationalisten:723,"Wie jedes Jahr, sammelten wir für #Tierheime zahlreiche #SPENDEN in Form von Futter, Decken... 👍🏻   Nach der Spendenübe",jungenationalisten,723,2021-01-16T18:21:44+00:00,916,0,https://t.me/jungenationalisten/723
jungenationalisten:722,"Auch in diesem Jahr werden wir die Tradition eines Gedenkmarsches durch die Straßen von Magdeburg fortsetzen, um auf das",jungenationalisten,722,2021-01-16T10:22:03+00:00,1774,0,https://t.me/jungenationalisten/722
jungenationalisten:718,"Neues Video aus #Nürnberg. Anlässlich der sich häufenden Anschläge von Linksextremisten, haben wir uns dem Thema #Antifa",jungenationalisten,718,2021-01-15T15:58:07+00:00,887,0,https://t.me/jungenationalisten/718
jungenationalisten:717,Hier ist Dresden!  Liebe Freunde und Unterstützer!  Der 76. Jahrestag der Zerstörung Dresdens steht vor der Tür. In der ,jungenationalisten,717,2021-01-14T11:03:22+00:00,775,0,https://t.me/jungenationalisten/717
jungenationalisten:716,Sachsen-Anhalt: Dieses Jahr jährt sich die Bombardierung Magdeburgs zum 76. Mal! Und auch dieses Jahr möchten wir wieder,jungenationalisten,716,2021-01-12T16:34:41+00:00,1152,0,https://t.me/jungenationalisten/716
jungenationalisten:715,,jungenationalisten,715,2021-01-12T06:03:23+00:00,1198,0,https://t.me/jungenationalisten/715
jungenationalisten:714,Neu im Frontdienst!   Der Lockdown geht in die nächste Runde. Passend gibt es jetzt bei uns eine Corona-Mütze mit garant,jungenationalisten,714,2021-01-12T06:03:23+00:00,1200,0,https://t.me/jungenationalisten/714
jungenationalisten:713,Hier ist Dresden!  In diesem Jahr jährt sich die Bombardierung der Elbmetropole zum 76. Mal. Das passende Material zu de,jungenationalisten,713,2021-01-11T19:56:06+00:00,953,0,https://t.me/jungenationalisten/713
jungenationalisten:711,"+Wo wir sind, ist vorn+  Regelmäßig nimmt unsere Jugendorganisation an Demonstrationen oder Kundgebungen teil. Unsere Ak",jungenationalisten,711,2021-01-10T14:31:54+00:00,1475,0,https://t.me/jungenationalisten/711
jungenationalisten:710,Sachsen-Anhalt: Am 16.01. zuerst nach Mansfeld und anschließend findet ab 15:30 Uhr der Trauermarsch zur Zerstörung Magd,jungenationalisten,710,2021-01-08T16:35:55+00:00,1888,0,https://t.me/jungenationalisten/710
jungenationalisten:709,"Lesenswerter Neujahrsbericht der NAF  ""Doch im Schatten dieser Pandemie gerät die eigentliche Bedrohung, welcher wir als",jungenationalisten,709,2021-01-04T11:48:54+00:00,1963,0,https://t.me/jungenationalisten/709
jungenationalisten:708,"Sachsen und Sachsen-Anhalt:  Wer die Trägheit der Weihnachtszeit ausnutzt und sich mästen lässt, darf nicht vergessen, d",jungenationalisten,708,2021-01-03T17:12:11+00:00,1902,0,https://t.me/jungenationalisten/708
jungenationalisten:707,Neu im #Frontdienst: Der wichtige Rechtsratgeber für Dissidenten und Aktivisten!  Das kompakte Nachschlagewerk für die j,jungenationalisten,707,2021-01-03T15:30:03+00:00,1046,0,https://t.me/jungenationalisten/707
jungenationalisten:706,Du fandest das alte Jahr schon schrecklich? Ohne DEIN handeln wird sich auch im neuen Jahr nichts zum positiven veränder,jungenationalisten,706,2021-01-01T12:19:53+00:00,1072,0,https://t.me/jungenationalisten/706
jungenationalisten:705,"Auch in diesem Jahr trafen sich zum Jahresende nationale Aktivisten aus Berlin und Brandenburg, um zusammen auf die verg",jungenationalisten,705,2020-12-31T12:00:58+00:00,1013,0,https://t.me/jungenationalisten/705
jungenationalisten:704,Willkommen im Jahr 2021! Die Jahreswende in der BRD...   Die nachfolgende Sendung wird ihnen präsentiert von der Weltge,jungenationalisten,704,2020-12-31T08:17:23+00:00,764,0,https://t.me/jungenationalisten/704
jungenationalisten:703,,jungenationalisten,703,2020-12-30T20:16:18+00:00,1757,0,https://t.me/jungenationalisten/703
jungenationalisten:702,,jungenationalisten,702,2020-12-30T20:16:18+00:00,1759,0,https://t.me/jungenationalisten/702
jungenationalisten:701,"Traditionelles Heldengedenken in Berlin  Deutschland ist dort, wo starke Herzen sind und wenn andere Herzen aufhören zu ",jungenationalisten,701,2020-12-30T20:16:18+00:00,1580,0,https://t.me/jungenationalisten/701
jungenationalisten:694,"⬆️⬆️⬆️   Bereits seit dem Frühjahr appellieren wir an die Vernunft der Politiker, diesen ganzen #Lockdown-#Wahnsinn sei",jungenationalisten,694,2020-12-29T16:15:36+00:00,777,0,https://t.me/jungenationalisten/694
jungenationalisten:693,"Auch wenn in vielen Regionen in der Bundesrepublik in diesem Jahr Feuerwerk untersagt ist, machen wir, wie zu jedem Jahr",jungenationalisten,693,2020-12-29T12:56:42+00:00,849,0,https://t.me/jungenationalisten/693
jungenationalisten:692,"Genau rechtzeitig zu Heiligabend kamen gestern die ersten Antworten von inhaftierten Kameraden zurück, die sich über uns",jungenationalisten,692,2020-12-25T15:56:30+00:00,1773,0,https://t.me/jungenationalisten/692
jungenationalisten:691,​​WIR VERGESSEN EUCH NICHT!  Einige Aktivisten aus Berlin und Brandenburg besuchten die Gedenkstätte in Halbe und entzün,jungenationalisten,691,2020-12-25T13:37:48+00:00,927,0,https://t.me/jungenationalisten/691
jungenationalisten:690,,jungenationalisten,690,2020-12-25T08:43:03+00:00,860,0,https://t.me/jungenationalisten/690
jungenationalisten:689,,jungenationalisten,689,2020-12-25T08:43:03+00:00,869,0,https://t.me/jungenationalisten/689
jungenationalisten:688,Gestern morgen haben JNler der Obdachlosenhilfe Dresden einen Besuch abgestattet und eine Spende für die Bedürftigen übe,jungenationalisten,688,2020-12-25T08:43:03+00:00,825,0,https://t.me/jungenationalisten/688
jungenationalisten:687,"Vergesst nicht jene die vor uns waren🇩🇪  ""Einmal im Jahr, in der heiligen Nacht, verlassen die toten Soldaten die Wacht,",jungenationalisten,687,2020-12-24T12:24:55+00:00,908,0,https://t.me/jungenationalisten/687
jungenationalisten:686,​​Volksgemeinschaft ist nicht nur ein Wort!   Eine gute Bekannte und Unterstützerin unseres Projektes erzählte uns von e,jungenationalisten,686,2020-12-24T10:48:35+00:00,724,0,https://t.me/jungenationalisten/686
jungenationalisten:685,Die Jungen Nationalisten wünschen euch allen ein frohes Julfest im Kreise eurer Liebsten.  Nutzt die Zeit zur Erholung v,jungenationalisten,685,2020-12-24T09:11:50+00:00,3266,0,https://t.me/jungenationalisten/685
jungenationalisten:684,,jungenationalisten,684,2020-12-21T19:33:45+00:00,809,0,https://t.me/jungenationalisten/684
jungenationalisten:683,"Sonnenwende 2020  Hohe Nacht der klaren Sterne, Die wie weite Brücken steh'n Über einer tiefen Ferne D'rüber uns're Herz",jungenationalisten,683,2020-12-21T19:33:45+00:00,811,0,https://t.me/jungenationalisten/683
jungenationalisten:682,"Haltet euch aufrecht in dunkelster Stunde, stemmt fest die Füße in sickernden Sand. Traget das Leid mit geschlossenem Mu",jungenationalisten,682,2020-12-21T18:17:13+00:00,895,0,https://t.me/jungenationalisten/682
jungenationalisten:681,"Heimat. Volk. In der heutigen Zeit Begriffe, welche in der breiten Öffentlichkeit als verhasst gelten und zur Vernichtun",jungenationalisten,681,2020-12-20T07:54:13+00:00,833,0,https://t.me/jungenationalisten/681
jungenationalisten:679,Nachbarschaftsinfo in #Eschede auf Höhe Edeka/Penny  Wir bieten das Gespräch an.  Dialog statt Hetze für eine ordentlich,jungenationalisten,679,2020-12-19T16:56:22+00:00,832,0,https://t.me/jungenationalisten/679
jungenationalisten:678,Das Aktionsvideo zur Aktion in Hamburg „Familienfest statt Konsum“.                                                 Auch,jungenationalisten,678,2020-12-18T11:26:50+00:00,2180,0,https://t.me/jungenationalisten/678
jungenationalisten:677,Neuigkeiten vom *Frontdienst*  Das Buch der NPD inklusive ein Teil unserer Geschichte kann ab sofort bei uns bestellt we,jungenationalisten,677,2020-12-16T19:03:45+00:00,1066,0,https://t.me/jungenationalisten/677
jungenationalisten:676,"Was weiß, denkt und speichert dieser Staat über mich? Eine Frage, die sich jeder politisch aktive Mensch stellen sollte.",jungenationalisten,676,2020-12-15T17:27:07+00:00,1390,0,https://t.me/jungenationalisten/676
jungenationalisten:675,Der Einzelhandel wird in diesem Jahr aufgrund von Corona am Mittwoch schließen. So sind es gerade die Großkonzerne wie z,jungenationalisten,675,2020-12-14T19:39:16+00:00,1254,0,https://t.me/jungenationalisten/675
jungenationalisten:674,"Das Motto: ""Weihnachtsfreude erhalten - Glühwein und Weihnachtsmarktstimmung zurück in die Stadt holen!""  Wir wollen noc",jungenationalisten,674,2020-12-14T15:56:01+00:00,645,0,https://t.me/jungenationalisten/674
jungenationalisten:673,Im kommenden Februar 2021 jähren sich die zerstörerischen Bombenangriffe auf Dresden zum 76. Mal. Die Erlebnisgeneration,jungenationalisten,673,2020-12-13T20:15:54+00:00,1787,0,https://t.me/jungenationalisten/673
jungenationalisten:672,,jungenationalisten,672,2020-12-13T15:19:58+00:00,683,0,https://t.me/jungenationalisten/672
jungenationalisten:671,,jungenationalisten,671,2020-12-13T15:19:58+00:00,688,0,https://t.me/jungenationalisten/671
jungenationalisten:670,,jungenationalisten,670,2020-12-13T15:19:58+00:00,684,0,https://t.me/jungenationalisten/670
jungenationalisten:669,,jungenationalisten,669,2020-12-13T15:19:57+00:00,667,0,https://t.me/jungenationalisten/669
jungenationalisten:668,,jungenationalisten,668,2020-12-13T15:19:57+00:00,663,0,https://t.me/jungenationalisten/668
jungenationalisten:667,,jungenationalisten,667,2020-12-13T15:19:57+00:00,663,0,https://t.me/jungenationalisten/667
jungenationalisten:666,,jungenationalisten,666,2020-12-13T15:19:57+00:00,645,0,https://t.me/jungenationalisten/666
jungenationalisten:665,,jungenationalisten,665,2020-12-13T15:19:57+00:00,649,0,https://t.me/jungenationalisten/665
jungenationalisten:664,,jungenationalisten,664,2020-12-13T15:19:57+00:00,647,0,https://t.me/jungenationalisten/664
jungenationalisten:663,Am Sonnabend den 12.12.2020 fand in Döbeln (Sachsen) eine Kunstaktion statt.   Die kleine Gruppe von Darstellern verfolg,jungenationalisten,663,2020-12-13T15:19:57+00:00,651,0,https://t.me/jungenationalisten/663
jungenationalisten:662,"​​Merkel verkündet auf Pressekonferenz Böllerverbot zu Silvester und ""harten lockdown""!  In diesem Zusammenhang machen w",jungenationalisten,662,2020-12-13T12:08:38+00:00,914,0,https://t.me/jungenationalisten/662
jungenationalisten:661,Stützpunkt Anhaltiner Land:  Heute fanden sich  Mitglieder und Interessenten unserer Jugendorganisation im Anhaltiner La,jungenationalisten,661,2020-12-12T19:17:21+00:00,970,0,https://t.me/jungenationalisten/661
jungenationalisten:660,,jungenationalisten,660,2020-12-12T12:43:38+00:00,934,0,https://t.me/jungenationalisten/660
jungenationalisten:659,,jungenationalisten,659,2020-12-12T12:43:38+00:00,932,0,https://t.me/jungenationalisten/659
jungenationalisten:658,Stützpunkt Berlin-Brandenburg:  Gestern fand das letzte konstruktive Treffen in diesem Jahr statt.  Neben der üblichen i,jungenationalisten,658,2020-12-12T12:43:38+00:00,916,0,https://t.me/jungenationalisten/658
jungenationalisten:657,Die ersten Aktionen wurden bereits durchgeführt und wir stehen mit den Nächsten bereits in den Startlöchern. Bis ins neu,jungenationalisten,657,2020-12-11T11:10:33+00:00,805,0,https://t.me/jungenationalisten/657
jungenationalisten:656,Gelebte Doppelmoral bei den Grünen:  Erst wird Umweltminister Franz Untersteller (welcher ein 130 Tempolimit fordert) mi,jungenationalisten,656,2020-12-10T15:42:04+00:00,1013,0,https://t.me/jungenationalisten/656
jungenationalisten:655,Kreativ gegen den Zeitgeist  Die weihnachtlichen Festtage sind für uns mehr als nur Tage des Konsums oder des simplen a,jungenationalisten,655,2020-12-08T17:20:57+00:00,933,0,https://t.me/jungenationalisten/655
jungenationalisten:654,Brandenburg: Am vergangenen Sonnabend haben Aktivisten unserer Jugendbewegung eine Schulung zum Thema IT-Sicherheit durc,jungenationalisten,654,2020-12-08T12:50:03+00:00,927,0,https://t.me/jungenationalisten/654
jungenationalisten:653,"Wünsche zu den Festtagen:  Die meisten Menschen verbinden Weihnachten mit Stress, Hektik und den Kauf von Geschenken. Di",jungenationalisten,653,2020-12-06T19:55:18+00:00,955,0,https://t.me/jungenationalisten/653
jungenationalisten:652,,jungenationalisten,652,2020-12-06T12:04:49+00:00,1038,0,https://t.me/jungenationalisten/652
jungenationalisten:651,,jungenationalisten,651,2020-12-06T12:04:49+00:00,1035,0,https://t.me/jungenationalisten/651
jungenationalisten:650,"Der Konsum zu Weihnachten überschattet die tiefsinnigeren Wünsche, die uns langfristig sowohl als Menschen als auch als ",jungenationalisten,650,2020-12-06T12:04:49+00:00,1045,0,https://t.me/jungenationalisten/650
jungenationalisten:649,"Alle nach Dresden, gemeinsam und geschlossen!",jungenationalisten,649,2020-12-05T22:29:42+00:00,997,0,https://t.me/jungenationalisten/649
jungenationalisten:648,Derzeit findet in Südbrandenburg eine JN Sicherheitsschulung im IT-Bereich statt. Die Sicherheit unserer Mitglieder und ,jungenationalisten,648,2020-12-05T14:12:51+00:00,1082,0,https://t.me/jungenationalisten/648
jungenationalisten:647,Danke an über 1000 Abonnenten!💪🏻  Unterstützt auch weiterhin unsere Jugendbewegung!🇩🇪  -->www.junge-nationalisten.de,jungenationalisten,647,2020-12-04T15:30:08+00:00,1137,0,https://t.me/jungenationalisten/647
jungenationalisten:646,"​​„Ökologie“, das ist heute eher links, meint man zumindest. Damit ging ihre Verengung auf den „#Klimaschutz“ und die I",jungenationalisten,646,2020-12-03T19:36:49+00:00,1084,0,https://t.me/jungenationalisten/646
jungenationalisten:645,Heraus deutsche Jugend!   Am 12.12. findet eine Großdemonstration in Dresden statt. Natürlich darf die deutsche Jugend n,jungenationalisten,645,2020-12-03T11:04:03+00:00,35023,0,https://t.me/jungenationalisten/645
jungenationalisten:644,Schließ dich uns an - #GoslarBleibtDeutsch t.me/jnpdniedersachsen   Du bist aus Goslar oder dem Harz und suchst Anschlus,jungenationalisten,644,2020-12-02T09:28:22+00:00,989,0,https://t.me/jungenationalisten/644
jungenationalisten:643,"Diskussionsbeitrag: Politische Arbeit vor Ort, bundesweite Organisation oder beides Hand in Hand?  https://junge-nationa",jungenationalisten,643,2020-12-02T07:06:24+00:00,21990,0,https://t.me/jungenationalisten/643
jungenationalisten:642,Wir leben in einem Zeitalter der medialen Diktatur. Ein grosser Teil der Bevölkerung gibt das eigene Denken bewusst an d,jungenationalisten,642,2020-12-01T18:07:50+00:00,699,0,https://t.me/jungenationalisten/642
jungenationalisten:639,JN-Sampler indiziert – Unsere Antwort heißt Protest!  „Ein Protest ist laut Duden eine „meist spontane und temperamentvo,jungenationalisten,639,2020-11-30T10:58:56+00:00,1915,0,https://t.me/jungenationalisten/639
jungenationalisten:638,Alle Jahre wieder - Gefangenenpost für inhaftierte Nationalisten!  Auch dieses Jahr schreiben die Junge Nationalisten Br,jungenationalisten,638,2020-11-29T11:44:50+00:00,1851,0,https://t.me/jungenationalisten/638
jungenationalisten:637,Wir wünschen euch einen schönen ersten Advent!   Kommt gut durch diese verrückte Zeit und bleibt stets standhaft!,jungenationalisten,637,2020-11-29T08:47:10+00:00,913,0,https://t.me/jungenationalisten/637
jungenationalisten:636,"​Die Grünen reden immer nur von Umweltschutz, ohne groß aktiv zu werden!  - Wir handeln und packen an.  Heute sind wir i",jungenationalisten,636,2020-11-28T13:03:32+00:00,854,0,https://t.me/jungenationalisten/636
jungenationalisten:634,"Alles Gute zum Geburtstag, NPD   Am 28.11.1964 wurde unsere NPD in Hannover gegründet und damit waren für einen kurzen A",jungenationalisten,634,2020-11-28T09:16:29+00:00,880,0,https://t.me/jungenationalisten/634
jungenationalisten:633,"​​Vor wenigen Minuten, ging eine spontan angemeldete Demonstration im sächsischen #Wurzen zu Ende.￼  Weitere Information",jungenationalisten,633,2020-11-27T21:19:55+00:00,800,0,https://t.me/jungenationalisten/633
jungenationalisten:632,,jungenationalisten,632,2020-11-27T19:32:58+00:00,1052,0,https://t.me/jungenationalisten/632
jungenationalisten:631,,jungenationalisten,631,2020-11-27T19:32:58+00:00,1044,0,https://t.me/jungenationalisten/631
jungenationalisten:630,,jungenationalisten,630,2020-11-27T19:32:58+00:00,1043,0,https://t.me/jungenationalisten/630
jungenationalisten:629,Sachsen: Spaziergang und spontane Demonstration in Wurzen  Heute beteiligten wir uns mit anderen Aktivsten unserer Jugen,jungenationalisten,629,2020-11-27T19:32:58+00:00,992,0,https://t.me/jungenationalisten/629
jungenationalisten:628,"Heute ist wieder einmal der von amerikanischen Großkonzernen selbsternannte sogenannte ""Black Friday"". Millionen Konsum-",jungenationalisten,628,2020-11-27T11:17:51+00:00,1604,1,https://t.me/jungenationalisten/628
jungenationalisten:627,,jungenationalisten,627,2020-11-27T11:17:40+00:00,753,0,https://t.me/jungenationalisten/627
jungenationalisten:626,"Ein Verstoß, der mal wieder keiner war. Die Schlagzeile war groß: „NPD-Veranstaltung in Eschede: Polizei verzeichnet Ver",jungenationalisten,626,2020-11-25T21:17:05+00:00,706,0,https://t.me/jungenationalisten/626
jungenationalisten:625,​​>>> t.me/wirpackenan  Jetzt seid ihr gefragt! Macht mit und unterstütze somit unsere Arbeit. Teilt diesen Beitrag in e,jungenationalisten,625,2020-11-23T11:13:33+00:00,973,0,https://t.me/jungenationalisten/625
jungenationalisten:622,,jungenationalisten,622,2020-11-22T20:25:01+00:00,915,0,https://t.me/jungenationalisten/622
jungenationalisten:621,,jungenationalisten,621,2020-11-22T20:25:01+00:00,915,0,https://t.me/jungenationalisten/621
jungenationalisten:620,,jungenationalisten,620,2020-11-22T20:25:01+00:00,906,0,https://t.me/jungenationalisten/620
jungenationalisten:619,,jungenationalisten,619,2020-11-22T20:25:01+00:00,872,0,https://t.me/jungenationalisten/619
jungenationalisten:618,Totensonntag - auch an solchen Tagen sind wir aktiv. Heute wurden Soldatengräber gepflegt. Auf einem städtischen Friedho,jungenationalisten,618,2020-11-22T20:25:01+00:00,857,0,https://t.me/jungenationalisten/618
jungenationalisten:616,,jungenationalisten,616,2020-11-22T14:17:06+00:00,1363,0,https://t.me/jungenationalisten/616
jungenationalisten:615,,jungenationalisten,615,2020-11-22T14:17:06+00:00,1350,0,https://t.me/jungenationalisten/615
jungenationalisten:614,,jungenationalisten,614,2020-11-22T14:17:06+00:00,2259,0,https://t.me/jungenationalisten/614
jungenationalisten:613,"Am heutigen Tag erreichten uns Zusendungen aus der Mark Brandenburg.  Die Botschaft ist klar: ""Schließ dich uns, der hei",jungenationalisten,613,2020-11-22T14:17:06+00:00,1301,0,https://t.me/jungenationalisten/613
jungenationalisten:612,,jungenationalisten,612,2020-11-22T11:18:35+00:00,812,0,https://t.me/jungenationalisten/612
jungenationalisten:611,,jungenationalisten,611,2020-11-22T11:18:35+00:00,819,0,https://t.me/jungenationalisten/611
jungenationalisten:610,"""Tod ist nur, wer vergessen ist.""  Gestern haben JN Aktivisten aus Schleswig-Holstein die Grabstätte der Familie Dönitz ",jungenationalisten,610,2020-11-22T11:18:35+00:00,804,0,https://t.me/jungenationalisten/610
jungenationalisten:609,,jungenationalisten,609,2020-11-21T17:11:35+00:00,803,0,https://t.me/jungenationalisten/609
jungenationalisten:608,,jungenationalisten,608,2020-11-21T17:11:35+00:00,809,0,https://t.me/jungenationalisten/608
jungenationalisten:607,,jungenationalisten,607,2020-11-21T17:11:35+00:00,781,0,https://t.me/jungenationalisten/607
jungenationalisten:606,,jungenationalisten,606,2020-11-21T17:11:35+00:00,782,0,https://t.me/jungenationalisten/606
jungenationalisten:605,"Durch das völlig planlose Vorgehen der Polizei ist jetzt genau die Situation eingetreten, die man eigentlich vorgibt, ve",jungenationalisten,605,2020-11-21T17:11:35+00:00,778,0,https://t.me/jungenationalisten/605
jungenationalisten:604,,jungenationalisten,604,2020-11-21T16:08:34+00:00,816,0,https://t.me/jungenationalisten/604
jungenationalisten:603,,jungenationalisten,603,2020-11-21T16:08:34+00:00,820,0,https://t.me/jungenationalisten/603
jungenationalisten:602,,jungenationalisten,602,2020-11-21T16:08:34+00:00,802,0,https://t.me/jungenationalisten/602
jungenationalisten:601,,jungenationalisten,601,2020-11-21T16:08:34+00:00,804,0,https://t.me/jungenationalisten/601
jungenationalisten:600,Weitere Eindrücke aus Leipzig. Währenddessen verteilen unsere Aktivisten Informationsmaterial an die Demonstrationsteiln,jungenationalisten,600,2020-11-21T16:08:34+00:00,794,0,https://t.me/jungenationalisten/600
jungenationalisten:599,"Trotz Verbot, Repressionen und der Antifa sind wieder hunderte Menschen in Leipzig auf der Straße. Wir sind das Volk!",jungenationalisten,599,2020-11-21T15:11:54+00:00,794,0,https://t.me/jungenationalisten/599
jungenationalisten:598,Gericht entscheidet: Aufenthaltsverbote dürfen Demoteilnahme in Leipzig nicht verhindern. Und: Auch An- und Abreise unte,jungenationalisten,598,2020-11-21T07:22:40+00:00,1677,0,https://t.me/jungenationalisten/598
jungenationalisten:597,Selbst Trickfilmklassiker fallen mittlerweile der krankhaften #Rassismus-Keule zum Opfer. So wurden nun die Kinderfilme ,jungenationalisten,597,2020-11-20T21:01:01+00:00,1424,0,https://t.me/jungenationalisten/597
jungenationalisten:596,"Dass der Staat im Moment aus dem letzten Loch pfeift, ist unübersehbar. So bekamen vier Aktivisten der Jungen Nationalis",jungenationalisten,596,2020-11-19T20:53:55+00:00,2405,0,https://t.me/jungenationalisten/596
jungenationalisten:595,Wasserwerfer werden gegen friedliche Demonstranten eingesetzt. Dieser Staat ist am Ende! t.me/CoronaWahnsinnStoppen,jungenationalisten,595,2020-11-18T13:12:30+00:00,768,0,https://t.me/jungenationalisten/595
jungenationalisten:594,Kritik unerwünscht - Wann wechselt die Polizei die Seiten?,jungenationalisten,594,2020-11-18T13:12:30+00:00,784,0,https://t.me/jungenationalisten/594
jungenationalisten:593,Aufgrund der zahlreichen neugewonnenen Anwärter und Interessenten führte der JN-Stützpunkt Berlin-Brandenburg am vergang,jungenationalisten,593,2020-11-18T08:58:19+00:00,863,0,https://t.me/jungenationalisten/593
jungenationalisten:592,Der heutige Prozesstag gegen Ursula Haverbeck kompakt von anwesenden Beobachtern zusammengefasst:  https://www.artikel5.,jungenationalisten,592,2020-11-17T17:55:55+00:00,764,0,https://t.me/jungenationalisten/592
jungenationalisten:591,"Der Schauprozess gegen die Dissidentin Ursula Haverbeck wurde nun auf den 04.12.2020 vertagt, weil der ""Volkslehrer"" Nik",jungenationalisten,591,2020-11-17T15:02:27+00:00,803,0,https://t.me/jungenationalisten/591
jungenationalisten:590,"Mittlerweile versammeln sich vor dem Gerichtsgebäude auch antideutsche Elemente.  So werden vor den wenigen eigenen ""Mit",jungenationalisten,590,2020-11-17T12:32:53+00:00,688,0,https://t.me/jungenationalisten/590
jungenationalisten:589,"Während sich übrigens der Staat immer wieder über fehlende Pressefreiheit in China, Osteuropa oder in Trump-Amerika echa",jungenationalisten,589,2020-11-17T11:24:09+00:00,720,0,https://t.me/jungenationalisten/589
jungenationalisten:588,Aktuell wird die allseits bekannte Ursula Haverbeck wieder einmal aufgrund von Meinungsdelikten vor Gericht gezerrt.  Se,jungenationalisten,588,2020-11-17T11:12:10+00:00,773,0,https://t.me/jungenationalisten/588
jungenationalisten:587,"Die Feiern am Volkstrauertag sollen nicht nur im Zeichen der Trauer stehen, sondern auch Ausdruck der Stärke und unseres",jungenationalisten,587,2020-11-17T07:33:22+00:00,687,0,https://t.me/jungenationalisten/587
jungenationalisten:586,Kurzfilm zur Gedenkkundgebung am Volkstrauertag in #Braunschweig https://youtu.be/DICYmfxOHnc  Danke an @hexogenoutdoor ,jungenationalisten,586,2020-11-16T19:57:45+00:00,560,0,https://t.me/jungenationalisten/586
jungenationalisten:584,,jungenationalisten,584,2020-11-16T19:34:38+00:00,648,0,https://t.me/jungenationalisten/584
jungenationalisten:583,,jungenationalisten,583,2020-11-16T19:34:38+00:00,652,0,https://t.me/jungenationalisten/583
jungenationalisten:582,,jungenationalisten,582,2020-11-16T19:34:38+00:00,653,0,https://t.me/jungenationalisten/582
jungenationalisten:581,,jungenationalisten,581,2020-11-16T19:34:38+00:00,620,0,https://t.me/jungenationalisten/581
jungenationalisten:580,,jungenationalisten,580,2020-11-16T19:34:38+00:00,624,0,https://t.me/jungenationalisten/580
jungenationalisten:579,,jungenationalisten,579,2020-11-16T19:34:38+00:00,618,0,https://t.me/jungenationalisten/579
jungenationalisten:578,,jungenationalisten,578,2020-11-16T19:34:38+00:00,610,0,https://t.me/jungenationalisten/578
jungenationalisten:577,,jungenationalisten,577,2020-11-16T19:34:38+00:00,618,0,https://t.me/jungenationalisten/577
jungenationalisten:576,,jungenationalisten,576,2020-11-16T19:34:38+00:00,609,0,https://t.me/jungenationalisten/576
jungenationalisten:575,"Mitglieder der NPD Ostalb waren gestern unterwegs um den Toten zu gedenken. Sie waren keine Verbrecher, sondern Helden. ",jungenationalisten,575,2020-11-16T19:34:38+00:00,610,0,https://t.me/jungenationalisten/575
jungenationalisten:573,,jungenationalisten,573,2020-11-16T19:32:05+00:00,524,0,https://t.me/jungenationalisten/573
jungenationalisten:572,,jungenationalisten,572,2020-11-16T19:32:05+00:00,523,0,https://t.me/jungenationalisten/572
jungenationalisten:571,,jungenationalisten,571,2020-11-16T19:32:05+00:00,522,0,https://t.me/jungenationalisten/571
jungenationalisten:570,,jungenationalisten,570,2020-11-16T19:32:05+00:00,521,0,https://t.me/jungenationalisten/570
jungenationalisten:569,,jungenationalisten,569,2020-11-16T19:32:05+00:00,518,0,https://t.me/jungenationalisten/569
jungenationalisten:568,,jungenationalisten,568,2020-11-16T19:32:05+00:00,518,0,https://t.me/jungenationalisten/568
jungenationalisten:567,,jungenationalisten,567,2020-11-16T19:32:05+00:00,520,0,https://t.me/jungenationalisten/567
jungenationalisten:566,,jungenationalisten,566,2020-11-16T19:32:05+00:00,521,0,https://t.me/jungenationalisten/566
jungenationalisten:565,Neuenstein Unterwittstadt Schillingstadt Berolzheim Heilbronn Heilbronn Heilbronn Gottenheim Simprechtshausen,jungenationalisten,565,2020-11-16T19:32:05+00:00,528,0,https://t.me/jungenationalisten/565
jungenationalisten:564,An mehr als 95 Orten waren die Aktivisten der Jungen Nationalisten dieses Jahr zum Volkstrauertag. Gemeinsam konnten wir,jungenationalisten,564,2020-11-16T14:50:25+00:00,1505,0,https://t.me/jungenationalisten/564
jungenationalisten:562,Heldengedenken Braunschweig 2020 t.me/jnpdniedersachsen   Ihr Opfer - unser Auftrag Im Kreis der Treuen konnten wir heut,jungenationalisten,562,2020-11-16T05:55:16+00:00,490,0,https://t.me/jungenationalisten/562
jungenationalisten:561,,jungenationalisten,561,2020-11-16T05:55:15+00:00,536,0,https://t.me/jungenationalisten/561
jungenationalisten:560,,jungenationalisten,560,2020-11-16T05:55:15+00:00,539,0,https://t.me/jungenationalisten/560
jungenationalisten:559,,jungenationalisten,559,2020-11-16T05:55:15+00:00,533,0,https://t.me/jungenationalisten/559
jungenationalisten:558,Heldengedenken 2020 Braunschweig,jungenationalisten,558,2020-11-16T05:55:15+00:00,526,0,https://t.me/jungenationalisten/558
jungenationalisten:557,,jungenationalisten,557,2020-11-15T20:56:33+00:00,723,0,https://t.me/jungenationalisten/557
jungenationalisten:556,,jungenationalisten,556,2020-11-15T20:56:33+00:00,728,0,https://t.me/jungenationalisten/556
jungenationalisten:555,,jungenationalisten,555,2020-11-15T20:56:33+00:00,701,0,https://t.me/jungenationalisten/555
jungenationalisten:554,,jungenationalisten,554,2020-11-15T20:56:33+00:00,718,0,https://t.me/jungenationalisten/554
jungenationalisten:553,,jungenationalisten,553,2020-11-15T20:56:33+00:00,680,0,https://t.me/jungenationalisten/553
jungenationalisten:552,,jungenationalisten,552,2020-11-15T20:56:33+00:00,681,0,https://t.me/jungenationalisten/552
jungenationalisten:551,,jungenationalisten,551,2020-11-15T20:56:33+00:00,677,0,https://t.me/jungenationalisten/551
jungenationalisten:550,,jungenationalisten,550,2020-11-15T20:56:33+00:00,675,0,https://t.me/jungenationalisten/550
jungenationalisten:549,Uns erreichen immer mehr Bilder vom diesjährigen Volkstrauertag - Heldengedenken...🕯,jungenationalisten,549,2020-11-15T20:56:33+00:00,676,0,https://t.me/jungenationalisten/549
jungenationalisten:548,,jungenationalisten,548,2020-11-15T20:18:47+00:00,931,0,https://t.me/jungenationalisten/548
jungenationalisten:547,,jungenationalisten,547,2020-11-15T20:18:47+00:00,928,0,https://t.me/jungenationalisten/547
jungenationalisten:545,,jungenationalisten,545,2020-11-15T20:18:47+00:00,930,0,https://t.me/jungenationalisten/545
jungenationalisten:544,,jungenationalisten,544,2020-11-15T20:18:47+00:00,908,0,https://t.me/jungenationalisten/544
jungenationalisten:543,,jungenationalisten,543,2020-11-15T20:18:47+00:00,910,0,https://t.me/jungenationalisten/543
jungenationalisten:542,,jungenationalisten,542,2020-11-15T20:18:47+00:00,911,0,https://t.me/jungenationalisten/542
jungenationalisten:541,,jungenationalisten,541,2020-11-15T20:18:47+00:00,913,0,https://t.me/jungenationalisten/541
jungenationalisten:540,Am heutigen Volkstrauertag waren unsere JN-Aktivisten nahezu bundesweit unterwegs um verschiedene Gedenkaktionen durchzu,jungenationalisten,540,2020-11-15T20:18:47+00:00,916,0,https://t.me/jungenationalisten/540
jungenationalisten:539,,jungenationalisten,539,2020-11-15T09:06:07+00:00,667,0,https://t.me/jungenationalisten/539
jungenationalisten:538,,jungenationalisten,538,2020-11-15T09:06:07+00:00,671,0,https://t.me/jungenationalisten/538
jungenationalisten:537,,jungenationalisten,537,2020-11-15T09:06:06+00:00,662,0,https://t.me/jungenationalisten/537
jungenationalisten:536,,jungenationalisten,536,2020-11-15T09:06:06+00:00,663,0,https://t.me/jungenationalisten/536
jungenationalisten:535,,jungenationalisten,535,2020-11-15T09:06:06+00:00,663,0,https://t.me/jungenationalisten/535
jungenationalisten:534,Bundesweit laufen derzeit die letzten Vorbereitungen für den diesjährigen Volkstrauertag/ Heldengedenken auf Hochtouren.,jungenationalisten,534,2020-11-15T09:06:06+00:00,661,0,https://t.me/jungenationalisten/534
jungenationalisten:533,"Sie liegen im Westen und Osten sie liegen in aller Welt, und ihre Helme verrosten und Kreuz und Hügel verfällt.  Sie lie",jungenationalisten,533,2020-11-15T08:37:06+00:00,607,0,https://t.me/jungenationalisten/533
jungenationalisten:532,,jungenationalisten,532,2020-11-14T19:38:49+00:00,705,0,https://t.me/jungenationalisten/532
jungenationalisten:531,,jungenationalisten,531,2020-11-14T19:38:49+00:00,704,0,https://t.me/jungenationalisten/531
jungenationalisten:530,,jungenationalisten,530,2020-11-14T19:38:48+00:00,703,0,https://t.me/jungenationalisten/530
jungenationalisten:529,"Berlin: Heute fand eine gut besuchte, mehrstündige JN Vorstellungs- und Schulungsveranstaltung in der Hauptstadt statt.🇩",jungenationalisten,529,2020-11-14T19:38:48+00:00,703,0,https://t.me/jungenationalisten/529
jungenationalisten:525,Sieg vor dem OVG Lüneburg t.me/jnpdniedersachsen  Gedenken am 15.11. wird direkt am Obelisken in Braunschweig mit SWR-Fa,jungenationalisten,525,2020-11-13T20:37:53+00:00,542,0,https://t.me/jungenationalisten/525
jungenationalisten:524,Am Sonntag ist Volkstrauertag. Passend zum Gedenken an die Toten unseres Volkes haben wir noch ein Musikstück auf unsere,jungenationalisten,524,2020-11-13T17:25:20+00:00,663,0,https://t.me/jungenationalisten/524
jungenationalisten:523,,jungenationalisten,523,2020-11-13T11:41:01+00:00,1632,0,https://t.me/jungenationalisten/523
jungenationalisten:522,,jungenationalisten,522,2020-11-13T11:41:01+00:00,1624,0,https://t.me/jungenationalisten/522
jungenationalisten:521,,jungenationalisten,521,2020-11-13T11:41:01+00:00,1638,0,https://t.me/jungenationalisten/521
jungenationalisten:520,Liberalismus im Endstadium! Solche Forderungen kennt man sonst nur von den Grünen.  Wenn der Bruder mit der Schwester ve,jungenationalisten,520,2020-11-13T11:41:01+00:00,1642,0,https://t.me/jungenationalisten/520
jungenationalisten:519,Heldengedenken trotz Corona-Maßnahmen Termin: 15.11.2020  Da wir aufgrund des aktuellen Lockdowns keine Veranstaltungen ,jungenationalisten,519,2020-11-12T17:11:23+00:00,673,0,https://t.me/jungenationalisten/519
jungenationalisten:518,"„Vergiss, mein Volk, die teuren Toten nicht!“ Für all jene, die vor uns tapfer für die Heimat stritten. t.me/jnpdnieders",jungenationalisten,518,2020-11-12T10:18:15+00:00,599,0,https://t.me/jungenationalisten/518
jungenationalisten:517,"Am Sonntag heraus zum Volkstrauertag und Heldengedenken!  Die Ehrerbietung gegenüber jenen, welche auf den Schlachtfelde",jungenationalisten,517,2020-11-11T14:43:37+00:00,1367,0,https://t.me/jungenationalisten/517
jungenationalisten:516,"Wie es 1989 endete, wissen wir alle. 😉",jungenationalisten,516,2020-11-10T19:29:55+00:00,576,0,https://t.me/jungenationalisten/516
jungenationalisten:515,"Wer trägt die deutsche  Fahne heut durch die gespaltne Nation? Wer sprengt die Ketten, wer haut darein und kämpft für di",jungenationalisten,515,2020-11-10T11:10:29+00:00,1316,0,https://t.me/jungenationalisten/515
jungenationalisten:514,Würdiges Gedenken in Braunschweig  t.me/jnpdniedersachsen  Um ein würdiges Gedenken am Volkstrauertag auch in Zeiten des,jungenationalisten,514,2020-11-09T10:13:20+00:00,633,0,https://t.me/jungenationalisten/514
jungenationalisten:513,"Danke an die Mutigen, die sich der Willkür widersetzt haben. Ihnen gilt Respekt und unsere Solidarität. t.me/CoronaWahns",jungenationalisten,513,2020-11-08T09:17:44+00:00,640,0,https://t.me/jungenationalisten/513
jungenationalisten:512,Der Vertrauensverlust in den Staat verfestigt sich. Schluss mit der Gewalt - Wir sind das Volk! t.me/CoronaWahnsinnStopp,jungenationalisten,512,2020-11-07T18:36:55+00:00,605,0,https://t.me/jungenationalisten/512
jungenationalisten:511,,jungenationalisten,511,2020-11-07T15:47:53+00:00,687,0,https://t.me/jungenationalisten/511
jungenationalisten:510,,jungenationalisten,510,2020-11-07T15:47:53+00:00,680,0,https://t.me/jungenationalisten/510
jungenationalisten:509,Leipzig hat heute Flagge gegen den Corona-Wahnsinn gezeigt. Die Jungen Nationalisten waren natürlich mit dabei!,jungenationalisten,509,2020-11-07T15:47:53+00:00,680,0,https://t.me/jungenationalisten/509
jungenationalisten:508,## Querdenken Leipzig aufgelöst ## t.me/CoronaWahnsinnStoppen Die Polizei löst die Querdenken Kundgebung in Leipzig aus ,jungenationalisten,508,2020-11-07T15:44:12+00:00,649,0,https://t.me/jungenationalisten/508
jungenationalisten:506,,jungenationalisten,506,2020-11-07T12:09:50+00:00,730,0,https://t.me/jungenationalisten/506
jungenationalisten:505,Natürlich ist auch die heimattreue Jugend zahlreich heute in Leipzig vertreten. Widerstand!,jungenationalisten,505,2020-11-07T12:09:50+00:00,727,0,https://t.me/jungenationalisten/505
jungenationalisten:504,,jungenationalisten,504,2020-11-07T11:51:59+00:00,604,0,https://t.me/jungenationalisten/504
jungenationalisten:503,,jungenationalisten,503,2020-11-07T11:45:37+00:00,664,0,https://t.me/jungenationalisten/503
jungenationalisten:502,,jungenationalisten,502,2020-11-07T11:45:37+00:00,659,0,https://t.me/jungenationalisten/502
jungenationalisten:501,Aktuell werden Busse mit Teilnehmern der heutigen Demonstration von der sächsischen Polizei von der Autobahn abgefangen ,jungenationalisten,501,2020-11-07T11:45:37+00:00,650,0,https://t.me/jungenationalisten/501
jungenationalisten:500,"Heute wurde Ursula Haverbeck nach der Vollverbüßung ihrer Haftstrafe, die sie für das Stellen von Fragen antreten musste",jungenationalisten,500,2020-11-05T15:36:03+00:00,660,0,https://t.me/jungenationalisten/500
jungenationalisten:499,"Am 7. November müssen wir alle nach Leipzig fahren, um ein Zeichen gegen das System der Unterdrückung zu setzen. Dies is",jungenationalisten,499,2020-11-02T07:36:13+00:00,912,0,https://t.me/jungenationalisten/499
jungenationalisten:498,,jungenationalisten,498,2020-11-01T20:25:49+00:00,926,0,https://t.me/jungenationalisten/498
jungenationalisten:497,"Sachsen Anhalt: Gemeinschaftsabend in Wittenberg  Bevor das Land wieder in einen vom System verordneten ""Lockdown"" geht,",jungenationalisten,497,2020-11-01T20:25:49+00:00,914,0,https://t.me/jungenationalisten/497
jungenationalisten:496,Tradition schlägt jeden Trend! Hinein in die nationalistische Jugendbewegung!  https://junge-nationalisten.de/standpunkt,jungenationalisten,496,2020-11-01T13:45:49+00:00,821,0,https://t.me/jungenationalisten/496
jungenationalisten:495,"Heraus zur Großdemonstration nach Leipzig!   Wird 2020 unser 1989? Die Zeiten werden härter, die Welt ist im Wandel und ",jungenationalisten,495,2020-10-31T15:24:51+00:00,5445,0,https://t.me/jungenationalisten/495
jungenationalisten:494,"Nutze deine Zeit sinnvoll. Als Nationalisten ist uns nicht nur unser Land wichtig, sondern auch unsere Natur.  Sie ist e",jungenationalisten,494,2020-10-31T09:58:16+00:00,789,0,https://t.me/jungenationalisten/494
jungenationalisten:493,Pünktlich zum Wochenende erreicht uns eine Zusendung aus der Kunstabteilung.🇩🇪,jungenationalisten,493,2020-10-30T19:21:02+00:00,745,0,https://t.me/jungenationalisten/493
jungenationalisten:492,Brandenburg an der Havel: Nach mehr als zehnjähriger Gefangenschaft ist Horst Mahler aus der Haft entlassen worden. Jedo,jungenationalisten,492,2020-10-30T08:17:22+00:00,806,0,https://t.me/jungenationalisten/492
jungenationalisten:491,"Heute vor 11 Jahren verstarb Jürgen Rieger, der ""Anwalt für Deutschland"". Wie kein anderer Aktivist prägte er gerade die",jungenationalisten,491,2020-10-29T13:31:13+00:00,6399,0,https://t.me/jungenationalisten/491
jungenationalisten:490,"Auf unserem Frontdienst findet ihr übrigens wieder neues Material. Ob Aufkleber, Plakate oder Textilien - Vorbeischauen ",jungenationalisten,490,2020-10-28T13:46:21+00:00,751,0,https://t.me/jungenationalisten/490
jungenationalisten:489,Alle Kameraden waren mal Fremde. Eine Organisation kann sie zusammenbringen. Ein geteiltes politisches Verständnis lässt,jungenationalisten,489,2020-10-27T16:58:16+00:00,782,0,https://t.me/jungenationalisten/489
jungenationalisten:488,Dir ist die Zukunft deines Landes nicht egal? Du siehst die unzähligen Probleme in deinem Land und möchtest daran etwas ,jungenationalisten,488,2020-10-26T13:01:13+00:00,2006,0,https://t.me/jungenationalisten/488
jungenationalisten:487,,jungenationalisten,487,2020-10-25T16:02:30+00:00,749,0,https://t.me/jungenationalisten/487
jungenationalisten:486,,jungenationalisten,486,2020-10-25T16:02:30+00:00,755,0,https://t.me/jungenationalisten/486
jungenationalisten:485,,jungenationalisten,485,2020-10-25T16:02:30+00:00,730,0,https://t.me/jungenationalisten/485
jungenationalisten:484,,jungenationalisten,484,2020-10-25T16:02:30+00:00,732,0,https://t.me/jungenationalisten/484
jungenationalisten:483,"Am Sonnabend den 24. Oktober gründete sich offiziell der JN Stützpunkt ""Anhaltiner Land"". Neben einem Vortrag von Stefan",jungenationalisten,483,2020-10-25T16:02:30+00:00,734,1,https://t.me/jungenationalisten/483
jungenationalisten:479,,jungenationalisten,479,2020-10-24T19:10:47+00:00,653,0,https://t.me/jungenationalisten/479
jungenationalisten:478,,jungenationalisten,478,2020-10-24T19:10:47+00:00,648,0,https://t.me/jungenationalisten/478
jungenationalisten:477,,jungenationalisten,477,2020-10-24T19:10:47+00:00,644,0,https://t.me/jungenationalisten/477
jungenationalisten:476,,jungenationalisten,476,2020-10-24T19:10:47+00:00,618,0,https://t.me/jungenationalisten/476
jungenationalisten:475,,jungenationalisten,475,2020-10-24T19:10:47+00:00,624,0,https://t.me/jungenationalisten/475
jungenationalisten:474,"Ja zur Tradition!  Mit knapp 50 heimatverbundenen Aktivisten hat Braunschweig heute gezeigt, wie viel die antideutschen ",jungenationalisten,474,2020-10-24T19:10:46+00:00,622,0,https://t.me/jungenationalisten/474
jungenationalisten:473,"Aktuell findet in Sachsen Anhalt eine interne JN-Veranstaltung statt. Als Redner können wir Stefan Köster begrüßen, welc",jungenationalisten,473,2020-10-24T15:40:20+00:00,722,0,https://t.me/jungenationalisten/473
jungenationalisten:472,NPD gegen die Bait-ur-Rehman Moschee!  Das von YouTube zensierte Video.   #NPD #Nürnberg #Islam #Moschee #Kreuzzüge #Sch,jungenationalisten,472,2020-10-23T17:44:44+00:00,650,0,https://t.me/jungenationalisten/472
jungenationalisten:471,Ein Video zu den Hintergründen in Nürnberg wollen wir euch nicht vorenthalten:,jungenationalisten,471,2020-10-23T17:44:25+00:00,691,0,https://t.me/jungenationalisten/471
jungenationalisten:470,Bayern: Ein weiteres Symbol für die Überfremdung unserer Heimat soll errichtet werden. Aus diesem Grund positionierten s,jungenationalisten,470,2020-10-23T16:18:07+00:00,768,0,https://t.me/jungenationalisten/470
jungenationalisten:469,Großspurig angekündigte Verbot von SWR Flaggen bleibt aufgrund der rechtlichen Ausweglosigkeit aus. ⚔🇩🇪  Recht und Ordnu,jungenationalisten,469,2020-10-23T13:15:52+00:00,570,0,https://t.me/jungenationalisten/469
jungenationalisten:468,"Auch in Niedersachsen wurde das Zeigen der Schwarz-Weiß-Roten Fahne vor kurzem verboten.   Wir schauen nicht zu, wie wei",jungenationalisten,468,2020-10-22T06:49:33+00:00,555,0,https://t.me/jungenationalisten/468
jungenationalisten:466,"Sachsen Anhalt: Die zweite unserer drei Säulen – Gemeinschaft, Bildung und Aktivismus – war vergangenen Freitag Gegensta",jungenationalisten,466,2020-10-21T17:10:44+00:00,685,0,https://t.me/jungenationalisten/466
jungenationalisten:465,Die etablierten Medien spucken auf uns. Unabhängige Medien müssen unterstützt werden:,jungenationalisten,465,2020-10-21T07:02:42+00:00,624,0,https://t.me/jungenationalisten/465
jungenationalisten:464,"Unsere Empfehlung:  Die DEUTSCHEN STIMME abonnieren.  Kritischer Journalismus, der auch eine tiefergehende Problemanalys",jungenationalisten,464,2020-10-21T07:02:42+00:00,547,0,https://t.me/jungenationalisten/464
jungenationalisten:463,"Nach einer kurzen ""Auszeit"" (aufgrund von #Repression) ist unser #JN-Materialdienst wieder verfügbar. In den nächsten Ta",jungenationalisten,463,2020-10-20T10:28:33+00:00,2608,0,https://t.me/jungenationalisten/463
jungenationalisten:461,,jungenationalisten,461,2020-10-19T14:26:07+00:00,808,0,https://t.me/jungenationalisten/461
jungenationalisten:460,,jungenationalisten,460,2020-10-19T14:26:07+00:00,810,0,https://t.me/jungenationalisten/460
jungenationalisten:459,Am vergangenen Freitag fand eine durch NPD und JN organisierte Rechtschulung im Anhaltiner Land statt.  Mehr als 30 nati,jungenationalisten,459,2020-10-19T14:26:07+00:00,782,0,https://t.me/jungenationalisten/459
jungenationalisten:458,Widerstand ist vielfältig! Straßenkunst aus Zittau.,jungenationalisten,458,2020-10-19T09:14:14+00:00,3216,0,https://t.me/jungenationalisten/458
jungenationalisten:457,Jetzt gegen die stetig wachsenden Missstände aktiv werden!  Meckern können viele - Veränderung schaffen auch! Die politi,jungenationalisten,457,2020-10-18T09:11:36+00:00,874,0,https://t.me/jungenationalisten/457
jungenationalisten:455,"Schwarz Weiß Rot - Verbotsphantasien wegen ""offensichtlicher Rechtswidrigkeit"" aufgehoben. Wir für Deutschland.  https:/",jungenationalisten,455,2020-10-15T18:21:17+00:00,622,0,https://t.me/jungenationalisten/455
jungenationalisten:454,Angstpropaganda: Wenn aus der Grippewelle der Corona Notstand wird. Facebook:  https://tinyurl.com/y32pl2d6  Man wird da,jungenationalisten,454,2020-10-14T14:49:50+00:00,636,0,https://t.me/jungenationalisten/454
jungenationalisten:453,,jungenationalisten,453,2020-10-09T13:18:02+00:00,2289,0,https://t.me/jungenationalisten/453
jungenationalisten:452,,jungenationalisten,452,2020-10-09T13:18:02+00:00,2276,0,https://t.me/jungenationalisten/452
jungenationalisten:451,,jungenationalisten,451,2020-10-09T13:18:02+00:00,2287,0,https://t.me/jungenationalisten/451
jungenationalisten:450,"Sachsen: Vor 76 Jahren, am 7. Oktober 1944, wurde die Stadt Freiberg zum Ziel angloamerikanischer Terrorbomber. Eine Sch",jungenationalisten,450,2020-10-09T13:18:02+00:00,2104,0,https://t.me/jungenationalisten/450
jungenationalisten:449,Solidarität mit Golden Dawn!  Heute hat ein Gericht in Athen die griechische Partei Golden Dawn als kriminelle Vereinigu,jungenationalisten,449,2020-10-07T15:14:45+00:00,1475,0,https://t.me/jungenationalisten/449
jungenationalisten:448,,jungenationalisten,448,2020-10-06T09:17:55+00:00,803,0,https://t.me/jungenationalisten/448
jungenationalisten:447,,jungenationalisten,447,2020-10-06T09:17:55+00:00,800,0,https://t.me/jungenationalisten/447
jungenationalisten:446,,jungenationalisten,446,2020-10-06T09:17:55+00:00,795,0,https://t.me/jungenationalisten/446
jungenationalisten:445,,jungenationalisten,445,2020-10-06T09:17:55+00:00,738,0,https://t.me/jungenationalisten/445
jungenationalisten:444,,jungenationalisten,444,2020-10-06T09:17:55+00:00,738,0,https://t.me/jungenationalisten/444
jungenationalisten:443,Am zurückliegenden Sonntag unterstützte die sächsische JN auf dem Marktplatz in Trebsen (Leipziger Land) eine überfremdu,jungenationalisten,443,2020-10-06T09:17:55+00:00,734,0,https://t.me/jungenationalisten/443
jungenationalisten:442,,jungenationalisten,442,2020-10-05T17:38:59+00:00,732,0,https://t.me/jungenationalisten/442
jungenationalisten:441,,jungenationalisten,441,2020-10-05T17:38:59+00:00,737,0,https://t.me/jungenationalisten/441
jungenationalisten:440,"Schleswig-Holstein: Nach dem Bekanntwerden des diesjährigen Mottos zum Tag der Deutschen Einheit, stand für den Stützpun",jungenationalisten,440,2020-10-05T17:38:59+00:00,731,0,https://t.me/jungenationalisten/440
jungenationalisten:439,,jungenationalisten,439,2020-10-05T14:45:39+00:00,715,0,https://t.me/jungenationalisten/439
jungenationalisten:438,,jungenationalisten,438,2020-10-05T14:45:39+00:00,715,0,https://t.me/jungenationalisten/438
jungenationalisten:437,Auch die JN in Pommern beteiligte sich ebenfalls am bundesweiten Aktionstag und nahm an einer historischen Rundfahrt übe,jungenationalisten,437,2020-10-05T14:45:38+00:00,685,0,https://t.me/jungenationalisten/437
jungenationalisten:435,"„LEISTEN WIR UNS DEN LUXUS, EINE EIGENE MEINUNG ZU HABEN!“  Dieses Zitat von Bismarck war dieses Jahr unser Motto zum 3.",jungenationalisten,435,2020-10-05T11:49:05+00:00,670,0,https://t.me/jungenationalisten/435
jungenationalisten:432,https://deutsche-stimme.de/linker-terror-in-giessen/?fbclid=IwAR0IsT8CUrAy_tDGksS8jooedu-w3Hxebel3LV29cK7Xk7hqhlYC0TDiJe,jungenationalisten,432,2020-10-05T09:08:58+00:00,608,0,https://t.me/jungenationalisten/432
jungenationalisten:431,Eine Nachlese zum Erntefest in Eschede wollen wir Euch natürlich nicht vorenthalten.   Wir freuen uns auf weitere Zusamm,jungenationalisten,431,2020-10-04T11:03:08+00:00,604,0,https://t.me/jungenationalisten/431
jungenationalisten:430,"Otto von Bismarck - Eiserner Kanzler  Heute in Wolfenbüttel für den bundesweiten Aktionstag unterwegs gewesen.  ""Geben S",jungenationalisten,430,2020-10-04T05:38:46+00:00,518,1,https://t.me/jungenationalisten/430
jungenationalisten:429,,jungenationalisten,429,2020-10-03T21:07:28+00:00,594,0,https://t.me/jungenationalisten/429
jungenationalisten:428,,jungenationalisten,428,2020-10-03T21:07:28+00:00,599,0,https://t.me/jungenationalisten/428
jungenationalisten:427,,jungenationalisten,427,2020-10-03T21:07:27+00:00,577,0,https://t.me/jungenationalisten/427
jungenationalisten:426,,jungenationalisten,426,2020-10-03T21:07:27+00:00,570,0,https://t.me/jungenationalisten/426
jungenationalisten:425,,jungenationalisten,425,2020-10-03T21:07:27+00:00,576,0,https://t.me/jungenationalisten/425
jungenationalisten:424,"Impressionen von unserer heutigen Wanderung auf den Rochlitzer Berg, anlässlich unseres JN- Aktionstages: ,,Wandern auf ",jungenationalisten,424,2020-10-03T21:07:27+00:00,578,0,https://t.me/jungenationalisten/424
jungenationalisten:423,,jungenationalisten,423,2020-10-03T12:29:23+00:00,841,0,https://t.me/jungenationalisten/423
jungenationalisten:422,,jungenationalisten,422,2020-10-03T12:29:23+00:00,834,0,https://t.me/jungenationalisten/422
jungenationalisten:421,,jungenationalisten,421,2020-10-03T12:29:23+00:00,844,0,https://t.me/jungenationalisten/421
jungenationalisten:420,Nach #Halle startet nun die zweite Station unserer Kundgebungstour in #Dessau. Die Jungs & Mädels der #JN erreichen gera,jungenationalisten,420,2020-10-03T12:29:23+00:00,820,0,https://t.me/jungenationalisten/420
jungenationalisten:419,,jungenationalisten,419,2020-10-03T09:50:36+00:00,780,0,https://t.me/jungenationalisten/419
jungenationalisten:418,,jungenationalisten,418,2020-10-03T09:50:36+00:00,778,0,https://t.me/jungenationalisten/418
jungenationalisten:417,,jungenationalisten,417,2020-10-03T09:50:36+00:00,1448,0,https://t.me/jungenationalisten/417
jungenationalisten:416,Mit knapp drei Dutzend heimattreuen Aktivisten startet derzeit der Aktionstag im Anhalteriner Land in Haale an der Saale,jungenationalisten,416,2020-10-03T09:50:36+00:00,790,0,https://t.me/jungenationalisten/416
jungenationalisten:415,Wanderung auf den Spuren Bismarcks in Mittelsachsen am 03.10.,jungenationalisten,415,2020-10-02T10:43:38+00:00,786,0,https://t.me/jungenationalisten/415
jungenationalisten:414,Unterwegs für die deutsche Sache! 🇩🇪⚔,jungenationalisten,414,2020-10-01T12:52:50+00:00,1599,0,https://t.me/jungenationalisten/414
jungenationalisten:413,"In Zeiten des Suizids der dekadenten, blinden und scheinbar völlig seelenlosen Massen bilden wir bundesweit die Idealist",jungenationalisten,413,2020-09-30T15:01:39+00:00,665,0,https://t.me/jungenationalisten/413
jungenationalisten:412,Das europäische Netzwerk ETN berichtet über unseren letzten Gemeinschaftstag:  https://www.etnostra.com/successful_commu,jungenationalisten,412,2020-09-29T08:53:14+00:00,1838,0,https://t.me/jungenationalisten/412
jungenationalisten:411,"Erntefest – Eschede  Das aber ist Gesetz des Lebens, Dass alles, was wir ausgesät, Nicht überflüssig, nicht vergebens, D",jungenationalisten,411,2020-09-28T11:51:36+00:00,551,0,https://t.me/jungenationalisten/411
jungenationalisten:410,,jungenationalisten,410,2020-09-28T06:14:54+00:00,467,0,https://t.me/jungenationalisten/410
jungenationalisten:409,"Sie wollen unsere Geschichte, unsere Werte und letztlich unser Volk ausradieren. Wir halten stand!",jungenationalisten,409,2020-09-28T06:14:54+00:00,611,0,https://t.me/jungenationalisten/409
jungenationalisten:408,#Eschede #e2609   Der größte Feind der Linken - ist die Realität!  Schluss mit Krawalle und AntiFa  Unser Angebot: Fried,jungenationalisten,408,2020-09-26T21:53:58+00:00,656,0,https://t.me/jungenationalisten/408
jungenationalisten:405,"Nationaler Handwerkermarkt in Sachsen-Anhalt:  Eigene interne Wirtschaftskreisläufe, unabhängig vom herrschenden kapital",jungenationalisten,405,2020-09-23T08:49:42+00:00,2073,0,https://t.me/jungenationalisten/405
jungenationalisten:404,,jungenationalisten,404,2020-09-22T09:35:23+00:00,1040,0,https://t.me/jungenationalisten/404
jungenationalisten:403,,jungenationalisten,403,2020-09-22T09:35:23+00:00,1042,0,https://t.me/jungenationalisten/403
jungenationalisten:402,,jungenationalisten,402,2020-09-22T09:35:23+00:00,1037,0,https://t.me/jungenationalisten/402
jungenationalisten:401,Am Wochenende fand unser JN-Leistungsmarsch I(Bronze) in der Sächsischen Schweiz statt. Hier die ersten Eindrücke. Ein a,jungenationalisten,401,2020-09-22T09:35:23+00:00,1021,0,https://t.me/jungenationalisten/401
jungenationalisten:400,Berlin-Brandenburg: An diesem Wochenende fand wieder unser regelmäßiges Mitglieder- und Interessententreffen statt. Durc,jungenationalisten,400,2020-09-20T16:43:23+00:00,743,0,https://t.me/jungenationalisten/400
jungenationalisten:399,"Unsere Position ist klar:  Solange die frechen Provokationen und Demonstrationen am Finkenberg nicht aufhören, werden wi",jungenationalisten,399,2020-09-19T12:29:39+00:00,528,0,https://t.me/jungenationalisten/399
jungenationalisten:398,"Niedersachsen: Aktuell in Eschede  - ""Der größte Feind der Linken ist die Realität"".",jungenationalisten,398,2020-09-19T10:24:10+00:00,597,0,https://t.me/jungenationalisten/398
jungenationalisten:397,Demonstration und Erntefest in #Eschede  Wir werden im September wieder Leben nach Eschede bringen.  Bei diesen Gelegenh,jungenationalisten,397,2020-09-15T19:00:00+00:00,780,0,https://t.me/jungenationalisten/397
jungenationalisten:396,Achtung: #AntiFa Kriminelle aus ganz #Niedersachsen in #Braunschweig   Anlass ist der Landesparteitag der #AfD.  Während,jungenationalisten,396,2020-09-12T06:18:57+00:00,762,0,https://t.me/jungenationalisten/396
jungenationalisten:395,"​​Mutwillig oder gedankenlos?   Was auch immer hinter der #Müllentsorgung in Gewässern steckt, ist für #Natur und #Umwel",jungenationalisten,395,2020-09-11T16:34:57+00:00,612,0,https://t.me/jungenationalisten/395
jungenationalisten:394,Zu Gemeinschaftstagen wie diesen treffen sich regelmäßig JN-Aktivisten aus der gesamten Republik. Sie sorgen für Verbund,jungenationalisten,394,2020-09-10T11:30:45+00:00,776,0,https://t.me/jungenationalisten/394
jungenationalisten:393,"Radiobeitrag im NDR Studio Lüneburg bezüglich Eschede. Wir wollen Lösungen, linke Egozentriker einen ewigen Konflikt.  D",jungenationalisten,393,2020-09-10T05:42:09+00:00,541,0,https://t.me/jungenationalisten/393
jungenationalisten:392,Zu den gemeinschaftlichen Höhepunkten zählt für viele JN-Aktivisten jedes Mal der bundesweite Gemeinschaftstag der JN. N,jungenationalisten,392,2020-09-08T13:01:08+00:00,983,0,https://t.me/jungenationalisten/392
jungenationalisten:391,"Auch in Sachsen: Schlepperkähne auf Kurs Süd drehen   Ohne große Vorankündigung, ohne großes TamTam, dafür jedoch hinter",jungenationalisten,391,2020-09-06T09:45:08+00:00,727,0,https://t.me/jungenationalisten/391
jungenationalisten:390,,jungenationalisten,390,2020-09-05T14:13:33+00:00,805,0,https://t.me/jungenationalisten/390
jungenationalisten:389,,jungenationalisten,389,2020-09-05T14:13:33+00:00,804,0,https://t.me/jungenationalisten/389
jungenationalisten:388,"Im Anschluss nach der öffentlichkeitswirksamen Kundgebung in Dresden, sind wir nun mit einem Material - und Transparents",jungenationalisten,388,2020-09-05T14:13:33+00:00,781,0,https://t.me/jungenationalisten/388
jungenationalisten:386,,jungenationalisten,386,2020-09-05T10:46:33+00:00,624,0,https://t.me/jungenationalisten/386
jungenationalisten:385,,jungenationalisten,385,2020-09-05T10:46:33+00:00,624,0,https://t.me/jungenationalisten/385
jungenationalisten:384,"Auch die JUNGEN NATIONALISTEN unterstützten heute die Kundgebung ""Traditionelle Familien schützen - Familienpolitik ist ",jungenationalisten,384,2020-09-05T10:46:33+00:00,615,0,https://t.me/jungenationalisten/384
jungenationalisten:383,Am 5. September auf nach Dresden und Riesa!  Familien stärken!  Als kleinste und wertvollste Zelle unseres Volkes bedarf,jungenationalisten,383,2020-09-04T19:00:02+00:00,617,0,https://t.me/jungenationalisten/383
jungenationalisten:382,Sachsen: Wir sehen uns morgen auf der Straße und auf dem anschließenden Sommerfest. 😏,jungenationalisten,382,2020-09-04T19:00:02+00:00,588,0,https://t.me/jungenationalisten/382
jungenationalisten:381,"In der aktuellen Ausgabe der Deutschen Stimme findet ihr einen Beitrag über den ""Sächsisch-Böhmischen Kulturtag"". Du wil",jungenationalisten,381,2020-09-02T16:22:04+00:00,1829,0,https://t.me/jungenationalisten/381
jungenationalisten:380,...inwieweit sich der Berliner Senat und diese Bundesregierung noch von den Methoden der immer wieder kritisierten Ostbl,jungenationalisten,380,2020-08-30T19:00:21+00:00,921,0,https://t.me/jungenationalisten/380
jungenationalisten:379,,jungenationalisten,379,2020-08-30T19:00:04+00:00,816,0,https://t.me/jungenationalisten/379
jungenationalisten:378,,jungenationalisten,378,2020-08-30T19:00:04+00:00,816,0,https://t.me/jungenationalisten/378
jungenationalisten:377,,jungenationalisten,377,2020-08-30T19:00:04+00:00,815,0,https://t.me/jungenationalisten/377
jungenationalisten:376,,jungenationalisten,376,2020-08-30T19:00:04+00:00,777,0,https://t.me/jungenationalisten/376
jungenationalisten:375,,jungenationalisten,375,2020-08-30T19:00:03+00:00,771,0,https://t.me/jungenationalisten/375
jungenationalisten:374,Auch zahlreiche JN Aktivisten mischten sich bei der gestrigen Berliner Demonstration ins Geschehen.  Entgegen der Behaup,jungenationalisten,374,2020-08-30T19:00:03+00:00,778,0,https://t.me/jungenationalisten/374
jungenationalisten:373,Unser Lüneburg - unser Wasser: Coca Cola den Hahn abdrehen!  Wir stehen als deutsche Jugend für eine raumorientierte Vol,jungenationalisten,373,2020-08-30T13:29:32+00:00,661,0,https://t.me/jungenationalisten/373
jungenationalisten:372,,jungenationalisten,372,2020-08-29T17:00:25+00:00,666,0,https://t.me/jungenationalisten/372
jungenationalisten:371,,jungenationalisten,371,2020-08-29T17:00:25+00:00,657,0,https://t.me/jungenationalisten/371
jungenationalisten:370,,jungenationalisten,370,2020-08-29T17:00:25+00:00,657,0,https://t.me/jungenationalisten/370
jungenationalisten:369,"Aktuell findet der Gemeinschaftstag unserer Jugendorganisation in Süddeutschland statt, an dem Aktivisten aus dem gesamt",jungenationalisten,369,2020-08-29T17:00:25+00:00,621,0,https://t.me/jungenationalisten/369
jungenationalisten:368,Auch die JN ist heute in der Hauptstadt auf der Straße. Während die Berliner Polizei auf Passanten eindrischt und provok,jungenationalisten,368,2020-08-29T14:10:42+00:00,699,0,https://t.me/jungenationalisten/368
jungenationalisten:367,https://twitter.com/NDS_JN/status/1299565726303424512,jungenationalisten,367,2020-08-29T04:35:18+00:00,555,0,https://t.me/jungenationalisten/367
jungenationalisten:365,Freunde der guten Unterhaltung und RENÉ HEIZER-Anhänger aufgepasst! Im Rahmen des Sommerfestes der NPD-Sachsen spielt de,jungenationalisten,365,2020-08-24T08:54:43+00:00,850,0,https://t.me/jungenationalisten/365
jungenationalisten:364,Am 5. September auf nach Dresden und Riesa!  Familien stärken!  Als kleinste und wertvollste Zelle unseres Volkes bedarf,jungenationalisten,364,2020-08-24T08:51:55+00:00,1424,0,https://t.me/jungenationalisten/364
jungenationalisten:363,"Sachsen: Der Himmel war klar, die Sonne schien, und so dachten sich Aktivisten der JN Leipzig, einen Tag in der Gemeinsc",jungenationalisten,363,2020-08-21T12:07:48+00:00,715,0,https://t.me/jungenationalisten/363
jungenationalisten:362,Nach Löschung wieder da:  Vor kurzem führte unsere Jugendorganisation aus dem Anhaltiner Land einen Kulturtag in der ben,jungenationalisten,362,2020-08-20T08:55:30+00:00,675,0,https://t.me/jungenationalisten/362
jungenationalisten:360,Regelmäßig veranstalten unsere Stützpunkte und Verbände Mitglieder sowie Koordinierungstreffen um alle nationaldenkenden,jungenationalisten,360,2020-08-16T15:02:31+00:00,2638,0,https://t.me/jungenationalisten/360
jungenationalisten:359,Bundeslied der Jungen Nationalisten  Pünktlich zum Wochenende gibt es nun unser Bundeslied auf YouTube!  Dieses Lied ver,jungenationalisten,359,2020-08-15T07:30:29+00:00,737,0,https://t.me/jungenationalisten/359
jungenationalisten:358,"Wissen und Wille bedeuten nichts ohne die darauffolgende Tat. Unsere Botschaft nach außen zu tragen ist der einzige Weg,",jungenationalisten,358,2020-08-14T06:42:47+00:00,2367,0,https://t.me/jungenationalisten/358
jungenationalisten:357,Tag der politischen Gefangenen in Hennigsdorf   Sowohl die Polizei als auch die Justiz hierzulande agieren weder neutral,jungenationalisten,357,2020-08-13T13:42:07+00:00,596,0,https://t.me/jungenationalisten/357
jungenationalisten:356,"Gedenktag Albert Leo Schlageter  “Sei, was du willst auf der Welt! Aber was du bist, habe den Mut ganz zu sein.”   Diese",jungenationalisten,356,2020-08-12T15:53:35+00:00,592,0,https://t.me/jungenationalisten/356
jungenationalisten:355,Grüße aus #Hennigsdorf - Kundgebung zum Thema politische Gefangene in der Bundesrepublik.  Dieser Tage wird für viele De,jungenationalisten,355,2020-08-08T12:14:35+00:00,2270,0,https://t.me/jungenationalisten/355
jungenationalisten:354,"#Braunschweig verteidigen!  (...)Dabei gibt Braunschweig dem Grunde nach auch alles her, was es für ein gutes Leben brau",jungenationalisten,354,2020-08-06T07:58:42+00:00,660,0,https://t.me/jungenationalisten/354
jungenationalisten:353,,jungenationalisten,353,2020-08-05T16:30:37+00:00,1187,0,https://t.me/jungenationalisten/353
jungenationalisten:352,"""Nur in einem gesunden Körper kann ein gesunder Geist wohnen!""   Bei der stetig wachsenden Gewaltaffinität des politisch",jungenationalisten,352,2020-08-05T16:30:36+00:00,1193,0,https://t.me/jungenationalisten/352
jungenationalisten:351,,jungenationalisten,351,2020-08-02T13:55:51+00:00,871,0,https://t.me/jungenationalisten/351
jungenationalisten:350,,jungenationalisten,350,2020-08-02T13:55:51+00:00,864,0,https://t.me/jungenationalisten/350
jungenationalisten:349,,jungenationalisten,349,2020-08-02T13:55:51+00:00,868,0,https://t.me/jungenationalisten/349
jungenationalisten:348,Neben der #Gemeinschaft sowie #Bildung steht bei uns auch klar der #Aktivismus im Vordergrund! So sind wir regelmäßig mi,jungenationalisten,348,2020-08-02T13:55:51+00:00,872,0,https://t.me/jungenationalisten/348
jungenationalisten:347,"""Wer seine Heimat wirklich liebt, begnügt sich nicht mit täglichen Lobgesängen, sie sei die beste, die erste auf der Wel",jungenationalisten,347,2020-08-02T06:11:52+00:00,809,0,https://t.me/jungenationalisten/347
jungenationalisten:346,"#Kolonialdenkmal und #Prinzenpark erhalten – unsere Geschichte, unsere Identität  Mit größter Verstörung ist wahrzunehme",jungenationalisten,346,2020-07-30T15:09:43+00:00,707,0,https://t.me/jungenationalisten/346
jungenationalisten:345,Veranstaltungshinweis für Brandenburg/ Ostprignitz-Ruppin:  Tagelange Tumulte zwischen tschetschenischen Kulturbereicher,jungenationalisten,345,2020-07-28T09:53:44+00:00,877,0,https://t.me/jungenationalisten/345
jungenationalisten:344,"Am Sonnabend, den 25. Juli, fand der mittlerweile 10. Sächsisch-Böhmische Kulturtag statt. Ziel dieses Tages waren neben",jungenationalisten,344,2020-07-28T06:29:53+00:00,660,0,https://t.me/jungenationalisten/344
jungenationalisten:343,Die Pseudo-Rebellen der AntiFa sind mittlerweile nichts weiter als der verlängerter Arm des Parteienkartells auf der Str,jungenationalisten,343,2020-07-26T07:32:54+00:00,509,0,https://t.me/jungenationalisten/343
jungenationalisten:342,Im Rahmen des Sächsisch-Böhmischen Kulturtages erwanderten heute Junge Nationalisten gemeinsam mit Aktivisten der Delnic,jungenationalisten,342,2020-07-25T13:24:56+00:00,1439,0,https://t.me/jungenationalisten/342
jungenationalisten:341,Etwas Werbung für unseren Telegramkanal kann ja nicht schaden ❤️😘😇 #jugendpacktan #jpa #deutschehelfendeutschen #solida,jungenationalisten,341,2020-07-25T11:31:36+00:00,573,0,https://t.me/jungenationalisten/341
jungenationalisten:340,,jungenationalisten,340,2020-07-24T05:33:15+00:00,1002,0,https://t.me/jungenationalisten/340
jungenationalisten:339,,jungenationalisten,339,2020-07-24T05:33:15+00:00,1000,0,https://t.me/jungenationalisten/339
jungenationalisten:338,,jungenationalisten,338,2020-07-24T05:33:15+00:00,1003,0,https://t.me/jungenationalisten/338
jungenationalisten:337,In den vergangenen Tagen wurden mehrere Denkmäler und Straßennamen in Berlin mit Graffiti und linksextremen Parolen besc,jungenationalisten,337,2020-07-24T05:33:15+00:00,971,0,https://t.me/jungenationalisten/337
jungenationalisten:332,Am vergangenen Sonnabend fand erneut das alljährliche Fußballturnier der Berliner und Brandenburger JN statt.  Etwa 50 A,jungenationalisten,332,2020-07-20T16:17:06+00:00,1248,0,https://t.me/jungenationalisten/332
jungenationalisten:331,"In den Farben getrennt, für Deutschland vereint! Unser neuer Aufkleber ""Für Verein und Vaterland"" ab sofort für Euch in ",jungenationalisten,331,2020-07-19T09:23:53+00:00,2259,0,https://t.me/jungenationalisten/331
jungenationalisten:330,,jungenationalisten,330,2020-07-18T09:59:31+00:00,800,0,https://t.me/jungenationalisten/330
jungenationalisten:329,,jungenationalisten,329,2020-07-18T09:59:30+00:00,794,0,https://t.me/jungenationalisten/329
jungenationalisten:328,,jungenationalisten,328,2020-07-18T09:59:30+00:00,791,0,https://t.me/jungenationalisten/328
jungenationalisten:327,Erste Eindrücke vom Fußballturnier Berlin-Brandenburg erreichen uns. Motiviert fechten die Mannschaften aus unterschiedl,jungenationalisten,327,2020-07-18T09:59:30+00:00,777,0,https://t.me/jungenationalisten/327
jungenationalisten:326,"Gemeinschaftsangeln in Schleswig-Holstein  Für uns als Junge Nationalisten sind die Natur unseres Landes, die Gewässer u",jungenationalisten,326,2020-07-17T08:40:38+00:00,702,0,https://t.me/jungenationalisten/326
jungenationalisten:324,Braunschweig verteidigen⚔🇺🇦  & Keine Lust auf linke Versager 🔥🇩🇪  Die neuen Aufklebermotive in A6 für die Löwenstadt.  W,jungenationalisten,324,2020-07-16T15:11:00+00:00,301,0,https://t.me/jungenationalisten/324
jungenationalisten:323,Sachsen Anhalt: Am vergangenen Sonnabend organisierte die JN im Anhaltiner Land einen Kulturtag im südlichen Brandenburg,jungenationalisten,323,2020-07-16T07:09:16+00:00,679,0,https://t.me/jungenationalisten/323
jungenationalisten:322,"Veranstaltungshinweis für Brandenburg und Berlin:   Am 8. August wollen die Organisatoren den ""Tag der politischen Gefan",jungenationalisten,322,2020-07-15T15:05:53+00:00,3216,0,https://t.me/jungenationalisten/322
jungenationalisten:320,Pommern: Auf den Spuren unserer Vorfahren   Im Rahmen eines Kulturausflugs unter befreundeten JN Mitgliedern aus Berlin ,jungenationalisten,320,2020-07-15T08:26:40+00:00,624,0,https://t.me/jungenationalisten/320
jungenationalisten:319,Braunschweig verteidigen ⚔🇺🇦  & Keine Lust auf linke Versager 🔥🇩🇪  Die neuen Aufklebermotive in A6 für die Löwenstadt.  ,jungenationalisten,319,2020-07-14T13:40:45+00:00,253,0,https://t.me/jungenationalisten/319
jungenationalisten:318,,jungenationalisten,318,2020-07-14T08:46:55+00:00,633,0,https://t.me/jungenationalisten/318
jungenationalisten:317,,jungenationalisten,317,2020-07-14T08:46:55+00:00,633,0,https://t.me/jungenationalisten/317
jungenationalisten:316,Vergangenes Wochenende begaben sich Mitglieder unserer Jugendorganisation aus Sachsen-Anhalt auf einen Kulturausflug ins,jungenationalisten,316,2020-07-14T08:46:55+00:00,621,0,https://t.me/jungenationalisten/316
jungenationalisten:315,,jungenationalisten,315,2020-07-13T18:58:07+00:00,253,0,https://t.me/jungenationalisten/315
jungenationalisten:314,,jungenationalisten,314,2020-07-13T18:58:07+00:00,249,0,https://t.me/jungenationalisten/314
jungenationalisten:313,,jungenationalisten,313,2020-07-13T18:58:07+00:00,242,0,https://t.me/jungenationalisten/313
jungenationalisten:312,Unsere neuen Aufkleber. Nationale Standpunkte zu aktuellen Themen!  Die Gegenkultur sichtbar machen: https://npd-materia,jungenationalisten,312,2020-07-13T18:58:07+00:00,234,0,https://t.me/jungenationalisten/312
jungenationalisten:311,Nachgereicht: Kulturausflug zur Festung Königstein   Wer sich wie wir als JN Aktivisten für deutsche Geschichte interess,jungenationalisten,311,2020-07-13T16:05:34+00:00,636,0,https://t.me/jungenationalisten/311
jungenationalisten:310,JN-Gemeinschaftsangeln in Schleswig Holstein:   Bei typisch norddeutschem Wetter verbrachten alle Teilnehmenden schöne S,jungenationalisten,310,2020-07-13T10:59:06+00:00,700,0,https://t.me/jungenationalisten/310
jungenationalisten:309,,jungenationalisten,309,2020-07-13T09:25:32+00:00,649,0,https://t.me/jungenationalisten/309
jungenationalisten:308,,jungenationalisten,308,2020-07-13T09:25:32+00:00,722,0,https://t.me/jungenationalisten/308
jungenationalisten:307,Seit 2014 ist der 13.Juli der inoffizielle Gedenktag an dem deutschlandweit an die Opfer multikultureller Gewalttaten er,jungenationalisten,307,2020-07-13T09:25:32+00:00,621,0,https://t.me/jungenationalisten/307
jungenationalisten:306,"Unser stellvertretender Bundesvorsitzender und Leiter des Bundesarbeitskreises Europa, Maik Müller, informierte heute üb",jungenationalisten,306,2020-06-28T10:17:40+00:00,1700,0,https://t.me/jungenationalisten/306
jungenationalisten:305,Auch hier die Situation in Eschede im Video: https://m.cellesche-zeitung.de,jungenationalisten,305,2020-06-22T06:02:34+00:00,183,0,https://t.me/jungenationalisten/305
jungenationalisten:304,"Der Bürgermeister von Eschede beginnt langsam zu verstehen, dass man vermummte AntiFa-Verbrecher nach Eschede lockt, um ",jungenationalisten,304,2020-06-22T06:02:34+00:00,182,0,https://t.me/jungenationalisten/304
jungenationalisten:303,Eschedes schöne Seite! Heimat und Kultur einen Ort geben. 🇩🇪⚔️,jungenationalisten,303,2020-06-21T11:17:02+00:00,168,0,https://t.me/jungenationalisten/303
jungenationalisten:302,,jungenationalisten,302,2020-06-21T11:17:01+00:00,170,0,https://t.me/jungenationalisten/302
jungenationalisten:301,,jungenationalisten,301,2020-06-21T11:17:01+00:00,170,0,https://t.me/jungenationalisten/301
jungenationalisten:300,,jungenationalisten,300,2020-06-21T11:17:01+00:00,175,0,https://t.me/jungenationalisten/300
jungenationalisten:299,Sonnenwende in Sachsen. 🌞,jungenationalisten,299,2020-06-20T21:02:12+00:00,954,0,https://t.me/jungenationalisten/299
jungenationalisten:298,Nationales Fußballturnier am 18. Juli in Brandenburg  Wann:  10 Uhr am 18.07.2020  Wo: Nördliches Brandenburg (Weitere I,jungenationalisten,298,2020-06-19T09:49:17+00:00,1390,0,https://t.me/jungenationalisten/298
jungenationalisten:297,"Man kann sich des Eindrucks nicht erwehren, dass unzählige Vertreter der etablierten Parteien nur auf einen Vorfall wie ",jungenationalisten,297,2020-06-18T16:06:29+00:00,665,0,https://t.me/jungenationalisten/297
jungenationalisten:296,Vergangenen Sonnabend fand eines unserer ersten Stützpunkt-Treffen seit den “Corona-Maßnahmen” statt.  Weiterlesen: http,jungenationalisten,296,2020-06-16T14:56:41+00:00,712,0,https://t.me/jungenationalisten/296
jungenationalisten:295,Deshalb sperrten JN-Aktivisten in der Nähe der Bluttat Plätze ab und benannten klar und deutlich das Problem. Das Projek,jungenationalisten,295,2020-06-08T18:04:32+00:00,1819,0,https://t.me/jungenationalisten/295
jungenationalisten:294,Berlin - gegen den verordneten Trend!,jungenationalisten,294,2020-06-07T15:42:13+00:00,178,0,https://t.me/jungenationalisten/294
jungenationalisten:293,,jungenationalisten,293,2020-05-18T11:01:43+00:00,173,0,https://t.me/jungenationalisten/293
jungenationalisten:292,"„8. Mai – Wir feiern nicht!“, so lautet heute unser Bekenntnis! Auch linke Antideutsche haben heute viel zu sagen. Mit e",jungenationalisten,292,2020-05-08T12:54:52+00:00,2009,0,https://t.me/jungenationalisten/292
jungenationalisten:291,"Die richtigen Worte zum 08. Mai - Keine Befreiung, kein Grund zur Freude, kein Feiertag!",jungenationalisten,291,2020-05-08T10:14:54+00:00,163,0,https://t.me/jungenationalisten/291
jungenationalisten:290,"8. Mai – wir feiern nicht!  Kein Tag der Befreiung, kein Grund zum Feiern. Und in diesem Jahr in Berlin zum offiziellen ",jungenationalisten,290,2020-05-08T06:36:22+00:00,2156,0,https://t.me/jungenationalisten/290
jungenationalisten:288,"Der 8. Mai ist kein Tag der Befreiung, kein Tag an welchem wir feiern!  Entsprechendes Material für Eure Aktionen gegen ",jungenationalisten,288,2020-05-02T11:18:50+00:00,897,0,https://t.me/jungenationalisten/288
jungenationalisten:287,"1. Mai - Junge Nationalisten für Souveränität und Einheit  ""Wir fordern deshalb den Übergang zu einer raumorientierten V",jungenationalisten,287,2020-05-01T17:16:12+00:00,2962,0,https://t.me/jungenationalisten/287
jungenationalisten:286,"Kaum jemals zuvor war es deutlicher als in diesen Tagen: Das globalistische, auf ständige Expansion und Gewinnmaximierun",jungenationalisten,286,2020-04-29T07:13:54+00:00,1370,0,https://t.me/jungenationalisten/286
jungenationalisten:285,#SystemExit in Leipzig auch bei YouTube ansehen.   https://m.youtube.com/watch?v=gQPusn-HrQA&feature=youtu.be,jungenationalisten,285,2020-04-27T10:43:46+00:00,1017,0,https://t.me/jungenationalisten/285
jungenationalisten:283,"Globalisierung, Finanzkrise, Überfremdung, Degeneration, Zerstörung der Nationalstaaten, Klimawahn, Wachstumszwang, Schu",jungenationalisten,283,2020-04-27T10:41:43+00:00,829,0,https://t.me/jungenationalisten/283
jungenationalisten:282,,jungenationalisten,282,2020-04-27T10:40:39+00:00,1412,0,https://t.me/jungenationalisten/282
jungenationalisten:281,## Auf geht's - flutet das Internet mit dem Hashtag #SystemExit ##  -Twitter - Facebook - Instagram - Whatsapp - Telegra,jungenationalisten,281,2020-04-26T10:00:55+00:00,3961,0,https://t.me/jungenationalisten/281
jungenationalisten:280,Die Vorbereitungen laufen: https://junge-nationalisten.de/aktion/systemexit-die-erste-internet-demo-am-26-04-2020/,jungenationalisten,280,2020-04-23T07:16:31+00:00,2800,0,https://t.me/jungenationalisten/280
jungenationalisten:279,Anbei der zugehörige Bericht:  SPENDE VON MUNDSCHUTZMASKEN UND DESINFEKTIONSMITTEL ERHALTEN – BEDÜRFTIGE DEUTSCHE MELDEN,jungenationalisten,279,2020-04-22T13:49:42+00:00,813,0,https://t.me/jungenationalisten/279
jungenationalisten:278,,jungenationalisten,278,2020-04-21T19:04:55+00:00,1614,0,https://t.me/jungenationalisten/278
jungenationalisten:277,"Macht mit: #SystemExit jetzt!  „Das System ist am Ende, wir sind die Wende!“  So riefen wir es auf unzähligen Demos, doc",jungenationalisten,277,2020-04-21T19:04:55+00:00,1788,0,https://t.me/jungenationalisten/277
jungenationalisten:276,Jugend packt an bei Telegram:  t.me/wirpackenan,jungenationalisten,276,2020-04-15T05:56:39+00:00,4224,0,https://t.me/jungenationalisten/276
jungenationalisten:275,Das Leben siegt über den Tod - wir wünschen frohe Ostern. 🐰🇩🇪🍀,jungenationalisten,275,2020-04-12T13:48:08+00:00,1927,0,https://t.me/jungenationalisten/275
jungenationalisten:274,"Verschiedene Verbände und mittlerweile auch Privatpersonen haben einen Hilferuf veröffentlicht, in dem sie darum bitten,",jungenationalisten,274,2020-04-08T14:33:58+00:00,1104,0,https://t.me/jungenationalisten/274
jungenationalisten:272,"Liebe Freunde und Gäste, werte Unterstützer.  Die aktuelle Entwicklung, sowie die Lage in vielen anderen Ländern, lässt ",jungenationalisten,272,2020-04-07T06:11:52+00:00,2162,0,https://t.me/jungenationalisten/272
jungenationalisten:271,Im Schatten der Corona-Krise arbeitet der Sachverständigenrat deutscher Stiftungen für Integration und Migration (SVR) d,jungenationalisten,271,2020-03-31T14:45:23+00:00,1458,0,https://t.me/jungenationalisten/271
jungenationalisten:270,"Nach der Coronaeinkaufshilfe startet nun die nächste JN-Solidaritätsaktion, diesmal geht’s für unseren ohnehin schon geb",jungenationalisten,270,2020-03-30T20:05:18+00:00,867,0,https://t.me/jungenationalisten/270
jungenationalisten:269,Zeigt Solidarität!,jungenationalisten,269,2020-03-29T11:45:17+00:00,1638,0,https://t.me/jungenationalisten/269
jungenationalisten:268,"Seit Jahren zeigt sich deutlich, wie das bundesdeutsche Gesundheitssystem systematisch durch das Handeln aktueller Polit",jungenationalisten,268,2020-03-27T20:20:42+00:00,903,0,https://t.me/jungenationalisten/268
jungenationalisten:267,"Wichtige Mitteilung!  Aus aktuellem Anlass bleibt auch uns leider nichts anderes übrig, als den Erich-Priebke-Marsch 202",jungenationalisten,267,2020-03-23T10:17:28+00:00,120,0,https://t.me/jungenationalisten/267
jungenationalisten:266,Die Coronakrise und die immer weiter um sich greifende Einschränkung des öffentlichen Lebens hält seit Tagen die Bundesr,jungenationalisten,266,2020-03-21T09:39:42+00:00,895,0,https://t.me/jungenationalisten/266
jungenationalisten:265,Als Arbeitnehmer oder Selbstständiger von Corona betroffen – wie sieht es mit dem Arbeitslohn und Finanzhilfen aus?   Wi,jungenationalisten,265,2020-03-19T08:01:13+00:00,112,0,https://t.me/jungenationalisten/265
jungenationalisten:264,"Pommern: Gegen Kriegsende 1945 wurde Massenmord an der Bevölkerung in Swinemünde begangen. Die Geschichtserzählung, wie ",jungenationalisten,264,2020-03-17T09:35:37+00:00,927,0,https://t.me/jungenationalisten/264
jungenationalisten:263,"Am Sonnabend, den 7. März 2020, fand der 44. JN-Bundeskongress in Sachsen statt. Nach dem Jubliläumskongress im November",jungenationalisten,263,2020-03-11T09:57:54+00:00,2846,0,https://t.me/jungenationalisten/263
jungenationalisten:262,"2012 startete das finnische soziale Projekt „Finnische Hilfe“, Suomalaisapu, seine Arbeit. In den ersten 5 Jahren seines",jungenationalisten,262,2020-03-10T12:16:56+00:00,2157,0,https://t.me/jungenationalisten/262
jungenationalisten:261,>>> www.frontdienst.de  <<<  ## Aufkleber ## Flugis ## Kleidung ## uvm.  Material für die deutsche Revolution!,jungenationalisten,261,2020-03-05T12:32:51+00:00,4571,0,https://t.me/jungenationalisten/261
jungenationalisten:260,Am Freitag organisierte der NPD Kreisverband Berlin-Pankow in Zusammenarbeit mit dem Berliner Stützpunkt der Jungen Nati,jungenationalisten,260,2020-03-03T15:53:10+00:00,1534,0,https://t.me/jungenationalisten/260
jungenationalisten:258,Der nächste Sturm auf Europa steht bevor. Die Grenzbehörden sind überfordert und werden den Invasoren nicht lange standh,jungenationalisten,258,2020-03-02T07:45:54+00:00,128,0,https://t.me/jungenationalisten/258
jungenationalisten:257,"Bildung, Aktivismus, Gemeinschaft – das sind die drei Grundpfeiler unserer nationalen Jugendbewegung.  Unser Kampf um un",jungenationalisten,257,2020-02-28T17:48:22+00:00,919,0,https://t.me/jungenationalisten/257
jungenationalisten:256,ERFOLGREICHER MÜGGELSEEMARSCH DER BERLINER JN  Heimat ist mehr als nur ein Ort. Heimat ist ein Gefühl. Ein Gefühl von Fr,jungenationalisten,256,2020-02-28T15:13:42+00:00,802,0,https://t.me/jungenationalisten/256
jungenationalisten:255,Die Zahl der Hausdurchsuchungen und Fälle von staatlicher Schikane nehmen in letzter Zeit gerade bei jungen Aktivisten u,jungenationalisten,255,2020-02-27T09:29:05+00:00,931,0,https://t.me/jungenationalisten/255
jungenationalisten:254,Der Tag der politischen Gefangenen rückt näher.   In knapp 4 Wochen findet die Kundgebung in Hennigsdorf statt. Grund ge,jungenationalisten,254,2020-02-26T21:28:17+00:00,945,0,https://t.me/jungenationalisten/254
jungenationalisten:253,Raus an die frische Luft!  Ende März gibt es wieder die Möglichkeit sich das Leistungsabzeichen Stufe I der Jungen Natio,jungenationalisten,253,2020-02-26T07:29:17+00:00,155,0,https://t.me/jungenationalisten/253
jungenationalisten:251,(DE)  In Kürze werden wir gesammeltes Foto- und Videomaterial veröffentlichen. In diesem Video könnt ihr den gesamten Ge,jungenationalisten,251,2020-02-16T19:04:29+00:00,170,0,https://t.me/jungenationalisten/251
jungenationalisten:250,,jungenationalisten,250,2020-02-13T19:46:54+00:00,158,0,https://t.me/jungenationalisten/250
jungenationalisten:249,(DE)  Hier spricht Dresden!  Am 13. Februar jähren  sich die angloamerikanischen Bombenangriffe auf die Kunst- und Kultu,jungenationalisten,249,2020-02-13T14:27:06+00:00,190,0,https://t.me/jungenationalisten/249
jungenationalisten:248,"...dabei verschweigen alle Bücher in unserem Land, die wahre Zahl der toten Deutschen im Phosphorbrand!  13./14.02 1945 ",jungenationalisten,248,2020-02-13T12:10:19+00:00,731,0,https://t.me/jungenationalisten/248
jungenationalisten:247,,jungenationalisten,247,2020-02-12T19:53:44+00:00,173,0,https://t.me/jungenationalisten/247
jungenationalisten:246,,jungenationalisten,246,2020-02-12T19:53:44+00:00,172,0,https://t.me/jungenationalisten/246
jungenationalisten:245,,jungenationalisten,245,2020-02-12T19:53:44+00:00,171,0,https://t.me/jungenationalisten/245
jungenationalisten:244,"(DE)  Genauso, wie die kriminellen Deutschlandhasser die Buchstaben aus dem Gedenkstein in Dresden-Nickern herausgeschla",jungenationalisten,244,2020-02-12T19:53:41+00:00,191,0,https://t.me/jungenationalisten/244
jungenationalisten:243,,jungenationalisten,243,2020-02-12T19:47:40+00:00,197,0,https://t.me/jungenationalisten/243
jungenationalisten:242,,jungenationalisten,242,2020-02-12T19:47:40+00:00,197,0,https://t.me/jungenationalisten/242
jungenationalisten:241,,jungenationalisten,241,2020-02-12T19:47:40+00:00,196,0,https://t.me/jungenationalisten/241
jungenationalisten:240,,jungenationalisten,240,2020-02-12T19:47:40+00:00,195,0,https://t.me/jungenationalisten/240
jungenationalisten:239,,jungenationalisten,239,2020-02-12T19:47:40+00:00,192,0,https://t.me/jungenationalisten/239
jungenationalisten:238,(DE)  Straßentheater mit Flugblattverteilung in Dresden!  Heute haben Aktivisten aus Dresden mit einem Straßentheater au,jungenationalisten,238,2020-02-12T19:47:35+00:00,225,0,https://t.me/jungenationalisten/238
jungenationalisten:237,,jungenationalisten,237,2020-02-12T17:22:12+00:00,228,0,https://t.me/jungenationalisten/237
jungenationalisten:236,,jungenationalisten,236,2020-02-12T17:22:12+00:00,232,0,https://t.me/jungenationalisten/236
jungenationalisten:235,Merkwürdiges Urteil: Umstrittener David Janzen keine Person des öffentlichen Lebens? # Rückendeckung für unsere Aktivist,jungenationalisten,235,2020-02-12T17:22:12+00:00,209,0,https://t.me/jungenationalisten/235
jungenationalisten:234,Die zweite Kundgebung findet vor dem Karstadt Gewandhaus statt. Es spricht Sebastian Weigler (JN),jungenationalisten,234,2020-02-12T15:58:47+00:00,114,0,https://t.me/jungenationalisten/234
jungenationalisten:233,JN Braunschweig in hochform. Nachdem frechen Urteil gegen zwei unserer Aktivisten wurde in der Innenstadt mit mehreren K,jungenationalisten,233,2020-02-12T15:58:47+00:00,583,0,https://t.me/jungenationalisten/233
jungenationalisten:232,"(DE)  Hier ist Dresden!  Wir haben nun den Auflagenbescheid der Stadt Dresden vorliegen und teilen Euch, zur Vorbereitun",jungenationalisten,232,2020-02-10T17:27:19+00:00,111,0,https://t.me/jungenationalisten/232
jungenationalisten:231,"DDR-Demokratie 2020 – der Fall Thüringen  Wenn Wahlergebnisse „unverzeihlich“ sind und „korrigiert“ werden müssen, Bauer",jungenationalisten,231,2020-02-09T15:10:59+00:00,100,0,https://t.me/jungenationalisten/231
jungenationalisten:230,Am Wochenende meisterten heimatverbundene Kräfte aus ganz Europa erneut den Gedenkmarsch Ausbruch '60. In 60 Kilometern ,jungenationalisten,230,2020-02-09T13:04:52+00:00,1821,0,https://t.me/jungenationalisten/230
jungenationalisten:229,Gestern wurde erfolgreich der Müggelseemarsch in Treptow-Köpenick absolviert. Die 25 Kilometer wurden sowohl von jungen ,jungenationalisten,229,2020-02-09T09:25:41+00:00,575,0,https://t.me/jungenationalisten/229
jungenationalisten:228,(DE)  https://www.dnn.de/Dresden/Lokales/Obelisk-in-Nickern-mit-rosa-Farbe-beschmiert  Die so genannten Argumente der an,jungenationalisten,228,2020-02-08T19:16:09+00:00,95,0,https://t.me/jungenationalisten/228
jungenationalisten:227,(DE)  Hier spricht Dresden!  Mehr als 46.000 unserer Flugblätter haben wir bisher ausgegeben. Die Restbestände und viele,jungenationalisten,227,2020-02-08T19:16:00+00:00,91,0,https://t.me/jungenationalisten/227
jungenationalisten:226,„Mein Name ist Fylgien. Ich mache seit ’99/’00 Musik. Im Laufe der vielen Jahre habe ich bei unzähligen Konzerten im In-,jungenationalisten,226,2020-02-07T12:44:47+00:00,647,0,https://t.me/jungenationalisten/226
jungenationalisten:223,"(DE)  Hier spricht Dresden!  Ab morgen haben wir eine Infonummer geschalten! Darüber können sich, zur besseren Planung u",jungenationalisten,223,2020-02-05T17:19:04+00:00,73,0,https://t.me/jungenationalisten/223
jungenationalisten:222,"Nach „Vision Europa“ (2015) und „[RE]generation.EUROPA“ (2018), folgt unter dem Leitspruch „Europa in Aktion“ am 15. und",jungenationalisten,222,2020-02-05T07:43:22+00:00,2395,0,https://t.me/jungenationalisten/222
jungenationalisten:220,"(DE)  Hier spricht Dresden!  Heute möchten wir auf eine Veranstaltung zum Thema ""Dresden 1945"", hinweisen. Diese findet ",jungenationalisten,220,2020-02-04T07:47:14+00:00,74,0,https://t.me/jungenationalisten/220
jungenationalisten:219,Am 30.01. jährte sich der Tag an dem das sowjetische U-Boot S13 das deutsche Lazarettschiff “Wilhelm Gustloff” versenkte,jungenationalisten,219,2020-02-03T11:21:51+00:00,597,0,https://t.me/jungenationalisten/219
jungenationalisten:218,,jungenationalisten,218,2020-02-02T21:12:04+00:00,62,0,https://t.me/jungenationalisten/218
jungenationalisten:217,(DE)  Hier spricht Dresden!  In wenigen Tagen jähren sich die angloamerikanischen Bombenangriffe auf die Kunst- und Kult,jungenationalisten,217,2020-02-02T21:12:01+00:00,87,0,https://t.me/jungenationalisten/217
jungenationalisten:216,"Nicht nur Schulungen und Aktivismus auf der Straße zeichnen uns als politische Jugendorganisation aus, sondern auch, das",jungenationalisten,216,2020-02-01T10:25:00+00:00,852,0,https://t.me/jungenationalisten/216
jungenationalisten:215,Am 21.2.2020 stellt sich unsere Jugendbewegung in Thüringen vor. Seid mit dabei!,jungenationalisten,215,2020-01-29T15:02:05+00:00,1225,0,https://t.me/jungenationalisten/215
jungenationalisten:214,"„Jugend packt an“ jetzt auch via Instagram erreichbar!   Wir helfen, wo der Staat versagt!   https://www.instagram.com/i",jungenationalisten,214,2020-01-29T09:48:20+00:00,699,0,https://t.me/jungenationalisten/214
jungenationalisten:213,"Am Sonnabend, den 25. Januar fand in Roßlau eine Demonstration statt. Diese stand unter dem Motto : “Versuchter Mord, wi",jungenationalisten,213,2020-01-27T12:25:56+00:00,1118,0,https://t.me/jungenationalisten/213
jungenationalisten:212,"(DE)  Hier ist Dresden!  Heute wollen wir noch einmal auf unser Informationsmaterial hinweisen, mit dessen Kauf ihr unse",jungenationalisten,212,2020-01-24T13:55:46+00:00,89,0,https://t.me/jungenationalisten/212
jungenationalisten:211,Wir wollen ein wenig die Werbetrommel rühren:  Der Zensur trotzen und immer informiert bleiben? Der Telegram Kanal der N,jungenationalisten,211,2020-01-24T13:34:00+00:00,93,0,https://t.me/jungenationalisten/211
jungenationalisten:210,Terminhinweis,jungenationalisten,210,2020-01-23T20:39:29+00:00,1522,0,https://t.me/jungenationalisten/210
jungenationalisten:209,"Nicht nur Freitags in Sachen Klima und Umweltschutz auf die Straßen gehen, sondern dann, wenn es notwendig ist – für Deu",jungenationalisten,209,2020-01-21T18:32:25+00:00,1318,0,https://t.me/jungenationalisten/209
jungenationalisten:207,,jungenationalisten,207,2020-01-17T22:11:08+00:00,96,0,https://t.me/jungenationalisten/207
jungenationalisten:206,Trauermarsch Magdeburg   Klarer kann sich der Kontrast dieser Gesellschaft nicht zeigen. Während hassverzerrte Gegendemo,jungenationalisten,206,2020-01-17T21:14:30+00:00,94,0,https://t.me/jungenationalisten/206
jungenationalisten:205,"Vollmond in der Lüneburger Heide. Es ist Januar und unsere Gruppen machen sich auf den Weg. Rucksack, Taschenlampe und n",jungenationalisten,205,2020-01-15T12:30:51+00:00,1563,0,https://t.me/jungenationalisten/205
jungenationalisten:204,,jungenationalisten,204,2020-01-15T11:59:05+00:00,91,0,https://t.me/jungenationalisten/204
jungenationalisten:203,,jungenationalisten,203,2020-01-15T11:59:05+00:00,99,0,https://t.me/jungenationalisten/203
jungenationalisten:202,,jungenationalisten,202,2020-01-15T11:59:05+00:00,97,0,https://t.me/jungenationalisten/202
jungenationalisten:201,(DE)  Hier ist Dresden!  Ab heute könnt Ihr auf www.frontdienst.de unsere aktuellen Unterstützer-Hemden und Pullis erste,jungenationalisten,201,2020-01-15T11:59:05+00:00,95,0,https://t.me/jungenationalisten/201
jungenationalisten:200,"Am Freitag, den 10. Januar, organisierten die Jungen Nationalisten eine Info-Veranstaltung für Sympathisanten und Intere",jungenationalisten,200,2020-01-14T12:20:08+00:00,1070,0,https://t.me/jungenationalisten/200
jungenationalisten:199,"(DE)  Alexander Jungkunz, Redakteur der ""Nürnberger Nachrichten"", bezeichnet den Bombenkrieg gegen die Zivilbevölkerung ",jungenationalisten,199,2020-01-14T08:47:19+00:00,113,0,https://t.me/jungenationalisten/199
jungenationalisten:198,Das Jahr 2020 begann für die Hessen & Süd JNler mit einer Wanderung entlang der ehemaligen innerdeutschen Grenze zwische,jungenationalisten,198,2020-01-13T21:37:34+00:00,639,0,https://t.me/jungenationalisten/198
jungenationalisten:197,Erste Meldung vom Orientierungsmarsch in Niedersachsen:  Die letzten Teilnehmer sind nach erfolgter Orientierung in der ,jungenationalisten,197,2020-01-12T14:21:32+00:00,1146,0,https://t.me/jungenationalisten/197
jungenationalisten:196,Sanny von „Junge Revolution“ und unser Bundeschef äußern sich zum gestrigen Tage in Dessau-Roßlau.     https://youtu.be/,jungenationalisten,196,2020-01-11T18:21:11+00:00,1538,0,https://t.me/jungenationalisten/196
jungenationalisten:195,+Info-Veranstaltung in Sachsen Anhalt+ +Starke Repressionen im Vorfeld+  Trotz staatlicher Repression findet aktuell ein,jungenationalisten,195,2020-01-10T21:35:42+00:00,1132,0,https://t.me/jungenationalisten/195
jungenationalisten:191,"Junge Nationalisten für sichere Grenzen:  https://youtu.be/Kwn6wF6yNTE  Entzieht den Schlepper-NGOs die Finanzierungen, ",jungenationalisten,191,2020-01-07T10:53:01+00:00,1668,0,https://t.me/jungenationalisten/191
jungenationalisten:190,Nicht vergessen! Heute letzter Tag für die Anmeldung!,jungenationalisten,190,2020-01-05T10:01:23+00:00,1119,0,https://t.me/jungenationalisten/190
jungenationalisten:189,(DE)  Hier ist Dresden!  Wir wünschen all unseren Unterstützern und Freunden ein gesundes und erfolgreiches neues Jahr! ,jungenationalisten,189,2020-01-03T08:39:23+00:00,99,0,https://t.me/jungenationalisten/189
jungenationalisten:188,Am 14. März findet der erste Revolutionäre Kongress in Mitteldeutschland statt. Beim Frontdienst erhaltet Ihr exklusiv E,jungenationalisten,188,2020-01-02T18:10:22+00:00,637,0,https://t.me/jungenationalisten/188
jungenationalisten:187,"Um nach dem weihnachtlichen Müßiggang wieder Tritt zu fassen, veranstaltete die JN-Sachsen vom 27. zum 28. Dezember ein ",jungenationalisten,187,2020-01-02T12:12:56+00:00,639,0,https://t.me/jungenationalisten/187
jungenationalisten:186,Erneut neigt sich das Jahr dem Ende und wie inzwischen jedes Jahr trafen sich auch diesmal Aktivisten und Mitstreiter de,jungenationalisten,186,2020-01-02T11:33:44+00:00,638,0,https://t.me/jungenationalisten/186
jungenationalisten:185,"Das Jahr 2020 ist nun einige Stunden jung. Das Positive vorweg: Wir leben noch und die Erde ist nicht untergegangen, obw",jungenationalisten,185,2020-01-01T18:28:05+00:00,1528,0,https://t.me/jungenationalisten/185
jungenationalisten:184,​​(DE)  4. JN-Europakongress - EUROPA IN AKTION  Nachdem Einige es in den vergangenen Tagen bereits am Rande mitbekommen,jungenationalisten,184,2019-12-30T19:04:21+00:00,1038,0,https://t.me/jungenationalisten/184
jungenationalisten:183,Erneut ist der öffentliche Rundfunk stark in Kritik geraten. Während die NPD bereits im November entschlossen gegen link,jungenationalisten,183,2019-12-29T16:03:20+00:00,105,0,https://t.me/jungenationalisten/183
jungenationalisten:182,Schon mal vormerken. Wird eine extrem gute Veranstaltung. 😉,jungenationalisten,182,2019-12-26T15:20:01+00:00,746,0,https://t.me/jungenationalisten/182
jungenationalisten:181,,jungenationalisten,181,2019-12-23T07:51:36+00:00,111,0,https://t.me/jungenationalisten/181
jungenationalisten:180,,jungenationalisten,180,2019-12-23T07:51:36+00:00,112,0,https://t.me/jungenationalisten/180
jungenationalisten:179,,jungenationalisten,179,2019-12-23T07:51:36+00:00,109,0,https://t.me/jungenationalisten/179
jungenationalisten:178,,jungenationalisten,178,2019-12-23T07:51:36+00:00,110,0,https://t.me/jungenationalisten/178
jungenationalisten:177,,jungenationalisten,177,2019-12-23T07:51:36+00:00,111,0,https://t.me/jungenationalisten/177
jungenationalisten:176,,jungenationalisten,176,2019-12-23T07:51:36+00:00,109,0,https://t.me/jungenationalisten/176
jungenationalisten:175,,jungenationalisten,175,2019-12-23T07:51:36+00:00,115,0,https://t.me/jungenationalisten/175
jungenationalisten:174,NPD & linke Demo in Eschede  der rote Mob im Dorf  Redeverbot für Carsten Dicty  überforderte und unterbesetzte Polizei ,jungenationalisten,174,2019-12-23T07:51:36+00:00,120,0,https://t.me/jungenationalisten/174
jungenationalisten:173,,jungenationalisten,173,2019-12-22T19:52:33+00:00,120,0,https://t.me/jungenationalisten/173
jungenationalisten:172,,jungenationalisten,172,2019-12-22T19:52:33+00:00,121,0,https://t.me/jungenationalisten/172
jungenationalisten:171,,jungenationalisten,171,2019-12-22T19:52:33+00:00,117,0,https://t.me/jungenationalisten/171
jungenationalisten:170,,jungenationalisten,170,2019-12-22T19:52:33+00:00,115,0,https://t.me/jungenationalisten/170
jungenationalisten:169,,jungenationalisten,169,2019-12-22T19:52:33+00:00,116,0,https://t.me/jungenationalisten/169
jungenationalisten:168,Hohe Nacht der klaren Sterne - Wintersonnenwende 2019 in Eschede   Ohne viele Worte wollen wir die Eindrücke unserer Win,jungenationalisten,168,2019-12-22T19:52:33+00:00,123,0,https://t.me/jungenationalisten/168
jungenationalisten:167,"Wo heut die Sonnwendfeuer lohen Da ist noch frei die deutsche Erde; Ob auch die Feinde ringsum drohen, Wir wehren sie vo",jungenationalisten,167,2019-12-21T18:23:13+00:00,715,0,https://t.me/jungenationalisten/167
jungenationalisten:166,"Liebe Freunde, Unterstützer und Mitglieder unserer Jugendbewegung.   Heute wurde die letzte Post des Jahres verschickt m",jungenationalisten,166,2019-12-21T12:11:57+00:00,651,0,https://t.me/jungenationalisten/166
jungenationalisten:165,Eschede verteidigen! Heimat und Kultur einen Ort geben.  Rote Krawallmacher und AntiFa Gruppen beteiligen sich nach eige,jungenationalisten,165,2019-12-20T14:50:15+00:00,95,0,https://t.me/jungenationalisten/165
jungenationalisten:164,,jungenationalisten,164,2019-12-20T09:16:01+00:00,88,0,https://t.me/jungenationalisten/164
jungenationalisten:163,Protestaktion gegen KuFa Hildesheim!  Die Kulturfabrik Löseke e.V. (KuFa) ist ein typisches Beispiel für die staatliche ,jungenationalisten,163,2019-12-20T09:16:01+00:00,97,0,https://t.me/jungenationalisten/163
jungenationalisten:162,Die Jungen Nationalisten stellen sich in Sachsen-Anhalt vor. Sei auch Du dabei!,jungenationalisten,162,2019-12-19T21:34:37+00:00,1613,0,https://t.me/jungenationalisten/162
jungenationalisten:161,"(DE)  Hier spricht Dresden!  Heute für Euch unser zweiter filmischer Aufruf. Teilt ihn mit Euren Freunden, verknüpft ihn",jungenationalisten,161,2019-12-18T08:15:21+00:00,95,0,https://t.me/jungenationalisten/161
jungenationalisten:160,(DE)  Hier spricht Dresden!  Auf unserer Seite http://dresden-gedenken.info findet Ihr aktuelles Infomaterial wie Flugbl,jungenationalisten,160,2019-12-10T16:40:52+00:00,128,0,https://t.me/jungenationalisten/160
jungenationalisten:159,,jungenationalisten,159,2019-12-06T14:23:23+00:00,112,0,https://t.me/jungenationalisten/159
jungenationalisten:158,Rechtsrock im Jahr 2019,jungenationalisten,158,2019-12-06T14:23:23+00:00,766,0,https://t.me/jungenationalisten/158
jungenationalisten:152,"Demonstration Hannover – der Stich hat gesessen!  Wie notwendig diese Demonstration war, können wir alleine schon an der",jungenationalisten,152,2019-11-24T19:27:57+00:00,122,0,https://t.me/jungenationalisten/152
jungenationalisten:151,,jungenationalisten,151,2019-11-24T19:27:57+00:00,108,0,https://t.me/jungenationalisten/151
jungenationalisten:150,,jungenationalisten,150,2019-11-24T19:27:57+00:00,111,0,https://t.me/jungenationalisten/150
jungenationalisten:149,,jungenationalisten,149,2019-11-24T19:27:57+00:00,102,0,https://t.me/jungenationalisten/149
jungenationalisten:148,Julian Feldman  - Denunziant!,jungenationalisten,148,2019-11-23T15:01:09+00:00,96,0,https://t.me/jungenationalisten/148
jungenationalisten:147,🇩🇪🇩🇪🇩🇪,jungenationalisten,147,2019-11-23T14:33:48+00:00,97,0,https://t.me/jungenationalisten/147
jungenationalisten:146,Das VG Hannover hat das Demo-Verbot gekippt. So ist auch der lächerliche Versuch von Polizei und Innenminister gescheite,jungenationalisten,146,2019-11-22T13:56:35+00:00,101,0,https://t.me/jungenationalisten/146
jungenationalisten:145,Heute Abend ging gegen 20:18 die Verbotsverfügung für Hannover bei uns ein.  Nach dem Gepolter von Innenminister Pistori,jungenationalisten,145,2019-11-21T21:26:26+00:00,103,0,https://t.me/jungenationalisten/145
jungenationalisten:143,Eines vornweg…: Gern hätten wir uns diese Klarstellung erspart! Das hysterische Gekreische einiger machtbesoffener AfD-P,jungenationalisten,143,2019-11-20T18:17:28+00:00,1336,0,https://t.me/jungenationalisten/143
jungenationalisten:142,"Facebook mag uns nicht. Wir finden Alternativen. Folgt, abonniert und teilt unsere Kanäle ;-)",jungenationalisten,142,2019-11-20T13:21:13+00:00,1252,0,https://t.me/jungenationalisten/142
jungenationalisten:141,"Unser Versprechen - unsere Verpflichtung   Karl Münter wurde kriminalisiert, isoliert und überfallen. Er blieb standhaft",jungenationalisten,141,2019-11-20T07:03:29+00:00,108,0,https://t.me/jungenationalisten/141
jungenationalisten:139,Wir demonstrieren in Hannover am 23.11.2019 gegen GEZ und Feldmann:  Schluss mit steuerfinanzierter Hetze – Feldmann in ,jungenationalisten,139,2019-11-18T17:06:49+00:00,2518,0,https://t.me/jungenationalisten/139
jungenationalisten:138,"Es sind nicht viele, die in diesen sturmumwogten Zeiten an die Gräber jener treten, die in den großen Freiheitskämpfen u",jungenationalisten,138,2019-11-18T14:49:34+00:00,2236,0,https://t.me/jungenationalisten/138
jungenationalisten:137,Getreu unserem Aufruf erfüllten bundesweit JN-Aktivisten den Befehl ihres Gewissens. Treue und Treue. Hier ein Bild aus ,jungenationalisten,137,2019-11-17T18:31:53+00:00,655,0,https://t.me/jungenationalisten/137
jungenationalisten:136,Getreu unserem Aufruf erfüllten bundesweit JN-Aktivisten den Befehl ihres Gewissens. Treue und Treue. Hier ein Bild aus ,jungenationalisten,136,2019-11-17T18:22:36+00:00,659,0,https://t.me/jungenationalisten/136
jungenationalisten:135,Getreu unserem Aufruf erfüllten bundesweit JN-Aktivisten den Befehl ihres Gewissens. Treue und Treue. Hier ein Bild aus ,jungenationalisten,135,2019-11-17T18:21:59+00:00,635,0,https://t.me/jungenationalisten/135
jungenationalisten:134,Getreu unserem Aufruf erfüllten bundesweit JN-Aktivisten den Befehl ihres Gewissens. Treue und Treue. Hier ein Bild aus ,jungenationalisten,134,2019-11-17T18:21:05+00:00,728,0,https://t.me/jungenationalisten/134
jungenationalisten:132,Getreu unserem Aufruf erfüllten bundesweit JN-Aktivisten den Befehl ihres Gewissens. Treue und Treue. Hier ein Bild aus ,jungenationalisten,132,2019-11-17T18:19:03+00:00,605,0,https://t.me/jungenationalisten/132
jungenationalisten:130,MECKLENBURG: ALLES STASI ODER WAS?  https://junge-nationalisten.de/allgemein/mecklenburg-alles-stasi-oder-was/,jungenationalisten,130,2019-11-17T08:58:38+00:00,654,0,https://t.me/jungenationalisten/130
jungenationalisten:129,"Heraus zum Volkstrauertag!  Die Ehrerbietung gegenüber jenen, welche auf den Schlachtfeldern der großen Kriege, wie an d",jungenationalisten,129,2019-11-16T09:38:52+00:00,2821,0,https://t.me/jungenationalisten/129
jungenationalisten:128,Unser Bundeskongress in Bild und Ton.   https://youtu.be/2DVNNixbSTQ,jungenationalisten,128,2019-11-15T14:27:14+00:00,2834,0,https://t.me/jungenationalisten/128
jungenationalisten:127,"Bereits im Januar organisierte die Berliner JN einen zehnstündigen Kulturtag, der als Ziel hatte, die über 750 jährige G",jungenationalisten,127,2019-11-15T10:39:06+00:00,855,0,https://t.me/jungenationalisten/127
jungenationalisten:126,"(DE)  Hier spricht Dresden!  Heute für Euch unser erster filmischer Aufruf. Teilt ihn mit Euren Freunden, verknüpft ihn ",jungenationalisten,126,2019-11-14T18:00:33+00:00,88,0,https://t.me/jungenationalisten/126
jungenationalisten:125,,jungenationalisten,125,2019-11-13T18:51:35+00:00,697,0,https://t.me/jungenationalisten/125
jungenationalisten:124,Hier spricht Dresden!  Im Februar 2020 jähren sich die angloamerikanischen Bombenangriffe auf die Stadt Dresden zum 75. ,jungenationalisten,124,2019-11-13T18:50:56+00:00,2100,1,https://t.me/jungenationalisten/124
jungenationalisten:123,Bereits seit dem Jahr 1967 gab es innerhalb der NPD erste Bestrebungen zur Schaffung eines eigenständigen Jugendverbande,jungenationalisten,123,2019-11-13T15:34:29+00:00,1107,0,https://t.me/jungenationalisten/123
jungenationalisten:122,Der linke Bürgermeister von Breslau hat am polnischen Nationalfeiertag seine eigenen Landsleute von der Polizei angreife,jungenationalisten,122,2019-11-11T19:22:43+00:00,762,0,https://t.me/jungenationalisten/122
jungenationalisten:121,Nach der Mittagspause und musikalischer Untermalung durch Phil von Flak skizziert der Parteivorsitzende Frank Franz sein,jungenationalisten,121,2019-11-09T13:59:59+00:00,1297,0,https://t.me/jungenationalisten/121
jungenationalisten:119,"Die Mitgliedsnummer 1 berichtet über die bewegte Geschichte der JN: Thomas Salomon, die ewige Nummer #1!",jungenationalisten,119,2019-11-09T12:40:04+00:00,1161,0,https://t.me/jungenationalisten/119
jungenationalisten:118,,jungenationalisten,118,2019-11-09T12:39:56+00:00,1161,0,https://t.me/jungenationalisten/118
jungenationalisten:116,,jungenationalisten,116,2019-11-09T11:35:44+00:00,1968,0,https://t.me/jungenationalisten/116
jungenationalisten:115,,jungenationalisten,115,2019-11-09T11:35:44+00:00,1959,0,https://t.me/jungenationalisten/115
jungenationalisten:114,,jungenationalisten,114,2019-11-09T11:35:44+00:00,1969,0,https://t.me/jungenationalisten/114
jungenationalisten:113,,jungenationalisten,113,2019-11-09T11:35:44+00:00,1949,0,https://t.me/jungenationalisten/113
jungenationalisten:112,Erste Eindrücke vom Kongress:,jungenationalisten,112,2019-11-09T11:34:11+00:00,1309,0,https://t.me/jungenationalisten/112
jungenationalisten:111,,jungenationalisten,111,2019-11-02T09:00:14+00:00,2672,0,https://t.me/jungenationalisten/111
jungenationalisten:109,"Nächstes Wochenende ist es soweit! Wir feiern unser 50-jähriges Bestehen mit Mitgliedern, Ehemaligen und Gästen im Rahme",jungenationalisten,109,2019-11-02T08:50:53+00:00,2418,0,https://t.me/jungenationalisten/109
jungenationalisten:106,,jungenationalisten,106,2019-10-28T13:29:53+00:00,101,0,https://t.me/jungenationalisten/106
jungenationalisten:105,Am 23.11. demonstrieren wir in der Landeshauptstadt Hannover für ein längst überfälliges Thema.  Als ersten Redner und a,jungenationalisten,105,2019-10-28T13:29:53+00:00,128,0,https://t.me/jungenationalisten/105
jungenationalisten:104,,jungenationalisten,104,2019-10-23T10:15:50+00:00,90,0,https://t.me/jungenationalisten/104
jungenationalisten:103,Das Todeslabor muss weg - Tierversuche stoppen.  Die neuen Erkenntnisse lassen keinen Zweifel: Das LPT in Mienenbüttel m,jungenationalisten,103,2019-10-23T10:15:50+00:00,95,0,https://t.me/jungenationalisten/103
jungenationalisten:100,JN-Pommern meldet sich vom Kulturtag in #Anklam  Allen Stürmen zum Trotz - Pommerns Jugend steht bereit!,jungenationalisten,100,2019-10-19T15:17:38+00:00,2162,0,https://t.me/jungenationalisten/100
jungenationalisten:99,,jungenationalisten,99,2019-10-19T15:16:49+00:00,1920,0,https://t.me/jungenationalisten/99
jungenationalisten:98,Noch mehr Bilder gibt es bei Facebook  https://m.facebook.com/story.php?story_fbid=117151323031426&id=112214570191768,jungenationalisten,98,2019-10-18T14:59:14+00:00,767,0,https://t.me/jungenationalisten/98
jungenationalisten:97,"So gut wie die Woche begonnen hat, endet sie auch:  Zu Besuch an der Hochschule Rhein-Main. Im Bild die Rüsselsheimer St",jungenationalisten,97,2019-10-18T14:43:55+00:00,1432,0,https://t.me/jungenationalisten/97
jungenationalisten:94,,jungenationalisten,94,2019-10-17T15:15:59+00:00,691,0,https://t.me/jungenationalisten/94
jungenationalisten:93,Mehr dazu: https://www.facebook.com/225528498320791/photos/a.225544581652516/453809768825995/,jungenationalisten,93,2019-10-17T15:12:05+00:00,1840,0,https://t.me/jungenationalisten/93
jungenationalisten:92,">>>Junge Nationalisten führen durch Berlin<<<  Nach unserer erfolgreichen Stadtführung im Januar kommt nun, am kommenden",jungenationalisten,92,2019-10-17T05:27:01+00:00,759,0,https://t.me/jungenationalisten/92
jungenationalisten:91,JN-Treffen und anschließende Verteilaktion in Berlin-Köpenick  Regelmäßig veranstaltet die Hauptstadt JN monatliche Mitg,jungenationalisten,91,2019-10-15T17:15:14+00:00,638,0,https://t.me/jungenationalisten/91
jungenationalisten:90,Hanstedt wehrt sich!  In Folge der offenen Verbrechen und dem Großaufgebot der Polizei beginnen immer mehr Hanstedter of,jungenationalisten,90,2019-10-15T16:32:42+00:00,1076,0,https://t.me/jungenationalisten/90
jungenationalisten:89,--> www.studentenrat.info <--  Rechte Kontrakultur für Erstsemester  Heute haben wir am Campus Nord in #Braunschweig die,jungenationalisten,89,2019-10-14T08:43:34+00:00,1786,0,https://t.me/jungenationalisten/89
jungenationalisten:88,,jungenationalisten,88,2019-10-14T08:25:59+00:00,1767,0,https://t.me/jungenationalisten/88
jungenationalisten:87,„In der Reihe großer Töchter und Söhne unseres Volkes gehören heute auch wir als Junge Nationalisten zu den wahrscheinli,jungenationalisten,87,2019-10-10T17:46:49+00:00,830,0,https://t.me/jungenationalisten/87
jungenationalisten:86,,jungenationalisten,86,2019-10-08T10:06:57+00:00,954,0,https://t.me/jungenationalisten/86
jungenationalisten:85,„Allen Stürmen zum Trotz!“ – Kulturtag am 19.10.2019 in Pommern  Mit ordentlichem Tagesprogramm im Geiste  unseres Dreik,jungenationalisten,85,2019-10-08T10:06:30+00:00,957,0,https://t.me/jungenationalisten/85
jungenationalisten:84,Vor einigen Tagen brachte 3Sat eine Reportage über „Extremismus“ in Deutschland. Auch die JN kam in diesem Beitrag vor. ,jungenationalisten,84,2019-10-07T14:07:04+00:00,754,0,https://t.me/jungenationalisten/84
jungenationalisten:82,Einen überzogenen Polizeieinsatz gab es am Donnerstag auch in Braunschweig.  Mit mehreren Ansprachen rund um das Magnivi,jungenationalisten,82,2019-10-05T12:31:45+00:00,652,0,https://t.me/jungenationalisten/82
jungenationalisten:81,Das „Memellied“ ist übrigens das Deutschlandlied.  Aber selbst die Polizei schreibt nichts von verbotenen Liedern. Lügen,jungenationalisten,81,2019-10-04T11:32:43+00:00,617,0,https://t.me/jungenationalisten/81
jungenationalisten:80,Presseecho Mecklenburg: 1. Deutschlandlied ist nicht verboten 2. War es ein Wimpel und keine Fahne. 3. Gutmenschen nerve,jungenationalisten,80,2019-10-04T09:57:28+00:00,605,0,https://t.me/jungenationalisten/80
jungenationalisten:79,"Presseecho Berlin: ""Unter den Demonstranten waren zahlreiche besorgte Normalbürger verschiedener Altersgruppen, die die ",jungenationalisten,79,2019-10-04T09:53:47+00:00,552,0,https://t.me/jungenationalisten/79
jungenationalisten:78,Hier ein Bild aus  Süddeutschland. Ausführlicher Bericht folgt auf unserer Netzseite...,jungenationalisten,78,2019-10-03T19:49:07+00:00,551,0,https://t.me/jungenationalisten/78
jungenationalisten:77,Hier ein Bild aus Berlin  . Ausführlicher Bericht folgt auf unserer Netzseite...,jungenationalisten,77,2019-10-03T19:48:24+00:00,536,0,https://t.me/jungenationalisten/77
jungenationalisten:76,Hier ein Bild aus Norddeutschland. Ausführlicher Bericht folgt auf unserer Netzseite...,jungenationalisten,76,2019-10-03T19:47:56+00:00,527,0,https://t.me/jungenationalisten/76
jungenationalisten:75,Hier Bilder aus Braunschweig. Ausführlicher Bericht folgt auf unserer Netzseite...,jungenationalisten,75,2019-10-03T19:39:36+00:00,507,0,https://t.me/jungenationalisten/75
jungenationalisten:74,,jungenationalisten,74,2019-10-03T19:37:13+00:00,520,0,https://t.me/jungenationalisten/74
jungenationalisten:73,,jungenationalisten,73,2019-10-03T19:37:13+00:00,536,0,https://t.me/jungenationalisten/73
jungenationalisten:72,Hier Bilder aus Leipzig. Ausführlicher Bericht folgt auf unserer Netzseite...,jungenationalisten,72,2019-10-03T19:08:33+00:00,491,0,https://t.me/jungenationalisten/72
jungenationalisten:71,Hier Bilder aus dem Rheinland. Ausführlicher Bericht folgt auf unserer Netzseite...,jungenationalisten,71,2019-10-03T19:02:12+00:00,488,0,https://t.me/jungenationalisten/71
jungenationalisten:70,,jungenationalisten,70,2019-10-03T19:02:12+00:00,488,0,https://t.me/jungenationalisten/70
jungenationalisten:67,"Heute, zum 3 Oktober, fand ein bundesweiter Aktionstag zum Thema „Befreiungskriege“ statt. Regional fanden deshalb unter",jungenationalisten,67,2019-10-03T18:59:29+00:00,481,0,https://t.me/jungenationalisten/67
jungenationalisten:62,Gemeinsam mit guten Freunden des kürzlich zur großen Armee abberufenen Kameraden und ehemaligen Frontsoldaten Karl Münte,jungenationalisten,62,2019-10-02T19:24:37+00:00,867,0,https://t.me/jungenationalisten/62
jungenationalisten:58,Denn hierzulande schließt die Ernte stets mit Wein und Tanz!  Mit bester Laune klang gestern unser Erntedankfest im Fami,jungenationalisten,58,2019-09-29T17:17:52+00:00,826,0,https://t.me/jungenationalisten/58
jungenationalisten:57,,jungenationalisten,57,2019-09-29T16:51:11+00:00,751,0,https://t.me/jungenationalisten/57
jungenationalisten:56,,jungenationalisten,56,2019-09-29T16:51:11+00:00,741,0,https://t.me/jungenationalisten/56
jungenationalisten:55,Trotz suboptimalen Wetter waren heute die Hauptstadtaktivisten wieder im Osten von Berlin unterwegs. Hier eine Impressio,jungenationalisten,55,2019-09-28T17:20:53+00:00,616,0,https://t.me/jungenationalisten/55
jungenationalisten:54,Musik laut! https://vimeo.com/347763065,jungenationalisten,54,2019-09-28T15:45:39+00:00,792,0,https://t.me/jungenationalisten/54
jungenationalisten:53,Rückblick auf die heutige Schulhof Offensive in Braunschweig:  Nach ordentlichem Auftakt im Bereich des Lessinggymnasium,jungenationalisten,53,2019-09-27T15:38:49+00:00,861,0,https://t.me/jungenationalisten/53
jungenationalisten:52,,jungenationalisten,52,2019-09-27T15:38:25+00:00,784,0,https://t.me/jungenationalisten/52
jungenationalisten:49,Schulhof-Rebellion von rechts!  Wir sind heute für die Kontrakultur von rechts vor #Brauschweiger Schulen unterwegs.  Sc,jungenationalisten,49,2019-09-27T06:29:04+00:00,91,0,https://t.me/jungenationalisten/49
jungenationalisten:47,Am 20. September gab es erstmals auch im sächsischen Döbeln Klimaproteste. Organisiert hatten die Demonstration drei Sch,jungenationalisten,47,2019-09-26T18:47:19+00:00,531,0,https://t.me/jungenationalisten/47
jungenationalisten:46,50 Jahre JN! 50 Jahre im Kampf für unser Vaterland!  50 Jahre Gemeinschaft und Bildung!  50 Jahre Jugendbewegug für Deut,jungenationalisten,46,2019-09-26T16:01:11+00:00,996,0,https://t.me/jungenationalisten/46
jungenationalisten:44,Für unseren großen Bundeskongress am 9. November gibt es auch einige Flugzettel für nationale Objekte. Wenn Du auch Werb,jungenationalisten,44,2019-09-25T13:36:17+00:00,581,0,https://t.me/jungenationalisten/44
jungenationalisten:43,Zur Erinnerung! Dieses Wochenende,jungenationalisten,43,2019-09-24T10:44:38+00:00,882,0,https://t.me/jungenationalisten/43
jungenationalisten:42,"DRESDEN/WARSCHAU/PRAG. Nationalisten aus Deutschland, Polen und der Tschechischen Republik trafen sich auf Einladung des",jungenationalisten,42,2019-09-22T14:59:35+00:00,695,0,https://t.me/jungenationalisten/42
jungenationalisten:41,Auch die Presse berichtet über unsere Anwesenheit.,jungenationalisten,41,2019-09-20T19:57:29+00:00,607,0,https://t.me/jungenationalisten/41
jungenationalisten:40,,jungenationalisten,40,2019-09-20T16:07:01+00:00,544,0,https://t.me/jungenationalisten/40
jungenationalisten:39,Bundesweiter Klimastreik-Tag? Nicht ohne uns! Macher suchen Macher. Weitere Infos folgen...,jungenationalisten,39,2019-09-20T16:07:01+00:00,541,0,https://t.me/jungenationalisten/39
jungenationalisten:38,Papier sammeln und ein soziales Projekt (eurer) Wahl unterstützen!  Papier ist ein gefragter Wertstoff. Deshalb bleibt d,jungenationalisten,38,2019-09-20T12:23:12+00:00,764,0,https://t.me/jungenationalisten/38
jungenationalisten:37,https://npd-sachsen.de/tiere-politisch-korrekt-hungern-lassen-boesartig-und-dumm/,jungenationalisten,37,2019-09-18T15:26:09+00:00,768,0,https://t.me/jungenationalisten/37
jungenationalisten:36,https://junge-nationalisten.de/allgemein/schulungssonnabend-in-brandenburg/,jungenationalisten,36,2019-09-17T10:11:23+00:00,711,0,https://t.me/jungenationalisten/36
jungenationalisten:35,Wir wünschen allen Unterstützern und Mitgliedern einen entspannten Sonntag.   https://m.youtube.com/watch?v=Ed7nWf4tzNc&,jungenationalisten,35,2019-09-15T11:14:44+00:00,891,0,https://t.me/jungenationalisten/35
jungenationalisten:34,"Hilf uns, indem du die Kampagne “Jugend packt an” in sozialen Netzwerken und direkt bei deinen Freunden, Bekannten und N",jungenationalisten,34,2019-09-13T05:36:56+00:00,785,0,https://t.me/jungenationalisten/34
jungenationalisten:30,"Als JN finden wir, dass dieses Projekt unterstützt werden sollte.                        *Helft uns!* ❤  In 4 Wochen wer",jungenationalisten,30,2019-09-11T17:32:19+00:00,632,0,https://t.me/jungenationalisten/30
jungenationalisten:29,Am 28.9 findet das traditionelle Erntedankfest in Eschede statt.,jungenationalisten,29,2019-09-10T09:59:29+00:00,672,0,https://t.me/jungenationalisten/29
jungenationalisten:28,"Gemeinschaft – Bildung – Aktivismus. Das ist der Dreiklang der JN, versinnbildlicht in diesem Motiv. Ideal geeignet für ",jungenationalisten,28,2019-09-09T04:24:38+00:00,767,0,https://t.me/jungenationalisten/28
jungenationalisten:27,"Am 07. September führte der sächsische Landesverband der Jungen Nationalisten seinen Landeskongress durch, in dessen Rah",jungenationalisten,27,2019-09-08T10:21:04+00:00,643,0,https://t.me/jungenationalisten/27
jungenationalisten:26,Der JNler Stefan Jagsch wurde einstimmig zum Ortsvorsteher gewählt💪   https://m.focus.de/politik/deutschland/stefan-jags,jungenationalisten,26,2019-09-07T16:00:17+00:00,767,0,https://t.me/jungenationalisten/26
jungenationalisten:25,"Auch wenn man mit der Aktion lediglich ein symbolisches Zeichen setzen konnte, waren alle beteiligten Kameraden darüber ",jungenationalisten,25,2019-09-07T12:05:38+00:00,701,0,https://t.me/jungenationalisten/25
jungenationalisten:24,"Ein Pflichttermin für alle Anwärter, Mitglieder und Unterstützer unserer Jugendbewegung. Am 9.11. findet unser JN-Bundes",jungenationalisten,24,2019-09-06T08:21:05+00:00,1583,0,https://t.me/jungenationalisten/24
jungenationalisten:23,"Jetzt vorbestellen! Ein ""Muss"" für jeden anspruchsvollen Patrioten und Nationalisten! https://npd-materialdienst.de/de/L",jungenationalisten,23,2019-09-04T13:42:29+00:00,1983,0,https://t.me/jungenationalisten/23
jungenationalisten:22,"Sicherlich nicht beim wichtigsten, aber dafür wohl nationalsten Fußballturnier Norddeutschlands spielten am letzten Augu",jungenationalisten,22,2019-09-02T15:32:42+00:00,764,0,https://t.me/jungenationalisten/22
jungenationalisten:21,Die JN und NPD Niedersachsen ist jetzt auch mit einem eigenen Infokanal bei Telegram. Schaut mal vorbei.   https://t.me/,jungenationalisten,21,2019-08-31T17:17:36+00:00,655,0,https://t.me/jungenationalisten/21
jungenationalisten:20,Halten wir es nicht wie die Politiker in der Bezirksverordnetenversammlung oder dem Abgeordnetenhaus. Reden wir nicht nu,jungenationalisten,20,2019-08-30T13:54:18+00:00,665,0,https://t.me/jungenationalisten/20
jungenationalisten:19,JN-Leistungsmarsch 150 km  Anlässlich des 50-jährigen Bestehens unserer Jugendbewegung organisieren wir in diesem Jahr u,jungenationalisten,19,2019-08-29T05:35:43+00:00,804,0,https://t.me/jungenationalisten/19
jungenationalisten:18,https://junge-nationalisten.de/deutschland/gemeinschaftstag-mitte-volkstanz-wanderung-sport-gelebte-gemeinschaft/  Unser,jungenationalisten,18,2019-08-28T18:22:41+00:00,622,0,https://t.me/jungenationalisten/18
jungenationalisten:17,WEITERLEITUNG ZUR INFORMATION  Neuigkeiten zur Veranstaltung am 13. & 14. September in Themar  Schonmal eine kurze Info ,jungenationalisten,17,2019-08-28T16:08:18+00:00,193,0,https://t.me/jungenationalisten/17
jungenationalisten:16,Razzien mit fast 2000 Polizisten in Berlin   In #Berlin fanden mehrere #Hausdurchsuchungen mit ca. 1900 Polizisten statt,jungenationalisten,16,2019-08-28T15:43:57+00:00,190,0,https://t.me/jungenationalisten/16
jungenationalisten:15,"Als Anwärter, Mitglied oder Fördermitglied unserer Jugendbewegung erhält man regelmäßig Informationen durch den JN Bunde",jungenationalisten,15,2019-08-27T12:05:37+00:00,617,0,https://t.me/jungenationalisten/15
jungenationalisten:14,Aktivismus ist Teil unseres Dreiklangs. Immer wieder machen wir auf tagesaktuelle Probleme aufmerksam. Hier setzten Akti,jungenationalisten,14,2019-08-26T18:39:46+00:00,631,0,https://t.me/jungenationalisten/14
jungenationalisten:13,Sport frei! Die JN gewann gestern ein Fußballturnier in Mecklenburg. Du willst das nächste Mal dabei sein? Dann werde ak,jungenationalisten,13,2019-08-26T18:04:17+00:00,593,0,https://t.me/jungenationalisten/13
jungenationalisten:12,"In den vergangenen Wochen bekommt unsere Organisation vermehrt Presseanfragen, ob wir eine ehemalige Mitglieds- und Funk",jungenationalisten,12,2019-08-25T19:01:45+00:00,701,0,https://t.me/jungenationalisten/12
jungenationalisten:11,,jungenationalisten,11,2019-08-25T15:23:35+00:00,643,0,https://t.me/jungenationalisten/11
jungenationalisten:10,,jungenationalisten,10,2019-08-25T15:23:35+00:00,655,0,https://t.me/jungenationalisten/10
jungenationalisten:9,Die JN Süd auf den Spuren von Albert Leo Schlageter. Am Wochenende führte uns unser Kulturausflug in das Wiesental im Sc,jungenationalisten,9,2019-08-25T15:23:35+00:00,627,0,https://t.me/jungenationalisten/9
jungenationalisten:8,Gestern „unteilbar-Demo“ in Dresden. Mit der „Abcshiebung“ üben wir noch 😂,jungenationalisten,8,2019-08-25T14:55:53+00:00,734,0,https://t.me/jungenationalisten/8
jungenationalisten:7,Auch in diesem Jahr wird es am 3.Oktober einen bundesweiten Aktionstag der JN geben. Diesmal zum Thema „Befreiungskriege,jungenationalisten,7,2019-08-24T11:03:17+00:00,1968,0,https://t.me/jungenationalisten/7
jungenationalisten:6,Am 19. Oktober kommt es in Berlin zu einer Stadtführung der besonderen Art. Interesse? Dann melde Dich an!,jungenationalisten,6,2019-08-24T06:49:38+00:00,702,0,https://t.me/jungenationalisten/6
jungenationalisten:5,,jungenationalisten,5,2019-08-23T20:45:24+00:00,0,0,https://t.me/jungenationalisten/5
jungenationalisten:4,Guten Abend in die Runde 🙋🏼‍♂️  Unsere Jugendbewegung ist jetzt auch bei Telegram. Deshalb fleißig teilen und abonnieren,jungenationalisten,4,2019-08-23T20:39:32+00:00,763,0,https://t.me/jungenationalisten/4
jungenationalisten:3,Jetzt Mitglied oder Unterstützer werden!  https://junge-nationalisten.de/mitgliedschaft/,jungenationalisten,3,2019-08-23T06:14:27+00:00,651,0,https://t.me/jungenationalisten/3
jungenationalisten:2,,jungenationalisten,2,2019-08-23T06:07:45+00:00,0,0,https://t.me/jungenationalisten/2
jungenationalisten:1,,jungenationalisten,1,2019-08-23T06:07:45+00:00,0,0,https://t.me/jungenationalisten/1
