id,chat,message_id,date,url,views,reaction_count,reaction_breakdown,text,sender_id,label,topics,primaryTopic,topics_ollama_raw,locations_ranked,tagging_error,tagged_at,tagging_model
patriotfrontupdates:25396,patriotfrontupdates,25396,2026-06-10T00:11:00+00:00,https://t.me/patriotfrontupdates/25396,148,0,{},"@PatriotFrontNews » Activists from Network 15 assembled in Troy, Michigan on Memorial Day to honor the memory of the Polar Bear Division, and the Americans who fought against the Bolshevik uprising in World War I.

See other Memorial Day actions in Virginia and Texas.

⭐️ Submit your application today:
patriotfront.us/join",-1001478154831,,"[""Street Mobilization"", ""Symbols"", ""Ideology"", ""Conflict""]",Street Mobilization,"[""Street Mobilization"", ""Symbols"", ""Ideology"", ""Conflict""]",[],,2026-06-10T09:42:02.592923+00:00,sentence-transformers/paraphrase-multilingual-mpnet-base-v2
patriotfrontupdates:25392,patriotfrontupdates,25392,2026-06-10T00:11:00+00:00,https://t.me/patriotfrontupdates/25392,153,0,{},"@PatriotFrontNews » Activists from Network 10 placed posters in Queens, New York.

🗺️ Activism circumvents digital censorship to transform the public space, promoting patriotic politics and combating anti-national messaging.

🇺🇸 Visit our FAQ section:
patriotfront.us/#faq",-1001478154831,,"[""Censorship Claims"", ""Street Mobilization"", ""Media Criticism"", ""Symbols""]",Censorship Claims,"[""Censorship Claims"", ""Street Mobilization"", ""Media Criticism"", ""Symbols""]",[],,2026-06-10T09:42:02.592923+00:00,sentence-transformers/paraphrase-multilingual-mpnet-base-v2
patriotfrontupdates:25388,patriotfrontupdates,25388,2026-06-10T00:11:00+00:00,https://t.me/patriotfrontupdates/25388,127,0,{},"@PatriotFrontNews » Activists from Network 11 placed stencils in Omaha, Nebraska.

🇺🇸 See our pages and interviews:
patriotfront.us/social/",-1001478154831,,"[""Symbols"", ""Street Mobilization"", ""Censorship Claims"", ""Media Criticism""]",Symbols,"[""Symbols"", ""Street Mobilization"", ""Censorship Claims"", ""Media Criticism""]",[],,2026-06-10T09:42:02.592923+00:00,sentence-transformers/paraphrase-multilingual-mpnet-base-v2
patriotfrontupdates:25387,patriotfrontupdates,25387,2026-06-10T00:11:00+00:00,https://t.me/patriotfrontupdates/25387,152,0,{},"@PatriotFrontNews » LIVE UPDATE: Activists from Network 11 are currently protesting in Pine City, Minnesota where a homosexual “pride” festival is being marketed towards children as “family fun.”

Such events are an affront to the family, to virtue, and antithetical to the necessary morals of the nation. Patriots must affirm their right to protest, demand the removal of this obscenity from the public space, and work towards the eradication of the cultural decay that facilitates them.",-1001478154831,,"[""Street Mobilization"", ""Censorship Claims"", ""Ideology"", ""Media Criticism""]",Street Mobilization,"[""Street Mobilization"", ""Censorship Claims"", ""Ideology"", ""Media Criticism""]",[],,2026-06-10T09:42:02.592923+00:00,sentence-transformers/paraphrase-multilingual-mpnet-base-v2
patriotfrontupdates:25386,patriotfrontupdates,25386,2026-06-10T00:11:00+00:00,https://t.me/patriotfrontupdates/25386,141,0,{},"@PatriotFrontNews » LIVE UPDATE: Activists from Network 11 are currently protesting in Pine City, Minnesota where a homosexual “pride” festival is being marketed towards children as “family fun.”

Such events are an affront to the family, to virtue, and antithetical to the necessary morals of the nation. Patriots must affirm their right to protest, demand the removal of this obscenity from the public space, and work towards the eradication of the cultural decay that facilitates them.",-1001478154831,,"[""Street Mobilization"", ""Censorship Claims"", ""Ideology"", ""Media Criticism""]",Street Mobilization,"[""Street Mobilization"", ""Censorship Claims"", ""Ideology"", ""Media Criticism""]",[],,2026-06-10T09:42:02.592923+00:00,sentence-transformers/paraphrase-multilingual-mpnet-base-v2
patriotfrontupdates:25382,patriotfrontupdates,25382,2026-06-10T00:10:59+00:00,https://t.me/patriotfrontupdates/25382,156,0,{},"@PatriotFrontNews » Activists from Network 21 placed a banner in Everett, Washington.

⭐️ Submit your application today:
patriotfront.us/join",-1001478154831,,"[""Street Mobilization"", ""Ideology"", ""Symbols"", ""Censorship Claims""]",Street Mobilization,"[""Street Mobilization"", ""Ideology"", ""Symbols"", ""Censorship Claims""]",[],,2026-06-10T09:42:02.592923+00:00,sentence-transformers/paraphrase-multilingual-mpnet-base-v2
patriotfrontupdates:25377,patriotfrontupdates,25377,2026-06-10T00:10:59+00:00,https://t.me/patriotfrontupdates/25377,221,0,{},"@PatriotFrontNews » Activists from Network 11 placed a banner in Grand Island, Nebraska.

🇺🇸 See what we do, and why:
patriotfront.us/action",-1001478154831,,"[""Street Mobilization"", ""Censorship Claims"", ""Symbols"", ""Ideology""]",Street Mobilization,"[""Street Mobilization"", ""Censorship Claims"", ""Symbols"", ""Ideology""]",[],,2026-06-10T09:42:02.592923+00:00,sentence-transformers/paraphrase-multilingual-mpnet-base-v2
patriotfrontupdates:25372,patriotfrontupdates,25372,2026-06-06T15:39:11+00:00,https://t.me/patriotfrontupdates/25372,456,0,{},"@PatriotFrontNews » Activists from Network 5 placed stencils in Rock Springs, Wyoming.

🇺🇸 Read a summary of PF's beliefs:
patriotfront.us/",-1001478154831,,"[""Symbols"", ""Street Mobilization"", ""Ideology"", ""Censorship Claims""]",Symbols,"[""Symbols"", ""Street Mobilization"", ""Ideology"", ""Censorship Claims""]",[],,2026-06-10T09:42:02.592923+00:00,sentence-transformers/paraphrase-multilingual-mpnet-base-v2
patriotfrontupdates:25367,patriotfrontupdates,25367,2026-06-06T15:39:10+00:00,https://t.me/patriotfrontupdates/25367,298,0,{},"@PatriotFrontNews » Activists from Network 9 placed posters in Richmond, Virginia.

🇺🇸 See our latest action:
patriotfront.us/action",-1001478154831,,"[""Street Mobilization"", ""Censorship Claims"", ""Symbols"", ""Media Criticism""]",Street Mobilization,"[""Street Mobilization"", ""Censorship Claims"", ""Symbols"", ""Media Criticism""]",[],,2026-06-10T09:42:02.592923+00:00,sentence-transformers/paraphrase-multilingual-mpnet-base-v2
patriotfrontupdates:25364,patriotfrontupdates,25364,2026-06-06T15:39:10+00:00,https://t.me/patriotfrontupdates/25364,241,0,{},"@PatriotFrontNews » Activists from Network 6 placed a banner on a cliff overlooking Birmingham, Alabama.

🇺🇸 Submit your application today:
patriotfront.us/join",-1001478154831,,"[""Street Mobilization"", ""Symbols"", ""Censorship Claims"", ""Ideology""]",Street Mobilization,"[""Street Mobilization"", ""Symbols"", ""Censorship Claims"", ""Ideology""]",[],,2026-06-10T09:42:02.592923+00:00,sentence-transformers/paraphrase-multilingual-mpnet-base-v2
patriotfrontupdates:25362,patriotfrontupdates,25362,2026-06-06T15:39:10+00:00,https://t.me/patriotfrontupdates/25362,308,0,{},"@PatriotFrontNews » Activists from Network 6 placed a banner in Pleasant View, Tennessee.

🇺🇸 Visit our FAQ section:
patriotfront.us/#faq",-1001478154831,,"[""Street Mobilization"", ""Symbols"", ""Media Criticism"", ""Censorship Claims""]",Street Mobilization,"[""Street Mobilization"", ""Symbols"", ""Media Criticism"", ""Censorship Claims""]",[],,2026-06-10T09:42:02.592923+00:00,sentence-transformers/paraphrase-multilingual-mpnet-base-v2
patriotfrontupdates:25352,patriotfrontupdates,25352,2026-06-06T15:39:09+00:00,https://t.me/patriotfrontupdates/25352,267,0,{},"@PatriotFrontNews » Activists from Network 13 (Midwest), Network 6 (Deep South), and Network 15 (Michigan) conducted a demonstration in Bowling Green, Kentucky. The members proceeded through the center of town, handed out flyers, and stood with banners placed on a bridge for an hour as vehicles passed.

🇺🇸 Submit your application today:
patriotfront.us/join",-1001478154831,,"[""Street Mobilization"", ""Censorship Claims"", ""Media Criticism"", ""Ideology""]",Street Mobilization,"[""Street Mobilization"", ""Censorship Claims"", ""Media Criticism"", ""Ideology""]",[],,2026-06-10T09:42:02.592923+00:00,sentence-transformers/paraphrase-multilingual-mpnet-base-v2
patriotfrontupdates:25351,patriotfrontupdates,25351,2026-06-06T15:39:09+00:00,https://t.me/patriotfrontupdates/25351,275,0,{},"@PatriotFrontNews » Activists from Network 1 (NorTex) and Network 2 (CenTex) assembled at the San Jacinto Monument in recognition of Memorial Day. The colossal stone structure marks the battlefield where Texan forces defeated the invading Mexican army, and secured the independence and later annexation of Texas.

🇺🇸 See the photo report from this action here.

⭐️ Submit your application today:
patriotfront.us/join",-1001478154831,,"[""Street Mobilization"", ""Symbols"", ""Conflict"", ""Ideology""]",Street Mobilization,"[""Street Mobilization"", ""Symbols"", ""Conflict"", ""Ideology""]",[],,2026-06-10T09:42:02.592923+00:00,sentence-transformers/paraphrase-multilingual-mpnet-base-v2
patriotfrontupdates:25342,patriotfrontupdates,25342,2026-06-06T15:39:09+00:00,https://t.me/patriotfrontupdates/25342,374,0,{},"@PatriotFrontNews » Activists from Network 14 hiked and trained in Newport Beach, California.

⛰️ Group exercise, martial arts, and hikes all contribute to a culture of health and ability. Political ideals of a healthy society must begin with the lifestyle of each and every member.

⭐️ See our pages and interviews:
patriotfront.us/social/",-1001478154831,,"[""Street Mobilization"", ""Ideology"", ""Media Criticism"", ""Conflict""]",Street Mobilization,"[""Street Mobilization"", ""Ideology"", ""Media Criticism"", ""Conflict""]",[],,2026-06-10T09:42:02.592923+00:00,sentence-transformers/paraphrase-multilingual-mpnet-base-v2
patriotfrontupdates:25340,patriotfrontupdates,25340,2026-06-06T15:39:08+00:00,https://t.me/patriotfrontupdates/25340,417,0,{},"@PatriotFrontNews » Activists from Network 14 placed a banner in Pismo Beach, California.

🇺🇸 Visit our FAQ section:
patriotfront.us/#faq",-1001478154831,,"[""Street Mobilization"", ""Censorship Claims"", ""Media Criticism"", ""Ideology""]",Street Mobilization,"[""Street Mobilization"", ""Censorship Claims"", ""Media Criticism"", ""Ideology""]",[],,2026-06-10T09:42:02.592923+00:00,sentence-transformers/paraphrase-multilingual-mpnet-base-v2
patriotfrontupdates:25336,patriotfrontupdates,25336,2026-05-31T16:43:24+00:00,https://t.me/patriotfrontupdates/25336,614,0,{},"@PatriotFrontNews » Activists from Network 14, in recognition of Memorial Day, visited the Los Angeles National Cemetery, and placed flowers at headstones as they walked amongst the rows in remembrance. The cemetery hosts veterans of the Indian Wars, the Civil War, the Mexican American War, the Spanish American war, and all since.

⭐️ See what we do, and why:
patriotfront.us/action",-1001478154831,,"[""Street Mobilization"", ""Symbols"", ""Ideology"", ""Conflict""]",Street Mobilization,"[""Street Mobilization"", ""Symbols"", ""Ideology"", ""Conflict""]",[],,2026-06-10T09:42:02.592923+00:00,sentence-transformers/paraphrase-multilingual-mpnet-base-v2
patriotfrontupdates:25326,patriotfrontupdates,25326,2026-05-31T16:43:23+00:00,https://t.me/patriotfrontupdates/25326,391,0,{},"@PatriotFrontNews » Activists from Network 18 demonstrated throughout Coeur d'Alene, Idaho in recognition of Memorial Day. The members proceeded through town, and stopped to give a speech at the site of a local veteran's memorial.

📍See sightings and online commentary of this demonstration here.

⭐️ Submit your application today:
patriotfront.us/join",-1001478154831,,"[""Street Mobilization"", ""Symbols"", ""Censorship Claims"", ""Ideology""]",Street Mobilization,"[""Street Mobilization"", ""Symbols"", ""Censorship Claims"", ""Ideology""]",[],,2026-06-10T09:42:02.592923+00:00,sentence-transformers/paraphrase-multilingual-mpnet-base-v2
patriotfrontupdates:25321,patriotfrontupdates,25321,2026-05-31T16:43:23+00:00,https://t.me/patriotfrontupdates/25321,411,0,{},"@PatriotFrontNews » Activists visited several sites in recognition of Memorial Day, and placed flowers in Phoenix, Arizona.

⭐️ See our latest action:
patriotfront.us/action",-1001478154831,,"[""Symbols"", ""Street Mobilization"", ""Ideology"", ""Censorship Claims""]",Symbols,"[""Symbols"", ""Street Mobilization"", ""Ideology"", ""Censorship Claims""]",[],,2026-06-10T09:42:02.592923+00:00,sentence-transformers/paraphrase-multilingual-mpnet-base-v2
patriotfrontupdates:25320,patriotfrontupdates,25320,2026-05-26T17:20:45+00:00,https://t.me/patriotfrontupdates/25320,791,0,{},"@PatriotFrontNews » Video of the joint Network Memorial Day action in Virginia Beach, Virginia. 

🇺🇸 See photos from this action and its accompanying banner drop here.

⭐️ Submit your application today:
patriotfront.us/join",-1001478154831,,"[""Street Mobilization"", ""Symbols"", ""Censorship Claims"", ""Media Criticism""]",Street Mobilization,"[""Street Mobilization"", ""Symbols"", ""Censorship Claims"", ""Media Criticism""]",[],,2026-06-10T09:42:02.592923+00:00,sentence-transformers/paraphrase-multilingual-mpnet-base-v2
patriotfrontupdates:25311,patriotfrontupdates,25311,2026-05-25T17:50:25+00:00,https://t.me/patriotfrontupdates/25311,703,0,{},"@PatriotFrontNews » Activists from Network 9 (Chesapeake), Network 10 (North Atlantic), Network 8 (Carolinas), and Network 16 (Allegheny) gathered in Virginia Beach, Virginia in recognition of Memorial Day. A speech was given at a local naval memorial, preceded by a demonstration in which the activists handed out flyers. Afterwards, a banner drop was carried out.

⭐️ Submit your application today:
patriotfront.us/join",-1001478154831,,"[""Street Mobilization"", ""Censorship Claims"", ""Media Criticism"", ""Symbols""]",Street Mobilization,"[""Street Mobilization"", ""Censorship Claims"", ""Media Criticism"", ""Symbols""]",[],,2026-06-10T09:42:02.592923+00:00,sentence-transformers/paraphrase-multilingual-mpnet-base-v2
patriotfrontupdates:25301,patriotfrontupdates,25301,2026-05-25T17:50:24+00:00,https://t.me/patriotfrontupdates/25301,512,0,{},"@PatriotFrontNews » Activists from Network 1 (NorTex) and Network 2 (CenTex) assembled at the San Jacinto Monument in recognition of Memorial Day. The colossal stone structure marks the battlefield where Texan forces defeated invading Mexican army, and secured the independence and later annexation of Texas and much more of the American west. The members marched to and around the monument, delivering a speech and leaving a wreath at the site.

⭐️ Submit your application today:
patriotfront.us/join",-1001478154831,,"[""Symbols"", ""Street Mobilization"", ""Ideology"", ""Censorship Claims""]",Symbols,"[""Symbols"", ""Street Mobilization"", ""Ideology"", ""Censorship Claims""]",[],,2026-06-10T09:42:02.592923+00:00,sentence-transformers/paraphrase-multilingual-mpnet-base-v2
patriotfrontupdates:25299,patriotfrontupdates,25299,2026-05-25T17:50:24+00:00,https://t.me/patriotfrontupdates/25299,325,0,{},"@PatriotFrontSightings » Patriot Front demonstration sighted in Coeur d'Alene, Idaho. North Idaho News alleges a comment from the CDA Police Department stating, in part, that ""people have a right to assemble, as long as they are law abiding."" If the statement is true, this is an update to the previous sentiments of the CDA police, who arrested dozens of PF members in 2021 under circumstances which lacked probable cause or the commission of any crime, according to the rulings of judges in several cases.

🇺🇸 See PF leader Thomas Rousseau's reply to claims made by former Coeur d'Alene county prosecutor Wes Somerton here.

⭐️ Submit your application today:
patriotfront.us/join",-1001478154831,,"[""Street Mobilization"", ""Censorship Claims"", ""Institutions"", ""Media Criticism""]",Street Mobilization,"[""Street Mobilization"", ""Censorship Claims"", ""Institutions"", ""Media Criticism""]",[],,2026-06-10T09:42:02.592923+00:00,sentence-transformers/paraphrase-multilingual-mpnet-base-v2
patriotfrontupdates:25298,patriotfrontupdates,25298,2026-05-25T17:50:24+00:00,https://t.me/patriotfrontupdates/25298,332,0,{},"@PatriotFrontSightings »
A Patriot Front demonstration has been sighted in Virginia Beach, Virginia.

🇺🇸 See why PF does demonstrations here.

⭐️ Submit your application today:
patriotfront.us/join",-1001478154831,,"[""Street Mobilization"", ""Symbols"", ""Censorship Claims"", ""Ideology""]",Street Mobilization,"[""Street Mobilization"", ""Symbols"", ""Censorship Claims"", ""Ideology""]",[],,2026-06-10T09:42:02.592923+00:00,sentence-transformers/paraphrase-multilingual-mpnet-base-v2
patriotfrontupdates:25297,patriotfrontupdates,25297,2026-05-25T17:50:24+00:00,https://t.me/patriotfrontupdates/25297,361,0,{},"@PatriotFrontNews » Activists from Network 7 (New England) and Network 8 (Carolinas) held joint demonstrations to protest the ordered removal of Iryna Zarutska's mural in Providence, Rhode Island, and the verdict of her murderer's incompetence to stand trial in Charlotte, North Carolina. The members of Network 7 placed a new mural memorializing Zarutska in the city.

⭐️ Patriot Front staged previous actions in Charlotte after Zarutska's murder, and patrolled the trains of the city. Likewise, a similar mural has been created in Florida.

🇺🇸 Submit your application today:
patriotfront.us/join",-1001478154831,,"[""Censorship Claims"", ""Street Mobilization"", ""Media Criticism"", ""Symbols""]",Censorship Claims,"[""Censorship Claims"", ""Street Mobilization"", ""Media Criticism"", ""Symbols""]",[],,2026-06-10T09:42:02.592923+00:00,sentence-transformers/paraphrase-multilingual-mpnet-base-v2
patriotfrontupdates:25292,patriotfrontupdates,25292,2026-05-25T17:50:24+00:00,https://t.me/patriotfrontupdates/25292,416,0,{},"@PatriotFrontNews » Activists from Network 18 hosted a first aid workshop in Grangeville, Idaho.

🪓 Literature, workshops, and a vast array of organizational projects allow members to develop new skills, study American history, and put their ideas to the test in the public space.

⭐️ See what we do, and why:
patriotfront.us/action",-1001478154831,,"[""Street Mobilization"", ""Ideology"", ""Media Criticism"", ""Conflict""]",Street Mobilization,"[""Street Mobilization"", ""Ideology"", ""Media Criticism"", ""Conflict""]",[],,2026-06-10T09:42:02.592923+00:00,sentence-transformers/paraphrase-multilingual-mpnet-base-v2
patriotfrontupdates:25285,patriotfrontupdates,25285,2026-05-25T17:50:23+00:00,https://t.me/patriotfrontupdates/25285,531,0,{},"@PatriotFrontNews » Activists from Patriot Front went to France to attend the C9M nationalist march in Paris. Due to repression and bans from the French state, no march was able to be held this year, but PF's representatives were able to meet with the many nationalist organizations present. 

🇺🇸 This includes, but is not limited to, AC France, AC Dietsland, the Nationalist Student Association (NSV), Núcleo Nacional (National Core), Der Dritte Weg (The Third Way), AC Helvetia, and AC Romandia.

🇫🇷 PF was also able to send a delegation to Paris in 2024, where activists participated in all aspects of the event, see video of that here.

🇩🇪Notable, also, is PF's recent inclusion in an annual conference held by Der Dritte Weg, see documentation of that here.

⭐️ Patriot Front is committed to upholding strong relations with our European cousins, which serve to fortify our efforts domestically, and represent the best of our nation abroad. Submit your application today: patriotfront.us/join",-1001478154831,,"[""Street Mobilization"", ""Censorship Claims"", ""Symbols"", ""Ideology""]",Street Mobilization,"[""Street Mobilization"", ""Censorship Claims"", ""Symbols"", ""Ideology""]",[],,2026-06-10T09:42:02.592923+00:00,sentence-transformers/paraphrase-multilingual-mpnet-base-v2
patriotfrontupdates:25278,patriotfrontupdates,25278,2026-05-14T13:56:55+00:00,https://t.me/patriotfrontupdates/25278,833,0,{},"@PatriotFrontNews » Activists from Network 11 hiked and trained in Fort Ransom State Park in North Dakota.

⛰️ The exploration of our homeland brings us closer to our ideals, and reminds us of the experience of our ancestors in their discovery and conquest of this continent.

⭐️ Visit our FAQ section:
patriotfront.us/#faq",-1001478154831,,"[""Street Mobilization"", ""Ideology"", ""Symbols"", ""Censorship Claims""]",Street Mobilization,"[""Street Mobilization"", ""Ideology"", ""Symbols"", ""Censorship Claims""]",[],,2026-06-10T09:42:02.592923+00:00,sentence-transformers/paraphrase-multilingual-mpnet-base-v2
patriotfrontupdates:25274,patriotfrontupdates,25274,2026-05-14T13:56:54+00:00,https://t.me/patriotfrontupdates/25274,599,0,{},"@PatriotFrontNews » Activists from Network 22 placed banners in Manitowoc and Sheboygan, Wisconsin.

🇺🇸 See our latest action:
patriotfront.us/action",-1001478154831,,"[""Street Mobilization"", ""Symbols"", ""Censorship Claims"", ""Ideology""]",Street Mobilization,"[""Street Mobilization"", ""Symbols"", ""Censorship Claims"", ""Ideology""]",[],,2026-06-10T09:42:02.592923+00:00,sentence-transformers/paraphrase-multilingual-mpnet-base-v2
patriotfrontupdates:25270,patriotfrontupdates,25270,2026-05-14T13:56:54+00:00,https://t.me/patriotfrontupdates/25270,477,0,{},"@PatriotFrontNews » Activists from Network 12 trained in Wichita, Kansas.

⛰️ It is a civic duty for the men of the nation to be healthy and capable in mind and body. Patriot Front provides the means and the motive for its members to reach their full physical potential.

🇺🇸 See our pages and interviews:
patriotfront.us/social/",-1001478154831,,"[""Street Mobilization"", ""Ideology"", ""Media Criticism"", ""Symbols""]",Street Mobilization,"[""Street Mobilization"", ""Ideology"", ""Media Criticism"", ""Symbols""]",[],,2026-06-10T09:42:02.592923+00:00,sentence-transformers/paraphrase-multilingual-mpnet-base-v2
patriotfrontupdates:25266,patriotfrontupdates,25266,2026-05-14T13:56:54+00:00,https://t.me/patriotfrontupdates/25266,490,0,{},"@PatriotFrontNews » Activists from Network 4 volunteered alongside local residents to help maintain a Confederate memorial in Hot Springs, Arkansas.

🇺🇸 Members of the organization conduct direct outreach into their communities to represent the ideals of nationalism, and bring new individuals into contact with the patriotic cause.

⭐️ Visit our FAQ section:
patriotfront.us/#faq",-1001478154831,,"[""Street Mobilization"", ""Symbols"", ""Ideology"", ""Media Criticism""]",Street Mobilization,"[""Street Mobilization"", ""Symbols"", ""Ideology"", ""Media Criticism""]",[],,2026-06-10T09:42:02.592923+00:00,sentence-transformers/paraphrase-multilingual-mpnet-base-v2
patriotfrontupdates:25263,patriotfrontupdates,25263,2026-05-14T13:56:54+00:00,https://t.me/patriotfrontupdates/25263,571,0,{},"@PatriotFrontNews » Activists from Network 6 trained in Tellico Plains, Tennessee.

🥊It is a civic duty for the men of the nation to be healthy and capable in mind and body. Patriot Front provides the means and the motive for its members to reach their full physical potential.

🇺🇸 See our latest action:
patriotfront.us/action",-1001478154831,,"[""Street Mobilization"", ""Media Criticism"", ""Ideology"", ""Symbols""]",Street Mobilization,"[""Street Mobilization"", ""Media Criticism"", ""Ideology"", ""Symbols""]",[],,2026-06-10T09:42:02.592923+00:00,sentence-transformers/paraphrase-multilingual-mpnet-base-v2
patriotfrontupdates:25258,patriotfrontupdates,25258,2026-05-14T13:56:53+00:00,https://t.me/patriotfrontupdates/25258,529,0,{},"@PatriotFrontNews » Activists from Network 3 placed posters in Westminster, Colorado.

🇺🇸 Read the PF Manifesto:
patriotfront.us/manifesto/",-1001478154831,,"[""Street Mobilization"", ""Ideology"", ""Censorship Claims"", ""Symbols""]",Street Mobilization,"[""Street Mobilization"", ""Ideology"", ""Censorship Claims"", ""Symbols""]",[],,2026-06-10T09:42:02.592923+00:00,sentence-transformers/paraphrase-multilingual-mpnet-base-v2
patriotfrontupdates:25250,patriotfrontupdates,25250,2026-05-14T13:56:53+00:00,https://t.me/patriotfrontupdates/25250,589,0,{},"@PatriotFrontNews » Activists from Network 3 placed posters in Superior and Fort Collins, Colorado.

🇺🇸 Activism circumvents digital censorship to transform the public space, promoting patriotic politics and combating anti-national messaging.

⭐️ Submit your application today:
patriotfront.us/join",-1001478154831,,"[""Censorship Claims"", ""Street Mobilization"", ""Media Criticism"", ""Symbols""]",Censorship Claims,"[""Censorship Claims"", ""Street Mobilization"", ""Media Criticism"", ""Symbols""]",[],,2026-06-10T09:42:02.592923+00:00,sentence-transformers/paraphrase-multilingual-mpnet-base-v2
patriotfrontupdates:25246,patriotfrontupdates,25246,2026-05-14T13:56:53+00:00,https://t.me/patriotfrontupdates/25246,695,0,{},"@PatriotFrontNEws » Activists from Network 19 trained in Jacksonville, Florida.

🥊Group exercise, martial arts, and hikes all contribute to a culture of health and ability. Political ideals of a healthy society must begin with the lifestyle of each and every member.

⭐️See our latest action:
patriotfront.us/action",-1001478154831,,"[""Street Mobilization"", ""Ideology"", ""Symbols"", ""Conflict""]",Street Mobilization,"[""Street Mobilization"", ""Ideology"", ""Symbols"", ""Conflict""]",[],,2026-06-10T09:42:02.592923+00:00,sentence-transformers/paraphrase-multilingual-mpnet-base-v2
patriotfrontupdates:25242,patriotfrontupdates,25242,2026-05-06T18:13:26+00:00,https://t.me/patriotfrontupdates/25242,838,0,{},"@PatriotFrontNews » Activists from Network 3 placed stencils and posters in Denver, Colorado.

🇺🇸 See what we do, and why:
patriotfront.us/action",-1001478154831,,"[""Street Mobilization"", ""Symbols"", ""Censorship Claims"", ""Media Criticism""]",Street Mobilization,"[""Street Mobilization"", ""Symbols"", ""Censorship Claims"", ""Media Criticism""]",[],,2026-06-10T09:42:02.592923+00:00,sentence-transformers/paraphrase-multilingual-mpnet-base-v2
patriotfrontupdates:25234,patriotfrontupdates,25234,2026-05-06T18:13:25+00:00,https://t.me/patriotfrontupdates/25234,619,0,{},"@PatriotFrontNews » Activists from Network 9 placed posters in Mechanicsville and Virginia Beach, Virginia.

⭐️ Visit our FAQ section:
patriotfront.us/#faq",-1001478154831,,"[""Street Mobilization"", ""Censorship Claims"", ""Media Criticism"", ""Symbols""]",Street Mobilization,"[""Street Mobilization"", ""Censorship Claims"", ""Media Criticism"", ""Symbols""]",[],,2026-06-10T09:42:02.592923+00:00,sentence-transformers/paraphrase-multilingual-mpnet-base-v2
patriotfrontupdates:25229,patriotfrontupdates,25229,2026-05-06T18:13:25+00:00,https://t.me/patriotfrontupdates/25229,443,0,{},"@PatriotFrontNews » Activists from Network 17 held a gathering for members, supporters, and their families. The event included a traditional Louisiana crawfish boil.

🇺🇸 Patriot Front's Networks are heavily engaged in the building of community, and the creation of ""A Nation Within A Nation"" where all the bonds of kinship between Americans are redoubled. 

⭐️ See our latest action:
patriotfront.us/action",-1001478154831,,"[""Street Mobilization"", ""Symbols"", ""Ideology"", ""Media Criticism""]",Street Mobilization,"[""Street Mobilization"", ""Symbols"", ""Ideology"", ""Media Criticism""]",[],,2026-06-10T09:42:02.592923+00:00,sentence-transformers/paraphrase-multilingual-mpnet-base-v2
patriotfrontupdates:25224,patriotfrontupdates,25224,2026-05-06T18:13:24+00:00,https://t.me/patriotfrontupdates/25224,494,0,{},"@PatriotFrontNews » Activists from Network 15 placed posters in Perrysburg, Ohio.

🗺️ Activism circumvents digital censorship to transform the public space, promoting patriotic politics and combating anti-national messaging.

🇺🇸 See our pages and interviews:
patriotfront.us/social/",-1001478154831,,"[""Street Mobilization"", ""Censorship Claims"", ""Media Criticism"", ""Ideology""]",Street Mobilization,"[""Street Mobilization"", ""Censorship Claims"", ""Media Criticism"", ""Ideology""]",[],,2026-06-10T09:42:02.592923+00:00,sentence-transformers/paraphrase-multilingual-mpnet-base-v2
patriotfrontupdates:25218,patriotfrontupdates,25218,2026-05-04T00:00:47+00:00,https://t.me/patriotfrontupdates/25218,683,0,{},"@PatriotFrontNews » Activists from Network 19 held a gathering for members, supporters, and their families in central Florida.

🇺🇸 Patriot Front's Networks are heavily engaged in the building of community, and the creation of ""A Nation Within A Nation"" where all the bonds of kinship between Americans are redoubled. 

⭐️ Submit your application today:
patriotfront.us/join",-1001478154831,,"[""Street Mobilization"", ""Symbols"", ""Censorship Claims"", ""Ideology""]",Street Mobilization,"[""Street Mobilization"", ""Symbols"", ""Censorship Claims"", ""Ideology""]",[],,2026-06-10T09:42:02.592923+00:00,sentence-transformers/paraphrase-multilingual-mpnet-base-v2
patriotfrontupdates:25210,patriotfrontupdates,25210,2026-05-04T00:00:47+00:00,https://t.me/patriotfrontupdates/25210,528,0,{},"@PatriotFrontNews » Activists from Network 7 held a demonstration in Providence, Rhode Island, placed a mural in memorial of Iryna Zarutska in East Providence. This comes after the mayor of the city has ordered that a prominent mural of Zarutska be removed.

⭐️ Patriot Front staged a protest in Charlotte, North Carolina after Zarutska's murder, and patrolled the trains of the city. Likewise, a similar mural has been created in Florida.

⭐️ See what we do, and why:
patriotfront.us/action",-1001478154831,,"[""Street Mobilization"", ""Censorship Claims"", ""Symbols"", ""Media Criticism""]",Street Mobilization,"[""Street Mobilization"", ""Censorship Claims"", ""Symbols"", ""Media Criticism""]",[],,2026-06-10T09:42:02.592923+00:00,sentence-transformers/paraphrase-multilingual-mpnet-base-v2
patriotfrontupdates:25206,patriotfrontupdates,25206,2026-05-04T00:00:47+00:00,https://t.me/patriotfrontupdates/25206,449,0,{},"@PatriotFrontNews » Activists from Network 9 placed posters in Washington, DC.

🇺🇸 See our latest action:
patriotfront.us/action",-1001478154831,,"[""Street Mobilization"", ""Censorship Claims"", ""Symbols"", ""Ideology""]",Street Mobilization,"[""Street Mobilization"", ""Censorship Claims"", ""Symbols"", ""Ideology""]",[],,2026-06-10T09:42:02.592923+00:00,sentence-transformers/paraphrase-multilingual-mpnet-base-v2
patriotfrontupdates:25202,patriotfrontupdates,25202,2026-05-04T00:00:46+00:00,https://t.me/patriotfrontupdates/25202,412,0,{},"@PatriotFrontNews » Activists from Network 1 trained in north Texas.

🥊Group exercise, martial arts, and hikes all contribute to a culture of health and ability. Political ideals of a healthy society must begin with the lifestyle of each and every member.

⭐️ See our pages and interviews:
patriotfront.us/social/",-1001478154831,,"[""Street Mobilization"", ""Ideology"", ""Conflict"", ""Symbols""]",Street Mobilization,"[""Street Mobilization"", ""Ideology"", ""Conflict"", ""Symbols""]",[],,2026-06-10T09:42:02.592923+00:00,sentence-transformers/paraphrase-multilingual-mpnet-base-v2
patriotfrontupdates:25194,patriotfrontupdates,25194,2026-05-04T00:00:46+00:00,https://t.me/patriotfrontupdates/25194,554,0,{},"@PatriotFrontNews » Activists from Network 3 placed posters in Broomfield and Loveland, Colorado.

⭐️ See what we do, and why:
patriotfront.us/action",-1001478154831,,"[""Street Mobilization"", ""Censorship Claims"", ""Symbols"", ""Ideology""]",Street Mobilization,"[""Street Mobilization"", ""Censorship Claims"", ""Symbols"", ""Ideology""]",[],,2026-06-10T09:42:02.592923+00:00,sentence-transformers/paraphrase-multilingual-mpnet-base-v2
patriotfrontupdates:25189,patriotfrontupdates,25189,2026-05-04T00:00:46+00:00,https://t.me/patriotfrontupdates/25189,504,0,{},"@PatriotFrontNews » Activists from Network 4 brought their families to a museum in Oklahoma City, Oklahoma.

🇺🇸 Patriot Front's Networks are heavily engaged in the building of community, and the creation of ""A Nation Within A Nation"" where all the bonds of kinship between Americans are redoubled. 

⭐️ Visit our FAQ section:
patriotfront.us/#faq",-1001478154831,,"[""Street Mobilization"", ""Symbols"", ""Institutions"", ""Ideology""]",Street Mobilization,"[""Street Mobilization"", ""Symbols"", ""Institutions"", ""Ideology""]",[],,2026-06-10T09:42:02.592923+00:00,sentence-transformers/paraphrase-multilingual-mpnet-base-v2
patriotfrontupdates:25185,patriotfrontupdates,25185,2026-05-04T00:00:45+00:00,https://t.me/patriotfrontupdates/25185,521,0,{},"@PatriotFrontNews » Activists from Network 1 helped remove debris and clear roads after heavy storms in Runaway Bay, Texas.

🪓 With food drives, disaster relief efforts, and family gatherings activists are able to help American communities in need and encourage a new lifestyle of national service and social virtues.

⭐️ See what we do, and why:
patriotfront.us/action",-1001478154831,,"[""Street Mobilization"", ""Media Criticism"", ""Migration"", ""Censorship Claims""]",Street Mobilization,"[""Street Mobilization"", ""Media Criticism"", ""Migration"", ""Censorship Claims""]",[],,2026-06-10T09:42:02.592923+00:00,sentence-transformers/paraphrase-multilingual-mpnet-base-v2
patriotfrontupdates:25177,patriotfrontupdates,25177,2026-05-04T00:00:45+00:00,https://t.me/patriotfrontupdates/25177,640,0,{},"@PatriotFrontNews » Activists from Network 22 placed banners in Chicago, Illinois.

🗺️ Activism circumvents digital censorship to transform the public space, promoting patriotic politics and combating anti-national messaging.

🇺🇸 Submit your application today:
patriotfront.us/join",-1001478154831,,"[""Street Mobilization"", ""Censorship Claims"", ""Symbols"", ""Media Criticism""]",Street Mobilization,"[""Street Mobilization"", ""Censorship Claims"", ""Symbols"", ""Media Criticism""]",[],,2026-06-10T09:42:02.592923+00:00,sentence-transformers/paraphrase-multilingual-mpnet-base-v2
patriotfrontupdates:25168,patriotfrontupdates,25168,2026-04-29T15:23:56+00:00,https://t.me/patriotfrontupdates/25168,730,0,{},"@PatriotFrontNews » Before the organization's American Muscle 2 event, activists from Network 6, 8, and 9 assembled at the Dixie Republic store and venue to prepare the grounds for the tournament.

🪓 Brush was cleared along various walkways, and a bridge was built between campsites and the main parking location. After the work was done, members trained and socialized.

🥊 See photos and videos from the American Muscle event.

🇺🇸  Submit your application today:
patriotfront.us/join",-1001478154831,,"[""Street Mobilization"", ""Symbols"", ""Censorship Claims"", ""Media Criticism""]",Street Mobilization,"[""Street Mobilization"", ""Symbols"", ""Censorship Claims"", ""Media Criticism""]",[],,2026-06-10T09:42:02.592923+00:00,sentence-transformers/paraphrase-multilingual-mpnet-base-v2
patriotfrontupdates:25164,patriotfrontupdates,25164,2026-04-26T23:22:01+00:00,https://t.me/patriotfrontupdates/25164,804,0,{},"@PatriotFrontNews » Activists from Network 3 placed posters in Arvada, Colorado.

🗺️ Activism circumvents digital censorship to transform the public space, promoting patriotic politics and combating anti-national messaging.

🇺🇸 Submit your application today:
patriotfront.us/join",-1001478154831,,"[""Censorship Claims"", ""Street Mobilization"", ""Media Criticism"", ""Symbols""]",Censorship Claims,"[""Censorship Claims"", ""Street Mobilization"", ""Media Criticism"", ""Symbols""]",[],,2026-06-10T09:42:02.592923+00:00,sentence-transformers/paraphrase-multilingual-mpnet-base-v2
patriotfrontupdates:25158,patriotfrontupdates,25158,2026-04-26T23:22:00+00:00,https://t.me/patriotfrontupdates/25158,667,0,{},"@PatriotFrontNews » Activists from Network 12 hiked in Saint Genevieve, Missouri and placed posters in Alton, Illinois.

⛰️ Group exercise, martial arts, and hikes all contribute to a culture of health and ability. Political ideals of a healthy society must begin with the lifestyle of each and every member.

⭐️ See what we do, and why:
patriotfront.us/action",-1001478154831,,"[""Street Mobilization"", ""Ideology"", ""Symbols"", ""Institutions""]",Street Mobilization,"[""Street Mobilization"", ""Ideology"", ""Symbols"", ""Institutions""]",[],,2026-06-10T09:42:02.592923+00:00,sentence-transformers/paraphrase-multilingual-mpnet-base-v2
patriotfrontupdates:25151,patriotfrontupdates,25151,2026-04-26T23:22:00+00:00,https://t.me/patriotfrontupdates/25151,576,0,{},"@PatriotFrontNews » Activists from Network 4 participated in a work day at the Return To The Land property in northern Arkansas. The members worked to clear land for future development, and participated in a martial arts training workshop.

🪓 See previous efforts taken by PF activists to help in the construction of the nationalist community in Arkansas here.

⭐️ See what we do, and why:
patriotfront.us/action",-1001478154831,,"[""Street Mobilization"", ""Ideology"", ""Censorship Claims"", ""Conflict""]",Street Mobilization,"[""Street Mobilization"", ""Ideology"", ""Censorship Claims"", ""Conflict""]",[],,2026-06-10T09:42:02.592923+00:00,sentence-transformers/paraphrase-multilingual-mpnet-base-v2
patriotfrontupdates:25143,patriotfrontupdates,25143,2026-04-25T02:31:40+00:00,https://t.me/patriotfrontupdates/25143,720,0,{},"@PatriotFrontNews » Activists from Network 1 and 2 hiked through Big Bend National park in west Texas. The members hiked through over 15 miles of mountainous terrain, and summited the tallest point in the park, Emory Peak.

⛰️ The exploration of our homeland brings us closer to our ideals, and reminds us of the experience of our ancestors in their discovery and conquest of this continent.

⭐️ Submit your application today:
patriotfront.us/join",-1001478154831,,"[""Street Mobilization"", ""Ideology"", ""Symbols"", ""Censorship Claims""]",Street Mobilization,"[""Street Mobilization"", ""Ideology"", ""Symbols"", ""Censorship Claims""]",[],,2026-06-10T09:42:02.592923+00:00,sentence-transformers/paraphrase-multilingual-mpnet-base-v2
patriotfrontupdates:25142,patriotfrontupdates,25142,2026-04-25T02:31:33+00:00,https://t.me/patriotfrontupdates/25142,652,0,{},"@PatriotFrontSightings » Nationalists across X rebuke new spin on fedjacketing claims. This follows a recent set of indictments made against the SPLC, including allegations of fraud and money laundering relating to the payment of informants in organizations going back several decades. The indictment notably excludes any mention of PF. 

🇺🇸 Many nationalist accounts, such as Auspill, Jeremy Mckenzie, Drie Van Langenhove, and Hermes debunked many of the flimsy talking points.

⭐️ Watch Thomas Rousseau address ""fed"" accusations made by Alex Jones here.

🇺🇸 See how paid influencer networks push false narratives about PF here.",-1001478154831,,"[""Censorship Claims"", ""Media Criticism"", ""Ideology"", ""Symbols""]",Censorship Claims,"[""Censorship Claims"", ""Media Criticism"", ""Ideology"", ""Symbols""]",[],,2026-06-10T09:42:02.592923+00:00,sentence-transformers/paraphrase-multilingual-mpnet-base-v2
patriotfrontupdates:25141,patriotfrontupdates,25141,2026-04-21T21:08:34+00:00,https://t.me/patriotfrontupdates/25141,998,0,{},"@PatriotFrontNews » Patriot Front continued its efforts in Liberty County, Texas to campaign against the illegal alien settlement in the region. Activists networked with local residents and a political action committee to inform American voters about the demographic threats posed by the migrant invasion, and the corruption stemming from those who have become rich at the expense of the national interest.

🇺🇸 Previously, members attended local protests, and made efforts to inform and organize residents against their displacement. Watch a video of these actions here.

⭐️ Submit your application today:
patriotfront.us/join",-1001478154831,,"[""Street Mobilization"", ""Censorship Claims"", ""Migration"", ""Ideology""]",Street Mobilization,"[""Street Mobilization"", ""Censorship Claims"", ""Migration"", ""Ideology""]",[],,2026-06-10T09:42:02.592923+00:00,sentence-transformers/paraphrase-multilingual-mpnet-base-v2
patriotfrontupdates:25134,patriotfrontupdates,25134,2026-04-12T23:32:59+00:00,https://t.me/patriotfrontupdates/25134,1224,0,{},"@PatriotFrontNews » Activists from Network 14 placed posters and trained in Temecula, California.

🥊Group exercise, martial arts, and hikes all contribute to a culture of health and ability. Political ideals of a healthy society must begin with the lifestyle of each and every member.

⭐️ See what we do, and why:
patriotfront.us/action",-1001478154831,,"[""Street Mobilization"", ""Ideology"", ""Symbols"", ""Institutions""]",Street Mobilization,"[""Street Mobilization"", ""Ideology"", ""Symbols"", ""Institutions""]",[],,2026-06-10T09:42:02.592923+00:00,sentence-transformers/paraphrase-multilingual-mpnet-base-v2
patriotfrontupdates:25133,patriotfrontupdates,25133,2026-04-12T03:00:32+00:00,https://t.me/patriotfrontupdates/25133,973,0,{},"@PatriotFrontSightings »
Patriot Front demonstration sighted in Saint Joseph, Michigan. Activists can be heard chanting ""Life Liberty Victory.""

🇺🇸 See why PF does demonstrations here.
⭐️ Submit your application today:
patriotfront.us/join",-1001478154831,,"[""Street Mobilization"", ""Symbols"", ""Ideology"", ""Censorship Claims""]",Street Mobilization,"[""Street Mobilization"", ""Symbols"", ""Ideology"", ""Censorship Claims""]",[],,2026-06-10T09:42:02.592923+00:00,sentence-transformers/paraphrase-multilingual-mpnet-base-v2
patriotfrontupdates:25130,patriotfrontupdates,25130,2026-04-12T03:00:32+00:00,https://t.me/patriotfrontupdates/25130,722,0,{},"@PatriotFrontNews » Activists from Network 21 placed a banner in Vancouver, Washington.

🇺🇸 See our latest action:
patriotfront.us/action",-1001478154831,,"[""Street Mobilization"", ""Censorship Claims"", ""Symbols"", ""Ideology""]",Street Mobilization,"[""Street Mobilization"", ""Censorship Claims"", ""Symbols"", ""Ideology""]",[],,2026-06-10T09:42:02.592923+00:00,sentence-transformers/paraphrase-multilingual-mpnet-base-v2
patriotfrontupdates:25124,patriotfrontupdates,25124,2026-04-12T03:00:32+00:00,https://t.me/patriotfrontupdates/25124,654,0,{},"@PatriotFrontNews » Activists from Network 12 placed posters in Springfield, Missouri.

🇺🇸 See our pages and interviews:
patriotfront.us/social/",-1001478154831,,"[""Street Mobilization"", ""Symbols"", ""Censorship Claims"", ""Media Criticism""]",Street Mobilization,"[""Street Mobilization"", ""Symbols"", ""Censorship Claims"", ""Media Criticism""]",[],,2026-06-10T09:42:02.592923+00:00,sentence-transformers/paraphrase-multilingual-mpnet-base-v2
patriotfrontupdates:25120,patriotfrontupdates,25120,2026-04-11T15:30:15+00:00,https://t.me/patriotfrontupdates/25120,627,0,{},"@PatriotFrontNews » Activists from Network 10 placed posters in Patchogue, New York.

🇺🇸 See what we do, and why:
patriotfront.us/action",-1001478154831,,"[""Street Mobilization"", ""Censorship Claims"", ""Symbols"", ""Ideology""]",Street Mobilization,"[""Street Mobilization"", ""Censorship Claims"", ""Symbols"", ""Ideology""]",[],,2026-06-10T09:42:02.592923+00:00,sentence-transformers/paraphrase-multilingual-mpnet-base-v2
patriotfrontupdates:25116,patriotfrontupdates,25116,2026-04-11T15:30:15+00:00,https://t.me/patriotfrontupdates/25116,553,0,{},"@PatriotFrontNews » Activists from Network 9 placed posters in Virginia Beach, Virginia.

🇺🇸 Visit our FAQ section:
patriotfront.us/#faq",-1001478154831,,"[""Street Mobilization"", ""Censorship Claims"", ""Media Criticism"", ""Symbols""]",Street Mobilization,"[""Street Mobilization"", ""Censorship Claims"", ""Media Criticism"", ""Symbols""]",[],,2026-06-10T09:42:02.592923+00:00,sentence-transformers/paraphrase-multilingual-mpnet-base-v2
patriotfrontupdates:25106,patriotfrontupdates,25106,2026-04-11T15:30:14+00:00,https://t.me/patriotfrontupdates/25106,478,0,{},"@PatriotFrontNews » Photos from Patriot Front's second American Muscle combat sports tournament in South Carolina. Fighters from across America and Canada, hailing from a myriad of clubs and organizations, fighting in a range of styles, assembled for a day of contest.

Sport is a synthesis of physicality and culture. Events such as this encourage masculine vitality, and offer athletes a chance to test themselves and be recognized within a nationalist community. Patriot Front is dedicated to the reconquest of the nation, which includes building spaces of culture that uphold and foster the merit of the men that will stand as examples to future generations of patriots.

🥊 Watch video highlights from the event here.

⛰️ Learn more about PF's intentions in combat sports here.

⭐️ Submit your application today:
patriotfront.us/join",-1001478154831,,"[""Symbols"", ""Conflict"", ""Street Mobilization"", ""Media Criticism""]",Symbols,"[""Symbols"", ""Conflict"", ""Street Mobilization"", ""Media Criticism""]",[],,2026-06-10T09:42:02.592923+00:00,sentence-transformers/paraphrase-multilingual-mpnet-base-v2
patriotfrontupdates:25101,patriotfrontupdates,25101,2026-04-11T15:30:14+00:00,https://t.me/patriotfrontupdates/25101,519,0,{},"@PatriotFrontNews » Activists from Network 3 placed posters in Greeley, Colorado.

🇺🇸 Visit our FAQ section:
patriotfront.us/#faq",-1001478154831,,"[""Street Mobilization"", ""Censorship Claims"", ""Media Criticism"", ""Symbols""]",Street Mobilization,"[""Street Mobilization"", ""Censorship Claims"", ""Media Criticism"", ""Symbols""]",[],,2026-06-10T09:42:02.592923+00:00,sentence-transformers/paraphrase-multilingual-mpnet-base-v2
patriotfrontnews:3808,patriotfrontnews,3808,2026-06-09T18:15:34+00:00,https://t.me/patriotfrontnews/3808,933,0,{},"@PatriotFrontNews » Activists from Network 22 placed a banner in Madison, Wisconsin.

🇺🇸 See our pages and interviews:
patriotfront.us/social/",-1001347986142,,"[""Street Mobilization"", ""Ideology"", ""Censorship Claims"", ""Symbols""]",Street Mobilization,"[""Street Mobilization"", ""Ideology"", ""Censorship Claims"", ""Symbols""]",[],,2026-06-10T09:42:02.592923+00:00,sentence-transformers/paraphrase-multilingual-mpnet-base-v2
patriotfrontnews:3803,patriotfrontnews,3803,2026-06-09T17:15:33+00:00,https://t.me/patriotfrontnews/3803,1012,0,{},"@PatriotFrontNews » Activists from Network 21 hiked in North Bend, Washington.

⛰️ The exploration of our homeland brings us closer to our ideals, and reminds us of the experience of our ancestors in their discovery and conquest of this continent.

⭐️ Submit your application today:
patriotfront.us/join",-1001347986142,,"[""Street Mobilization"", ""Ideology"", ""Symbols"", ""Migration""]",Street Mobilization,"[""Street Mobilization"", ""Ideology"", ""Symbols"", ""Migration""]",[],,2026-06-10T09:42:02.592923+00:00,sentence-transformers/paraphrase-multilingual-mpnet-base-v2
patriotfrontnews:3795,patriotfrontnews,3795,2026-06-09T16:45:36+00:00,https://t.me/patriotfrontnews/3795,970,0,{},"@PatriotFrontNews » Activists from Network 19 trained and cleaned litter from a park in Tampa, Florida.

🇺🇸 See our latest action:
patriotfront.us/action",-1001347986142,,"[""Street Mobilization"", ""Censorship Claims"", ""Symbols"", ""Media Criticism""]",Street Mobilization,"[""Street Mobilization"", ""Censorship Claims"", ""Symbols"", ""Media Criticism""]",[],,2026-06-10T09:42:02.592923+00:00,sentence-transformers/paraphrase-multilingual-mpnet-base-v2
patriotfrontnews:3794,patriotfrontnews,3794,2026-06-08T17:49:58+00:00,https://t.me/patriotfrontnews/3794,2663,0,{},"@PatriotFrontNews » Activists from Network 15 assembled in Troy, Michigan on Memorial Day to honor the memory of the Polar Bear Division, and the Americans who fought against the Bolshevik uprising in World War I.

See other Memorial Day actions in Virginia and Texas.

⭐️ Submit your application today:
patriotfront.us/join",-1001347986142,,"[""Street Mobilization"", ""Symbols"", ""Ideology"", ""Conflict""]",Street Mobilization,"[""Street Mobilization"", ""Symbols"", ""Ideology"", ""Conflict""]",[],,2026-06-10T09:42:02.592923+00:00,sentence-transformers/paraphrase-multilingual-mpnet-base-v2
patriotfrontnews:3790,patriotfrontnews,3790,2026-06-08T17:15:32+00:00,https://t.me/patriotfrontnews/3790,1572,0,{},"@PatriotFrontNews » Activists from Network 10 placed posters in Queens, New York.

🗺️ Activism circumvents digital censorship to transform the public space, promoting patriotic politics and combating anti-national messaging.

🇺🇸 Visit our FAQ section:
patriotfront.us/#faq",-1001347986142,,"[""Censorship Claims"", ""Street Mobilization"", ""Media Criticism"", ""Symbols""]",Censorship Claims,"[""Censorship Claims"", ""Street Mobilization"", ""Media Criticism"", ""Symbols""]",[],,2026-06-10T09:42:02.592923+00:00,sentence-transformers/paraphrase-multilingual-mpnet-base-v2
patriotfrontnews:3786,patriotfrontnews,3786,2026-06-08T16:15:39+00:00,https://t.me/patriotfrontnews/3786,1516,0,{},"@PatriotFrontNews » Activists from Network 11 placed stencils in Omaha, Nebraska.

🇺🇸 See our pages and interviews:
patriotfront.us/social/",-1001347986142,,"[""Symbols"", ""Street Mobilization"", ""Censorship Claims"", ""Media Criticism""]",Symbols,"[""Symbols"", ""Street Mobilization"", ""Censorship Claims"", ""Media Criticism""]",[],,2026-06-10T09:42:02.592923+00:00,sentence-transformers/paraphrase-multilingual-mpnet-base-v2
patriotfrontnews:3785,patriotfrontnews,3785,2026-06-06T21:24:17+00:00,https://t.me/patriotfrontnews/3785,2666,0,{},"@PatriotFrontNews » LIVE UPDATE: Activists from Network 11 are currently protesting in Pine City, Minnesota where a homosexual “pride” festival is being marketed towards children as “family fun.”

Such events are an affront to the family, to virtue, and antithetical to the necessary morals of the nation. Patriots must affirm their right to protest, demand the removal of this obscenity from the public space, and work towards the eradication of the cultural decay that facilitates them.",-1001347986142,,"[""Street Mobilization"", ""Censorship Claims"", ""Ideology"", ""Media Criticism""]",Street Mobilization,"[""Street Mobilization"", ""Censorship Claims"", ""Ideology"", ""Media Criticism""]",[],,2026-06-10T09:42:02.592923+00:00,sentence-transformers/paraphrase-multilingual-mpnet-base-v2
patriotfrontnews:3784,patriotfrontnews,3784,2026-06-06T21:00:01+00:00,https://t.me/patriotfrontnews/3784,2400,0,{},"@PatriotFrontNews » LIVE UPDATE: Activists from Network 11 are currently protesting in Pine City, Minnesota where a homosexual “pride” festival is being marketed towards children as “family fun.”

Such events are an affront to the family, to virtue, and antithetical to the necessary morals of the nation. Patriots must affirm their right to protest, demand the removal of this obscenity from the public space, and work towards the eradication of the cultural decay that facilitates them.",-1001347986142,,"[""Street Mobilization"", ""Censorship Claims"", ""Ideology"", ""Media Criticism""]",Street Mobilization,"[""Street Mobilization"", ""Censorship Claims"", ""Ideology"", ""Media Criticism""]",[],,2026-06-10T09:42:02.592923+00:00,sentence-transformers/paraphrase-multilingual-mpnet-base-v2
patriotfrontnews:3780,patriotfrontnews,3780,2026-06-06T16:41:14+00:00,https://t.me/patriotfrontnews/3780,1748,0,{},"@PatriotFrontNews » Activists from Network 21 placed a banner in Everett, Washington.

⭐️ Submit your application today:
patriotfront.us/join",-1001347986142,,"[""Street Mobilization"", ""Ideology"", ""Symbols"", ""Censorship Claims""]",Street Mobilization,"[""Street Mobilization"", ""Ideology"", ""Symbols"", ""Censorship Claims""]",[],,2026-06-10T09:42:02.592923+00:00,sentence-transformers/paraphrase-multilingual-mpnet-base-v2
patriotfrontnews:3775,patriotfrontnews,3775,2026-06-06T16:16:18+00:00,https://t.me/patriotfrontnews/3775,1733,0,{},"@PatriotFrontNews » Activists from Network 11 placed a banner in Grand Island, Nebraska.

🇺🇸 See what we do, and why:
patriotfront.us/action",-1001347986142,,"[""Street Mobilization"", ""Censorship Claims"", ""Symbols"", ""Ideology""]",Street Mobilization,"[""Street Mobilization"", ""Censorship Claims"", ""Symbols"", ""Ideology""]",[],,2026-06-10T09:42:02.592923+00:00,sentence-transformers/paraphrase-multilingual-mpnet-base-v2
patriotfrontnews:3770,patriotfrontnews,3770,2026-06-05T17:16:30+00:00,https://t.me/patriotfrontnews/3770,2093,0,{},"@PatriotFrontNews » Activists from Network 5 placed stencils in Rock Springs, Wyoming.

🇺🇸 Read a summary of PF's beliefs:
patriotfront.us/",-1001347986142,,"[""Symbols"", ""Street Mobilization"", ""Ideology"", ""Censorship Claims""]",Symbols,"[""Symbols"", ""Street Mobilization"", ""Ideology"", ""Censorship Claims""]",[],,2026-06-10T09:42:02.592923+00:00,sentence-transformers/paraphrase-multilingual-mpnet-base-v2
patriotfrontnews:3765,patriotfrontnews,3765,2026-06-05T16:16:40+00:00,https://t.me/patriotfrontnews/3765,1909,0,{},"@PatriotFrontNews » Activists from Network 9 placed posters in Richmond, Virginia.

🇺🇸 See our latest action:
patriotfront.us/action",-1001347986142,,"[""Street Mobilization"", ""Censorship Claims"", ""Symbols"", ""Media Criticism""]",Street Mobilization,"[""Street Mobilization"", ""Censorship Claims"", ""Symbols"", ""Media Criticism""]",[],,2026-06-10T09:42:02.592923+00:00,sentence-transformers/paraphrase-multilingual-mpnet-base-v2
patriotfrontnews:3762,patriotfrontnews,3762,2026-06-04T17:16:05+00:00,https://t.me/patriotfrontnews/3762,2110,0,{},"@PatriotFrontNews » Activists from Network 6 placed a banner on a cliff overlooking Birmingham, Alabama.

🇺🇸 Submit your application today:
patriotfront.us/join",-1001347986142,,"[""Street Mobilization"", ""Symbols"", ""Censorship Claims"", ""Ideology""]",Street Mobilization,"[""Street Mobilization"", ""Symbols"", ""Censorship Claims"", ""Ideology""]",[],,2026-06-10T09:42:02.592923+00:00,sentence-transformers/paraphrase-multilingual-mpnet-base-v2
patriotfrontnews:3760,patriotfrontnews,3760,2026-06-04T16:16:28+00:00,https://t.me/patriotfrontnews/3760,2225,0,{},"@PatriotFrontNews » Activists from Network 6 placed a banner in Pleasant View, Tennessee.

🇺🇸 Visit our FAQ section:
patriotfront.us/#faq",-1001347986142,,"[""Street Mobilization"", ""Symbols"", ""Media Criticism"", ""Censorship Claims""]",Street Mobilization,"[""Street Mobilization"", ""Symbols"", ""Media Criticism"", ""Censorship Claims""]",[],,2026-06-10T09:42:02.592923+00:00,sentence-transformers/paraphrase-multilingual-mpnet-base-v2
patriotfrontnews:3750,patriotfrontnews,3750,2026-06-03T17:16:13+00:00,https://t.me/patriotfrontnews/3750,2377,0,{},"@PatriotFrontNews » Activists from Network 13 (Midwest), Network 6 (Deep South), and Network 15 (Michigan) conducted a demonstration in Bowling Green, Kentucky. The members proceeded through the center of town, handed out flyers, and stood with banners placed on a bridge for an hour as vehicles passed.

🇺🇸 Submit your application today:
patriotfront.us/join",-1001347986142,,"[""Street Mobilization"", ""Censorship Claims"", ""Media Criticism"", ""Ideology""]",Street Mobilization,"[""Street Mobilization"", ""Censorship Claims"", ""Media Criticism"", ""Ideology""]",[],,2026-06-10T09:42:02.592923+00:00,sentence-transformers/paraphrase-multilingual-mpnet-base-v2
patriotfrontnews:3749,patriotfrontnews,3749,2026-06-02T16:36:11+00:00,https://t.me/patriotfrontnews/3749,3969,0,{},"@PatriotFrontNews » Activists from Network 1 (NorTex) and Network 2 (CenTex) assembled at the San Jacinto Monument in recognition of Memorial Day. The colossal stone structure marks the battlefield where Texan forces defeated the invading Mexican army, and secured the independence and later annexation of Texas.

🇺🇸 See the photo report from this action here.

⭐️ Submit your application today:
patriotfront.us/join",-1001347986142,,"[""Street Mobilization"", ""Symbols"", ""Conflict"", ""Ideology""]",Street Mobilization,"[""Street Mobilization"", ""Symbols"", ""Conflict"", ""Ideology""]",[],,2026-06-10T09:42:02.592923+00:00,sentence-transformers/paraphrase-multilingual-mpnet-base-v2
patriotfrontnews:3740,patriotfrontnews,3740,2026-06-01T20:21:43+00:00,https://t.me/patriotfrontnews/3740,2566,0,{},"@PatriotFrontNews » Activists from Network 14 hiked and trained in Newport Beach, California.

⛰️ Group exercise, martial arts, and hikes all contribute to a culture of health and ability. Political ideals of a healthy society must begin with the lifestyle of each and every member.

⭐️ See our pages and interviews:
patriotfront.us/social/",-1001347986142,,"[""Street Mobilization"", ""Ideology"", ""Media Criticism"", ""Conflict""]",Street Mobilization,"[""Street Mobilization"", ""Ideology"", ""Media Criticism"", ""Conflict""]",[],,2026-06-10T09:42:02.592923+00:00,sentence-transformers/paraphrase-multilingual-mpnet-base-v2
patriotfrontnews:3738,patriotfrontnews,3738,2026-06-01T20:20:20+00:00,https://t.me/patriotfrontnews/3738,2507,0,{},"@PatriotFrontNews » Activists from Network 14 placed a banner in Pismo Beach, California.

🇺🇸 Visit our FAQ section:
patriotfront.us/#faq",-1001347986142,,"[""Street Mobilization"", ""Censorship Claims"", ""Media Criticism"", ""Ideology""]",Street Mobilization,"[""Street Mobilization"", ""Censorship Claims"", ""Media Criticism"", ""Ideology""]",[],,2026-06-10T09:42:02.592923+00:00,sentence-transformers/paraphrase-multilingual-mpnet-base-v2
patriotfrontnews:3734,patriotfrontnews,3734,2026-05-30T16:16:15+00:00,https://t.me/patriotfrontnews/3734,2923,0,{},"@PatriotFrontNews » Activists from Network 14, in recognition of Memorial Day, visited the Los Angeles National Cemetery, and placed flowers at headstones as they walked amongst the rows in remembrance. The cemetery hosts veterans of the Indian Wars, the Civil War, the Mexican American War, the Spanish American war, and all since.

⭐️ See what we do, and why:
patriotfront.us/action",-1001347986142,,"[""Street Mobilization"", ""Symbols"", ""Ideology"", ""Conflict""]",Street Mobilization,"[""Street Mobilization"", ""Symbols"", ""Ideology"", ""Conflict""]",[],,2026-06-10T09:42:02.592923+00:00,sentence-transformers/paraphrase-multilingual-mpnet-base-v2
patriotfrontnews:3724,patriotfrontnews,3724,2026-05-29T18:16:25+00:00,https://t.me/patriotfrontnews/3724,3440,0,{},"@PatriotFrontNews » Activists from Network 18 demonstrated throughout Coeur d'Alene, Idaho in recognition of Memorial Day. The members proceeded through town, and stopped to give a speech at the site of a local veteran's memorial.

📍See sightings and online commentary of this demonstration here.

⭐️ Submit your application today:
patriotfront.us/join",-1001347986142,,"[""Street Mobilization"", ""Symbols"", ""Censorship Claims"", ""Ideology""]",Street Mobilization,"[""Street Mobilization"", ""Symbols"", ""Censorship Claims"", ""Ideology""]",[],,2026-06-10T09:42:02.592923+00:00,sentence-transformers/paraphrase-multilingual-mpnet-base-v2
patriotfrontnews:3719,patriotfrontnews,3719,2026-05-29T18:01:01+00:00,https://t.me/patriotfrontnews/3719,2658,0,{},"@PatriotFrontNews » Activists visited several sites in recognition of Memorial Day, and placed flowers in Phoenix, Arizona.

⭐️ See our latest action:
patriotfront.us/action",-1001347986142,,"[""Symbols"", ""Street Mobilization"", ""Ideology"", ""Censorship Claims""]",Symbols,"[""Symbols"", ""Street Mobilization"", ""Ideology"", ""Censorship Claims""]",[],,2026-06-10T09:42:02.592923+00:00,sentence-transformers/paraphrase-multilingual-mpnet-base-v2
patriotfrontnews:3718,patriotfrontnews,3718,2026-05-26T16:29:57+00:00,https://t.me/patriotfrontnews/3718,6554,0,{},"@PatriotFrontNews » Video of the joint Network Memorial Day action in Virginia Beach, Virginia. 

🇺🇸 See photos from this action and its accompanying banner drop here.

⭐️ Submit your application today:
patriotfront.us/join",-1001347986142,,"[""Street Mobilization"", ""Symbols"", ""Censorship Claims"", ""Media Criticism""]",Street Mobilization,"[""Street Mobilization"", ""Symbols"", ""Censorship Claims"", ""Media Criticism""]",[],,2026-06-10T09:42:02.592923+00:00,sentence-transformers/paraphrase-multilingual-mpnet-base-v2
patriotfrontnews:3709,patriotfrontnews,3709,2026-05-25T17:44:57+00:00,https://t.me/patriotfrontnews/3709,3636,0,{},"@PatriotFrontNews » Activists from Network 9 (Chesapeake), Network 10 (North Atlantic), Network 8 (Carolinas), and Network 16 (Allegheny) gathered in Virginia Beach, Virginia in recognition of Memorial Day. A speech was given at a local naval memorial, preceded by a demonstration in which the activists handed out flyers. Afterwards, a banner drop was carried out.

⭐️ Submit your application today:
patriotfront.us/join",-1001347986142,,"[""Street Mobilization"", ""Censorship Claims"", ""Media Criticism"", ""Symbols""]",Street Mobilization,"[""Street Mobilization"", ""Censorship Claims"", ""Media Criticism"", ""Symbols""]",[],,2026-06-10T09:42:02.592923+00:00,sentence-transformers/paraphrase-multilingual-mpnet-base-v2
patriotfrontnews:3699,patriotfrontnews,3699,2026-05-25T14:49:55+00:00,https://t.me/patriotfrontnews/3699,4817,0,{},"@PatriotFrontNews » Activists from Network 1 (NorTex) and Network 2 (CenTex) assembled at the San Jacinto Monument in recognition of Memorial Day. The colossal stone structure marks the battlefield where Texan forces defeated the invading Mexican army, and secured the independence and later annexation of Texas and much more of the American west. The members marched to and around the monument, delivering a speech and leaving a wreath at the site.

⭐️ Submit your application today:
patriotfront.us/join",-1001347986142,,"[""Symbols"", ""Street Mobilization"", ""Ideology"", ""Censorship Claims""]",Symbols,"[""Symbols"", ""Street Mobilization"", ""Ideology"", ""Censorship Claims""]",[],,2026-06-10T09:42:02.592923+00:00,sentence-transformers/paraphrase-multilingual-mpnet-base-v2
patriotfrontnews:3697,patriotfrontnews,3697,2026-05-25T01:47:11+00:00,https://t.me/patriotfrontnews/3697,2104,0,{},"@PatriotFrontSightings » Patriot Front demonstration sighted in Coeur d'Alene, Idaho. North Idaho News alleges a comment from the CDA Police Department stating, in part, that ""people have a right to assemble, as long as they are law abiding."" If the statement is true, this is an update to the previous sentiments of the CDA police, who arrested dozens of PF members in 2021 under circumstances which lacked probable cause or the commission of any crime, according to the rulings of judges in several cases.

🇺🇸 See PF leader Thomas Rousseau's reply to claims made by former Coeur d'Alene county prosecutor Wes Somerton here.

⭐️ Submit your application today:
patriotfront.us/join",-1001347986142,,"[""Street Mobilization"", ""Censorship Claims"", ""Institutions"", ""Media Criticism""]",Street Mobilization,"[""Street Mobilization"", ""Censorship Claims"", ""Institutions"", ""Media Criticism""]",[],,2026-06-10T09:42:02.592923+00:00,sentence-transformers/paraphrase-multilingual-mpnet-base-v2
patriotfrontnews:3696,patriotfrontnews,3696,2026-05-23T15:42:05+00:00,https://t.me/patriotfrontnews/3696,2353,0,{},"@PatriotFrontSightings »
A Patriot Front demonstration has been sighted in Virginia Beach, Virginia.

🇺🇸 See why PF does demonstrations here.

⭐️ Submit your application today:
patriotfront.us/join",-1001347986142,,"[""Street Mobilization"", ""Symbols"", ""Censorship Claims"", ""Ideology""]",Street Mobilization,"[""Street Mobilization"", ""Symbols"", ""Censorship Claims"", ""Ideology""]",[],,2026-06-10T09:42:02.592923+00:00,sentence-transformers/paraphrase-multilingual-mpnet-base-v2
patriotfrontnews:3695,patriotfrontnews,3695,2026-05-19T18:35:08+00:00,https://t.me/patriotfrontnews/3695,8069,0,{},"@PatriotFrontNews » Activists from Network 7 (New England) and Network 8 (Carolinas) held joint demonstrations to protest the ordered removal of Iryna Zarutska's mural in Providence, Rhode Island, and the verdict of her murderer's incompetence to stand trial in Charlotte, North Carolina. The members of Network 7 placed a new mural memorializing Zarutska in the city.

⭐️ Patriot Front staged previous actions in Charlotte after Zarutska's murder, and patrolled the trains of the city. Likewise, a similar mural has been created in Florida.

🇺🇸 Submit your application today:
patriotfront.us/join",-1001347986142,,"[""Censorship Claims"", ""Street Mobilization"", ""Media Criticism"", ""Symbols""]",Censorship Claims,"[""Censorship Claims"", ""Street Mobilization"", ""Media Criticism"", ""Symbols""]",[],,2026-06-10T09:42:02.592923+00:00,sentence-transformers/paraphrase-multilingual-mpnet-base-v2
patriotfrontnews:3690,patriotfrontnews,3690,2026-05-19T17:16:13+00:00,https://t.me/patriotfrontnews/3690,3542,0,{},"@PatriotFrontNews » Activists from Network 18 hosted a first aid workshop in Grangeville, Idaho.

🪓 Literature, workshops, and a vast array of organizational projects allow members to develop new skills, study American history, and put their ideas to the test in the public space.

⭐️ See what we do, and why:
patriotfront.us/action",-1001347986142,,"[""Street Mobilization"", ""Ideology"", ""Media Criticism"", ""Conflict""]",Street Mobilization,"[""Street Mobilization"", ""Ideology"", ""Media Criticism"", ""Conflict""]",[],,2026-06-10T09:42:02.592923+00:00,sentence-transformers/paraphrase-multilingual-mpnet-base-v2
patriotfrontnews:3683,patriotfrontnews,3683,2026-05-17T18:49:04+00:00,https://t.me/patriotfrontnews/3683,4149,0,{},"@PatriotFrontNews » Activists from Patriot Front went to France to attend the C9M nationalist march in Paris. Due to repression and bans from the French state, no march was able to be held this year, but PF's representatives were able to meet with the many nationalist organizations present. 

🇺🇸 This includes, but is not limited to, AC France, AC Dietsland, the Nationalist Student Association (NSV), Núcleo Nacional (National Core), Der Dritte Weg (The Third Way), AC Helvetia, and AC Romandia.

🇫🇷 PF was also able to send a delegation to Paris in 2024, where activists participated in all aspects of the event, see video of that here.

🇩🇪Notable, also, is PF's recent inclusion in an annual conference held by Der Dritte Weg, see documentation of that here.

⭐️ Patriot Front is committed to upholding strong relations with our European cousins, which serve to fortify our efforts domestically, and represent the best of our nation abroad. Submit your application today: patriotfront.us/join",-1001347986142,,"[""Street Mobilization"", ""Censorship Claims"", ""Symbols"", ""Ideology""]",Street Mobilization,"[""Street Mobilization"", ""Censorship Claims"", ""Symbols"", ""Ideology""]",[],,2026-06-10T09:42:02.592923+00:00,sentence-transformers/paraphrase-multilingual-mpnet-base-v2
patriotfrontnews:3670,patriotfrontnews,3670,2026-05-13T17:16:13+00:00,https://t.me/patriotfrontnews/3670,4238,0,{},"@PatriotFrontNews » Activists from Network 11 hiked and trained in Fort Ransom State Park in North Dakota.

⛰️ The exploration of our homeland brings us closer to our ideals, and reminds us of the experience of our ancestors in their discovery and conquest of this continent.

⭐️ Visit our FAQ section:
patriotfront.us/#faq",-1001347986142,,"[""Street Mobilization"", ""Ideology"", ""Symbols"", ""Censorship Claims""]",Street Mobilization,"[""Street Mobilization"", ""Ideology"", ""Symbols"", ""Censorship Claims""]",[],,2026-06-10T09:42:02.592923+00:00,sentence-transformers/paraphrase-multilingual-mpnet-base-v2
patriotfrontnews:3666,patriotfrontnews,3666,2026-05-12T17:15:39+00:00,https://t.me/patriotfrontnews/3666,3888,0,{},"@PatriotFrontNews » Activists from Network 22 placed banners in Manitowoc and Sheboygan, Wisconsin.

🇺🇸 See our latest action:
patriotfront.us/action",-1001347986142,,"[""Street Mobilization"", ""Symbols"", ""Censorship Claims"", ""Ideology""]",Street Mobilization,"[""Street Mobilization"", ""Symbols"", ""Censorship Claims"", ""Ideology""]",[],,2026-06-10T09:42:02.592923+00:00,sentence-transformers/paraphrase-multilingual-mpnet-base-v2
patriotfrontnews:3662,patriotfrontnews,3662,2026-05-12T16:15:54+00:00,https://t.me/patriotfrontnews/3662,3281,0,{},"@PatriotFrontNews » Activists from Network 12 trained in Wichita, Kansas.

⛰️ It is a civic duty for the men of the nation to be healthy and capable in mind and body. Patriot Front provides the means and the motive for its members to reach their full physical potential.

🇺🇸 See our pages and interviews:
patriotfront.us/social/",-1001347986142,,"[""Street Mobilization"", ""Ideology"", ""Media Criticism"", ""Symbols""]",Street Mobilization,"[""Street Mobilization"", ""Ideology"", ""Media Criticism"", ""Symbols""]",[],,2026-06-10T09:42:02.592923+00:00,sentence-transformers/paraphrase-multilingual-mpnet-base-v2
patriotfrontnews:3658,patriotfrontnews,3658,2026-05-09T17:15:30+00:00,https://t.me/patriotfrontnews/3658,3661,0,{},"@PatriotFrontNews » Activists from Network 4 volunteered alongside local residents to help maintain a Confederate memorial in Hot Springs, Arkansas.

🇺🇸 Members of the organization conduct direct outreach into their communities to represent the ideals of nationalism, and bring new individuals into contact with the patriotic cause.

⭐️ Visit our FAQ section:
patriotfront.us/#faq",-1001347986142,,"[""Street Mobilization"", ""Symbols"", ""Ideology"", ""Media Criticism""]",Street Mobilization,"[""Street Mobilization"", ""Symbols"", ""Ideology"", ""Media Criticism""]",[],,2026-06-10T09:42:02.592923+00:00,sentence-transformers/paraphrase-multilingual-mpnet-base-v2
patriotfrontnews:3655,patriotfrontnews,3655,2026-05-08T17:15:32+00:00,https://t.me/patriotfrontnews/3655,3514,0,{},"@PatriotFrontNews » Activists from Network 6 trained in Tellico Plains, Tennessee.

🥊It is a civic duty for the men of the nation to be healthy and capable in mind and body. Patriot Front provides the means and the motive for its members to reach their full physical potential.

🇺🇸 See our latest action:
patriotfront.us/action",-1001347986142,,"[""Street Mobilization"", ""Media Criticism"", ""Ideology"", ""Symbols""]",Street Mobilization,"[""Street Mobilization"", ""Media Criticism"", ""Ideology"", ""Symbols""]",[],,2026-06-10T09:42:02.592923+00:00,sentence-transformers/paraphrase-multilingual-mpnet-base-v2
patriotfrontnews:3650,patriotfrontnews,3650,2026-05-08T16:15:38+00:00,https://t.me/patriotfrontnews/3650,3172,0,{},"@PatriotFrontNews » Activists from Network 3 placed posters in Westminster, Colorado.

🇺🇸 Read the PF Manifesto:
patriotfront.us/manifesto/",-1001347986142,,"[""Street Mobilization"", ""Ideology"", ""Censorship Claims"", ""Symbols""]",Street Mobilization,"[""Street Mobilization"", ""Ideology"", ""Censorship Claims"", ""Symbols""]",[],,2026-06-10T09:42:02.592923+00:00,sentence-transformers/paraphrase-multilingual-mpnet-base-v2
patriotfrontnews:3642,patriotfrontnews,3642,2026-05-07T18:15:35+00:00,https://t.me/patriotfrontnews/3642,3188,0,{},"@PatriotFrontNews » Activists from Network 3 placed posters in Superior and Fort Collins, Colorado.

🇺🇸 Activism circumvents digital censorship to transform the public space, promoting patriotic politics and combating anti-national messaging.

⭐️ Submit your application today:
patriotfront.us/join",-1001347986142,,"[""Censorship Claims"", ""Street Mobilization"", ""Media Criticism"", ""Symbols""]",Censorship Claims,"[""Censorship Claims"", ""Street Mobilization"", ""Media Criticism"", ""Symbols""]",[],,2026-06-10T09:42:02.592923+00:00,sentence-transformers/paraphrase-multilingual-mpnet-base-v2
patriotfrontnews:3638,patriotfrontnews,3638,2026-05-07T17:15:36+00:00,https://t.me/patriotfrontnews/3638,3483,0,{},"@PatriotFrontNEws » Activists from Network 19 trained in Jacksonville, Florida.

🥊Group exercise, martial arts, and hikes all contribute to a culture of health and ability. Political ideals of a healthy society must begin with the lifestyle of each and every member.

⭐️See our latest action:
patriotfront.us/action",-1001347986142,,"[""Street Mobilization"", ""Ideology"", ""Symbols"", ""Conflict""]",Street Mobilization,"[""Street Mobilization"", ""Ideology"", ""Symbols"", ""Conflict""]",[],,2026-06-10T09:42:02.592923+00:00,sentence-transformers/paraphrase-multilingual-mpnet-base-v2
patriotfrontnews:3634,patriotfrontnews,3634,2026-05-06T17:45:41+00:00,https://t.me/patriotfrontnews/3634,3331,0,{},"@PatriotFrontNews » Activists from Network 3 placed stencils and posters in Denver, Colorado.

🇺🇸 See what we do, and why:
patriotfront.us/action",-1001347986142,,"[""Street Mobilization"", ""Symbols"", ""Censorship Claims"", ""Media Criticism""]",Street Mobilization,"[""Street Mobilization"", ""Symbols"", ""Censorship Claims"", ""Media Criticism""]",[],,2026-06-10T09:42:02.592923+00:00,sentence-transformers/paraphrase-multilingual-mpnet-base-v2
patriotfrontnews:3626,patriotfrontnews,3626,2026-05-06T17:32:42+00:00,https://t.me/patriotfrontnews/3626,3022,0,{},"@PatriotFrontNews » Activists from Network 9 placed posters in Mechanicsville and Virginia Beach, Virginia.

⭐️ Visit our FAQ section:
patriotfront.us/#faq",-1001347986142,,"[""Street Mobilization"", ""Censorship Claims"", ""Media Criticism"", ""Symbols""]",Street Mobilization,"[""Street Mobilization"", ""Censorship Claims"", ""Media Criticism"", ""Symbols""]",[],,2026-06-10T09:42:02.592923+00:00,sentence-transformers/paraphrase-multilingual-mpnet-base-v2
patriotfrontnews:3621,patriotfrontnews,3621,2026-05-04T18:15:36+00:00,https://t.me/patriotfrontnews/3621,3192,0,{},"@PatriotFrontNews » Activists from Network 17 held a gathering for members, supporters, and their families. The event included a traditional Louisiana crawfish boil.

🇺🇸 Patriot Front's Networks are heavily engaged in the building of community, and the creation of ""A Nation Within A Nation"" where all the bonds of kinship between Americans are redoubled. 

⭐️ See our latest action:
patriotfront.us/action",-1001347986142,,"[""Street Mobilization"", ""Symbols"", ""Ideology"", ""Media Criticism""]",Street Mobilization,"[""Street Mobilization"", ""Symbols"", ""Ideology"", ""Media Criticism""]",[],,2026-06-10T09:42:02.592923+00:00,sentence-transformers/paraphrase-multilingual-mpnet-base-v2
patriotfrontnews:3616,patriotfrontnews,3616,2026-05-04T16:15:37+00:00,https://t.me/patriotfrontnews/3616,3001,0,{},"@PatriotFrontNews » Activists from Network 15 placed posters in Perrysburg, Ohio.

🗺️ Activism circumvents digital censorship to transform the public space, promoting patriotic politics and combating anti-national messaging.

🇺🇸 See our pages and interviews:
patriotfront.us/social/",-1001347986142,,"[""Street Mobilization"", ""Censorship Claims"", ""Media Criticism"", ""Ideology""]",Street Mobilization,"[""Street Mobilization"", ""Censorship Claims"", ""Media Criticism"", ""Ideology""]",[],,2026-06-10T09:42:02.592923+00:00,sentence-transformers/paraphrase-multilingual-mpnet-base-v2
patriotfrontnews:3610,patriotfrontnews,3610,2026-05-03T18:25:27+00:00,https://t.me/patriotfrontnews/3610,4380,0,{},"@PatriotFrontNews » Activists from Network 19 held a gathering for members, supporters, and their families in central Florida.

🇺🇸 Patriot Front's Networks are heavily engaged in the building of community, and the creation of ""A Nation Within A Nation"" where all the bonds of kinship between Americans are redoubled. 

⭐️ Submit your application today:
patriotfront.us/join",-1001347986142,,"[""Street Mobilization"", ""Symbols"", ""Censorship Claims"", ""Ideology""]",Street Mobilization,"[""Street Mobilization"", ""Symbols"", ""Censorship Claims"", ""Ideology""]",[],,2026-06-10T09:42:02.592923+00:00,sentence-transformers/paraphrase-multilingual-mpnet-base-v2
patriotfrontnews:3602,patriotfrontnews,3602,2026-05-03T17:45:34+00:00,https://t.me/patriotfrontnews/3602,4321,0,{},"@PatriotFrontNews » Activists from Network 7 held a demonstration in Providence, Rhode Island, placed a mural in memorial of Iryna Zarutska in East Providence. This comes after the mayor of the city has ordered that a prominent mural of Zarutska be removed.

⭐️ Patriot Front staged a protest in Charlotte, North Carolina after Zarutska's murder, and patrolled the trains of the city. Likewise, a similar mural has been created in Florida.

⭐️ See what we do, and why:
patriotfront.us/action",-1001347986142,,"[""Street Mobilization"", ""Censorship Claims"", ""Symbols"", ""Media Criticism""]",Street Mobilization,"[""Street Mobilization"", ""Censorship Claims"", ""Symbols"", ""Media Criticism""]",[],,2026-06-10T09:42:02.592923+00:00,sentence-transformers/paraphrase-multilingual-mpnet-base-v2
patriotfrontnews:3598,patriotfrontnews,3598,2026-05-02T17:14:58+00:00,https://t.me/patriotfrontnews/3598,3110,0,{},"@PatriotFrontNews » Activists from Network 9 placed posters in Washington, DC.

🇺🇸 See our latest action:
patriotfront.us/action",-1001347986142,,"[""Street Mobilization"", ""Censorship Claims"", ""Symbols"", ""Ideology""]",Street Mobilization,"[""Street Mobilization"", ""Censorship Claims"", ""Symbols"", ""Ideology""]",[],,2026-06-10T09:42:02.592923+00:00,sentence-transformers/paraphrase-multilingual-mpnet-base-v2
patriotfrontnews:3594,patriotfrontnews,3594,2026-05-01T17:09:58+00:00,https://t.me/patriotfrontnews/3594,3081,0,{},"@PatriotFrontNews » Activists from Network 1 trained in north Texas.

🥊Group exercise, martial arts, and hikes all contribute to a culture of health and ability. Political ideals of a healthy society must begin with the lifestyle of each and every member.

⭐️ See our pages and interviews:
patriotfront.us/social/",-1001347986142,,"[""Street Mobilization"", ""Ideology"", ""Conflict"", ""Symbols""]",Street Mobilization,"[""Street Mobilization"", ""Ideology"", ""Conflict"", ""Symbols""]",[],,2026-06-10T09:42:02.592923+00:00,sentence-transformers/paraphrase-multilingual-mpnet-base-v2
patriotfrontnews:3586,patriotfrontnews,3586,2026-04-30T18:14:59+00:00,https://t.me/patriotfrontnews/3586,3061,0,{},"@PatriotFrontNews » Activists from Network 3 placed posters in Broomfield and Loveland, Colorado.

⭐️ See what we do, and why:
patriotfront.us/action",-1001347986142,,"[""Street Mobilization"", ""Censorship Claims"", ""Symbols"", ""Ideology""]",Street Mobilization,"[""Street Mobilization"", ""Censorship Claims"", ""Symbols"", ""Ideology""]",[],,2026-06-10T09:42:02.592923+00:00,sentence-transformers/paraphrase-multilingual-mpnet-base-v2
patriotfrontnews:3581,patriotfrontnews,3581,2026-04-30T17:09:58+00:00,https://t.me/patriotfrontnews/3581,3658,0,{},"@PatriotFrontNews » Activists from Network 4 brought their families to a museum in Oklahoma City, Oklahoma.

🇺🇸 Patriot Front's Networks are heavily engaged in the building of community, and the creation of ""A Nation Within A Nation"" where all the bonds of kinship between Americans are redoubled. 

⭐️ Visit our FAQ section:
patriotfront.us/#faq",-1001347986142,,"[""Street Mobilization"", ""Symbols"", ""Institutions"", ""Ideology""]",Street Mobilization,"[""Street Mobilization"", ""Symbols"", ""Institutions"", ""Ideology""]",[],,2026-06-10T09:42:02.592923+00:00,sentence-transformers/paraphrase-multilingual-mpnet-base-v2
patriotfrontnews:3577,patriotfrontnews,3577,2026-04-29T18:14:58+00:00,https://t.me/patriotfrontnews/3577,3701,0,{},"@PatriotFrontNews » Activists from Network 1 helped remove debris and clear roads after heavy storms in Runaway Bay, Texas.

🪓 With food drives, disaster relief efforts, and family gatherings activists are able to help American communities in need and encourage a new lifestyle of national service and social virtues.

⭐️ See what we do, and why:
patriotfront.us/action",-1001347986142,,"[""Street Mobilization"", ""Media Criticism"", ""Migration"", ""Censorship Claims""]",Street Mobilization,"[""Street Mobilization"", ""Media Criticism"", ""Migration"", ""Censorship Claims""]",[],,2026-06-10T09:42:02.592923+00:00,sentence-transformers/paraphrase-multilingual-mpnet-base-v2
patriotfrontnews:3569,patriotfrontnews,3569,2026-04-29T17:29:58+00:00,https://t.me/patriotfrontnews/3569,3180,0,{},"@PatriotFrontNews » Activists from Network 22 placed banners in Chicago, Illinois.

🗺️ Activism circumvents digital censorship to transform the public space, promoting patriotic politics and combating anti-national messaging.

🇺🇸 Submit your application today:
patriotfront.us/join",-1001347986142,,"[""Street Mobilization"", ""Censorship Claims"", ""Symbols"", ""Media Criticism""]",Street Mobilization,"[""Street Mobilization"", ""Censorship Claims"", ""Symbols"", ""Media Criticism""]",[],,2026-06-10T09:42:02.592923+00:00,sentence-transformers/paraphrase-multilingual-mpnet-base-v2
patriotfrontnews:3560,patriotfrontnews,3560,2026-04-28T17:24:59+00:00,https://t.me/patriotfrontnews/3560,3561,0,{},"@PatriotFrontNews » Before the organization's American Muscle 2 event, activists from Network 6, 8, and 9 assembled at the Dixie Republic store and venue to prepare the grounds for the tournament.

🪓 Brush was cleared along various walkways, and a bridge was built between campsites and the main parking location. After the work was done, members trained and socialized.

🥊 See photos and videos from the American Muscle event.

🇺🇸  Submit your application today:
patriotfront.us/join",-1001347986142,,"[""Street Mobilization"", ""Symbols"", ""Censorship Claims"", ""Media Criticism""]",Street Mobilization,"[""Street Mobilization"", ""Symbols"", ""Censorship Claims"", ""Media Criticism""]",[],,2026-06-10T09:42:02.592923+00:00,sentence-transformers/paraphrase-multilingual-mpnet-base-v2
patriotfrontnews:3556,patriotfrontnews,3556,2026-04-26T18:14:58+00:00,https://t.me/patriotfrontnews/3556,3553,0,{},"@PatriotFrontNews » Activists from Network 3 placed posters in Arvada, Colorado.

🗺️ Activism circumvents digital censorship to transform the public space, promoting patriotic politics and combating anti-national messaging.

🇺🇸 Submit your application today:
patriotfront.us/join",-1001347986142,,"[""Censorship Claims"", ""Street Mobilization"", ""Media Criticism"", ""Symbols""]",Censorship Claims,"[""Censorship Claims"", ""Street Mobilization"", ""Media Criticism"", ""Symbols""]",[],,2026-06-10T09:42:02.592923+00:00,sentence-transformers/paraphrase-multilingual-mpnet-base-v2
patriotfrontnews:3550,patriotfrontnews,3550,2026-04-26T17:14:58+00:00,https://t.me/patriotfrontnews/3550,3408,0,{},"@PatriotFrontNews » Activists from Network 12 hiked in Saint Genevieve, Missouri and placed posters in Alton, Illinois.

⛰️ Group exercise, martial arts, and hikes all contribute to a culture of health and ability. Political ideals of a healthy society must begin with the lifestyle of each and every member.

⭐️ See what we do, and why:
patriotfront.us/action",-1001347986142,,"[""Street Mobilization"", ""Ideology"", ""Symbols"", ""Institutions""]",Street Mobilization,"[""Street Mobilization"", ""Ideology"", ""Symbols"", ""Institutions""]",[],,2026-06-10T09:42:02.592923+00:00,sentence-transformers/paraphrase-multilingual-mpnet-base-v2
patriotfrontnews:3543,patriotfrontnews,3543,2026-04-25T17:14:58+00:00,https://t.me/patriotfrontnews/3543,4755,0,{},"@PatriotFrontNews » Activists from Network 4 participated in a work day at the Return To The Land property in northern Arkansas. The members worked to clear land for future development, and participated in a martial arts training workshop.

🪓 See previous efforts taken by PF activists to help in the construction of the nationalist community in Arkansas here.

⭐️ See what we do, and why:
patriotfront.us/action",-1001347986142,,"[""Street Mobilization"", ""Ideology"", ""Censorship Claims"", ""Conflict""]",Street Mobilization,"[""Street Mobilization"", ""Ideology"", ""Censorship Claims"", ""Conflict""]",[],,2026-06-10T09:42:02.592923+00:00,sentence-transformers/paraphrase-multilingual-mpnet-base-v2
patriotfrontnews:3535,patriotfrontnews,3535,2026-04-24T17:14:58+00:00,https://t.me/patriotfrontnews/3535,4406,0,{},"@PatriotFrontNews » Activists from Network 1 and 2 hiked through Big Bend National park in west Texas. The members hiked through over 15 miles of mountainous terrain, and summited the tallest point in the park, Emory Peak.

⛰️ The exploration of our homeland brings us closer to our ideals, and reminds us of the experience of our ancestors in their discovery and conquest of this continent.

⭐️ Submit your application today:
patriotfront.us/join",-1001347986142,,"[""Street Mobilization"", ""Ideology"", ""Symbols"", ""Censorship Claims""]",Street Mobilization,"[""Street Mobilization"", ""Ideology"", ""Symbols"", ""Censorship Claims""]",[],,2026-06-10T09:42:02.592923+00:00,sentence-transformers/paraphrase-multilingual-mpnet-base-v2
patriotfrontnews:3534,patriotfrontnews,3534,2026-04-24T14:36:17+00:00,https://t.me/patriotfrontnews/3534,2580,0,{},"@PatriotFrontSightings » Nationalists across X rebuke new spin on fedjacketing claims. This follows a recent set of indictments made against the SPLC, including allegations of fraud and money laundering relating to the payment of informants in organizations going back several decades. The indictment notably excludes any mention of PF. 

🇺🇸 Many nationalist accounts, such as Auspill, Jeremy Mckenzie, Drie Van Langenhove, and Hermes debunked many of the flimsy talking points.

⭐️ Watch Thomas Rousseau address ""fed"" accusations made by Alex Jones here.

🇺🇸 See how paid influencer networks push false narratives about PF here.",-1001347986142,,"[""Censorship Claims"", ""Media Criticism"", ""Ideology"", ""Symbols""]",Censorship Claims,"[""Censorship Claims"", ""Media Criticism"", ""Ideology"", ""Symbols""]",[],,2026-06-10T09:42:02.592923+00:00,sentence-transformers/paraphrase-multilingual-mpnet-base-v2
patriotfrontnews:3533,patriotfrontnews,3533,2026-04-21T18:30:01+00:00,https://t.me/patriotfrontnews/3533,10710,0,{},"@PatriotFrontNews » Patriot Front continued its efforts in Liberty County, Texas to campaign against the illegal alien settlement in the region. Activists networked with local residents and a political action committee to inform American voters about the demographic threats posed by the migrant invasion, and the corruption stemming from those who have become rich at the expense of the national interest.

🇺🇸 Previously, members attended local protests, and made efforts to inform and organize residents against their displacement. Watch a video of these actions here.

⭐️ Submit your application today:
patriotfront.us/join",-1001347986142,,"[""Street Mobilization"", ""Censorship Claims"", ""Migration"", ""Ideology""]",Street Mobilization,"[""Street Mobilization"", ""Censorship Claims"", ""Migration"", ""Ideology""]",[],,2026-06-10T09:42:02.592923+00:00,sentence-transformers/paraphrase-multilingual-mpnet-base-v2
patriotfrontnews:3525,patriotfrontnews,3525,2026-04-12T16:15:31+00:00,https://t.me/patriotfrontnews/3525,16614,0,{},"@PatriotFrontNews » Activists from Network 14 placed posters and trained in Temecula, California.

🥊Group exercise, martial arts, and hikes all contribute to a culture of health and ability. Political ideals of a healthy society must begin with the lifestyle of each and every member.

⭐️ See what we do, and why:
patriotfront.us/action",-1001347986142,,"[""Street Mobilization"", ""Ideology"", ""Symbols"", ""Institutions""]",Street Mobilization,"[""Street Mobilization"", ""Ideology"", ""Symbols"", ""Institutions""]",[],,2026-06-10T09:42:02.592923+00:00,sentence-transformers/paraphrase-multilingual-mpnet-base-v2
patriotfrontnews:3524,patriotfrontnews,3524,2026-04-12T00:09:04+00:00,https://t.me/patriotfrontnews/3524,3660,0,{},"@PatriotFrontSightings »
Patriot Front demonstration sighted in Saint Joseph, Michigan. Activists can be heard chanting ""Life Liberty Victory.""

🇺🇸 See why PF does demonstrations here.
⭐️ Submit your application today:
patriotfront.us/join",-1001347986142,,"[""Street Mobilization"", ""Symbols"", ""Ideology"", ""Censorship Claims""]",Street Mobilization,"[""Street Mobilization"", ""Symbols"", ""Ideology"", ""Censorship Claims""]",[],,2026-06-10T09:42:02.592923+00:00,sentence-transformers/paraphrase-multilingual-mpnet-base-v2
patriotfrontnews:3521,patriotfrontnews,3521,2026-04-11T18:15:31+00:00,https://t.me/patriotfrontnews/3521,4231,0,{},"@PatriotFrontNews » Activists from Network 21 placed a banner in Vancouver, Washington.

🇺🇸 See our latest action:
patriotfront.us/action",-1001347986142,,"[""Street Mobilization"", ""Censorship Claims"", ""Symbols"", ""Ideology""]",Street Mobilization,"[""Street Mobilization"", ""Censorship Claims"", ""Symbols"", ""Ideology""]",[],,2026-06-10T09:42:02.592923+00:00,sentence-transformers/paraphrase-multilingual-mpnet-base-v2
patriotfrontnews:3515,patriotfrontnews,3515,2026-04-11T16:25:35+00:00,https://t.me/patriotfrontnews/3515,3960,0,{},"@PatriotFrontNews » Activists from Network 12 placed posters in Springfield, Missouri.

🇺🇸 See our pages and interviews:
patriotfront.us/social/",-1001347986142,,"[""Street Mobilization"", ""Symbols"", ""Censorship Claims"", ""Media Criticism""]",Street Mobilization,"[""Street Mobilization"", ""Symbols"", ""Censorship Claims"", ""Media Criticism""]",[],,2026-06-10T09:42:02.592923+00:00,sentence-transformers/paraphrase-multilingual-mpnet-base-v2
patriotfrontnews:3511,patriotfrontnews,3511,2026-04-10T17:15:34+00:00,https://t.me/patriotfrontnews/3511,3915,0,{},"@PatriotFrontNews » Activists from Network 10 placed posters in Patchogue, New York.

🇺🇸 See what we do, and why:
patriotfront.us/action",-1001347986142,,"[""Street Mobilization"", ""Censorship Claims"", ""Symbols"", ""Ideology""]",Street Mobilization,"[""Street Mobilization"", ""Censorship Claims"", ""Symbols"", ""Ideology""]",[],,2026-06-10T09:42:02.592923+00:00,sentence-transformers/paraphrase-multilingual-mpnet-base-v2
patriotfrontnews:3507,patriotfrontnews,3507,2026-04-09T16:25:41+00:00,https://t.me/patriotfrontnews/3507,3955,0,{},"@PatriotFrontNews » Activists from Network 9 placed posters in Virginia Beach, Virginia.

🇺🇸 Visit our FAQ section:
patriotfront.us/#faq",-1001347986142,,"[""Street Mobilization"", ""Censorship Claims"", ""Media Criticism"", ""Symbols""]",Street Mobilization,"[""Street Mobilization"", ""Censorship Claims"", ""Media Criticism"", ""Symbols""]",[],,2026-06-10T09:42:02.592923+00:00,sentence-transformers/paraphrase-multilingual-mpnet-base-v2
patriotfrontsightings:1505,patriotfrontsightings,1505,2026-06-06T21:25:28+00:00,https://t.me/patriotfrontsightings/1505,521,0,{},"@PatriotFrontNews » LIVE UPDATE: Activists from Network 11 are currently protesting in Pine City, Minnesota where a homosexual “pride” festival is being marketed towards children as “family fun.”

Such events are an affront to the family, to virtue, and antithetical to the necessary morals of the nation. Patriots must affirm their right to protest, demand the removal of this obscenity from the public space, and work towards the eradication of the cultural decay that facilitates them.",-1001851441463,,"[""Street Mobilization"", ""Censorship Claims"", ""Ideology"", ""Media Criticism""]",Street Mobilization,"[""Street Mobilization"", ""Censorship Claims"", ""Ideology"", ""Media Criticism""]",[],,2026-06-10T09:42:02.592923+00:00,sentence-transformers/paraphrase-multilingual-mpnet-base-v2
patriotfrontsightings:1504,patriotfrontsightings,1504,2026-06-06T21:16:18+00:00,https://t.me/patriotfrontsightings/1504,497,0,{},"@PatriotFrontNews » LIVE UPDATE: Activists from Network 11 are currently protesting in Pine City, Minnesota where a homosexual “pride” festival is being marketed towards children as “family fun.”

Such events are an affront to the family, to virtue, and antithetical to the necessary morals of the nation. Patriots must affirm their right to protest, demand the removal of this obscenity from the public space, and work towards the eradication of the cultural decay that facilitates them.",-1001851441463,,"[""Street Mobilization"", ""Censorship Claims"", ""Ideology"", ""Media Criticism""]",Street Mobilization,"[""Street Mobilization"", ""Censorship Claims"", ""Ideology"", ""Media Criticism""]",[],,2026-06-10T09:42:02.592923+00:00,sentence-transformers/paraphrase-multilingual-mpnet-base-v2
patriotfrontsightings:1503,patriotfrontsightings,1503,2026-06-05T19:22:21+00:00,https://t.me/patriotfrontsightings/1503,1355,0,{},"@PatriotFrontSightings » Patriot Front's activists attendance of the Remigration Conference in Portugal was discussed in a video by media outlet Wired. In the video, David Gilbert bemoans the wide range of activists and politicians from America and Europe who endorse the mass deportation of immigrants, calling the idea a 'racist ideology.' 

Gilbert whines that he and other media outlets are relegated to small tents in a parking lot, attempting to invoke the idea of 'free speech' to justify their entry with the intent of harassing attendees.

🇺🇸 PF maintains positive relations with the nationalists of Europe wherever possible. Read about Thomas Rousseau's speech given at Der Dritte Weg's [The Third Way] ""Pen & Sword"" winter seminar in Germany here.

📍 Watch the video on Instagram here.",-1001851441463,,"[""Censorship Claims"", ""Street Mobilization"", ""Media Criticism"", ""Migration""]",Censorship Claims,"[""Censorship Claims"", ""Street Mobilization"", ""Media Criticism"", ""Migration""]",[],,2026-06-10T09:42:02.592923+00:00,sentence-transformers/paraphrase-multilingual-mpnet-base-v2
patriotfrontsightings:1502,patriotfrontsightings,1502,2026-06-04T17:14:58+00:00,https://t.me/patriotfrontsightings/1502,1040,0,{},"@PatriotFrontSightings » An article was posted by Wired documenting Patriot Front's attendance at the Remigration Summit in Portugal. As expected, the leftist journalists display the same ""supremacist,"" ""Charlottesville"" buzzwords that they expect will stymie the inevitable advance of both PF and its objectives.

""... in the central Portuguese town of Figueira da Foz, a group of half a dozen men dressed in identical uniforms of khaki chinos, dark blue shirts, and sunglasses marched into the parking lot. On the lapels of their jackets, some wore the red and blue circular emblem of Patriot Front, the US white-supremacist group formed in the wake of the 2017 Unite the Right rally in Charlottesville, Virginia, and known for marching in large numbers while wearing masks and targeting left-wing events. When WIRED asked one of the men if they were members of the group, he said yes.""

📍 View recent diplomatic efforts by PF activists in France here.

📍 Read the full article here.",-1001851441463,,"[""Media Criticism"", ""Censorship Claims"", ""Street Mobilization"", ""Ideology""]",Media Criticism,"[""Media Criticism"", ""Censorship Claims"", ""Street Mobilization"", ""Ideology""]",[],,2026-06-10T09:42:02.592923+00:00,sentence-transformers/paraphrase-multilingual-mpnet-base-v2
patriotfrontsightings:1501,patriotfrontsightings,1501,2026-06-02T14:02:19+00:00,https://t.me/patriotfrontsightings/1501,1245,0,{},"@PatriotFrontSightings » A Patriot Front stencil has been featured in an urban exploration video on Instagram.

🎨 Watch TR explain the purpose of activism here.

⭐️ Get Involved:
patriotfront.us/join",-1001851441463,,"[""Symbols"", ""Street Mobilization"", ""Ideology"", ""Censorship Claims""]",Symbols,"[""Symbols"", ""Street Mobilization"", ""Ideology"", ""Censorship Claims""]",[],,2026-06-10T09:42:02.592923+00:00,sentence-transformers/paraphrase-multilingual-mpnet-base-v2
patriotfrontsightings:1500,patriotfrontsightings,1500,2026-06-01T17:05:16+00:00,https://t.me/patriotfrontsightings/1500,1381,0,{},"@PatriotFrontSightings » An article published by the Bucks County Beacon discusses Patriot Front flyers in Quakertown.

The blog describes PF as a 'neo-nazi' group, using data from the widely discredited Southern Poverty Law Center to justify the claim. The person aggrieved by PF flyers in Quakertown appears to also have a negative opinion of residents in the town, saying ""[she] wants to have good relationships with her neighbors, but support of the current administration makes it 'complicated.'""

⛰️ See PF participate in community building and develop occupational skills in its members here.

🏹 Read the article here.",-1001851441463,,"[""Street Mobilization"", ""Ideology"", ""Media Criticism"", ""Censorship Claims""]",Street Mobilization,"[""Street Mobilization"", ""Ideology"", ""Media Criticism"", ""Censorship Claims""]",[],,2026-06-10T09:42:02.592923+00:00,sentence-transformers/paraphrase-multilingual-mpnet-base-v2
patriotfrontsightings:1496,patriotfrontsightings,1496,2026-06-01T13:02:03+00:00,https://t.me/patriotfrontsightings/1496,1201,0,{},"@PatriotFrontSightings »
🇺🇸 Patriot Front promotional material spotted in:
» Boulder, Colorado, Network 3
» Boulder, Colorado, Network 3
» Burleson, Texas, Network 1
» The Woodlands, Texas, Network 2",-1001851441463,,"[""Symbols"", ""Media Criticism"", ""Censorship Claims"", ""Street Mobilization""]",Symbols,"[""Symbols"", ""Media Criticism"", ""Censorship Claims"", ""Street Mobilization""]",[],,2026-06-10T09:42:02.592923+00:00,sentence-transformers/paraphrase-multilingual-mpnet-base-v2
patriotfrontsightings:1495,patriotfrontsightings,1495,2026-05-31T15:06:03+00:00,https://t.me/patriotfrontsightings/1495,1228,0,{},"@PatriotFrontSightings » Patriot Front was mentioned in article by Newsweek, titled ""Far-Right Extremist Fight Clubs Are Happening in America’s Forests.""

In the article, Newsweek journalists and NGO 'researchers' bemoan the fact that events hosted by nationalists are not illegal.

[Jacob Wagner] said:  ""Law enforcement may be reluctant to take significant action against these competitions unless they have evidence that members are clearly engaging in criminal or illegal activity.""

Further on, the writer recognizes the appeal of masculinity in combat sports, quoting PF's description of its American Muscle events as a ""synthesis of physicality and culture,"" and claiming that ""Active Club activity looks set to grow."" Attempting to demonize nationalism and fundraise for various anti-nationalist projects the writer calls fitness meetups and sporting events ""a growing threat.""

⛰️ Watch Thomas Rousseau explain the importance of fitness and martial arts in organizing here.

🏹 Read the article here.",-1001851441463,,"[""Censorship Claims"", ""Media Criticism"", ""Street Mobilization"", ""Ideology""]",Censorship Claims,"[""Censorship Claims"", ""Media Criticism"", ""Street Mobilization"", ""Ideology""]",[],,2026-06-10T09:42:02.592923+00:00,sentence-transformers/paraphrase-multilingual-mpnet-base-v2
patriotfrontsightings:1491,patriotfrontsightings,1491,2026-05-31T13:03:11+00:00,https://t.me/patriotfrontsightings/1491,1154,0,{},"@PatriotFrontSightings »
🇺🇸 Patriot Front promotional material spotted in:
» Fort Worth, Texas, Network 1
» Mechanicsville, Virginia, Network 9
» Springfield, Missouri, Network 12
» Springfield, Missouri, Network 12",-1001851441463,,"[""Symbols"", ""Street Mobilization"", ""Media Criticism"", ""Censorship Claims""]",Symbols,"[""Symbols"", ""Street Mobilization"", ""Media Criticism"", ""Censorship Claims""]",[],,2026-06-10T09:42:02.592923+00:00,sentence-transformers/paraphrase-multilingual-mpnet-base-v2
patriotfrontsightings:1487,patriotfrontsightings,1487,2026-05-29T13:01:10+00:00,https://t.me/patriotfrontsightings/1487,1309,0,{},"@PatriotFrontSightings »
🇺🇸 Patriot Front promotional material spotted in:
» Anchorage, Alaska
»  Florida, Network 19
»  Poughkeepsie, New York, Network 10
» Washington D.C. Network 9",-1001851441463,,"[""Symbols"", ""Media Criticism"", ""Censorship Claims"", ""Street Mobilization""]",Symbols,"[""Symbols"", ""Media Criticism"", ""Censorship Claims"", ""Street Mobilization""]",[],,2026-06-10T09:42:02.592923+00:00,sentence-transformers/paraphrase-multilingual-mpnet-base-v2
patriotfrontsightings:1483,patriotfrontsightings,1483,2026-05-28T13:03:36+00:00,https://t.me/patriotfrontsightings/1483,1409,0,{},"@PatriotFrontSightings »
🇺🇸 Patriot Front promotional material spotted in:
» Boulder, Colorado, Network 3
» Bowling Green, Ohio, Network 15
» Cambridge, Maryland, Network 9
» Denver, Colorado, Network 3",-1001851441463,,"[""Symbols"", ""Media Criticism"", ""Censorship Claims"", ""Street Mobilization""]",Symbols,"[""Symbols"", ""Media Criticism"", ""Censorship Claims"", ""Street Mobilization""]",[],,2026-06-10T09:42:02.592923+00:00,sentence-transformers/paraphrase-multilingual-mpnet-base-v2
patriotfrontsightings:1480,patriotfrontsightings,1480,2026-05-24T23:46:59+00:00,https://t.me/patriotfrontsightings/1480,4613,0,{},"@PatriotFrontSightings » Patriot Front demonstration sighted in Coeur d'Alene, Idaho. North Idaho News alleges a comment from the CDA Police Department stating, in part, that ""people have a right to assemble, as long as they are law abiding."" If the statement is true, this is an update to the previous sentiments of the CDA police, who arrested dozens of PF members in 2021 under circumstances which lacked probable cause or the commission of any crime, according to the rulings of judges in several cases.

🇺🇸 See PF leader Thomas Rousseau's reply to claims made by former Coeur d'Alene county prosecutor Wes Somerton here.

⭐️ Submit your application today:
patriotfront.us/join",-1001851441463,,"[""Street Mobilization"", ""Censorship Claims"", ""Institutions"", ""Media Criticism""]",Street Mobilization,"[""Street Mobilization"", ""Censorship Claims"", ""Institutions"", ""Media Criticism""]",[],,2026-06-10T09:42:02.592923+00:00,sentence-transformers/paraphrase-multilingual-mpnet-base-v2
patriotfrontsightings:1479,patriotfrontsightings,1479,2026-05-23T23:36:54+00:00,https://t.me/patriotfrontsightings/1479,2198,0,{},"@PatriotFrontSightings »
Video of PF’s Memorial Day demonstration in Virginia Beach, Virginia. The commentator expresses surprise witnessing the march.

🇺🇸 See why PF does demonstrations here.

⭐️ Submit your application today:
patriotfront.us/join",-1001851441463,,"[""Street Mobilization"", ""Symbols"", ""Censorship Claims"", ""Media Criticism""]",Street Mobilization,"[""Street Mobilization"", ""Symbols"", ""Censorship Claims"", ""Media Criticism""]",[],,2026-06-10T09:42:02.592923+00:00,sentence-transformers/paraphrase-multilingual-mpnet-base-v2
patriotfrontsightings:1478,patriotfrontsightings,1478,2026-05-23T15:35:04+00:00,https://t.me/patriotfrontsightings/1478,4346,0,{},"@PatriotFrontSightings »
A Patriot Front demonstration has been sighted in Virginia Beach, Virginia.

🇺🇸 See why PF does demonstrations here.

⭐️ Submit your application today:
patriotfront.us/join",-1001851441463,,"[""Street Mobilization"", ""Symbols"", ""Censorship Claims"", ""Ideology""]",Street Mobilization,"[""Street Mobilization"", ""Symbols"", ""Censorship Claims"", ""Ideology""]",[],,2026-06-10T09:42:02.592923+00:00,sentence-transformers/paraphrase-multilingual-mpnet-base-v2
patriotfrontsightings:1477,patriotfrontsightings,1477,2026-05-19T19:35:11+00:00,https://t.me/patriotfrontsightings/1477,1470,0,{},"@PatriotFrontNews » Activists from Network 7 (New England) and Network 8 (Carolinas) held joint demonstrations to protest the ordered removal of Iryna Zarutska's mural in Providence, Rhode Island, and the verdict of her murderer's incompetence to stand trial in Charlotte, North Carolina. The members of Network 7 placed a new mural memorializing Zarutska in the city.

⭐️ Patriot Front staged previous actions in Charlotte after Zarutska's murder, and patrolled the trains of the city. Likewise, a similar mural has been created in Florida.

🇺🇸 Submit your application today:
patriotfront.us/join",-1001851441463,,"[""Censorship Claims"", ""Street Mobilization"", ""Media Criticism"", ""Symbols""]",Censorship Claims,"[""Censorship Claims"", ""Street Mobilization"", ""Media Criticism"", ""Symbols""]",[],,2026-06-10T09:42:02.592923+00:00,sentence-transformers/paraphrase-multilingual-mpnet-base-v2
patriotfrontsightings:1474,patriotfrontsightings,1474,2026-05-09T23:39:57+00:00,https://t.me/patriotfrontsightings/1474,2452,0,{},"@PatriotFrontSightings »
A Patriot Front demonstration has been sighted in Bowling Green, Kentucky protesting American involvement in foreign wars, Zionism in government, and advocating for the deportation of foreign invaders.

⛰️ See PF's political campaign against an illegal settlement in Texas here.

💣 See Thomas Rousseau address the topic of foreign wars and domestic turmoil here.

⭐️ Submit your application today:
patriotfront.us/join",-1001851441463,,"[""Street Mobilization"", ""Ideology"", ""Symbols"", ""Censorship Claims""]",Street Mobilization,"[""Street Mobilization"", ""Ideology"", ""Symbols"", ""Censorship Claims""]",[],,2026-06-10T09:42:02.592923+00:00,sentence-transformers/paraphrase-multilingual-mpnet-base-v2
patriotfrontsightings:1473,patriotfrontsightings,1473,2026-05-06T12:04:14+00:00,https://t.me/patriotfrontsightings/1473,2736,0,{},"@PatriotFrontSightings »
Patriot Front was featured in a segment by 60 Minutes featuring ""white supremacists"" in disaster relief efforts. The presenter attempts to slander PF as ""disaster tourists,"" minimizing on the ground work done by activists.

🪓 See PF's disaster relief efforts for Hurricane Helene in North Carolina here.

⛰️ See Thomas Rousseau rebuke arguments made by the presenter here.

⭐️ Submit your application today:
patriotfront.us/join",-1001851441463,,"[""Media Criticism"", ""Censorship Claims"", ""Street Mobilization"", ""Ideology""]",Media Criticism,"[""Media Criticism"", ""Censorship Claims"", ""Street Mobilization"", ""Ideology""]",[],,2026-06-10T09:42:02.592923+00:00,sentence-transformers/paraphrase-multilingual-mpnet-base-v2
patriotfrontsightings:1472,patriotfrontsightings,1472,2026-04-24T13:02:36+00:00,https://t.me/patriotfrontsightings/1472,8473,0,{},"@PatriotFrontSightings » Nationalists across X rebuke new spin on fedjacketing claims. This follows a recent set of indictments made against the SPLC, including allegations of fraud and money laundering relating to the payment of informants in organizations going back several decades. The indictment notably excludes any mention of PF. 

🇺🇸 Many nationalist accounts, such as Auspill, Jeremy Mckenzie, Drie Van Langenhove, and Hermes debunked many of the flimsy talking points.

⭐️ Watch Thomas Rousseau address ""fed"" accusations made by Alex Jones here.

🇺🇸 See how paid influencer networks push false narratives about PF here.",-1001851441463,,"[""Censorship Claims"", ""Media Criticism"", ""Ideology"", ""Symbols""]",Censorship Claims,"[""Censorship Claims"", ""Media Criticism"", ""Ideology"", ""Symbols""]",[],,2026-06-10T09:42:02.592923+00:00,sentence-transformers/paraphrase-multilingual-mpnet-base-v2
patriotfrontsightings:1468,patriotfrontsightings,1468,2026-04-22T12:02:39+00:00,https://t.me/patriotfrontsightings/1468,2674,0,{},"@PatriotFrontSightings »
🇺🇸 Patriot Front promotional material spotted in:
» Charlotte, North Carolina, Network 8
» Charlotte, North Carolina, Network 8
» Saint Cloud, Minnesota, Network 11
» Virginia Beach, Virginia, Network 9",-1001851441463,,"[""Symbols"", ""Censorship Claims"", ""Media Criticism"", ""Street Mobilization""]",Symbols,"[""Symbols"", ""Censorship Claims"", ""Media Criticism"", ""Street Mobilization""]",[],,2026-06-10T09:42:02.592923+00:00,sentence-transformers/paraphrase-multilingual-mpnet-base-v2
patriotfrontsightings:1467,patriotfrontsightings,1467,2026-04-21T18:38:35+00:00,https://t.me/patriotfrontsightings/1467,1918,0,{},"@PatriotFrontNews » Patriot Front continued its efforts in Liberty County, Texas to campaign against the illegal alien settlement in the region. Activists networked with local residents and a political action committee to inform American voters about the demographic threats posed by the migrant invasion, and the corruption stemming from those who have become rich at the expense of the national interest.

🇺🇸 Previously, members attended local protests, and made efforts to inform and organize residents against their displacement. Watch a video of these actions here.

⭐️ Submit your application today:
patriotfront.us/join",-1001851441463,,"[""Street Mobilization"", ""Censorship Claims"", ""Migration"", ""Ideology""]",Street Mobilization,"[""Street Mobilization"", ""Censorship Claims"", ""Migration"", ""Ideology""]",[],,2026-06-10T09:42:02.592923+00:00,sentence-transformers/paraphrase-multilingual-mpnet-base-v2
patriotfrontsightings:1462,patriotfrontsightings,1462,2026-04-21T12:04:22+00:00,https://t.me/patriotfrontsightings/1462,2070,0,{},"@PatriotFrontSightings »
🇺🇸 Patriot Front promotional material spotted in:
» Austin, Texas, Network 2
» Denver, Colorado, Network 3
» Denver, Colorado, Network 3
»  Lansing, Michigan, Network 15",-1001851441463,,"[""Symbols"", ""Censorship Claims"", ""Media Criticism"", ""Street Mobilization""]",Symbols,"[""Symbols"", ""Censorship Claims"", ""Media Criticism"", ""Street Mobilization""]",[],,2026-06-10T09:42:02.592923+00:00,sentence-transformers/paraphrase-multilingual-mpnet-base-v2
patriotfrontsightings:1458,patriotfrontsightings,1458,2026-04-20T15:43:27+00:00,https://t.me/patriotfrontsightings/1458,1889,0,{},"@PatriotFrontSightings »
🇺🇸 Patriot Front promotional material spotted in:
» Denver, Colorado, Network 3
» Denver, Colorado, Network 3
» Nashville, Tennessee, Network 6
» Williamstown, West Virginia, Network 13",-1001851441463,,"[""Symbols"", ""Media Criticism"", ""Censorship Claims"", ""Street Mobilization""]",Symbols,"[""Symbols"", ""Media Criticism"", ""Censorship Claims"", ""Street Mobilization""]",[],,2026-06-10T09:42:02.592923+00:00,sentence-transformers/paraphrase-multilingual-mpnet-base-v2
patriotfrontsightings:1454,patriotfrontsightings,1454,2026-04-17T13:04:09+00:00,https://t.me/patriotfrontsightings/1454,2331,0,{},"@PatriotFrontSightings »
🇺🇸 Patriot Front promotional material spotted in:
» Lebanon, Oregon, Network 21
» Nashville, Tennessee, Network 6
» Seattle, Washington, Network 21
» Seattle, Washington, Network 21",-1001851441463,,"[""Symbols"", ""Media Criticism"", ""Censorship Claims"", ""Street Mobilization""]",Symbols,"[""Symbols"", ""Media Criticism"", ""Censorship Claims"", ""Street Mobilization""]",[],,2026-06-10T09:42:02.592923+00:00,sentence-transformers/paraphrase-multilingual-mpnet-base-v2
patriotfrontsightings:1452,patriotfrontsightings,1452,2026-04-12T17:15:16+00:00,https://t.me/patriotfrontsightings/1452,3407,0,{},"@PatriotFrontSightings » 
Two more demonstrations were sighted on April 11th, 2026. Witnesses took images of Patriot Front demonstrations in Holland, Michigan, and Providence, Rhode Island.

⛰️ See Patriot Front's demonstration and speech on the murder of Iryna Zarutska in Charlotte, North Carolina here.

⭐️ Get Involved:
patriotfront.us/join",-1001851441463,,"[""Street Mobilization"", ""Symbols"", ""Censorship Claims"", ""Media Criticism""]",Street Mobilization,"[""Street Mobilization"", ""Symbols"", ""Censorship Claims"", ""Media Criticism""]",[],,2026-06-10T09:42:02.592923+00:00,sentence-transformers/paraphrase-multilingual-mpnet-base-v2
patriotfrontsightings:1451,patriotfrontsightings,1451,2026-04-11T23:44:53+00:00,https://t.me/patriotfrontsightings/1451,17954,0,{},"@PatriotFrontSightings »
Patriot Front demonstration sighted in Saint Joseph, Michigan. Activists can be heard chanting ""Life Liberty Victory.""

🇺🇸 See why PF does demonstrations here.
⭐️ Submit your application today:
patriotfront.us/join",-1001851441463,,"[""Street Mobilization"", ""Symbols"", ""Ideology"", ""Censorship Claims""]",Street Mobilization,"[""Street Mobilization"", ""Symbols"", ""Ideology"", ""Censorship Claims""]",[],,2026-06-10T09:42:02.592923+00:00,sentence-transformers/paraphrase-multilingual-mpnet-base-v2
patriotfrontsightings:1447,patriotfrontsightings,1447,2026-04-09T13:02:33+00:00,https://t.me/patriotfrontsightings/1447,2644,0,{},"@PatriotFrontSightings »
🇺🇸 Patriot Front promotional material spotted in:
» Philadelphia, Pennsylvania, Network 10
» Philadelphia, Pennsylvania, Network 10
» Salt Lake City, Utah, Network 5
» Washington DC, Network 9",-1001851441463,,"[""Symbols"", ""Media Criticism"", ""Censorship Claims"", ""Street Mobilization""]",Symbols,"[""Symbols"", ""Media Criticism"", ""Censorship Claims"", ""Street Mobilization""]",[],,2026-06-10T09:42:02.592923+00:00,sentence-transformers/paraphrase-multilingual-mpnet-base-v2
patriotfrontsightings:1446,patriotfrontsightings,1446,2026-03-24T14:33:46+00:00,https://t.me/patriotfrontsightings/1446,3996,0,{},"@PatriotFrontSightings »
🗺️ A news segment by 3 News Now discussed a banner put up by Patriot Front with the slogan 'America First.' The reporters interview employees of several NGO's in an attempt frame patriotic organizing in a negative light.

Rebecca Weiniger, a senior regional director for the Zionist ADL, said that Patriot Front’s activism is prolific. ""They have an active presence really anywhere,"" and that she's received three reports of similar signs in the area.

📍 See PF's 2025 activism report and map here.

⭐️ Submit your application today:
patriotfront.us/join",-1001851441463,,"[""Media Criticism"", ""Street Mobilization"", ""Censorship Claims"", ""Ideology""]",Media Criticism,"[""Media Criticism"", ""Street Mobilization"", ""Censorship Claims"", ""Ideology""]",[],,2026-06-10T09:42:02.592923+00:00,sentence-transformers/paraphrase-multilingual-mpnet-base-v2
patriotfrontsightings:1442,patriotfrontsightings,1442,2026-03-18T15:15:30+00:00,https://t.me/patriotfrontsightings/1442,3724,0,{},"@PatriotFrontSightings »
🇺🇸 Patriot Front promotional material spotted in:
» Burlington, Vermont, Network 7
» Denver, Colorado, Network 3
» Nashville, Tennessee, Network 6
» Virginia Beach, Virginia, Network 9",-1001851441463,,"[""Symbols"", ""Censorship Claims"", ""Media Criticism"", ""Street Mobilization""]",Symbols,"[""Symbols"", ""Censorship Claims"", ""Media Criticism"", ""Street Mobilization""]",[],,2026-06-10T09:42:02.592923+00:00,sentence-transformers/paraphrase-multilingual-mpnet-base-v2
patriotfrontsightings:1439,patriotfrontsightings,1439,2026-03-10T14:34:52+00:00,https://t.me/patriotfrontsightings/1439,3824,0,{},"@PatriotFrontSightings »
⛰️ A Patriot Front protest against mass immigration in Manitowoc and Sheboygan, Wisconsin sparked widespread social media discussion. The activists were sighted holding a banner with the message ""Deport Invaders."" Per the ACLED, PF has played an outsized role in protests against mass invasion across the continent.

🏹 Watch Activists deliver an address against the foreign invasion of Dearborn, Michigan here.

⭐️ Get Involved:
patriotfront.us/join",-1001851441463,,"[""Street Mobilization"", ""Censorship Claims"", ""Migration"", ""Ideology""]",Street Mobilization,"[""Street Mobilization"", ""Censorship Claims"", ""Migration"", ""Ideology""]",[],,2026-06-10T09:42:02.592923+00:00,sentence-transformers/paraphrase-multilingual-mpnet-base-v2
patriotfrontsightings:1438,patriotfrontsightings,1438,2026-03-04T16:15:33+00:00,https://t.me/patriotfrontsightings/1438,4197,0,{},"@PatriotFrontSightings »
🗺️ Patriot Front posters in Smyrna, Georgia were featured on a news segment by WSB-TV 2. The anchors interview Jeff Tischauser, employee of the widely discredited SPLC. In the segment, the reporters quote law enforcement, saying that posting flyers does not break any law.

""It's a group that got on our radar because it's so active on the ground. Patriot Front members post ten times more racist propaganda across the United States than the next White Nationalist group that uses this tactic.""

🎨 Watch TR explain the purpose of activism here.

⛰️ See footage of Murrell attempt to attack a PF demonstration in Boston here.",-1001851441463,,"[""Media Criticism"", ""Censorship Claims"", ""Street Mobilization"", ""Symbols""]",Media Criticism,"[""Media Criticism"", ""Censorship Claims"", ""Street Mobilization"", ""Symbols""]",[],,2026-06-10T09:42:02.592923+00:00,sentence-transformers/paraphrase-multilingual-mpnet-base-v2
patriotfrontsightings:1437,patriotfrontsightings,1437,2026-02-23T17:53:04+00:00,https://t.me/patriotfrontsightings/1437,3937,0,{},"@PatriotFrontSightings »
⛰️ Patriot Front was mentioned in the report ""The migration debate on the streets: Four key things to know from global data on protests"" by Armed Conflict Location & Event Data (ACLED) discussing protests in The United States. Per ACLED data, PF has played an outsized role in protests against mass immigration in the United States.

🏹 See PF's demonstration against an illegal immigration in Colony Ridge here.

⭐️ Submit your application today:
patriotfront.us/join",-1001851441463,,"[""Street Mobilization"", ""Migration"", ""Conflict"", ""Censorship Claims""]",Street Mobilization,"[""Street Mobilization"", ""Migration"", ""Conflict"", ""Censorship Claims""]",[],,2026-06-10T09:42:02.592923+00:00,sentence-transformers/paraphrase-multilingual-mpnet-base-v2
patriotfrontsightings:1433,patriotfrontsightings,1433,2026-02-21T20:10:28+00:00,https://t.me/patriotfrontsightings/1433,3479,0,{},"@PatriotFrontSightings »
🇺🇸 Patriot Front promotional material spotted in:
» Denver, Colorado, Network 3
» Macon, Georgia, Network 6
» Manitowoc, Wisconsin, Network 22
» New Orleans, Louisiana, Network 17",-1001851441463,,"[""Symbols"", ""Media Criticism"", ""Censorship Claims"", ""Street Mobilization""]",Symbols,"[""Symbols"", ""Media Criticism"", ""Censorship Claims"", ""Street Mobilization""]",[],,2026-06-10T09:42:02.592923+00:00,sentence-transformers/paraphrase-multilingual-mpnet-base-v2
patriotfrontsightings:1432,patriotfrontsightings,1432,2026-02-21T16:01:04+00:00,https://t.me/patriotfrontsightings/1432,6556,0,{},"@PatriotFrontSightings »
⛰️ Patriot Front activists were interviewed during a banner hold in Liberty Lake, Washington and explained PF's views.

After the interaction, the social media personality talked with a foreigner, Jose Ferreri, who was incensed over the patriotic display. During the discussion, the Ferreri expressed support for illegal immigration and parroted the anti-American talking point that the nation is ""stolen land.""

🇺🇸 Watch Thomas Rousseau explain the dangers of mass migration, and that certain foreigners will never be American here.",-1001851441463,,"[""Ideology"", ""Censorship Claims"", ""Media Criticism"", ""Street Mobilization""]",Ideology,"[""Ideology"", ""Censorship Claims"", ""Media Criticism"", ""Street Mobilization""]",[],,2026-06-10T09:42:02.592923+00:00,sentence-transformers/paraphrase-multilingual-mpnet-base-v2
patriotfrontsightings:1428,patriotfrontsightings,1428,2026-02-20T20:48:29+00:00,https://t.me/patriotfrontsightings/1428,2593,0,{},"@PatriotFrontSightings »
🇺🇸 Patriot Front promotional material spotted in:
» Birmingham, Alabama, Network 6
» Gainsville, Florida, Network 19
» Georgetown, Texas, Network 2
» Spokane, Washington, Network 18",-1001851441463,,"[""Symbols"", ""Media Criticism"", ""Censorship Claims"", ""Street Mobilization""]",Symbols,"[""Symbols"", ""Media Criticism"", ""Censorship Claims"", ""Street Mobilization""]",[],,2026-06-10T09:42:02.592923+00:00,sentence-transformers/paraphrase-multilingual-mpnet-base-v2
patriotfrontsightings:1427,patriotfrontsightings,1427,2026-02-18T16:33:04+00:00,https://t.me/patriotfrontsightings/1427,2855,0,{},"@PatriotFrontSightings »
Patriot Front's Thomas Rousseau was mentioned in a NGO article discussing a Return to the Land conference about building intentional communities. After describing the speakers as a ""veritable 'who's who' of white nationalist community builders,"" the writer descends into frantic moralizing, attempting to 'debunk' factual claims and demonize the speakers.

Further in, the article discusses Rousseau's speech. ""Rousseau discussed media attention during his talk as a way to navigate around censorship on social media, as the coverage, even when negative, serves to promote the group’s activities.""

🏹 Read the article here.

⛰️ Watch PF's latest demonstration in Dearborn here.

⭐️ Get Involved:
patriotfront.us/join",-1001851441463,,"[""Ideology"", ""Media Criticism"", ""Censorship Claims"", ""Symbols""]",Ideology,"[""Ideology"", ""Media Criticism"", ""Censorship Claims"", ""Symbols""]",[],,2026-06-10T09:42:02.592923+00:00,sentence-transformers/paraphrase-multilingual-mpnet-base-v2
patriotfrontsightings:1423,patriotfrontsightings,1423,2026-02-16T23:32:27+00:00,https://t.me/patriotfrontsightings/1423,2457,0,{},"@PatriotFrontSightings »
🇺🇸 Patriot Front promotional material spotted in:
» Austin, Texas, Network 2
» Chicago, Illinois, Network 22
» Denver, Colorado, Network 3
» Eden Prairie, Minnesota, Network 11",-1001851441463,,"[""Symbols"", ""Media Criticism"", ""Censorship Claims"", ""Street Mobilization""]",Symbols,"[""Symbols"", ""Media Criticism"", ""Censorship Claims"", ""Street Mobilization""]",[],,2026-06-10T09:42:02.592923+00:00,sentence-transformers/paraphrase-multilingual-mpnet-base-v2
patriotfrontsightings:1419,patriotfrontsightings,1419,2026-02-15T17:04:30+00:00,https://t.me/patriotfrontsightings/1419,2432,0,{},"@PatriotFrontSightings »
🇺🇸 Patriot Front promotional material spotted in:
» Hurst, Texas, Network 1
» Minneapolis, Minnesota, Network 11
» Nashville, Tennessee, Network 6
» New Braunfels, Texas, Network 2",-1001851441463,,"[""Symbols"", ""Censorship Claims"", ""Media Criticism"", ""Street Mobilization""]",Symbols,"[""Symbols"", ""Censorship Claims"", ""Media Criticism"", ""Street Mobilization""]",[],,2026-06-10T09:42:02.592923+00:00,sentence-transformers/paraphrase-multilingual-mpnet-base-v2
patriotfrontsightings:1415,patriotfrontsightings,1415,2026-02-14T18:04:51+00:00,https://t.me/patriotfrontsightings/1415,2304,0,{},"@PatriotFrontSightings »
🇺🇸 Patriot Front promotional material spotted in:
» Chicago, Illinois, Network 22
» Colleyville, Texas, Network 1
» Hoboken, New Jersey, Network 10
» Texas Christian University, Texas, Network 1",-1001851441463,,"[""Symbols"", ""Media Criticism"", ""Censorship Claims"", ""Street Mobilization""]",Symbols,"[""Symbols"", ""Media Criticism"", ""Censorship Claims"", ""Street Mobilization""]",[],,2026-06-10T09:42:02.592923+00:00,sentence-transformers/paraphrase-multilingual-mpnet-base-v2
patriotfrontsightings:1411,patriotfrontsightings,1411,2026-02-13T23:35:21+00:00,https://t.me/patriotfrontsightings/1411,2192,0,{},"@PatriotFrontSightings »
🇺🇸 Patriot Front promotional material spotted in:
» Houston, Texas, Network 2
» Nashville, Tennessee, Network 6
» Saint George Island, Florida, Network 19
» San Marcos, Texas, Network 2",-1001851441463,,"[""Symbols"", ""Media Criticism"", ""Censorship Claims"", ""Street Mobilization""]",Symbols,"[""Symbols"", ""Media Criticism"", ""Censorship Claims"", ""Street Mobilization""]",[],,2026-06-10T09:42:02.592923+00:00,sentence-transformers/paraphrase-multilingual-mpnet-base-v2
patriotfrontsightings:1407,patriotfrontsightings,1407,2026-02-13T14:45:31+00:00,https://t.me/patriotfrontsightings/1407,2210,0,{},"@PatriotFrontSightings »
🇺🇸 Patriot Front promotional material spotted in:
» Denver, Colorado, Network 3
» Greensboro, North Carolina, Network 8
» Leesburg, Virginia, Network 9
» Miami, Florida, Network 19",-1001851441463,,"[""Symbols"", ""Censorship Claims"", ""Media Criticism"", ""Street Mobilization""]",Symbols,"[""Symbols"", ""Censorship Claims"", ""Media Criticism"", ""Street Mobilization""]",[],,2026-06-10T09:42:02.592923+00:00,sentence-transformers/paraphrase-multilingual-mpnet-base-v2
patriotfrontsightings:1403,patriotfrontsightings,1403,2026-02-12T16:15:32+00:00,https://t.me/patriotfrontsightings/1403,2206,0,{},"@PatriotFrontSightings »
🇺🇸 Patriot Front promotional material spotted in:
» Milton, Delaware, Network 9
» San Luis Obispo, California, Network 14
» Westerville, Ohio, Network 13
» Chicago, Illinois, Network 22",-1001851441463,,"[""Symbols"", ""Media Criticism"", ""Censorship Claims"", ""Street Mobilization""]",Symbols,"[""Symbols"", ""Media Criticism"", ""Censorship Claims"", ""Street Mobilization""]",[],,2026-06-10T09:42:02.592923+00:00,sentence-transformers/paraphrase-multilingual-mpnet-base-v2
patriotfrontsightings:1402,patriotfrontsightings,1402,2026-02-08T16:33:52+00:00,https://t.me/patriotfrontsightings/1402,4215,0,{},"@PatriotFrontSightings » Video by internet personality, ""I, Hypocrite,"" reviewing a failed hit piece on Patriot Front. He contrasts the productive, charitable image created by the article with common public perception of the left.

""Normal people probably see this and say they're going to do a pretty good job on my roof and charge me a fair price... These guys have jobs, they own businesses, they have employees, they pay taxes, and they do disaster relief - EVIL, but like schizoid, white, trantifa, violent, unemployed, welfare freaks, sexual deviants - everything that the left is, that's fine, that's good actually.""

⛰️ See PF's disaster relief efforts in Central Texas here.

⭐️ Submit your application today:
patriotfront.us/join",-1001851441463,,"[""Media Criticism"", ""Censorship Claims"", ""Ideology"", ""Symbols""]",Media Criticism,"[""Media Criticism"", ""Censorship Claims"", ""Ideology"", ""Symbols""]",[],,2026-06-10T09:42:02.592923+00:00,sentence-transformers/paraphrase-multilingual-mpnet-base-v2
patriotfrontsightings:1401,patriotfrontsightings,1401,2026-02-07T22:35:17+00:00,https://t.me/patriotfrontsightings/1401,2625,0,{},"@PatriotFrontSightings » Patriot Front activists have been sighted at a banner hold in Coeur d'Alene, Idaho.",-1001851441463,,"[""Street Mobilization"", ""Symbols"", ""Ideology"", ""Censorship Claims""]",Street Mobilization,"[""Street Mobilization"", ""Symbols"", ""Ideology"", ""Censorship Claims""]",[],,2026-06-10T09:42:02.592923+00:00,sentence-transformers/paraphrase-multilingual-mpnet-base-v2
patriotfrontsightings:1400,patriotfrontsightings,1400,2026-01-28T19:18:37+00:00,https://t.me/patriotfrontsightings/1400,2919,0,{},"@PatriotFrontNews » Activists, during 2025, completed a total of 8,171 instances of activism, averaging over 22 per day, in 49 states and the District of Columbia. 

🇺🇸 Patriot Front held its largest march to date in Kansas City, and marched through Louisville for Independence Day. In addition, two sprees of coordinated protests focused on the subjects of immigration, and ""pride"" events throughout the country. These protests took place in Utah, New Hampshire, Massachusetts, Texas, Iowa, Rhode Island, South Carolina, Pennsylvania, Colorado, and Missouri.

🪓 PF continued its years-long readiness for natural disasters with its most comprehensive deployment yet, to render aid to the communities of central Texas struck by flooding. Later in the year, a large work party was assembled in northeast Arkansas to aid in the construction of a community exclusively for those of European stock founded by the RTTL movement.

⛰️ Activists ventured to new spaces, conducting a wide reaching tour of Alaska, which included hikes, fishing, activism and the establishment of a permanent membership base. Members also climbed New Mexico's tallest peak, Mount Wheeler.

🇺🇸 PF hosted its largest and most numerous series of family and community building events this year, hosting Thanksgiving and Christmas gatherings in 18 states.

📍 Members took to the streets to respond to current events, making statements after the murder of Austin Metcalf in Frisco, Texas, delivering an address and patrolling the trains of Charlotte, North Carolina in response to the killing of Iryna Zarutska, and making PF known at various vigils and protests following the assassination of Charlie Kirk.

🇺🇸 The organization hosted its first national conference in Texas, where hundreds of members assembled to hear speeches from notable activists and organizers, participate in workshops, and learn skills critical to their role as patriots in a revolutionary cause. In addition to hosting a conference of its own, PF again sent a delegation of activists to the American Renaissance Conference to network, recruit, and distribute literature.

🗺️ Promat (red dots) was placed a total of 7,550 times in 2,845 cities, and all other forms of activism (gold triangles) constitute 621 collective instances. Each instance of promat, stencil, and sign activism is composed of at least four individual placements in a single town.

Poster Placements: 169
Banner Drops: 136
Training Meets: 86
Stencil Placements: 82
Wilderness Actions: 35
Family Events: 28
Protests: 17
Workshops: 11
Charity Actions: 10
Flyer Handouts: 9

Top 10 States:
- Virginia (792)
- Colorado (778)
- Florida (639)
- Texas (470)
- Wisconsin (356)
- Georgia (324)
- Alabama (281)
- California (267)
- Ohio (230)
- New York (219)

🇺🇸 PF expanded its efforts across the continent in 2025. Activity, membership, and community were brought to new regions. The size, number, and coordination of public assemblies increased notably. Lessons learned and tactics improved were codified and scaled to Networks nationwide. Breakthrough after breakthrough was experienced on social media, furthering the message of the organization. The ranks of the organization, and the opportunities associated with membership, have never before been greater.

🏹 See what we do, and why we do it: patriotfront.us/action/

⭐️ Get Involved:
patriotfront.us/join",-1001851441463,,"[""Street Mobilization"", ""Censorship Claims"", ""Ideology"", ""Symbols""]",Street Mobilization,"[""Street Mobilization"", ""Censorship Claims"", ""Ideology"", ""Symbols""]",[],,2026-06-10T09:42:02.592923+00:00,sentence-transformers/paraphrase-multilingual-mpnet-base-v2
patriotfrontsightings:1392,patriotfrontsightings,1392,2026-01-26T22:02:50+00:00,https://t.me/patriotfrontsightings/1392,3144,0,{},@PatriotFrontSightings » Photos taken of Patriot Front at March for Life in Washington D.C.,-1001851441463,,"[""Street Mobilization"", ""Symbols"", ""Ideology"", ""Censorship Claims""]",Street Mobilization,"[""Street Mobilization"", ""Symbols"", ""Ideology"", ""Censorship Claims""]",[],,2026-06-10T09:42:02.592923+00:00,sentence-transformers/paraphrase-multilingual-mpnet-base-v2
patriotfrontsightings:1390,patriotfrontsightings,1390,2026-01-26T15:03:36+00:00,https://t.me/patriotfrontsightings/1390,13705,0,{},"@PatriotFrontSightings » Patriot Front trended on X after their appearance at the 2026 March for Life in Washington DC, which was seen by tens of thousands in person and millions online. Accusations of being 'feds' have continued to recede. Conservative accounts making this claim have received greater pushback.

Twitter's ai, Grok, summarized the discourse:
Online, left-leaning critics called them Nazis and cowards, while some conservatives revived claims they're a federal front, though no evidence supports this; defenders praised their discipline as genuine activism.

⭐️ See TR respond to hysterical fed accusations from Alex Jones here.

🇺🇸 Submit your application today:
patriotfront.us/join",-1001851441463,,"[""Media Criticism"", ""Censorship Claims"", ""Street Mobilization"", ""Ideology""]",Media Criticism,"[""Media Criticism"", ""Censorship Claims"", ""Street Mobilization"", ""Ideology""]",[],,2026-06-10T09:42:02.592923+00:00,sentence-transformers/paraphrase-multilingual-mpnet-base-v2
patriotfrontsightings:1389,patriotfrontsightings,1389,2026-01-26T03:03:58+00:00,https://t.me/patriotfrontsightings/1389,1883,0,{},"@PatriotFrontNews » Video footage from one of Patriot Front's many flyer teams at the national March For Life in Washington, D.C.

🦅 Submit your application today:
patriotfront.us/join",-1001851441463,,"[""Street Mobilization"", ""Symbols"", ""Censorship Claims"", ""Ideology""]",Street Mobilization,"[""Street Mobilization"", ""Symbols"", ""Censorship Claims"", ""Ideology""]",[],,2026-06-10T09:42:02.592923+00:00,sentence-transformers/paraphrase-multilingual-mpnet-base-v2
patriotfrontsightings:1388,patriotfrontsightings,1388,2026-01-25T18:04:10+00:00,https://t.me/patriotfrontsightings/1388,2779,0,{},"@PatriotFrontSightings » Patriot Front's demonstration at the March for Life has been featured in an article published by The Advocate, a blog dedicated to homosexual propaganda. The article bemoans Rousseau's 'anti-Semitic' remarks and notes patriot front's high level of organization. 

""The group moved in disciplined rows — a visual hallmark of Patriot Front’s efforts to project order and inevitability.""

⭐️ Watch PF's 2025 March for Life Demonstration here.",-1001851441463,,"[""Street Mobilization"", ""Ideology"", ""Censorship Claims"", ""Symbols""]",Street Mobilization,"[""Street Mobilization"", ""Ideology"", ""Censorship Claims"", ""Symbols""]",[],,2026-06-10T09:42:02.592923+00:00,sentence-transformers/paraphrase-multilingual-mpnet-base-v2
patriotfrontsightings:1387,patriotfrontsightings,1387,2026-01-25T16:02:21+00:00,https://t.me/patriotfrontsightings/1387,13516,0,{},"@PatriotFrontSightings » Photos of Patriot Front have been featured in photo galleries published of the March for Life by USA Today, HJ News, Times Argus, and Texarkana Gazette.

🇺🇸 See more from PF's pro-family rally in Washington here.
⭐️ See PF's pages and interviews here.",-1001851441463,,"[""Symbols"", ""Street Mobilization"", ""Media Criticism"", ""Ideology""]",Symbols,"[""Symbols"", ""Street Mobilization"", ""Media Criticism"", ""Ideology""]",[],,2026-06-10T09:42:02.592923+00:00,sentence-transformers/paraphrase-multilingual-mpnet-base-v2
patriotfrontsightings:1386,patriotfrontsightings,1386,2026-01-23T23:42:22+00:00,https://t.me/patriotfrontsightings/1386,2594,0,{},"@PatriotFrontSightings » Thomas Rousseau, leader of Patriot Front, has an in-studio discussion with Kevin DeAnna on Identity Politics. In the show, Rousseau discusses leadership, organization building, and the tactical realities of political activism.

🏹 Watch the show on Rumble.",-1001851441463,,"[""Ideology"", ""Symbols"", ""Street Mobilization"", ""Media Criticism""]",Ideology,"[""Ideology"", ""Symbols"", ""Street Mobilization"", ""Media Criticism""]",[],,2026-06-10T09:42:02.592923+00:00,sentence-transformers/paraphrase-multilingual-mpnet-base-v2
patriotfrontsightings:1385,patriotfrontsightings,1385,2026-01-23T17:43:55+00:00,https://t.me/patriotfrontsightings/1385,1680,0,{},"@PatriotFrontNews » Patriot Front activists are on the ground in Washington, D.C., for the organization’s annual rally outside the national March For Life to show support and represent the interests of the American people.

Submit your application today:
patriotfront.us/join",-1001851441463,,"[""Street Mobilization"", ""Ideology"", ""Censorship Claims"", ""Symbols""]",Street Mobilization,"[""Street Mobilization"", ""Ideology"", ""Censorship Claims"", ""Symbols""]",[],,2026-06-10T09:42:02.592923+00:00,sentence-transformers/paraphrase-multilingual-mpnet-base-v2
patriotfrontsightings:1384,patriotfrontsightings,1384,2026-01-23T17:40:10+00:00,https://t.me/patriotfrontsightings/1384,1747,0,{},"@PatriotFrontNews » Patriot Front activists are on the ground in Washington, D.C., for the organization’s annual rally outside the national March For Life to show support and represent the interests of the American people.

Submit your application today:
patriotfront.us/join",-1001851441463,,"[""Street Mobilization"", ""Ideology"", ""Censorship Claims"", ""Symbols""]",Street Mobilization,"[""Street Mobilization"", ""Ideology"", ""Censorship Claims"", ""Symbols""]",[],,2026-06-10T09:42:02.592923+00:00,sentence-transformers/paraphrase-multilingual-mpnet-base-v2
patriotfrontsightings:1381,patriotfrontsightings,1381,2026-01-23T16:54:32+00:00,https://t.me/patriotfrontsightings/1381,2210,0,{},@PatriotFrontSightings » Images from Patriot Front's demonstration in support of family in Washington D.C.,-1001851441463,,"[""Street Mobilization"", ""Symbols"", ""Censorship Claims"", ""Ideology""]",Street Mobilization,"[""Street Mobilization"", ""Symbols"", ""Censorship Claims"", ""Ideology""]",[],,2026-06-10T09:42:02.592923+00:00,sentence-transformers/paraphrase-multilingual-mpnet-base-v2
patriotfrontsightings:1380,patriotfrontsightings,1380,2026-01-23T16:43:46+00:00,https://t.me/patriotfrontsightings/1380,12804,0,{},"@PatriotFrontSightings » Patriot Front has been sighted at March for Life, in Washington D.C. The organization also demonstrated parallel to pro-life marches in 2024 and 2025.

🇺🇸 Hear more about PF's religious principles here.

⭐️ See our pages and interviews here.",-1001851441463,,"[""Ideology"", ""Street Mobilization"", ""Symbols"", ""Censorship Claims""]",Ideology,"[""Ideology"", ""Street Mobilization"", ""Symbols"", ""Censorship Claims""]",[],,2026-06-10T09:42:02.592923+00:00,sentence-transformers/paraphrase-multilingual-mpnet-base-v2
patriotfrontsightings:1379,patriotfrontsightings,1379,2026-01-23T16:31:57+00:00,https://t.me/patriotfrontsightings/1379,2347,0,{},@PatriotFrontSightings » Patriot Front sighted on public transportation in Washington D.C.,-1001851441463,,"[""Street Mobilization"", ""Symbols"", ""Media Criticism"", ""Ideology""]",Street Mobilization,"[""Street Mobilization"", ""Symbols"", ""Media Criticism"", ""Ideology""]",[],,2026-06-10T09:42:02.592923+00:00,sentence-transformers/paraphrase-multilingual-mpnet-base-v2
patriotfrontsightings:1378,patriotfrontsightings,1378,2026-01-12T18:11:34+00:00,https://t.me/patriotfrontsightings/1378,6137,0,{},"@PatriotFrontSightings » Thomas Rousseau will be live on the Backlash podcast in less than an hour, at 1 p.m. Central.

⭐️ Watch the livestream here.",-1001851441463,,"[""Ideology"", ""Media Criticism"", ""Censorship Claims"", ""Street Mobilization""]",Ideology,"[""Ideology"", ""Media Criticism"", ""Censorship Claims"", ""Street Mobilization""]",[],,2026-06-10T09:42:02.592923+00:00,sentence-transformers/paraphrase-multilingual-mpnet-base-v2
patriotfrontsightings:1377,patriotfrontsightings,1377,2026-01-11T18:26:36+00:00,https://t.me/patriotfrontsightings/1377,3384,0,{},"@PatriotFrontSightings » Patriot Front has been sighted holding a demonstration in Indianapolis, Indiana. A banner reading 'No More Foreign Wars' can be seen at the center of the demonstration.

🇺🇸 See why PF does demonstrations here.
🏹 See the original video here.
⭐️ Submit your application today:
patriotfront.us/join",-1001851441463,,"[""Street Mobilization"", ""Symbols"", ""Ideology"", ""Censorship Claims""]",Street Mobilization,"[""Street Mobilization"", ""Symbols"", ""Ideology"", ""Censorship Claims""]",[],,2026-06-10T09:42:02.592923+00:00,sentence-transformers/paraphrase-multilingual-mpnet-base-v2
patriotfrontsightings:1374,patriotfrontsightings,1374,2026-01-11T18:15:41+00:00,https://t.me/patriotfrontsightings/1374,4875,0,{},"@PatriotFrontSightings » Thomas Rousseau remotely gave a speech at the annual ""Pen & Sword"" winter seminar held by Der Dritte Weg [The Third Way] in Germany. The speech, joined by a translator, covered subjects ranging from the challenges of PF's foundational years, to the methods of demonstrations and media production, to a general outlook on the establishment of a healthy nationalist culture.

🇺🇸 PF maintains positive relations with the nationalists of Europe wherever possible. See a video report of activists visiting France here.

🏹 Read more about the conference here.",-1001851441463,,"[""Ideology"", ""Censorship Claims"", ""Symbols"", ""Media Criticism""]",Ideology,"[""Ideology"", ""Censorship Claims"", ""Symbols"", ""Media Criticism""]",[],,2026-06-10T09:42:02.592923+00:00,sentence-transformers/paraphrase-multilingual-mpnet-base-v2
patriotfrontsightings:1370,patriotfrontsightings,1370,2026-01-06T00:32:46+00:00,https://t.me/patriotfrontsightings/1370,2818,0,{},"@PatriotFrontSightings »
🇺🇸 Patriot Front promotional material spotted in:
- Austin, Texas, Network 2
- Chester, Virginia, Network 9
- Worchester, Massachusetts, Network 7
- Lynchburg, Virginia, Network 9",-1001851441463,,"[""Symbols"", ""Street Mobilization"", ""Media Criticism"", ""Censorship Claims""]",Symbols,"[""Symbols"", ""Street Mobilization"", ""Media Criticism"", ""Censorship Claims""]",[],,2026-06-10T09:42:02.592923+00:00,sentence-transformers/paraphrase-multilingual-mpnet-base-v2
patriotfrontsightings:1366,patriotfrontsightings,1366,2026-01-04T19:01:39+00:00,https://t.me/patriotfrontsightings/1366,2457,0,{},"@PatriotFrontSightings »
🇺🇸 Patriot Front promotional material spotted in:
- Denver, Colorado, Network 3
- Massachusetts, Network 7
- Nashville, Tennessee, Network 6
- Plaquemine, Louisiana, Network 17",-1001851441463,,"[""Symbols"", ""Media Criticism"", ""Censorship Claims"", ""Street Mobilization""]",Symbols,"[""Symbols"", ""Media Criticism"", ""Censorship Claims"", ""Street Mobilization""]",[],,2026-06-10T09:42:02.592923+00:00,sentence-transformers/paraphrase-multilingual-mpnet-base-v2
patriotfrontsightings:1362,patriotfrontsightings,1362,2026-01-03T23:03:44+00:00,https://t.me/patriotfrontsightings/1362,2261,0,{},"@PatriotFrontSightings »
🇺🇸 Patriot Front promotional material spotted in:
- Lynchburg, Virginia, Network 9
- Plymouth, New Hampshire, Network 7
- Queens, New York, Network 10
- Woodlands, Texas, Network 2",-1001851441463,,"[""Symbols"", ""Street Mobilization"", ""Censorship Claims"", ""Media Criticism""]",Symbols,"[""Symbols"", ""Street Mobilization"", ""Censorship Claims"", ""Media Criticism""]",[],,2026-06-10T09:42:02.592923+00:00,sentence-transformers/paraphrase-multilingual-mpnet-base-v2
patriotfrontsightings:1358,patriotfrontsightings,1358,2026-01-02T16:45:32+00:00,https://t.me/patriotfrontsightings/1358,2202,0,{},"@PatriotFrontSightings »
🇺🇸 Patriot Front promotional material spotted in:
- Bolivar, Missouri, Network 12
- New Mexico
- New York City, New York, Network 10
- Queens, New York, Network 10",-1001851441463,,"[""Symbols"", ""Street Mobilization"", ""Censorship Claims"", ""Media Criticism""]",Symbols,"[""Symbols"", ""Street Mobilization"", ""Censorship Claims"", ""Media Criticism""]",[],,2026-06-10T09:42:02.592923+00:00,sentence-transformers/paraphrase-multilingual-mpnet-base-v2
patriotfrontsightings:1354,patriotfrontsightings,1354,2026-01-01T22:33:47+00:00,https://t.me/patriotfrontsightings/1354,2111,0,{},"@PatriotFrontSightings »
🇺🇸 Patriot Front promotional material spotted in:
- Forsyth, Georgia, Network 6
- Nashville, Tennessee, Network 6
- Queens, New York, Network 10
Warren County, Ohio, Network 13",-1001851441463,,"[""Symbols"", ""Street Mobilization"", ""Media Criticism"", ""Censorship Claims""]",Symbols,"[""Symbols"", ""Street Mobilization"", ""Media Criticism"", ""Censorship Claims""]",[],,2026-06-10T09:42:02.592923+00:00,sentence-transformers/paraphrase-multilingual-mpnet-base-v2
patriotfrontsightings:1350,patriotfrontsightings,1350,2025-12-31T16:34:28+00:00,https://t.me/patriotfrontsightings/1350,2111,0,{},"@PatriotFrontSightings »
🇺🇸 Patriot Front promotional material spotted in:
- Cameron University, Lawton, Oklahoma, Network 4
- Grand Marias, Minnesota, Network 11
- Lynchburg, Virginia, Network 9
- Nashville, Tennessee, Network 6",-1001851441463,,"[""Symbols"", ""Censorship Claims"", ""Media Criticism"", ""Street Mobilization""]",Symbols,"[""Symbols"", ""Censorship Claims"", ""Media Criticism"", ""Street Mobilization""]",[],,2026-06-10T09:42:02.592923+00:00,sentence-transformers/paraphrase-multilingual-mpnet-base-v2
patriotfrontsightings:1349,patriotfrontsightings,1349,2025-12-31T01:03:33+00:00,https://t.me/patriotfrontsightings/1349,9793,0,{},"@PatriotFrontSightings » Thomas Rousseau is LIVE on The Daily Toll podcast.

🏹 Watch on Rumble",-1001851441463,,"[""Media Criticism"", ""Ideology"", ""Censorship Claims"", ""Symbols""]",Media Criticism,"[""Media Criticism"", ""Ideology"", ""Censorship Claims"", ""Symbols""]",[],,2026-06-10T09:42:02.592923+00:00,sentence-transformers/paraphrase-multilingual-mpnet-base-v2
patriotfrontsightings:1345,patriotfrontsightings,1345,2025-12-30T22:10:27+00:00,https://t.me/patriotfrontsightings/1345,2007,0,{},"@PatriotFrontSightings »
🇺🇸 Patriot Front promotional material spotted in:
- Cheyenne, Wyoming, Network 3
- Denver, Colorado, Network 3
- Nashville, Tennessee, Network 6
- Nashville, Tennessee, Network 6",-1001851441463,,"[""Symbols"", ""Media Criticism"", ""Censorship Claims"", ""Street Mobilization""]",Symbols,"[""Symbols"", ""Media Criticism"", ""Censorship Claims"", ""Street Mobilization""]",[],,2026-06-10T09:42:02.592923+00:00,sentence-transformers/paraphrase-multilingual-mpnet-base-v2
patriotfrontsightings:1341,patriotfrontsightings,1341,2025-12-30T21:45:27+00:00,https://t.me/patriotfrontsightings/1341,1880,0,{},"@PatriotFrontSightings »
🇺🇸 Patriot Front promotional material spotted in:
- Cincinnati, Ohio, Network 13
- Wallingford, Connecticut, Network 7
- Wichita, Kansas, Network 12
- Pittsburgh, Pennsylvania, Network 16",-1001851441463,,"[""Symbols"", ""Censorship Claims"", ""Media Criticism"", ""Street Mobilization""]",Symbols,"[""Symbols"", ""Censorship Claims"", ""Media Criticism"", ""Street Mobilization""]",[],,2026-06-10T09:42:02.592923+00:00,sentence-transformers/paraphrase-multilingual-mpnet-base-v2
patriotfrontsightings:1340,patriotfrontsightings,1340,2025-12-29T21:27:43+00:00,https://t.me/patriotfrontsightings/1340,1947,0,{},"@PatriotFrontSightings » Thomas Rousseau will be live on The Daily Toll tomorrow at 7 p.m. Central.

🏹 Watch the show live on Rumble.
🏹 Watch the show live on Entropy.",-1001851441463,,"[""Ideology"", ""Media Criticism"", ""Censorship Claims"", ""Migration""]",Ideology,"[""Ideology"", ""Media Criticism"", ""Censorship Claims"", ""Migration""]",[],,2026-06-10T09:42:02.592923+00:00,sentence-transformers/paraphrase-multilingual-mpnet-base-v2
patriotfrontsightings:1336,patriotfrontsightings,1336,2025-12-28T15:32:43+00:00,https://t.me/patriotfrontsightings/1336,1919,0,{},"@PatriotFrontSightings »
🇺🇸 Patriot Front promotional material spotted in:
- Denver, Colorado, Network 3
- Essex, Vermont, Network 7
- Manchester, New Hampshire, Network 7
- Rochester, Minnesota, Network 11",-1001851441463,,"[""Symbols"", ""Censorship Claims"", ""Media Criticism"", ""Street Mobilization""]",Symbols,"[""Symbols"", ""Censorship Claims"", ""Media Criticism"", ""Street Mobilization""]",[],,2026-06-10T09:42:02.592923+00:00,sentence-transformers/paraphrase-multilingual-mpnet-base-v2
patriotfrontsightings:1332,patriotfrontsightings,1332,2025-12-27T17:34:42+00:00,https://t.me/patriotfrontsightings/1332,1991,0,{},"@PatriotFrontSightings »
🇺🇸 Patriot Front promotional material spotted in:
- Frisco, Colorado, Network 3
- Frisco, Colorado, Network 3
- Nicholls, University, Thidobaux, Louisiana, Network 17
- Saint Petersburg, Florida, Network 19",-1001851441463,,"[""Symbols"", ""Censorship Claims"", ""Street Mobilization"", ""Media Criticism""]",Symbols,"[""Symbols"", ""Censorship Claims"", ""Street Mobilization"", ""Media Criticism""]",[],,2026-06-10T09:42:02.592923+00:00,sentence-transformers/paraphrase-multilingual-mpnet-base-v2
patriotfrontsightings:1331,patriotfrontsightings,1331,2025-12-26T21:09:00+00:00,https://t.me/patriotfrontsightings/1331,4428,0,{},"@PatriotFrontSightings » Thomas Rousseau will be live on White Rabbit Radio TODAY at 6 p.m. Eastern, 5 p.m. Central.

⭐️ Listen on Rumble here.",-1001851441463,,"[""Ideology"", ""Censorship Claims"", ""Symbols"", ""Media Criticism""]",Ideology,"[""Ideology"", ""Censorship Claims"", ""Symbols"", ""Media Criticism""]",[],,2026-06-10T09:42:02.592923+00:00,sentence-transformers/paraphrase-multilingual-mpnet-base-v2
patriotfrontsightings:1330,patriotfrontsightings,1330,2025-12-26T18:25:33+00:00,https://t.me/patriotfrontsightings/1330,4782,0,{},"@PatriotFrontSightings » Patriot Front mentioned in an Instagram reel about the significance of the 2017 Charlottesville rally in shaping the political trajectory of individuals relevant in American politics today.

🏹 Watch the video on Instagram here.",-1001851441463,,"[""Street Mobilization"", ""Symbols"", ""Ideology"", ""Censorship Claims""]",Street Mobilization,"[""Street Mobilization"", ""Symbols"", ""Ideology"", ""Censorship Claims""]",[],,2026-06-10T09:42:02.592923+00:00,sentence-transformers/paraphrase-multilingual-mpnet-base-v2
patriotfrontsightings:1326,patriotfrontsightings,1326,2025-12-26T18:15:34+00:00,https://t.me/patriotfrontsightings/1326,1788,0,{},"@PatriotFrontSightings »
🇺🇸 Patriot Front promotional material spotted in:
- Duncan, Oklahoma, Network 4
- Omaha, Nebraska, Network 11
- Omaha, Nebraska, Network 11
- Springfield, Missouri, Network 12",-1001851441463,,"[""Symbols"", ""Censorship Claims"", ""Media Criticism"", ""Street Mobilization""]",Symbols,"[""Symbols"", ""Censorship Claims"", ""Media Criticism"", ""Street Mobilization""]",[],,2026-06-10T09:42:02.592923+00:00,sentence-transformers/paraphrase-multilingual-mpnet-base-v2
patriotfrontsightings:1322,patriotfrontsightings,1322,2025-12-24T16:15:33+00:00,https://t.me/patriotfrontsightings/1322,1898,0,{},"@PatriotFrontSightings »
🇺🇸 Patriot Front promotional material spotted in:
- Georgia, Network 6
- Montclair, New Jersey, Network 10
- Prattville, Alabama, Network 6
- Thornton, Colorado, Network 3",-1001851441463,,"[""Symbols"", ""Media Criticism"", ""Censorship Claims"", ""Street Mobilization""]",Symbols,"[""Symbols"", ""Media Criticism"", ""Censorship Claims"", ""Street Mobilization""]",[],,2026-06-10T09:42:02.592923+00:00,sentence-transformers/paraphrase-multilingual-mpnet-base-v2
patriotfrontsightings:1318,patriotfrontsightings,1318,2025-12-23T18:03:49+00:00,https://t.me/patriotfrontsightings/1318,1882,0,{},"@PatriotFrontSightings »
🇺🇸 Patriot Front promotional material spotted in:
- Charlotte, North Carolina, Network 8
- Oklahoma City, Oklahoma, Network 4
- Salt Lake City, Utah, Network 5
- University of South Florida, Tampa, Florida, Network 19",-1001851441463,,"[""Symbols"", ""Censorship Claims"", ""Media Criticism"", ""Street Mobilization""]",Symbols,"[""Symbols"", ""Censorship Claims"", ""Media Criticism"", ""Street Mobilization""]",[],,2026-06-10T09:42:02.592923+00:00,sentence-transformers/paraphrase-multilingual-mpnet-base-v2
patriotfrontsightings:1317,patriotfrontsightings,1317,2025-12-22T19:09:18+00:00,https://t.me/patriotfrontsightings/1317,1425,0,{},"@PatriotFrontNews » Patriot Front's Networks across the country hosted Thanksgiving celebrations during November and early December that brought together hundreds of members, supporters, and their families. The work of the organization is not confined to any specific tactic or action, but is instead the full coordination of a lifestyle that lives in harmony with our national heritage, and ideological duty.

🏹 Network 1 (North Texas)
🏹 Network 2 (Central Texas)
🏹 Network 3 (Front Range) 
🏹 Network 4 (Arkansas-Oklahoma) 
🏹 Network 5 (Utah)
🏹 Network 6 (Deep South)
🏹 Network 7 (New England)
🏹 Network 9 (Chesapeake)
🏹 Network 10 (North Atlantic)
🏹 Network 11 (Great Plains)
🏹 Network 12 (Heartland)
🏹 Network 14 (Southern California)
🏹 Network 15 (Michigan)
🏹 Network 18 (Inland Northwest)
🏹 Network 19 (Florida)
🏹 Network 20 (Northern California)
🏹 Network 22 (Rust Belt)

⭐️ Submit your application today:
patriotfront.us/join",-1001851441463,,"[""Street Mobilization"", ""Symbols"", ""Media Criticism"", ""Ideology""]",Street Mobilization,"[""Street Mobilization"", ""Symbols"", ""Media Criticism"", ""Ideology""]",[],,2026-06-10T09:42:02.592923+00:00,sentence-transformers/paraphrase-multilingual-mpnet-base-v2
patriotfrontsightings:1313,patriotfrontsightings,1313,2025-12-22T11:15:25+00:00,https://t.me/patriotfrontsightings/1313,1670,0,{},"@PatriotFrontSightings »
🇺🇸 Patriot Front promotional material spotted in:
- Birmingham, Alabama, Network 6
- Lynchburg, Virginia, Network 9
- Mobile, Alabama, Network 17
- Murfreesboro, Tennessee, Network 6",-1001851441463,,"[""Symbols"", ""Street Mobilization"", ""Censorship Claims"", ""Media Criticism""]",Symbols,"[""Symbols"", ""Street Mobilization"", ""Censorship Claims"", ""Media Criticism""]",[],,2026-06-10T09:42:02.592923+00:00,sentence-transformers/paraphrase-multilingual-mpnet-base-v2
patriotfrontsightings:1309,patriotfrontsightings,1309,2025-12-21T20:10:52+00:00,https://t.me/patriotfrontsightings/1309,1609,0,{},"@PatriotFrontSightings »
🇺🇸 Patriot Front promotional material spotted in:
- Mobile, Alabama, Network 17
- Nashville, Tennessee, Network 6
- Nashville, Tennessee, Network 6
- Versailles, Kentucky, Network 13",-1001851441463,,"[""Symbols"", ""Media Criticism"", ""Street Mobilization"", ""Censorship Claims""]",Symbols,"[""Symbols"", ""Media Criticism"", ""Street Mobilization"", ""Censorship Claims""]",[],,2026-06-10T09:42:02.592923+00:00,sentence-transformers/paraphrase-multilingual-mpnet-base-v2
patriotfrontsightings:1308,patriotfrontsightings,1308,2025-12-20T21:54:17+00:00,https://t.me/patriotfrontsightings/1308,1157,0,{},"What is Patriot Front's goal?

⭐️ Visit our FAQ section:
patriotfront.us/#faq

⭐️ See what we do, and why:
patriotfront.us/action",-1001851441463,,"[""Ideology"", ""Symbols"", ""Street Mobilization"", ""Conflict""]",Ideology,"[""Ideology"", ""Symbols"", ""Street Mobilization"", ""Conflict""]",[],,2026-06-10T09:42:02.592923+00:00,sentence-transformers/paraphrase-multilingual-mpnet-base-v2
patriotfrontsightings:1304,patriotfrontsightings,1304,2025-12-20T17:33:10+00:00,https://t.me/patriotfrontsightings/1304,1620,0,{},"@PatriotFrontSightings »
🇺🇸 Patriot Front promotional material spotted in:
- Lake Orion, Michigan, Network 15
- Nashville, Tennessee, Network 6
- Appomattox, Virginia, Network 9
- Chattanooga, Tennessee, Network 6",-1001851441463,,"[""Symbols"", ""Censorship Claims"", ""Media Criticism"", ""Street Mobilization""]",Symbols,"[""Symbols"", ""Censorship Claims"", ""Media Criticism"", ""Street Mobilization""]",[],,2026-06-10T09:42:02.592923+00:00,sentence-transformers/paraphrase-multilingual-mpnet-base-v2
patriotfrontsightings:1300,patriotfrontsightings,1300,2025-12-19T19:32:43+00:00,https://t.me/patriotfrontsightings/1300,1643,0,{},"@PatriotFrontSightings »
🇺🇸 Patriot Front promotional material spotted in:
- Richmond, Virginia, Network 9
- San Antonio, Texas, Network 2
- Warner Robins, Georgia, Network 6
- Worcester, Massachusetts, Network 7",-1001851441463,,"[""Symbols"", ""Media Criticism"", ""Censorship Claims"", ""Street Mobilization""]",Symbols,"[""Symbols"", ""Media Criticism"", ""Censorship Claims"", ""Street Mobilization""]",[],,2026-06-10T09:42:02.592923+00:00,sentence-transformers/paraphrase-multilingual-mpnet-base-v2
patriotfrontsightings:1296,patriotfrontsightings,1296,2025-12-18T15:15:38+00:00,https://t.me/patriotfrontsightings/1296,1603,0,{},"@PatriotFrontSightings »
🇺🇸 Patriot Front promotional material spotted in:
- Littleton, Massachusetts, Network 7
- Omaha, Nebraska, Network 11
- East Meadow, New York, Network 10
- Wells, Maine, Network 7",-1001851441463,,"[""Symbols"", ""Street Mobilization"", ""Media Criticism"", ""Censorship Claims""]",Symbols,"[""Symbols"", ""Street Mobilization"", ""Media Criticism"", ""Censorship Claims""]",[],,2026-06-10T09:42:02.592923+00:00,sentence-transformers/paraphrase-multilingual-mpnet-base-v2
patriotfrontsightings:1292,patriotfrontsightings,1292,2025-12-17T17:45:35+00:00,https://t.me/patriotfrontsightings/1292,1674,0,{},"@PatriotFrontSightings »
🇺🇸 Patriot Front promotional material spotted in:
- Ames, Iowa, Network 11
- Perry, Utah, Network 5
- Pittsford, New York, Network 16
Stonington, Connecticut, Network 7",-1001851441463,,"[""Symbols"", ""Censorship Claims"", ""Media Criticism"", ""Street Mobilization""]",Symbols,"[""Symbols"", ""Censorship Claims"", ""Media Criticism"", ""Street Mobilization""]",[],,2026-06-10T09:42:02.592923+00:00,sentence-transformers/paraphrase-multilingual-mpnet-base-v2
patriotfrontsightings:1288,patriotfrontsightings,1288,2025-12-16T21:10:29+00:00,https://t.me/patriotfrontsightings/1288,2103,0,{},"@PatriotFrontSightings »
🇺🇸 Patriot Front promotional material spotted in:
- Anchorage, Alaska
- Anchorage, Alaska
- Layton Utah, Network 5
- Tennessee, Network 6",-1001851441463,,"[""Symbols"", ""Media Criticism"", ""Censorship Claims"", ""Street Mobilization""]",Symbols,"[""Symbols"", ""Media Criticism"", ""Censorship Claims"", ""Street Mobilization""]",[],,2026-06-10T09:42:02.592923+00:00,sentence-transformers/paraphrase-multilingual-mpnet-base-v2
patriotfrontsightings:1287,patriotfrontsightings,1287,2025-12-15T17:55:46+00:00,https://t.me/patriotfrontsightings/1287,1371,0,{},"What is Patriot Front?

⭐️ See what we do, and why:
patriotfront.us/action

⭐️ Submit your application today:
patriotfront.us/join",-1001851441463,,"[""Street Mobilization"", ""Symbols"", ""Conflict"", ""Ideology""]",Street Mobilization,"[""Street Mobilization"", ""Symbols"", ""Conflict"", ""Ideology""]",[],,2026-06-10T09:42:02.592923+00:00,sentence-transformers/paraphrase-multilingual-mpnet-base-v2
patriotfrontsightings:1283,patriotfrontsightings,1283,2025-12-15T16:30:47+00:00,https://t.me/patriotfrontsightings/1283,2071,0,{},"@PatriotFrontSightings »
🇺🇸 Patriot Front promotional material spotted in:
- Denver, Colorado, Network 3
- Golden, Colorado, Network 3
- Lansing, Michigan, Network 15
- Sutton, Alaska",-1001851441463,,"[""Symbols"", ""Censorship Claims"", ""Media Criticism"", ""Street Mobilization""]",Symbols,"[""Symbols"", ""Censorship Claims"", ""Media Criticism"", ""Street Mobilization""]",[],,2026-06-10T09:42:02.592923+00:00,sentence-transformers/paraphrase-multilingual-mpnet-base-v2
patriotfrontsightings:1279,patriotfrontsightings,1279,2025-12-14T23:15:24+00:00,https://t.me/patriotfrontsightings/1279,1847,0,{},"@PatriotFrontSightings »
🇺🇸 Patriot Front promotional material spotted in:
- Denver, Colorado, Network 3
- Mobile, Alabama, Network 6
- Richmond, Virginia, Network 9
- Saint Louis, Missouri, Network 12",-1001851441463,,"[""Symbols"", ""Censorship Claims"", ""Media Criticism"", ""Street Mobilization""]",Symbols,"[""Symbols"", ""Censorship Claims"", ""Media Criticism"", ""Street Mobilization""]",[],,2026-06-10T09:42:02.592923+00:00,sentence-transformers/paraphrase-multilingual-mpnet-base-v2
patriotfrontsightings:1278,patriotfrontsightings,1278,2025-12-14T18:25:36+00:00,https://t.me/patriotfrontsightings/1278,1865,0,{},"@PatriotFrontSightings » Patriot Front and Thomas Rousseau were featured in a news segment about the American Renaissance Conference in Tennessee. Phil Williams has previously made several desperate attempts to slander the organization, which have not had the desired effect of stopping or slowing the organization's efforts.

⭐️ See Williams' previous attempt at journalism, and Rousseau's detailed reply here.",-1001851441463,,"[""Media Criticism"", ""Censorship Claims"", ""Ideology"", ""Street Mobilization""]",Media Criticism,"[""Media Criticism"", ""Censorship Claims"", ""Ideology"", ""Street Mobilization""]",[],,2026-06-10T09:42:02.592923+00:00,sentence-transformers/paraphrase-multilingual-mpnet-base-v2
patriotfrontsightings:1277,patriotfrontsightings,1277,2025-12-13T21:20:31+00:00,https://t.me/patriotfrontsightings/1277,1233,0,{},"@PatriotFrontNews » Featured excerpts from Patriot Front's first national conference, held in Texas during September. Notable speakers include Jared Taylor, Robert Rundo, Eric Orwoll, and Thomas Rousseau alongside many other preeminent organizers from Patriot Front. Full speeches will be released in the future.

🇺🇸 See photos from the speeches and workshops conducted at the conference here.

⭐️ Submit your application today:
patriotfront.us/join",-1001851441463,,"[""Ideology"", ""Symbols"", ""Street Mobilization"", ""Censorship Claims""]",Ideology,"[""Ideology"", ""Symbols"", ""Street Mobilization"", ""Censorship Claims""]",[],,2026-06-10T09:42:02.592923+00:00,sentence-transformers/paraphrase-multilingual-mpnet-base-v2
patriotfrontsightings:1273,patriotfrontsightings,1273,2025-12-13T16:03:40+00:00,https://t.me/patriotfrontsightings/1273,1826,0,{},"@PatriotFrontSightings »
🇺🇸 Patriot Front promotional material spotted in:
- Chico, California, Network 20
- Loomis, California, Network 20
- Ogden, Utah, Network 5
- Quincy, Massachusetts, Network 7",-1001851441463,,"[""Symbols"", ""Street Mobilization"", ""Censorship Claims"", ""Media Criticism""]",Symbols,"[""Symbols"", ""Street Mobilization"", ""Censorship Claims"", ""Media Criticism""]",[],,2026-06-10T09:42:02.592923+00:00,sentence-transformers/paraphrase-multilingual-mpnet-base-v2
patriotfrontsightings:1269,patriotfrontsightings,1269,2025-12-12T20:32:12+00:00,https://t.me/patriotfrontsightings/1269,1873,0,{},"@PatriotFrontSightings »
🇺🇸 Patriot Front promotional material spotted in:
- Indianapolis, Indiana, Network 13
- Nevada, Network 20
- Richmond, Virginia, Network 9
- Superior, Colorado, Network 3",-1001851441463,,"[""Symbols"", ""Censorship Claims"", ""Media Criticism"", ""Street Mobilization""]",Symbols,"[""Symbols"", ""Censorship Claims"", ""Media Criticism"", ""Street Mobilization""]",[],,2026-06-10T09:42:02.592923+00:00,sentence-transformers/paraphrase-multilingual-mpnet-base-v2
patriotfrontsightings:1265,patriotfrontsightings,1265,2025-12-11T16:15:37+00:00,https://t.me/patriotfrontsightings/1265,2086,0,{},"@PatriotFrontSightings »
🇺🇸 Patriot Front promotional material spotted in:
- Cheyenne, Wyoming, Network 3
- Rock Springs, Wyoming, Network 5
- Seattle, Washington, Network 21
- Wheeling, West Virginia, Network 16",-1001851441463,,"[""Symbols"", ""Media Criticism"", ""Street Mobilization"", ""Censorship Claims""]",Symbols,"[""Symbols"", ""Media Criticism"", ""Street Mobilization"", ""Censorship Claims""]",[],,2026-06-10T09:42:02.592923+00:00,sentence-transformers/paraphrase-multilingual-mpnet-base-v2
patriotfrontsightings:1264,patriotfrontsightings,1264,2025-12-08T18:15:35+00:00,https://t.me/patriotfrontsightings/1264,9122,0,{},"@PatriotFrontSightings » Thomas Rousseau's introduction to the first episode of ""White American History: I - Before Jamestown.""

⭐️ Watch the full stream here.",-1001851441463,,"[""Ideology"", ""Symbols"", ""Migration"", ""Media Criticism""]",Ideology,"[""Ideology"", ""Symbols"", ""Migration"", ""Media Criticism""]",[],,2026-06-10T09:42:02.592923+00:00,sentence-transformers/paraphrase-multilingual-mpnet-base-v2
patriotfrontsightings:1263,patriotfrontsightings,1263,2025-12-04T23:57:50+00:00,https://t.me/patriotfrontsightings/1263,6458,0,{},"@PatriotFrontSightings » Thomas Rousseau, conducting a history panel discussion with RTTL founder Aarvoll, is going live on X at 6 p.m. Central.

⭐️ Watch the stream here.",-1001851441463,,"[""Ideology"", ""Media Criticism"", ""Censorship Claims"", ""Symbols""]",Ideology,"[""Ideology"", ""Media Criticism"", ""Censorship Claims"", ""Symbols""]",[],,2026-06-10T09:42:02.592923+00:00,sentence-transformers/paraphrase-multilingual-mpnet-base-v2
patriotfrontsightings:1258,patriotfrontsightings,1258,2025-11-17T17:51:04+00:00,https://t.me/patriotfrontsightings/1258,2994,0,{},"@PatriotFrontNews » Patriot Front sent representatives to the American Renaissance conference in Tennessee. Members distributed hundreds of copies of historical American literature, and conversed at length with conference attendees. One of PF's own organizers gave a speech during the conference on the subject of political networking, including actionable steps for those engaged.

⭐️ PF previously hosted Jared Taylor, founder of American Renaissance, at its own conference earlier this year. See those photos here.

🇺🇸 Submit your application today:
patriotfront.us/join",-1001851441463,,"[""Ideology"", ""Street Mobilization"", ""Symbols"", ""Censorship Claims""]",Ideology,"[""Ideology"", ""Street Mobilization"", ""Symbols"", ""Censorship Claims""]",[],,2026-06-10T09:42:02.592923+00:00,sentence-transformers/paraphrase-multilingual-mpnet-base-v2
patriotfrontsightings:1257,patriotfrontsightings,1257,2025-11-03T18:14:37+00:00,https://t.me/patriotfrontsightings/1257,3378,0,{},"@PatriotFrontNews » Thomas Rousseau gave a speech at the RTTL community in Arkansas following the completion of various work projects by the men of Patriot Front.

🪓 See the photo report from the work day here.

🇺🇸 Jared Taylor spoke on his experience at the event, watch that here.

⭐️ Submit your application today:
patriotfront.us/join",-1001851441463,,"[""Ideology"", ""Street Mobilization"", ""Symbols"", ""Censorship Claims""]",Ideology,"[""Ideology"", ""Street Mobilization"", ""Symbols"", ""Censorship Claims""]",[],,2026-06-10T09:42:02.592923+00:00,sentence-transformers/paraphrase-multilingual-mpnet-base-v2
patriotfrontsightings:1256,patriotfrontsightings,1256,2025-10-31T22:43:20+00:00,https://t.me/patriotfrontsightings/1256,9986,0,{},"@PatriotFrontSightings » Jared Taylor of American Renaissance discusses Patriot Front and their participation in a Return to The Land gathering.

⭐️ See Jared Taylor's full statement on X here.",-1001851441463,,"[""Symbols"", ""Street Mobilization"", ""Ideology"", ""Media Criticism""]",Symbols,"[""Symbols"", ""Street Mobilization"", ""Ideology"", ""Media Criticism""]",[],,2026-06-10T09:42:02.592923+00:00,sentence-transformers/paraphrase-multilingual-mpnet-base-v2
patriotfrontsightings:1253,patriotfrontsightings,1253,2025-10-29T17:25:50+00:00,https://t.me/patriotfrontsightings/1253,3398,0,{},"@PatriotFrontNews » Thomas Rousseau was interviewed by political commentator James Edwards for the American Free Press newspaper.

⭐️ See other interviews TR has participated in:
patriotfront.us/social",-1001851441463,,"[""Media Criticism"", ""Ideology"", ""Censorship Claims"", ""Street Mobilization""]",Media Criticism,"[""Media Criticism"", ""Ideology"", ""Censorship Claims"", ""Street Mobilization""]",[],,2026-06-10T09:42:02.592923+00:00,sentence-transformers/paraphrase-multilingual-mpnet-base-v2
patriotfrontsightings:1252,patriotfrontsightings,1252,2025-10-22T20:44:58+00:00,https://t.me/patriotfrontsightings/1252,4563,0,{},"@PatriotFrontSightings » A billboard wishing Thomas Rousseau a happy birthday was sighted by supporters on October 20th in Toledo, Ohio.",-1001851441463,,"[""Symbols"", ""Ideology"", ""Street Mobilization"", ""Censorship Claims""]",Symbols,"[""Symbols"", ""Ideology"", ""Street Mobilization"", ""Censorship Claims""]",[],,2026-06-10T09:42:02.592923+00:00,sentence-transformers/paraphrase-multilingual-mpnet-base-v2
patriotfrontsightings:1251,patriotfrontsightings,1251,2025-10-22T16:14:58+00:00,https://t.me/patriotfrontsightings/1251,7389,0,{},"@PatriotFrontSightings » An article has been published about multiple Patriot Front banners sighted in Queens, New York. Witnesses report indifferent government services when reporting the banner. One foreigner said he ""called 311. The operator there patched in a 911 operator who eventually sent him over to the Department of Transportation. That’s when [he] says he was sent back to 311.""

The Queens Daily Eagle also states that ""Over 48 percent of Queens residents are foreign-born. Few counties in the U.S. have a higher percentage of foreign-born residents,"" making the organization's message all the more poignant and necessary in the borough.

🇺🇸 See one of PF's protests against the mass invasion of the US by foreigners here.

⭐️ Submit your application today:
patriotfront.us/join",-1001851441463,,"[""Street Mobilization"", ""Censorship Claims"", ""Symbols"", ""Media Criticism""]",Street Mobilization,"[""Street Mobilization"", ""Censorship Claims"", ""Symbols"", ""Media Criticism""]",[],,2026-06-10T09:42:02.592923+00:00,sentence-transformers/paraphrase-multilingual-mpnet-base-v2
patriotfrontsightings:1250,patriotfrontsightings,1250,2025-10-10T15:15:43+00:00,https://t.me/patriotfrontsightings/1250,4166,0,{},"@PatriotFrontSightings » Patriot Front banners sighted in Grand Island, Nebraska. The banners were found by foreign national and self described 'gaymer,' Guillermo Pena. Pena, greatly offended by the slogans 'America First' and Deport Invaders,' says he's 'tired' and that nationalist messages are not welcome. Despite the claimed ownership of the latino ""side of town,"" PF activism is likely to continue throughout the city, state, and country unimpeded.

🪽 Read the full article here.

⭐️ Submit your application today:
patriotfront.us/join",-1001851441463,,"[""Symbols"", ""Censorship Claims"", ""Street Mobilization"", ""Ideology""]",Symbols,"[""Symbols"", ""Censorship Claims"", ""Street Mobilization"", ""Ideology""]",[],,2026-06-10T09:42:02.592923+00:00,sentence-transformers/paraphrase-multilingual-mpnet-base-v2
patriotfrontsightings:1249,patriotfrontsightings,1249,2025-09-30T15:45:38+00:00,https://t.me/patriotfrontsightings/1249,4982,0,{},"@PatriotFrontSightings » Patriot Front posters were sighted in Dallas, Texas. Local news channel, WFAA, featured a statement by Councilman Chad West.

""Racism and bigotry of any kind are not welcome in North Oak Cliff. I encourage these miscreants to find something more productive to do with their free time, such as volunteering.""

⛰️ See PF's disaster relief efforts in Central Texas here.
⭐️ Learn why race is significant in patriotic organizing here.",-1001851441463,,"[""Street Mobilization"", ""Symbols"", ""Censorship Claims"", ""Media Criticism""]",Street Mobilization,"[""Street Mobilization"", ""Symbols"", ""Censorship Claims"", ""Media Criticism""]",[],,2026-06-10T09:42:02.592923+00:00,sentence-transformers/paraphrase-multilingual-mpnet-base-v2
patriotfrontsightings:1248,patriotfrontsightings,1248,2025-09-25T17:45:33+00:00,https://t.me/patriotfrontsightings/1248,19582,0,{},"@PatriotFrontSightings » Patriot Front was discussed on Logos Revealed by Zach Kidd and Corey Mahler.

""I think the best thing that they're doing is giving guys discipline and a sense of purpose, which is something that is so lacking on — not just the right, but everywhere in the West these days. And so guys who join that, they're going to be more disciplined, they're going to work out, they're going to get in better shape, they're going to most likely have a better life than if they didn't have that involvement... I think that PF is a good group.""

⛰️ Watch Thomas Rousseau explain the importance of fitness and martial arts in organizing here.

⭐️ Submit your application today:
patriotfront.us/join",-1001851441463,,"[""Symbols"", ""Ideology"", ""Media Criticism"", ""Street Mobilization""]",Symbols,"[""Symbols"", ""Ideology"", ""Media Criticism"", ""Street Mobilization""]",[],,2026-06-10T09:42:02.592923+00:00,sentence-transformers/paraphrase-multilingual-mpnet-base-v2
patriotfrontsightings:1247,patriotfrontsightings,1247,2025-09-24T16:15:45+00:00,https://t.me/patriotfrontsightings/1247,17398,0,{},"@PatriotFrontSightings » Thomas Rousseau and Patriot Front were discussed on the PBD Podcast by Nick Fuentes. 

""You know, I think he's very disciplined also, very composed... but I just don't like that type of activism... He is just an ideological racialist and I believe that just goes too far.""

TR has defended the organization's use of marches time and time again, citing their safety, coordination, and their ability to gather mass media attention which then translates into manpower dedicated to PF's other efforts. Those efforts include, but are not limited to, charitable efforts, job and housing networks for nationalists, founding patriotic spaces such as gyms, and hosting community events for families.

🇺🇸 See why PF does demonstrations here.
🎨 Watch TR explain the purpose of activism here.
⭐️ Learn why race is significant in patriotic organizing here.
🏹 Listen to TR's interview with PBD here.",-1001851441463,,"[""Media Criticism"", ""Ideology"", ""Censorship Claims"", ""Street Mobilization""]",Media Criticism,"[""Media Criticism"", ""Ideology"", ""Censorship Claims"", ""Street Mobilization""]",[],,2026-06-10T09:42:02.592923+00:00,sentence-transformers/paraphrase-multilingual-mpnet-base-v2
patriotfrontsightings:1246,patriotfrontsightings,1246,2025-09-16T22:02:50+00:00,https://t.me/patriotfrontsightings/1246,3636,0,{},"@PatriotFrontNews » Patriot Front activists demonstrated in Orem, Utah in response to the assassination of Charlie Kirk. Members placed banners around the city calling attention to the incident, and gave an address near Utah Valley University.

🇺🇸 Submit your application today:
patriotfront.us/join",-1001851441463,,"[""Street Mobilization"", ""Censorship Claims"", ""Symbols"", ""Media Criticism""]",Street Mobilization,"[""Street Mobilization"", ""Censorship Claims"", ""Symbols"", ""Media Criticism""]",[],,2026-06-10T09:42:02.592923+00:00,sentence-transformers/paraphrase-multilingual-mpnet-base-v2
patriotfrontsightings:1245,patriotfrontsightings,1245,2025-09-15T14:15:33+00:00,https://t.me/patriotfrontsightings/1245,4184,0,{},"@PatriotFrontSightings » Dozens of banners and yardsigns have been sighted in Utah. This activism follows the political assassination of Charlie Kirk by a homosexual who used slogans congruent with antifa ideology. One passerby claims to have seen 50 activists taking part in a demonstration on a bridge over the Timpanogos Highway.

⭐️ See PF's attendance at a vigil in Huntington Beach here.
🏹 See PF address the recent murder of Iryna Zarutska here.

🇺🇸 Submit your application today:
patriotfront.us/join",-1001851441463,,"[""Street Mobilization"", ""Censorship Claims"", ""Symbols"", ""Ideology""]",Street Mobilization,"[""Street Mobilization"", ""Censorship Claims"", ""Symbols"", ""Ideology""]",[],,2026-06-10T09:42:02.592923+00:00,sentence-transformers/paraphrase-multilingual-mpnet-base-v2
patriotfrontsightings:1244,patriotfrontsightings,1244,2025-09-14T17:35:40+00:00,https://t.me/patriotfrontsightings/1244,8354,0,{},"@PatriotFrontSightings » Thomas Rousseau has been sighted giving a speech at a Charlie Kirk Vigil in Fort Worth, Texas.

""They will respect strength and integrity. They will be made to respect strength and integrity. There is no other avenue in which this stops. We cannot allow ourselves to hold our hand out to a rabid wolf.""

⭐️ Read PF's manifesto here.

🇺🇸 Submit your application today:
patriotfront.us/join",-1001851441463,,"[""Ideology"", ""Censorship Claims"", ""Symbols"", ""Media Criticism""]",Ideology,"[""Ideology"", ""Censorship Claims"", ""Symbols"", ""Media Criticism""]",[],,2026-06-10T09:42:02.592923+00:00,sentence-transformers/paraphrase-multilingual-mpnet-base-v2
patriotfrontsightings:1243,patriotfrontsightings,1243,2025-09-14T16:02:38+00:00,https://t.me/patriotfrontsightings/1243,3179,0,{},"@PatriotFrontSightings » More video of Patriot Front attending a Charlie Kirk vigil yesterday in Huntington Beach, California. Ryan Sanchez can be heard speaking about nationalism, Charlie Kirk, and Iryna Zarutska.",-1001851441463,,"[""Symbols"", ""Media Criticism"", ""Street Mobilization"", ""Censorship Claims""]",Symbols,"[""Symbols"", ""Media Criticism"", ""Street Mobilization"", ""Censorship Claims""]",[],,2026-06-10T09:42:02.592923+00:00,sentence-transformers/paraphrase-multilingual-mpnet-base-v2
patriotfrontsightings:1242,patriotfrontsightings,1242,2025-09-14T15:15:27+00:00,https://t.me/patriotfrontsightings/1242,3242,0,{},"@PatriotFrontSightings » Patriot Front sighted at a Charlie Kirk vigil in Huntington Beach, California yesterday. Journalist Sean Becker reports that PF was ""received warmly"" by other vigil attendees.",-1001851441463,,"[""Symbols"", ""Media Criticism"", ""Ideology"", ""Street Mobilization""]",Symbols,"[""Symbols"", ""Media Criticism"", ""Ideology"", ""Street Mobilization""]",[],,2026-06-10T09:42:02.592923+00:00,sentence-transformers/paraphrase-multilingual-mpnet-base-v2
patriotfrontsightings:1239,patriotfrontsightings,1239,2025-09-14T04:50:39+00:00,https://t.me/patriotfrontsightings/1239,2872,0,{},"@PatriotFrontSightings » Patriot Front activists, banners, and posters have been sighted in Charlotte, North Carolina. Charlotte has been the center of controversy after the Ukrainian refugee, Iryna Zarutska, was brutally murdered as a result of the city's pro-criminal policies.",-1001851441463,,"[""Street Mobilization"", ""Censorship Claims"", ""Symbols"", ""Media Criticism""]",Street Mobilization,"[""Street Mobilization"", ""Censorship Claims"", ""Symbols"", ""Media Criticism""]",[],,2026-06-10T09:42:02.592923+00:00,sentence-transformers/paraphrase-multilingual-mpnet-base-v2
patriotfrontsightings:1238,patriotfrontsightings,1238,2025-09-14T04:00:25+00:00,https://t.me/patriotfrontsightings/1238,2441,0,{},"LIVE: @PatriotFrontNews » Patriot Front is on the ground in Huntington Beach, California, at a vigil for Charlie Kirk and Iryna Zarutska, protesting the unsafe conditions in America brought on by the radical left and racial foreigners.

Also in attendance are members of the Nationalist Network, SoCal Active Club and NorCal Active Club.",-1001851441463,,"[""Street Mobilization"", ""Media Criticism"", ""Censorship Claims"", ""Symbols""]",Street Mobilization,"[""Street Mobilization"", ""Media Criticism"", ""Censorship Claims"", ""Symbols""]",[],,2026-06-10T09:42:02.592923+00:00,sentence-transformers/paraphrase-multilingual-mpnet-base-v2
patriotfrontsightings:1237,patriotfrontsightings,1237,2025-09-12T23:52:14+00:00,https://t.me/patriotfrontsightings/1237,3404,0,{},"@PatriotFrontSightings » An X post has gone viral of Brandon Walsh of Houston Texas encouraging followers to engage in terrorism following the assassination of Charlie Kirk. The series of targets he features for training include caricatures of the right, law enforcement, and PF members.

Brandon Walsh has made his social media private, seemingly unable to weather criticism for his extremist views. Despite open calls to violence previously reported, Meta appears to be unwilling to censor posts promoting political violence in America.

🏹View and share the viral post here.
🇺🇸 Report the account here.
🪽 See our original reporting on the account here.",-1001851441463,,"[""Censorship Claims"", ""Media Criticism"", ""Ideology"", ""Symbols""]",Censorship Claims,"[""Censorship Claims"", ""Media Criticism"", ""Ideology"", ""Symbols""]",[],,2026-06-10T09:42:02.592923+00:00,sentence-transformers/paraphrase-multilingual-mpnet-base-v2
patriotfrontsightings:1236,patriotfrontsightings,1236,2025-08-28T23:17:59+00:00,https://t.me/patriotfrontsightings/1236,4768,0,{},"@PatriotFrontSightings » Thomas Rousseau is live with a Q & A on Jake Shield's Fight Back Podcast.

Watch the show live on Rumble here.

Watch the show live on X (formerly Twitter) here.",-1001851441463,,"[""Censorship Claims"", ""Ideology"", ""Media Criticism"", ""Conflict""]",Censorship Claims,"[""Censorship Claims"", ""Ideology"", ""Media Criticism"", ""Conflict""]",[],,2026-06-10T09:42:02.592923+00:00,sentence-transformers/paraphrase-multilingual-mpnet-base-v2
patriotfrontsightings:1235,patriotfrontsightings,1235,2025-08-17T16:57:28+00:00,https://t.me/patriotfrontsightings/1235,9412,0,{},"@PatriotFrontSightings » Today at 7 p.m. Central, Jake Shields speaks with Thomas Rousseau on unity, building community, and the virtues of organizing.

📍 Watch the interview premier on YouTube here.

📍 Watch a previously released discussion featuring TR, Shields, and Aarvoll from the RTTL project here.",-1001851441463,,"[""Ideology"", ""Street Mobilization"", ""Symbols"", ""Migration""]",Ideology,"[""Ideology"", ""Street Mobilization"", ""Symbols"", ""Migration""]",[],,2026-06-10T09:42:02.592923+00:00,sentence-transformers/paraphrase-multilingual-mpnet-base-v2
patriotfrontsightings:1234,patriotfrontsightings,1234,2025-08-14T20:15:30+00:00,https://t.me/patriotfrontsightings/1234,4578,0,{},"@PatriotFrontSightings » Patriot Front was discussed by Jake Shields and Owen Shroyer on InfoWars, where PF's tactics and culture were discussed.

I've met some of these people's kids now, wives — I went out to Dallas to hang out with the organization and they treated me like family.

🇺🇸 Watch Thomas Rousseau discuss the importance of family here.

🇺🇸 Submit your application today:
patriotfront.us/join",-1001851441463,,"[""Ideology"", ""Symbols"", ""Media Criticism"", ""Conflict""]",Ideology,"[""Ideology"", ""Symbols"", ""Media Criticism"", ""Conflict""]",[],,2026-06-10T09:42:02.592923+00:00,sentence-transformers/paraphrase-multilingual-mpnet-base-v2
patriotfrontsightings:1233,patriotfrontsightings,1233,2025-08-14T12:04:15+00:00,https://t.me/patriotfrontsightings/1233,4143,0,{},"@PatriotFrontSightings » An interview of Thomas Rousseau hosted by popular content creator Hermes premiers at 10:00 AM CST.

🏹 Watch the interview here.",-1001851441463,,"[""Media Criticism"", ""Ideology"", ""Censorship Claims"", ""Symbols""]",Media Criticism,"[""Media Criticism"", ""Ideology"", ""Censorship Claims"", ""Symbols""]",[],,2026-06-10T09:42:02.592923+00:00,sentence-transformers/paraphrase-multilingual-mpnet-base-v2
patriotfrontsightings:1232,patriotfrontsightings,1232,2025-08-13T19:15:30+00:00,https://t.me/patriotfrontsightings/1232,3739,0,{},"@PatriotFrontSightings » An article written by Alaska Public Media mentions Patriot Front alongside the Last Frontier Active Club as active in the state, and calls PF ""one of the most prominent white supremacist networks in the country."" The writer claims that ""White supremacist activity"" has increased dramatically in 2025 and interviews Morgan Moon with the Anti-Defamation League, a Zionist NGO that works to silence and defame critics of the Jewish political lobby in America.

[Moon] said she tracked only nine incidents across the entire state from 2017 through last year, but in just the first six months of this year, she has logged 21. That count doesn’t yet include July.

Moon continues, making outlandish claims that martial arts training is conducted in preparation for an ""imminent race war,"" ignoring the practical and far more realistic benefits of physical fitness, discipline, and comradery that sports bring. She also makes a half-hearted attempt to link pro-national messaging with criminality and violence, improprieties that contradict the orderly and dutiful nature displayed by Patriot Front in their demonstrations.

🗺️  See the reaction to recent PF activity in Alaska here.

🥊 Watch Thomas Rousseau explain the importance of fitness and martial arts here.",-1001851441463,,"[""Media Criticism"", ""Censorship Claims"", ""Street Mobilization"", ""Ideology""]",Media Criticism,"[""Media Criticism"", ""Censorship Claims"", ""Street Mobilization"", ""Ideology""]",[],,2026-06-10T09:42:02.592923+00:00,sentence-transformers/paraphrase-multilingual-mpnet-base-v2
patriotfrontsightings:1231,patriotfrontsightings,1231,2025-08-12T16:45:35+00:00,https://t.me/patriotfrontsightings/1231,4737,0,{},"@PatriotFrontSightings » An “antifa” account is advertising targets designed to imitate Patriot Front members, as seen at numerous peaceful and lawful demonstrations. Alongside these calls for violence are fundraisers for degenerate monstrosities.

Additionally, the account sells merchandise that encourages others to engage in political violence and assassinate those it sees as its political enemies. While posts supporting terrorism would typically violate Instagram's terms of use, the platform often grants exception to far left extremists.

🛡️ See why PF uses shields, and its commitment to peaceful conduct here.",-1001851441463,,"[""Censorship Claims"", ""Media Criticism"", ""Conflict"", ""Street Mobilization""]",Censorship Claims,"[""Censorship Claims"", ""Media Criticism"", ""Conflict"", ""Street Mobilization""]",[],,2026-06-10T09:42:02.592923+00:00,sentence-transformers/paraphrase-multilingual-mpnet-base-v2
patriotfrontsightings:1230,patriotfrontsightings,1230,2025-08-09T18:00:47+00:00,https://t.me/patriotfrontsightings/1230,7973,0,{},"@PatriotFrontSightings » Patriot Front mentioned in the Jake Shields interview on Alex Jone's Info Wars. Alex Jones, who has previously fedjacketed the organization claims live on air that ""Thomas Rousseau is welcome to come on [Info Wars].""

⭐️ See what we do, and why:
patriotfront.us/action",-1001851441463,,"[""Media Criticism"", ""Ideology"", ""Censorship Claims"", ""Street Mobilization""]",Media Criticism,"[""Media Criticism"", ""Ideology"", ""Censorship Claims"", ""Street Mobilization""]",[],,2026-06-10T09:42:02.592923+00:00,sentence-transformers/paraphrase-multilingual-mpnet-base-v2
patriotfrontsightings:1226,patriotfrontsightings,1226,2025-08-08T22:03:51+00:00,https://t.me/patriotfrontsightings/1226,2884,0,{},"@PatriotFrontSightings »
🇺🇸 Patriot Front promotional material spotted in:
- Albuquerque, New Mexico
- Ogden, Utah, Network 5
- Arvada, Colorado, Network 3
- Salt Lake City, Utah, Network 5",-1001851441463,,"[""Symbols"", ""Media Criticism"", ""Censorship Claims"", ""Street Mobilization""]",Symbols,"[""Symbols"", ""Media Criticism"", ""Censorship Claims"", ""Street Mobilization""]",[],,2026-06-10T09:42:02.592923+00:00,sentence-transformers/paraphrase-multilingual-mpnet-base-v2
patriotfrontsightings:1225,patriotfrontsightings,1225,2025-08-07T15:35:30+00:00,https://t.me/patriotfrontsightings/1225,3477,0,{},"@PatriotFrontSightings » An article published by The New Republic claims that Border Patrol agents are ""borrowing ideas from the Patriot Front.""

Video taken on August 6th shows Border Patrol agents exiting a box truck to conduct immigration enforcement measures in the McArthur Park area in Los Angeles, California. The Department of Homeland Security has identified the McArthur Park Area in LA as a stronghold for the international criminal MS-13 gang, known to engage in narcotics trafficking, murder, rape, child prostitution, torture, and more.

The writer, Malcolm Ferguson, claims without substantiation that the tactic used by the DHS ""seems to have come directly from the Patriot Front, which used a Penske van earlier this summer in Missouri to attack a Pride Parade."" Ferguson's claim is easily disproven. Footage of the protest in Springfield shows activists acting peaceably towards deranged homosexuals, bearing shields to disallow attacks against themselves.

🪽 Read the article here.",-1001851441463,,"[""Migration"", ""Censorship Claims"", ""Symbols"", ""Ideology""]",Migration,"[""Migration"", ""Censorship Claims"", ""Symbols"", ""Ideology""]",[],,2026-06-10T09:42:02.592923+00:00,sentence-transformers/paraphrase-multilingual-mpnet-base-v2
patriotfrontsightings:1224,patriotfrontsightings,1224,2025-08-05T17:25:15+00:00,https://t.me/patriotfrontsightings/1224,7283,0,{},"@PatriotFrontSightings » Patriot Front promotional materials have been sighted all over Alaska. 

📍Witnesses cite PF's activism in Anchorage, Girdwood, Eagle River, Palmer, Seward, Kodiak, North Pole, Haines, and Fairbanks. Dozens of reports cover hundreds of miles of distance across the state, and mark a notable increase in the organization's presence in the area.

⭐️ Submit your application today:
patriotfront.us/join",-1001851441463,,"[""Symbols"", ""Street Mobilization"", ""Censorship Claims"", ""Media Criticism""]",Symbols,"[""Symbols"", ""Street Mobilization"", ""Censorship Claims"", ""Media Criticism""]",[],,2026-06-10T09:42:02.592923+00:00,sentence-transformers/paraphrase-multilingual-mpnet-base-v2
patriotfrontsightings:1222,patriotfrontsightings,1222,2025-07-19T23:42:23+00:00,https://t.me/patriotfrontsightings/1222,5163,0,{},"@PatriotFrontSightings »
🪽 Thomas Rousseau will be on The Political Cesspool Radio show hosted by James Edwards tonight at 7 pm CT for 1 hour.

🏹 Listen to the show here.",-1001851441463,,"[""Ideology"", ""Media Criticism"", ""Censorship Claims"", ""Migration""]",Ideology,"[""Ideology"", ""Media Criticism"", ""Censorship Claims"", ""Migration""]",[],,2026-06-10T09:42:02.592923+00:00,sentence-transformers/paraphrase-multilingual-mpnet-base-v2
patriotfrontsightings:1221,patriotfrontsightings,1221,2025-07-13T00:56:12+00:00,https://t.me/patriotfrontsightings/1221,4198,0,{},"@PatriotFrontNews » Patriot Front is still on the ground in Central Texas after disastrous flooding affected communities along the Guadalupe river. Thomas Rousseau speaks on ongoing relief efforts, and the recent denouncements from the media of PF's charitable works.

🪓 See PF's previous live update documenting relief efforts here.

⭐️ See what we do, and why:
patriotfront.us/action",-1001851441463,,"[""Street Mobilization"", ""Media Criticism"", ""Ideology"", ""Conflict""]",Street Mobilization,"[""Street Mobilization"", ""Media Criticism"", ""Ideology"", ""Conflict""]",[],,2026-06-10T09:42:02.592923+00:00,sentence-transformers/paraphrase-multilingual-mpnet-base-v2
patriotfrontsightings:1217,patriotfrontsightings,1217,2025-07-11T18:45:27+00:00,https://t.me/patriotfrontsightings/1217,3397,0,{},"@PatriotFrontSightings »
🇺🇸 Patriot Front promotional material spotted in:
- Ogden, Utah, Network 5
- Denver, Colorado, Network 3
- Washington, District of Columbia, Network 9
- Columbus, Georgia, Network 6",-1001851441463,,"[""Symbols"", ""Media Criticism"", ""Censorship Claims"", ""Street Mobilization""]",Symbols,"[""Symbols"", ""Media Criticism"", ""Censorship Claims"", ""Street Mobilization""]",[],,2026-06-10T09:42:02.592923+00:00,sentence-transformers/paraphrase-multilingual-mpnet-base-v2
patriotfrontsightings:1213,patriotfrontsightings,1213,2025-07-10T16:32:38+00:00,https://t.me/patriotfrontsightings/1213,2756,0,{},"@PatriotFrontSightings »
🇺🇸 Patriot Front promotional material spotted in:
- San Luis Obispo, California, Network 14
- Richmond, Virginia, Network 9
- Middlefield, Ohio, Network 16
- Broomfield, Colorado, Network 3",-1001851441463,,"[""Symbols"", ""Censorship Claims"", ""Street Mobilization"", ""Media Criticism""]",Symbols,"[""Symbols"", ""Censorship Claims"", ""Street Mobilization"", ""Media Criticism""]",[],,2026-06-10T09:42:02.592923+00:00,sentence-transformers/paraphrase-multilingual-mpnet-base-v2
patriotfrontsightings:1212,patriotfrontsightings,1212,2025-07-09T20:26:13+00:00,https://t.me/patriotfrontsightings/1212,2954,0,{},"@PatriotFrontSightings »
Patriot Front’s disaster relief efforts have been condemned by the Institute for Research & Education for Human Rights, saying PF “exploit[‘s] the tragedy to push racism.”

Eager to denounce material disaster relief efforts, the NGO has remained eerily silent on a deluge of macabre comments celebrating the death of Americans in this tragedy, some saying “may they get what they voted for.”

Comment and quote the post here.

⭐️ Submit your application today:
patriotfront.us/join",-1001851441463,,"[""Media Criticism"", ""Censorship Claims"", ""Street Mobilization"", ""Ideology""]",Media Criticism,"[""Media Criticism"", ""Censorship Claims"", ""Street Mobilization"", ""Ideology""]",[],,2026-06-10T09:42:02.592923+00:00,sentence-transformers/paraphrase-multilingual-mpnet-base-v2
patriotfrontsightings:1211,patriotfrontsightings,1211,2025-07-09T18:05:34+00:00,https://t.me/patriotfrontsightings/1211,2000,0,{},"🚨 LIVE UPDATE: @PatriotFrontNews » Patriot Front is on the ground in Central Texas after a flood killed over 100 Americans. Activists are currently in Hunt, Texas doing disaster relief just outside of Camp Mystic - where dozens of young girls were killed while at summer camp. The leader of the organization, Thomas Rousseau, speaks on why it is important for nationalists to engage in disaster relief",-1001851441463,,"[""Street Mobilization"", ""Media Criticism"", ""Ideology"", ""Conflict""]",Street Mobilization,"[""Street Mobilization"", ""Media Criticism"", ""Ideology"", ""Conflict""]",[],,2026-06-10T09:42:02.592923+00:00,sentence-transformers/paraphrase-multilingual-mpnet-base-v2
patriotfrontsightings:1210,patriotfrontsightings,1210,2025-07-09T16:15:13+00:00,https://t.me/patriotfrontsightings/1210,1905,0,{},"🚨 LIVE UPDATE: @PatriotFrontNews » Patriot Front is on the ground in South Texas after a flood killed over 100 Americans. Activists are currently in Hunt, Texas doing disaster relief just outside of Camp Mystic - where dozens of young girls were killed while at summer camp.",-1001851441463,,"[""Street Mobilization"", ""Media Criticism"", ""Conflict""]",Street Mobilization,"[""Street Mobilization"", ""Media Criticism"", ""Conflict""]",[],,2026-06-10T09:42:02.592923+00:00,sentence-transformers/paraphrase-multilingual-mpnet-base-v2
patriotfrontsightings:1206,patriotfrontsightings,1206,2025-07-09T15:45:29+00:00,https://t.me/patriotfrontsightings/1206,2225,0,{},"@PatriotFrontSightings »
🇺🇸 Patriot Front promotional material spotted in:
- Denver, Colorado, Network 3
- Wilmington, North Carolina, Network 8
- Warner Robins, Georgia, Network 6
- Clarksville, Tennessee, Network 6",-1001851441463,,"[""Symbols"", ""Media Criticism"", ""Censorship Claims"", ""Street Mobilization""]",Symbols,"[""Symbols"", ""Media Criticism"", ""Censorship Claims"", ""Street Mobilization""]",[],,2026-06-10T09:42:02.592923+00:00,sentence-transformers/paraphrase-multilingual-mpnet-base-v2
patriotfrontsightings:1204,patriotfrontsightings,1204,2025-07-06T19:27:35+00:00,https://t.me/patriotfrontsightings/1204,7142,0,{},"@PatriotFrontSightings » Video of a Patriot Front Banner hold in Coeur d'Alene Idaho. The banner hold took place on the same day as Patriot Front's I-day demonstration in Louisville, Kentucky.

⛰️ Listen to TR's Independence Day speech here.

⭐️ See what we do, and why:
patriotfront.us/action",-1001851441463,,"[""Street Mobilization"", ""Symbols"", ""Ideology"", ""Censorship Claims""]",Street Mobilization,"[""Street Mobilization"", ""Symbols"", ""Ideology"", ""Censorship Claims""]",[],,2026-06-10T09:42:02.592923+00:00,sentence-transformers/paraphrase-multilingual-mpnet-base-v2
patriotfrontsightings:1203,patriotfrontsightings,1203,2025-07-06T19:16:00+00:00,https://t.me/patriotfrontsightings/1203,8059,0,{},"@PatriotFrontSightings » More video of Patriot Front's Independence Day demonstration in Louisville, Kentucky.

🏹 See why PF engages in extrapolitical activism here.

⭐️ Submit your application today:
patriotfront.us/join",-1001851441463,,"[""Street Mobilization"", ""Symbols"", ""Ideology"", ""Censorship Claims""]",Street Mobilization,"[""Street Mobilization"", ""Symbols"", ""Ideology"", ""Censorship Claims""]",[],,2026-06-10T09:42:02.592923+00:00,sentence-transformers/paraphrase-multilingual-mpnet-base-v2
patriotfrontsightings:1202,patriotfrontsightings,1202,2025-07-05T19:55:47+00:00,https://t.me/patriotfrontsightings/1202,3080,0,{},"@PatriotFrontSightings »
Chants of “Life, Liberty, Victory” can be heard at PF’s Independence Day demonstration in Louisville, Kentucky.",-1001851441463,,"[""Street Mobilization"", ""Symbols"", ""Ideology"", ""Censorship Claims""]",Street Mobilization,"[""Street Mobilization"", ""Symbols"", ""Ideology"", ""Censorship Claims""]",[],,2026-06-10T09:42:02.592923+00:00,sentence-transformers/paraphrase-multilingual-mpnet-base-v2
patriotfrontsightings:1201,patriotfrontsightings,1201,2025-07-05T18:05:10+00:00,https://t.me/patriotfrontsightings/1201,1558,0,{},"@PatriotFrontNews » Activists are currently marching in Louisville, Kentucky in honor of Independence Day. 

Submit your application today:
patriotfront.us/join",-1001851441463,,"[""Street Mobilization"", ""Symbols"", ""Ideology"", ""Censorship Claims""]",Street Mobilization,"[""Street Mobilization"", ""Symbols"", ""Ideology"", ""Censorship Claims""]",[],,2026-06-10T09:42:02.592923+00:00,sentence-transformers/paraphrase-multilingual-mpnet-base-v2