from,to,count,kind,type,status,reason
wlm_canada,wlm_canada_bc,83,broken,broken,flood_wait_exceeded,flood wait 73543s exceeds maxWait=3600s
wlm_usa_north_carolina,wlm_usa_north_carolina_chat,57,broken,broken,flood_wait_exceeded,flood wait 72969s exceeds maxWait=3600s
wlm_usa_arizona,az_action_14,34,broken,broken,flood_wait_exceeded,flood wait 73811s exceeds maxWait=3600s
wlm_usa_arizona,arizona_action,33,broken,broken,flood_wait_exceeded,flood wait 73777s exceeds maxWait=3600s
wlm_canada,wlm_bc_chat,32,broken,broken,flood_wait_exceeded,flood wait 73526s exceeds maxWait=3600s
wlm_usa_minnesota,whitelivesmatterofficialchat,23,broken,broken,not_found,"No user has ""whitelivesmatterofficialchat"" as username"
wlm_canada,wlm_bc,22,broken,broken,flood_wait_exceeded,flood wait 73406s exceeds maxWait=3600s
whitelivesmatterofficial,lmsubmissionbot,21,broken,broken,not_found,"No user has ""lmsubmissionbot"" as username"
whitelivesmatterofficial,hitelivesmatterofficial,20,broken,broken,not_found,"No user has ""hitelivesmatterofficial"" as username"
wlm_canada,wlm_canada_ab,19,broken,broken,flood_wait_exceeded,flood wait 73423s exceeds maxWait=3600s
whitelivesmatterofficial,lmcontactbot,18,broken,broken,not_found,"No user has ""lmcontactbot"" as username"
wlm_usa_illinois,wlm_usa_illinois_chat,14,broken,broken,flood_wait_exceeded,flood wait 73561s exceeds maxWait=3600s
wlm_usa_north_carolina,wlmsubmissionsbot,13,broken,broken,flood_wait_exceeded,flood wait 72950s exceeds maxWait=3600s
wlm_usa_wisconsin,whitelivematterofficial,13,broken,broken,not_found,"No user has ""whitelivematterofficial"" as username"
wlm_usa_new_york2,sugartreelegion,12,broken,broken,flood_wait_exceeded,flood wait 73187s exceeds maxWait=3600s
novanow,az_action_14,11,broken,broken,flood_wait_exceeded,flood wait 73811s exceeds maxWait=3600s
wlm_usa_arizona,lasvegasactiveclub,11,broken,broken,flood_wait_exceeded,flood wait 73761s exceeds maxWait=3600s
wlm_usa_washington2,elivesmatterofficial,11,broken,broken,not_found,"No user has ""elivesmatterofficial"" as username"
norcal_ac,ca_legion_xiv,10,broken,broken,flood_wait_exceeded,flood wait 72876s exceeds maxWait=3600s
whitelivesmatterofficial,telivesmatterofficial,10,broken,broken,not_found,"No user has ""telivesmatterofficial"" as username"
wlm_usa_north_carolina,wlm_usa_south_carolina_chat,10,broken,broken,flood_wait_exceeded,flood wait 72929s exceeds maxWait=3600s
paxactiveclub,ca_legion_xiv,9,broken,broken,flood_wait_exceeded,flood wait 72876s exceeds maxWait=3600s
hbmw88,memecannons88,8,broken,broken,flood_wait_exceeded,flood wait 73116s exceeds maxWait=3600s
wlm_canada,wlm_canada_toronto,8,broken,broken,flood_wait_exceeded,flood wait 73311s exceeds maxWait=3600s
wlm_eu_united_kingdom,itelivesmatterofficial,8,broken,broken,not_found,"No user has ""itelivesmatterofficial"" as username"
wlm_usa_new_york2,wlm_usa_new_york_chat2,8,broken,broken,flood_wait_exceeded,flood wait 73096s exceeds maxWait=3600s
wlm_usa_texas2,lmsubmissionbot,7,broken,broken,not_found,"No user has ""lmsubmissionbot"" as username"
herrcent,realblaircottrell,6,broken,broken,flood_wait_exceeded,flood wait 73828s exceeds maxWait=3600s
hersantite,realblaircottrell,6,broken,broken,flood_wait_exceeded,flood wait 73828s exceeds maxWait=3600s
markacollett,realblaircottrell,6,broken,broken,flood_wait_exceeded,flood wait 73828s exceeds maxWait=3600s
media2rise,ca_legion_xiv,6,broken,broken,flood_wait_exceeded,flood wait 72876s exceeds maxWait=3600s
wlm_canada,wlm_canada_qc,6,broken,broken,flood_wait_exceeded,flood wait 73224s exceeds maxWait=3600s
wlm_eu_poland,hitelivesmatterofficialchat,6,broken,broken,not_found,"No user has ""hitelivesmatterofficialchat"" as username"
wlm_eu_united_kingdom,livesmatterofficial,6,broken,broken,not_found,"No user has ""livesmatterofficial"" as username"
wlm_usa_arizona,wlm_usa_arizona_chat,6,broken,broken,flood_wait_exceeded,flood wait 73795s exceeds maxWait=3600s
wlm_usa_idaho,wlm_canada_bc,6,broken,broken,flood_wait_exceeded,flood wait 73543s exceeds maxWait=3600s
wlm_usa_texas2,hitelivesmatterofficial,6,broken,broken,not_found,"No user has ""hitelivesmatterofficial"" as username"
wlm_usa_texas2,lmcontactbot,6,broken,broken,not_found,"No user has ""lmcontactbot"" as username"
ohionationalistnetwork,az_action_14,5,broken,broken,flood_wait_exceeded,flood wait 73811s exceeds maxWait=3600s
thewesternchauvinist1,az_action_14,5,broken,broken,flood_wait_exceeded,flood wait 73811s exceeds maxWait=3600s
wlm_canada,canadian_nationalist_patriots,5,broken,broken,flood_wait_exceeded,flood wait 73472s exceeds maxWait=3600s
wlm_canada,wlm_canada_on,5,broken,broken,flood_wait_exceeded,flood wait 73276s exceeds maxWait=3600s
wlm_usa_arizona,arizonaactionclub,5,broken,broken,flood_wait_exceeded,flood wait 73689s exceeds maxWait=3600s
wlm_usa_new_york2,wlm_new_york,5,broken,broken,flood_wait_exceeded,flood wait 73080s exceeds maxWait=3600s
rediceuncensored,memecannons88,4,broken,broken,flood_wait_exceeded,flood wait 73116s exceeds maxWait=3600s
ultrasnotreds8,europarevival1,4,broken,broken,flood_wait_exceeded,flood wait 73652s exceeds maxWait=3600s
ultrasnotreds8,legioneuropa,4,broken,broken,flood_wait_exceeded,flood wait 72985s exceeds maxWait=3600s
whitelivesmatterofficial,itelivesmatterofficial,4,broken,broken,not_found,"No user has ""itelivesmatterofficial"" as username"
wlm_canada,bellcityns,4,broken,broken,flood_wait_exceeded,flood wait 73455s exceeds maxWait=3600s
wlm_canada,borealproject,4,broken,broken,flood_wait_exceeded,flood wait 73507s exceeds maxWait=3600s
wlm_canada,wildroseactiveclub,4,broken,broken,flood_wait_exceeded,flood wait 73240s exceeds maxWait=3600s
wlm_canada,wlm_canada_materials,4,broken,broken,flood_wait_exceeded,flood wait 73368s exceeds maxWait=3600s
wlm_canada,wlm_canada_viewing,4,broken,broken,flood_wait_exceeded,flood wait 73347s exceeds maxWait=3600s
wlm_eu_czech_republic,ivesmatterofficial,4,broken,broken,not_found,"No user has ""ivesmatterofficial"" as username"
wlm_eu_netherlands,elivesmatterofficial,4,broken,broken,not_found,"No user has ""elivesmatterofficial"" as username"
wlm_eu_russia,itelivesmatterofficial,4,broken,broken,not_found,"No user has ""itelivesmatterofficial"" as username"
wlm_eu_russia,sariots,4,broken,broken,invalid_username,username invalid
wlm_eu_slovakia,hitelivesmatterofficialchat,4,broken,broken,not_found,"No user has ""hitelivesmatterofficialchat"" as username"
wlm_usa_michigan,continentalresistance,4,broken,broken,flood_wait_exceeded,flood wait 73847s exceeds maxWait=3600s
wlm_usa_new_york2,lm_usa_new_york2,4,broken,broken,not_found,"No user has ""lm_usa_new_york2"" as username"
wlm_usa_north_carolina,wlm_usa_virginia,4,broken,broken,flood_wait_exceeded,flood wait 72912s exceeds maxWait=3600s
wlm_usa_ohio,wlm_usa_illinois_chat,4,broken,broken,flood_wait_exceeded,flood wait 73561s exceeds maxWait=3600s
wlm_usa_oregon,hitelivesmatterofficialchat,4,broken,broken,not_found,"No user has ""hitelivesmatterofficialchat"" as username"
wlm_usa_pennsylvania,dellvett,4,broken,broken,flood_wait_exceeded,flood wait 74005s exceeds maxWait=3600s
wlm_usa_texas2,telivesmatterofficial,4,broken,broken,not_found,"No user has ""telivesmatterofficial"" as username"
wlm_usa_washington3,lmcontactbot,4,broken,broken,not_found,"No user has ""lmcontactbot"" as username"
alamoxiv,az_action_14,3,broken,broken,flood_wait_exceeded,flood wait 73811s exceeds maxWait=3600s
ohionationalistnetwork,ca_legion_xiv,3,broken,broken,flood_wait_exceeded,flood wait 72876s exceeds maxWait=3600s
sharedefiant,newrightnews,3,broken,broken,invalid_username,username invalid
thewesternchauvinist7,realblaircottrell,3,broken,broken,flood_wait_exceeded,flood wait 73828s exceeds maxWait=3600s
tomsewelluncensored,realblaircottrell,3,broken,broken,flood_wait_exceeded,flood wait 73828s exceeds maxWait=3600s
whitelivesmatterofficial,lm_usa_new_york2,3,broken,broken,not_found,"No user has ""lm_usa_new_york2"" as username"
wlm_canada,patriot_gus,3,broken,broken,flood_wait_exceeded,flood wait 73880s exceeds maxWait=3600s
wlm_canada,wildroseultras,3,broken,broken,flood_wait_exceeded,flood wait 73438s exceeds maxWait=3600s
wlm_eu_italy,bloccostudentesconazionale,3,broken,broken,flood_wait_exceeded,flood wait 73632s exceeds maxWait=3600s
wlm_eu_italy,elivesmatterofficial,3,broken,broken,not_found,"No user has ""elivesmatterofficial"" as username"
wlm_eu_italy,wlm_it_ch_admin,3,broken,broken,flood_wait_exceeded,flood wait 73578s exceeds maxWait=3600s
wlm_eu_netherlands,vesmatterofficial,3,broken,broken,not_found,"No user has ""vesmatterofficial"" as username"
wlm_eu_poland,battleofeuropa,3,broken,broken,invalid_username,username invalid
wlm_eu_poland,whitealexandriaslibrary,3,broken,broken,not_found,"No user has ""whitealexandriaslibrary"" as username"
wlm_eu_poland,wlmofficial,3,broken,broken,invalid_username,username invalid
wlm_eu_russia,ruzkemir_news,3,broken,broken,not_found,"No user has ""ruzkemir_news"" as username"
wlm_eu_slovakia,wlmofficial,3,broken,broken,invalid_username,username invalid
wlm_eu_ukraine,legioneuropa,3,broken,broken,flood_wait_exceeded,flood wait 72985s exceeds maxWait=3600s
wlm_eu_united_kingdom,ivesmatterofficial,3,broken,broken,not_found,"No user has ""ivesmatterofficial"" as username"
wlm_eu_united_kingdom,lmsubmissionbot,3,broken,broken,not_found,"No user has ""lmsubmissionbot"" as username"
wlm_eu_united_kingdom,telivesmatterofficial,3,broken,broken,not_found,"No user has ""telivesmatterofficial"" as username"
wlm_usa_arizona,hitelivesmatterofficialchat,3,broken,broken,not_found,"No user has ""hitelivesmatterofficialchat"" as username"
wlm_usa_arizona,newrightnews,3,broken,broken,invalid_username,username invalid
wlm_usa_california,europa_the_last_battle_blu_ray,3,broken,broken,invalid_username,username invalid
wlm_usa_california,newrightnews,3,broken,broken,invalid_username,username invalid
wlm_usa_michigan,thecreativitymovement,3,broken,broken,flood_wait_exceeded,flood wait 73937s exceeds maxWait=3600s
wlm_usa_michigan,wolvenrad,3,broken,broken,not_found,"No user has ""wolvenrad"" as username"
wlm_usa_minnesota,whitelivematterofficial,3,broken,broken,not_found,"No user has ""whitelivematterofficial"" as username"
wlm_usa_new_york2,sugartreeadmin,3,broken,broken,flood_wait_exceeded,flood wait 73151s exceeds maxWait=3600s
wlm_usa_new_york2,sugartreelegionchat,3,broken,broken,flood_wait_exceeded,flood wait 73134s exceeds maxWait=3600s
wlm_usa_new_york2,sugartreelegionnews,3,broken,broken,flood_wait_exceeded,flood wait 73171s exceeds maxWait=3600s
wlm_usa_new_york2,whiterosegarden,3,broken,broken,flood_wait_exceeded,flood wait 73006s exceeds maxWait=3600s
wlm_usa_north_carolina,europa_the_last_battle_blu_ray,3,broken,broken,invalid_username,username invalid
wlm_usa_oregon,battleofeuropa,3,broken,broken,invalid_username,username invalid
wlm_usa_oregon,whitealexandriaslibrary,3,broken,broken,not_found,"No user has ""whitealexandriaslibrary"" as username"
wlm_usa_oregon,wlmofficial,3,broken,broken,invalid_username,username invalid
wlm_usa_pennsylvania,embracestruggleac,3,broken,broken,flood_wait_exceeded,flood wait 73990s exceeds maxWait=3600s
wlm_usa_pennsylvania,europa_the_last_battle_blu_ray,3,broken,broken,invalid_username,username invalid
wlm_usa_pennsylvania,realvincentjames,3,broken,broken,flood_wait_exceeded,flood wait 73972s exceeds maxWait=3600s
wlm_usa_pennsylvania,wlmpennsylvania,3,broken,broken,flood_wait_exceeded,flood wait 74044s exceeds maxWait=3600s
wlm_usa_tennessee,hitelivesmatterofficialchat,3,broken,broken,not_found,"No user has ""hitelivesmatterofficialchat"" as username"
wlm_usa_tennessee,wlm_usa_kentucky,3,broken,broken,flood_wait_exceeded,flood wait 74023s exceeds maxWait=3600s
wlm_usa_washington2,whitelivesmatterofficialchat,3,broken,broken,not_found,"No user has ""whitelivesmatterofficialchat"" as username"
wlm_usa_washington3,telivesmatterofficial,3,broken,broken,not_found,"No user has ""telivesmatterofficial"" as username"
wlm_usa_wisconsin,dellvett,3,broken,broken,flood_wait_exceeded,flood wait 74005s exceeds maxWait=3600s
activeclubcr,veclubcr,2,broken,broken,not_found,"No user has ""veclubcr"" as username"
bigskyac_uncensor3d,ca_legion_xiv,2,broken,broken,flood_wait_exceeded,flood wait 72876s exceeds maxWait=3600s
fashposting,realblaircottrell,2,broken,broken,flood_wait_exceeded,flood wait 73828s exceeds maxWait=3600s
njeha1,embracestruggleac,2,broken,broken,flood_wait_exceeded,flood wait 73990s exceeds maxWait=3600s
sharedefiant,lewiscountrystore,2,broken,broken,flood_wait_exceeded,flood wait 73061s exceeds maxWait=3600s
thewesternchauvinist1,realblaircottrell,2,broken,broken,flood_wait_exceeded,flood wait 73828s exceeds maxWait=3600s
wlm_canada,borealadmin,2,broken,broken,flood_wait_exceeded,flood wait 73489s exceeds maxWait=3600s
wlm_canada,europa_the_last_battle_blu_ray,2,broken,broken,invalid_username,username invalid
wlm_canada,lm_canada,2,broken,broken,flood_wait_exceeded,flood wait 73294s exceeds maxWait=3600s
wlm_canada,wildroseac,2,broken,broken,flood_wait_exceeded,flood wait 73208s exceeds maxWait=3600s
wlm_canada,wlm_canada_listening,2,broken,broken,flood_wait_exceeded,flood wait 73387s exceeds maxWait=3600s
wlm_canada,wlm_canada_reading,2,broken,broken,flood_wait_exceeded,flood wait 73327s exceeds maxWait=3600s
wlm_canada,wlm_on_chat,2,broken,broken,flood_wait_exceeded,flood wait 73259s exceeds maxWait=3600s
wlm_eu_czech_republic,esmatterofficial,2,broken,broken,not_found,"No user has ""esmatterofficial"" as username"
wlm_eu_czech_republic,livesmatterofficial,2,broken,broken,not_found,"No user has ""livesmatterofficial"" as username"
wlm_eu_czech_republic,veclubcr,2,broken,broken,not_found,"No user has ""veclubcr"" as username"
wlm_eu_italy,europarevival1,2,broken,broken,flood_wait_exceeded,flood wait 73652s exceeds maxWait=3600s
wlm_eu_italy,lm_eu_italy,2,broken,broken,flood_wait_exceeded,flood wait 73617s exceeds maxWait=3600s
wlm_eu_italy,wlm_ita_video,2,broken,broken,flood_wait_exceeded,flood wait 73598s exceeds maxWait=3600s
wlm_eu_netherlands,europa_the_last_battle_blu_ray,2,broken,broken,invalid_username,username invalid
wlm_eu_netherlands,newrightnews,2,broken,broken,invalid_username,username invalid
wlm_eu_netherlands,wolvenrad,2,broken,broken,not_found,"No user has ""wolvenrad"" as username"
wlm_eu_poland,elivesmatterofficial,2,broken,broken,not_found,"No user has ""elivesmatterofficial"" as username"
wlm_eu_poland,europa_the_last_battle_blu_ray,2,broken,broken,invalid_username,username invalid
wlm_eu_poland,lm_eu_poland,2,broken,broken,not_found,"No user has ""lm_eu_poland"" as username"
wlm_eu_poland,lmofficial,2,broken,broken,invalid_username,username invalid
wlm_eu_poland,smatterofficial,2,broken,broken,not_found,"No user has ""smatterofficial"" as username"
wlm_eu_russia,vesmatterofficial,2,broken,broken,not_found,"No user has ""vesmatterofficial"" as username"
wlm_eu_russia,whitelivesmatteroffficial,2,broken,broken,not_found,"No user has ""whitelivesmatteroffficial"" as username"
wlm_eu_slovakia,battleofeuropa,2,broken,broken,invalid_username,username invalid
wlm_eu_slovakia,smatterofficial,2,broken,broken,not_found,"No user has ""smatterofficial"" as username"
wlm_eu_slovakia,whitealexandriaslibrary,2,broken,broken,not_found,"No user has ""whitealexandriaslibrary"" as username"
wlm_eu_ukraine,ivesmatterofficial,2,broken,broken,not_found,"No user has ""ivesmatterofficial"" as username"
wlm_eu_ukraine,mofficial14,2,broken,broken,not_found,"No user has ""mofficial14"" as username"
wlm_eu_united_kingdom,europa_the_last_battle_blu_ray,2,broken,broken,invalid_username,username invalid
wlm_eu_united_kingdom,vesmatterofficial,2,broken,broken,not_found,"No user has ""vesmatterofficial"" as username"
wlm_usa_arizona,azactionchat,2,broken,broken,flood_wait_exceeded,flood wait 73673s exceeds maxWait=3600s
wlm_usa_arizona,clockworkupdates,2,broken,broken,flood_wait_exceeded,flood wait 73721s exceeds maxWait=3600s
wlm_usa_arizona,europa_the_last_battle_blu_ray,2,broken,broken,invalid_username,username invalid
wlm_usa_arizona,nationalismunited,2,broken,broken,flood_wait_exceeded,flood wait 73741s exceeds maxWait=3600s
wlm_usa_arizona,twcaddyshack,2,broken,broken,flood_wait_exceeded,flood wait 73704s exceeds maxWait=3600s
wlm_usa_california,livesmatterofficial,2,broken,broken,not_found,"No user has ""livesmatterofficial"" as username"
wlm_usa_idaho,ca_legion_xiv,2,broken,broken,flood_wait_exceeded,flood wait 72876s exceeds maxWait=3600s
wlm_usa_idaho,wlm_bc_chat,2,broken,broken,flood_wait_exceeded,flood wait 73526s exceeds maxWait=3600s
wlm_usa_idaho,wlm_usa_california_chat,2,broken,broken,flood_wait_exceeded,flood wait 72858s exceeds maxWait=3600s
wlm_usa_michigan,airraidbombshelter2,2,broken,broken,flood_wait_exceeded,flood wait 73899s exceeds maxWait=3600s
wlm_usa_michigan,michiganwlm_vetting,2,broken,broken,flood_wait_exceeded,flood wait 73917s exceeds maxWait=3600s
wlm_usa_michigan,patriot_gus,2,broken,broken,flood_wait_exceeded,flood wait 73880s exceeds maxWait=3600s
wlm_usa_michigan,realblaircottrell,2,broken,broken,flood_wait_exceeded,flood wait 73828s exceeds maxWait=3600s
wlm_usa_michigan,whitelivesmattercanadaofficial,2,broken,broken,flood_wait_exceeded,flood wait 73865s exceeds maxWait=3600s
wlm_usa_michigan,wlm_mittens_tha_don,2,broken,broken,flood_wait_exceeded,flood wait 73955s exceeds maxWait=3600s
wlm_usa_new_jersey,mofficial14,2,broken,broken,not_found,"No user has ""mofficial14"" as username"
wlm_usa_new_york2,europa_the_last_battle_blu_ray,2,broken,broken,invalid_username,username invalid
wlm_usa_new_york2,lewiscountrystore,2,broken,broken,flood_wait_exceeded,flood wait 73061s exceeds maxWait=3600s
wlm_usa_new_york2,memecannons88,2,broken,broken,flood_wait_exceeded,flood wait 73116s exceeds maxWait=3600s
wlm_usa_new_york2,oldarminius,2,broken,broken,flood_wait_exceeded,flood wait 73025s exceeds maxWait=3600s
wlm_usa_new_york2,tradpics,2,broken,broken,flood_wait_exceeded,flood wait 73042s exceeds maxWait=3600s
wlm_usa_north_carolina,ca_legion_xiv,2,broken,broken,flood_wait_exceeded,flood wait 72876s exceeds maxWait=3600s
wlm_usa_north_carolina,elivesmatterofficial,2,broken,broken,not_found,"No user has ""elivesmatterofficial"" as username"
wlm_usa_north_carolina,legioneuropa,2,broken,broken,flood_wait_exceeded,flood wait 72985s exceeds maxWait=3600s
wlm_usa_north_carolina,wlm_usa_california_chat,2,broken,broken,flood_wait_exceeded,flood wait 72858s exceeds maxWait=3600s
wlm_usa_north_carolina,wlm_usa_virginia_chat,2,broken,broken,flood_wait_exceeded,flood wait 72894s exceeds maxWait=3600s
wlm_usa_ohio,wlm_usa_kentucky,2,broken,broken,flood_wait_exceeded,flood wait 74023s exceeds maxWait=3600s
wlm_usa_oregon,europa_the_last_battle_blu_ray,2,broken,broken,invalid_username,username invalid
wlm_usa_oregon,lmofficial,2,broken,broken,invalid_username,username invalid
wlm_usa_oregon,smatterofficial,2,broken,broken,not_found,"No user has ""smatterofficial"" as username"
wlm_usa_pennsylvania,wlm_usa_kentucky,2,broken,broken,flood_wait_exceeded,flood wait 74023s exceeds maxWait=3600s
wlm_usa_texas,elivesmatterofficial,2,broken,broken,not_found,"No user has ""elivesmatterofficial"" as username"
wlm_usa_texas,wolvenrad,2,broken,broken,not_found,"No user has ""wolvenrad"" as username"
wlm_usa_texas2,wolvenrad,2,broken,broken,not_found,"No user has ""wolvenrad"" as username"
wlm_usa_washington3,elivesmatterofficial,2,broken,broken,not_found,"No user has ""elivesmatterofficial"" as username"
wlm_usa_washington3,itelivesmatterofficial,2,broken,broken,not_found,"No user has ""itelivesmatterofficial"" as username"
wlmofficial14,battleofeuropa,2,broken,broken,invalid_username,username invalid
wlmofficial14,europa_the_last_battle_blu_ray,2,broken,broken,invalid_username,username invalid
evropean_americans,ca_legion_xiv,1,broken,broken,flood_wait_exceeded,flood wait 72876s exceeds maxWait=3600s
howtoirritatejews,realblaircottrell,1,broken,broken,flood_wait_exceeded,flood wait 73828s exceeds maxWait=3600s
noticernews,realblaircottrell,1,broken,broken,flood_wait_exceeded,flood wait 73828s exceeds maxWait=3600s
ohionationalistnetwork,realblaircottrell,1,broken,broken,flood_wait_exceeded,flood wait 73828s exceeds maxWait=3600s
sharedefiant,ca_legion_xiv,1,broken,broken,flood_wait_exceeded,flood wait 72876s exceeds maxWait=3600s
sharedefiant,smatterofficial,1,broken,broken,not_found,"No user has ""smatterofficial"" as username"
siciliangorillian2,memecannons88,1,broken,broken,flood_wait_exceeded,flood wait 73116s exceeds maxWait=3600s
siciliangorillian2,realblaircottrell,1,broken,broken,flood_wait_exceeded,flood wait 73828s exceeds maxWait=3600s
theaustralianvanguard,realblaircottrell,1,broken,broken,flood_wait_exceeded,flood wait 73828s exceeds maxWait=3600s
whitelads,ca_legion_xiv,1,broken,broken,flood_wait_exceeded,flood wait 72876s exceeds maxWait=3600s
whitelivesmatterofficial,esmatterofficial,1,broken,broken,not_found,"No user has ""esmatterofficial"" as username"
whitelivesmatterofficial,livesmatterofficial,1,broken,broken,not_found,"No user has ""livesmatterofficial"" as username"
whitelivesmatterofficial,wlm_usa_virginia,1,broken,broken,flood_wait_exceeded,flood wait 72912s exceeds maxWait=3600s
whitelivesmatterofficialchat2,livesmatterofficial,1,broken,broken,not_found,"No user has ""livesmatterofficial"" as username"
whitelivesmatterofficialchat2,wlm_usa_virginia,1,broken,broken,flood_wait_exceeded,flood wait 72912s exceeds maxWait=3600s
wlm_canada,dellvett,1,broken,broken,flood_wait_exceeded,flood wait 74005s exceeds maxWait=3600s
wlm_canada,hitelivesmatterofficialchat,1,broken,broken,not_found,"No user has ""hitelivesmatterofficialchat"" as username"
wlm_canada,ivesmatterofficial,1,broken,broken,not_found,"No user has ""ivesmatterofficial"" as username"
wlm_canada,lmofficial,1,broken,broken,invalid_username,username invalid
wlm_canada,mofficial14,1,broken,broken,not_found,"No user has ""mofficial14"" as username"
wlm_canada,realvincentjames,1,broken,broken,flood_wait_exceeded,flood wait 73972s exceeds maxWait=3600s
wlm_canada,whitelivesmatterofficialchat,1,broken,broken,not_found,"No user has ""whitelivesmatterofficialchat"" as username"
wlm_eu_czech_republic,dellvett,1,broken,broken,flood_wait_exceeded,flood wait 74005s exceeds maxWait=3600s
wlm_eu_czech_republic,elivesmatterofficial,1,broken,broken,not_found,"No user has ""elivesmatterofficial"" as username"
wlm_eu_czech_republic,europa_the_last_battle_blu_ray,1,broken,broken,invalid_username,username invalid
wlm_eu_czech_republic,itelivesmatterofficial,1,broken,broken,not_found,"No user has ""itelivesmatterofficial"" as username"
wlm_eu_czech_republic,mofficial14,1,broken,broken,not_found,"No user has ""mofficial14"" as username"
wlm_eu_czech_republic,smatterofficial,1,broken,broken,not_found,"No user has ""smatterofficial"" as username"
wlm_eu_czech_republic,vesmatterofficial,1,broken,broken,not_found,"No user has ""vesmatterofficial"" as username"
wlm_eu_italy,europa_the_last_battle_blu_ray,1,broken,broken,invalid_username,username invalid
wlm_eu_italy,mofficial14,1,broken,broken,not_found,"No user has ""mofficial14"" as username"
wlm_eu_netherlands,ivesmatterofficial,1,broken,broken,not_found,"No user has ""ivesmatterofficial"" as username"
wlm_eu_netherlands,legioneuropa,1,broken,broken,flood_wait_exceeded,flood wait 72985s exceeds maxWait=3600s
wlm_eu_netherlands,mofficial14,1,broken,broken,not_found,"No user has ""mofficial14"" as username"
wlm_eu_poland,dellvett,1,broken,broken,flood_wait_exceeded,flood wait 74005s exceeds maxWait=3600s
wlm_eu_poland,europarevival1,1,broken,broken,flood_wait_exceeded,flood wait 73652s exceeds maxWait=3600s
wlm_eu_poland,mofficial14,1,broken,broken,not_found,"No user has ""mofficial14"" as username"
wlm_eu_poland,vesmatterofficial,1,broken,broken,not_found,"No user has ""vesmatterofficial"" as username"
wlm_eu_romania,realblaircottrell,1,broken,broken,flood_wait_exceeded,flood wait 73828s exceeds maxWait=3600s
wlm_eu_russia,legioneuropa,1,broken,broken,flood_wait_exceeded,flood wait 72985s exceeds maxWait=3600s
wlm_eu_russia,livesmatterofficial,1,broken,broken,not_found,"No user has ""livesmatterofficial"" as username"
wlm_eu_russia,mofficial14,1,broken,broken,not_found,"No user has ""mofficial14"" as username"
wlm_eu_russia_chat,hitelivesmatterofficialchat,1,broken,broken,not_found,"No user has ""hitelivesmatterofficialchat"" as username"
wlm_eu_russia_chat,legioneuropa,1,broken,broken,flood_wait_exceeded,flood wait 72985s exceeds maxWait=3600s
wlm_eu_russia_chat,ruzkemir_news,1,broken,broken,not_found,"No user has ""ruzkemir_news"" as username"
wlm_eu_russia_chat,wlm_usa_kentucky,1,broken,broken,flood_wait_exceeded,flood wait 74023s exceeds maxWait=3600s
wlm_eu_slovakia,dellvett,1,broken,broken,flood_wait_exceeded,flood wait 74005s exceeds maxWait=3600s
wlm_eu_slovakia,esmatterofficial,1,broken,broken,not_found,"No user has ""esmatterofficial"" as username"
wlm_eu_slovakia,lmofficial,1,broken,broken,invalid_username,username invalid
wlm_eu_ukraine,europarevival1,1,broken,broken,flood_wait_exceeded,flood wait 73652s exceeds maxWait=3600s
wlm_eu_ukraine,wolvenrad,1,broken,broken,not_found,"No user has ""wolvenrad"" as username"
wlm_eu_united_kingdom,dellvett,1,broken,broken,flood_wait_exceeded,flood wait 74005s exceeds maxWait=3600s
wlm_eu_united_kingdom,hitelivesmatterofficialchat,1,broken,broken,not_found,"No user has ""hitelivesmatterofficialchat"" as username"
wlm_eu_united_kingdom,lmcontactbot,1,broken,broken,not_found,"No user has ""lmcontactbot"" as username"
wlm_eu_united_kingdom,mofficial14,1,broken,broken,not_found,"No user has ""mofficial14"" as username"
wlm_eu_united_kingdom,smatterofficial,1,broken,broken,not_found,"No user has ""smatterofficial"" as username"
wlm_eu_united_kingdom,whitealexandriaslibrary,1,broken,broken,not_found,"No user has ""whitealexandriaslibrary"" as username"
wlm_usa_arizona,dellvett,1,broken,broken,flood_wait_exceeded,flood wait 74005s exceeds maxWait=3600s
wlm_usa_arizona,mofficial14,1,broken,broken,not_found,"No user has ""mofficial14"" as username"
wlm_usa_california,ca_legion_xiv,1,broken,broken,flood_wait_exceeded,flood wait 72876s exceeds maxWait=3600s
wlm_usa_california,dellvett,1,broken,broken,flood_wait_exceeded,flood wait 74005s exceeds maxWait=3600s
wlm_usa_california,elivesmatterofficial,1,broken,broken,not_found,"No user has ""elivesmatterofficial"" as username"
wlm_usa_california,itelivesmatterofficial,1,broken,broken,not_found,"No user has ""itelivesmatterofficial"" as username"
wlm_usa_california,mofficial14,1,broken,broken,not_found,"No user has ""mofficial14"" as username"
wlm_usa_california,wlm_it_ch_admin,1,broken,broken,flood_wait_exceeded,flood wait 73578s exceeds maxWait=3600s
wlm_usa_california,wlm_usa_california_chat,1,broken,broken,flood_wait_exceeded,flood wait 72858s exceeds maxWait=3600s
wlm_usa_colorado,dellvett,1,broken,broken,flood_wait_exceeded,flood wait 74005s exceeds maxWait=3600s
wlm_usa_colorado,realblaircottrell,1,broken,broken,flood_wait_exceeded,flood wait 73828s exceeds maxWait=3600s
wlm_usa_idaho,dellvett,1,broken,broken,flood_wait_exceeded,flood wait 74005s exceeds maxWait=3600s
wlm_usa_idaho,realvincentjames,1,broken,broken,flood_wait_exceeded,flood wait 73972s exceeds maxWait=3600s
wlm_usa_idaho,smatterofficial,1,broken,broken,not_found,"No user has ""smatterofficial"" as username"
wlm_usa_idaho,whitealexandriaslibrary,1,broken,broken,not_found,"No user has ""whitealexandriaslibrary"" as username"
wlm_usa_idaho,wlm_bc,1,broken,broken,flood_wait_exceeded,flood wait 73406s exceeds maxWait=3600s
wlm_usa_idaho,wlm_usa_illinois_chat,1,broken,broken,flood_wait_exceeded,flood wait 73561s exceeds maxWait=3600s
wlm_usa_illinois,mofficial14,1,broken,broken,not_found,"No user has ""mofficial14"" as username"
wlm_usa_michigan,canadian_nationalist_patriots,1,broken,broken,flood_wait_exceeded,flood wait 73472s exceeds maxWait=3600s
wlm_usa_michigan,clockworkupdates,1,broken,broken,flood_wait_exceeded,flood wait 73721s exceeds maxWait=3600s
wlm_usa_michigan,europa_the_last_battle_blu_ray,1,broken,broken,invalid_username,username invalid
wlm_usa_michigan,mofficial14,1,broken,broken,not_found,"No user has ""mofficial14"" as username"
wlm_usa_michigan,realvincentjames,1,broken,broken,flood_wait_exceeded,flood wait 73972s exceeds maxWait=3600s
wlm_usa_michigan,wlm_usa_illinois_chat,1,broken,broken,flood_wait_exceeded,flood wait 73561s exceeds maxWait=3600s
wlm_usa_minnesota,europa_the_last_battle_blu_ray,1,broken,broken,invalid_username,username invalid
wlm_usa_minnesota,itelivesmatterofficial,1,broken,broken,not_found,"No user has ""itelivesmatterofficial"" as username"
wlm_usa_minnesota,mofficial14,1,broken,broken,not_found,"No user has ""mofficial14"" as username"
wlm_usa_minnesota,realblaircottrell,1,broken,broken,flood_wait_exceeded,flood wait 73828s exceeds maxWait=3600s
wlm_usa_minnesota,smatterofficial,1,broken,broken,not_found,"No user has ""smatterofficial"" as username"
wlm_usa_minnesota,wlm_usa_illinois_chat,1,broken,broken,flood_wait_exceeded,flood wait 73561s exceeds maxWait=3600s
wlm_usa_montana,europa_the_last_battle_blu_ray,1,broken,broken,invalid_username,username invalid
wlm_usa_montana,lmofficial,1,broken,broken,invalid_username,username invalid
wlm_usa_montana,mofficial14,1,broken,broken,not_found,"No user has ""mofficial14"" as username"
wlm_usa_montana,whitealexandriaslibrary,1,broken,broken,not_found,"No user has ""whitealexandriaslibrary"" as username"
wlm_usa_new_jersey,europarevival1,1,broken,broken,flood_wait_exceeded,flood wait 73652s exceeds maxWait=3600s
wlm_usa_new_jersey,memecannons88,1,broken,broken,flood_wait_exceeded,flood wait 73116s exceeds maxWait=3600s
wlm_usa_new_york2,elivesmatterofficial,1,broken,broken,not_found,"No user has ""elivesmatterofficial"" as username"
wlm_usa_new_york2,mofficial14,1,broken,broken,not_found,"No user has ""mofficial14"" as username"
wlm_usa_new_york2,smatterofficial,1,broken,broken,not_found,"No user has ""smatterofficial"" as username"
wlm_usa_new_york2,vesmatterofficial,1,broken,broken,not_found,"No user has ""vesmatterofficial"" as username"
wlm_usa_north_carolina,dellvett,1,broken,broken,flood_wait_exceeded,flood wait 74005s exceeds maxWait=3600s
wlm_usa_north_carolina,lmofficial,1,broken,broken,invalid_username,username invalid
wlm_usa_north_carolina,mofficial14,1,broken,broken,not_found,"No user has ""mofficial14"" as username"
wlm_usa_north_carolina,whitealexandriaslibrary,1,broken,broken,not_found,"No user has ""whitealexandriaslibrary"" as username"
wlm_usa_north_carolina,whitelivesmatterofficialchat,1,broken,broken,not_found,"No user has ""whitelivesmatterofficialchat"" as username"
wlm_usa_north_carolina,wlm_usa_arizona_chat,1,broken,broken,flood_wait_exceeded,flood wait 73795s exceeds maxWait=3600s
wlm_usa_north_carolina,wlmofficial,1,broken,broken,invalid_username,username invalid
wlm_usa_ohio,dellvett,1,broken,broken,flood_wait_exceeded,flood wait 74005s exceeds maxWait=3600s
wlm_usa_ohio,embracestruggleac,1,broken,broken,flood_wait_exceeded,flood wait 73990s exceeds maxWait=3600s
wlm_usa_ohio,realvincentjames,1,broken,broken,flood_wait_exceeded,flood wait 73972s exceeds maxWait=3600s
wlm_usa_ohio,smatterofficial,1,broken,broken,not_found,"No user has ""smatterofficial"" as username"
wlm_usa_ohio,wlm_usa_virginia,1,broken,broken,flood_wait_exceeded,flood wait 72912s exceeds maxWait=3600s
wlm_usa_oregon,dellvett,1,broken,broken,flood_wait_exceeded,flood wait 74005s exceeds maxWait=3600s
wlm_usa_pennsylvania,legioneuropa,1,broken,broken,flood_wait_exceeded,flood wait 72985s exceeds maxWait=3600s
wlm_usa_pennsylvania,mofficial14,1,broken,broken,not_found,"No user has ""mofficial14"" as username"
wlm_usa_pennsylvania,newrightnews,1,broken,broken,invalid_username,username invalid
wlm_usa_pennsylvania,realblaircottrell,1,broken,broken,flood_wait_exceeded,flood wait 73828s exceeds maxWait=3600s
wlm_usa_tennessee,ca_legion_xiv,1,broken,broken,flood_wait_exceeded,flood wait 72876s exceeds maxWait=3600s
wlm_usa_tennessee,dellvett,1,broken,broken,flood_wait_exceeded,flood wait 74005s exceeds maxWait=3600s
wlm_usa_tennessee,oldarminius,1,broken,broken,flood_wait_exceeded,flood wait 73025s exceeds maxWait=3600s
wlm_usa_tennessee,whitealexandriaslibrary,1,broken,broken,not_found,"No user has ""whitealexandriaslibrary"" as username"
wlm_usa_tennessee,wlm_usa_arizona_chat,1,broken,broken,flood_wait_exceeded,flood wait 73795s exceeds maxWait=3600s
wlm_usa_tennessee,wlm_usa_california_chat,1,broken,broken,flood_wait_exceeded,flood wait 72858s exceeds maxWait=3600s
wlm_usa_tennessee,wlm_usa_north_carolina_chat,1,broken,broken,flood_wait_exceeded,flood wait 72969s exceeds maxWait=3600s
wlm_usa_tennessee,wlm_usa_south_carolina_chat,1,broken,broken,flood_wait_exceeded,flood wait 72929s exceeds maxWait=3600s
wlm_usa_texas,europa_the_last_battle_blu_ray,1,broken,broken,invalid_username,username invalid
wlm_usa_texas,mofficial14,1,broken,broken,not_found,"No user has ""mofficial14"" as username"
wlm_usa_texas,newrightnews,1,broken,broken,invalid_username,username invalid
wlm_usa_texas,realblaircottrell,1,broken,broken,flood_wait_exceeded,flood wait 73828s exceeds maxWait=3600s
wlm_usa_texas2,elivesmatterofficial,1,broken,broken,not_found,"No user has ""elivesmatterofficial"" as username"
wlm_usa_texas2,europa_the_last_battle_blu_ray,1,broken,broken,invalid_username,username invalid
wlm_usa_texas2,itelivesmatterofficial,1,broken,broken,not_found,"No user has ""itelivesmatterofficial"" as username"
wlm_usa_texas2,realblaircottrell,1,broken,broken,flood_wait_exceeded,flood wait 73828s exceeds maxWait=3600s
wlm_usa_washington2,dellvett,1,broken,broken,flood_wait_exceeded,flood wait 74005s exceeds maxWait=3600s
wlm_usa_washington2,mofficial14,1,broken,broken,not_found,"No user has ""mofficial14"" as username"
wlm_usa_washington2,wlm_it_ch_admin,1,broken,broken,flood_wait_exceeded,flood wait 73578s exceeds maxWait=3600s
wlm_usa_wisconsin,newrightnews,1,broken,broken,invalid_username,username invalid
wlm_usa_wisconsin,smatterofficial,1,broken,broken,not_found,"No user has ""smatterofficial"" as username"
wlm_usa_wisconsin,wlm_usa_illinois_chat,1,broken,broken,flood_wait_exceeded,flood wait 73561s exceeds maxWait=3600s
wlm_usa_wisconsin,wlm_usa_virginia,1,broken,broken,flood_wait_exceeded,flood wait 72912s exceeds maxWait=3600s
wlm_usa_wisconsin,wlm_usa_virginia_chat,1,broken,broken,flood_wait_exceeded,flood wait 72894s exceeds maxWait=3600s
wlmofficial14,ivesmatterofficial,1,broken,broken,not_found,"No user has ""ivesmatterofficial"" as username"
wlmofficial14,lmofficial,1,broken,broken,invalid_username,username invalid
wlmofficial14,wlmofficial,1,broken,broken,invalid_username,username invalid
patriotfrontupdates,patriotfrontnews,299,live,link,,
thewesternchauvinist12,thewesternchauvinist1,291,live,link,,
thewesternchauvinist2,thewesternchauvinist11,228,live,link,,
wlm_eu_russia_chat,wlm_eu_russia,206,live,link,,
wlm_usa_colorado,whitelivesmatterofficial,181,live,link,,
ultrasnotreds8,ultrasnotreds81,172,live,link,,
wlm_usa_oregon,whitelivesmatterofficial,165,live,link,,
wlm_eu_ukraine,whitelivesmatterofficial,160,live,link,,
wlm_usa_north_carolina,whitelivesmatterofficial,159,live,link,,
memorianatio,morianatio,147,live,link,,
wlm_eu_russia,whitelivesmatterofficial,147,live,link,,
wlm_eu_russia,wlm_eu_russia_chat,145,live,link,,
herrcent,hersantite,141,live,link,,
wlm_eu_poland,whitelivesmatterofficial,132,live,link,,
wlm_usa_washington2,wlm_usa_washington3,129,live,link,,
wlm_usa_idaho,whitelivesmatterofficial,124,live,link,,
wlm_usa_pennsylvania,whitelivesmatterofficial,122,live,link,,
wlm_usa_tennessee,whitelivesmatterofficial,116,live,link,,
wlm_eu_slovakia,whitelivesmatterofficial,112,live,link,,
thewesternchauvinist7,thewesternchauvinist12,108,live,link,,
patrioticalternativeofficial,markacollett,106,live,link,,
wlm_canada,whitelivesmatterofficial,102,live,link,,
thewesternchauvinist7,thewesternchauvinist1,100,live,link,,
wlm_eu_russia_chat,whitelivesmatterofficial,98,live,link,,
wlm_usa_arizona,whitelivesmatterofficial,95,live,link,,
wlm_usa_pennsylvania,wlmcontactbot,93,live,link,,
wlm_eu_czech_republic,activeclubcr,91,live,link,,
wlm_usa_ohio,whitelivesmatterofficial,91,live,link,,
wlm_usa_texas,wlm_usa_texas2,91,live,link,,
wlm_usa_ohio,wlm_usa_ohio_chat,87,live,link,,
wlm_usa_oregon,wlmcontactbot,87,live,link,,
wlm_eu_united_kingdom,whitelivesmatterofficial,85,live,link,,
wlm_canada,wlm_canada_bc,83,live,link,,
paxactiveclub,paxac_vet,78,live,link,,
wlm_usa_pennsylvania,wlmsubmissionbot,75,live,link,,
wlm_usa_minnesota,whitelivesmatterofficial,71,live,link,,
wlm_usa_ohio,wlm_usa_ohio2,65,live,link,,
wlm_usa_oregon,wlm_materials,65,live,link,,
realtexasnationalist,patriotfrontnews,64,live,link,,
wlm_usa_new_york2,telivesmatterofficial,64,live,link,,
wlm_usa_michigan,whitelivesmatterofficial,63,live,link,,
wlm_usa_montana,whitelivesmatterofficial,62,live,link,,
wlm_usa_oregon,wlm_usa_oregon_chat,61,live,link,,
wlm_usa_wisconsin,whitelivesmatterofficial,59,live,link,,
realtexasnationalist,basedintexas,58,live,link,,
wlm_usa_michigan,wlmcontactbot,58,live,link,,
wlm_usa_illinois,whitelivesmatterofficial,57,live,link,,
wlm_usa_north_carolina,wlm_usa_north_carolina_chat,57,live,link,,
thewesternchauvinist2,thewesternchauvinist7,56,live,link,,
wlm_usa_michigan,wlm_usa_michigan_chat,56,live,link,,
wlm_usa_oregon,wlmsubmissionbot,56,live,link,,
wlm_usa_california,whitelivesmatterofficial,55,live,link,,
wlm_usa_idaho,wlm_usa_washington2,55,live,link,,
wlm_usa_illinois,wlmcontactbot,55,live,link,,
wlm_usa_michigan,whitelivesmatterofficialchat2,55,live,link,,
wlm_usa_oregon,whitelivesmatterofficialchat2,55,live,link,,
wlm_usa_michigan,wlm_materials,54,live,link,,
alamoxiv,aaccensored,53,live,link,,
ohionationalistnetwork,onnvetting,53,live,link,,
wlm_usa_michigan,wlmsubmissionbot,53,live,link,,
wlm_usa_arizona,wlmcontactbot,52,live,link,,
wlm_usa_pennsylvania,wlm_materials,52,live,link,,
wlm_usa_washington2,whitelivesmatterofficial,52,live,link,,
martinsellner_english,resum25,50,live,link,,
wlm_usa_washington2,wlmcontactbot,50,live,link,,
hersantite,noticernews,49,live,link,,
thuletide,racerealismchannel,48,live,link,,
wlm_usa_washington3,wlm_usa_oregon,48,live,link,,
gardanationalista1309,casusbelli2021,47,live,link,,
wlm_usa_new_york2,whitelivesmatterofficial,47,live,link,,
wlm_usa_idaho,wlmcontactbot,46,live,link,,
herrcent,noticernews,45,live,link,,
gardanationalista1309,camarad_ortodox1848,43,live,link,,
wlm_usa_wisconsin,wlmcontactbot,42,live,link,,
wlm_usa_pennsylvania,whitelivesmatterofficialchat2,41,live,link,,
wlm_usa_pennsylvania,wlm_reading,41,live,link,,
listyosy,digitalniknihovnaosa,40,live,link,,
wlm_usa_minnesota,wlmcontactbot,40,live,link,,
politicincorect,casusbelli2021,39,live,link,,
wlm_usa_pennsylvania,wlm_usa_pennsylvania_chat,39,live,link,,
wlm_usa_washington3,whitelivesmatterofficial,39,live,link,,
whitelivesmatterofficialchat2,whitelivesmatterofficial,38,live,link,,
wlm_events,whitelivesmatterofficial,38,live,link,,
wlm_usa_north_carolina,wlmcontactbot,38,live,link,,
wlm_usa_pennsylvania,wlm_viewing,38,live,link,,
wlm_eu_netherlands,whitelivesmatterofficial,37,live,link,,
wlm_usa_wisconsin,wlm_usa_michigan,37,live,link,,
leftistextremistwatch,practicalpolitics,36,live,link,,
paxactiveclub,atlanticyouth,36,live,link,,
whitelivesmatterofficial,wlmcontactbot,36,live,link,,
wlm_usa_arizona,az_action_14,34,live,link,,
wlm_usa_arizona,arizona_action,33,live,link,,
wlm_usa_new_jersey,whitelivesmatterofficial,33,live,link,,
wlm_viewing_russian,whitelivesmatterofficial,33,live,link,,
wlm_viewing_russian,wlm_eu_russia,33,live,link,,
memorianatio,emorianatio,32,live,link,,
wlm_canada,wlm_bc_chat,32,live,link,,
wlm_usa_colorado,wlmcontactbot,32,live,link,,
whitelivesmatterofficial,wlm_usa_arkansas2,31,live,link,,
wlm_usa_california,wlmcontactbot,31,live,link,,
gardanationalista1309,gardieniimureseni,30,live,link,,
wlm_usa_colorado,lmcontactbot,30,live,link,,
wlm_usa_montana,fash_gordon,30,live,link,,
silesianratscrew,autonompl,29,live,link,,
wlm_usa_texas2,whitelivesmatterofficial,29,live,link,,
markacollett,unitynewsnetwork,28,live,link,,
whitelivesmatterofficialchat2,wlmcontactbot,28,live,link,,
wlm_usa_washington3,wlmcontactbot,28,live,link,,
wlmofficial14,whitelivesmatterofficial,28,live,link,,
wlm_usa_tennessee,wlmcontactbot,27,live,link,,
wlm_usa_texas,whitelivesmatterofficial,27,live,link,,
sharedefiant,sharedefiantmaterials,26,live,link,,
wlm_eu_poland,wlmcontactbot,26,live,link,,
wlm_materials,whitelivesmatterofficial,26,live,link,,
wlm_usa_wisconsin,wlm_usa_oregon,26,live,link,,
leftistextremistwatch,rnintel,25,live,link,,
memorianatio,orianatio,25,live,link,,
paxactiveclub,forestfightsusa,25,live,link,,
norcal_ac,nac_vet,24,live,link,,
wlm_eu_slovakia,wlmcontactbot,24,live,link,,
wlm_usa_california,wlm_usa_michigan,24,live,link,,
wlm_usa_colorado,wlm_usa_washington2,24,live,link,,
wlm_usa_michigan,whitelivesmattermichiganvetting,24,live,link,,
leftistextremistwatch,cig_telegram,23,live,link,,
vaultofsecrets,cossarla,23,live,link,,
wlm_eu_united_kingdom,wlmcontactbot,23,live,link,,
wlm_usa_minnesota,whitelivesmatterofficialchat,23,live,link,,
wlm_usa_montana,wlmcontactbot,23,live,link,,
pugilatodifusion,unetenucleonacional,22,live,link,,
silesianratscrew,wbgda,22,live,link,,
whitelivesmatterofficialchat2,wlm_usa_arkansas2,22,live,link,,
wlm_canada,wlm_bc,22,live,link,,
wlm_usa_wisconsin,wlm_usa_wisconsin_chat,22,live,link,,
antifawatch2,cig_telegram,21,live,link,,
brotherhood_of_academists,leagueofpaladins,21,live,link,,
silesianratscrew,narodowaczestochowa,21,live,link,,
ultrasnotreds8,memorianatio,21,live,link,,
whitelivesmatterofficial,lmsubmissionbot,21,live,link,,
whitelivesmatterofficial,wlm_usa_illinois2,21,live,link,,
whitelivesmatterofficial,wlm_usa_new_york2,21,live,link,,
whitelivesmatterofficialchat2,wlm_usa_illinois2,21,live,link,,
wlm_canada,wlmcontactbot,21,live,link,,
nat88org,casusbelli2021,20,live,link,,
siciliangorillian2,inmagnaexcitatio,20,live,link,,
whitelivesmatterofficial,hitelivesmatterofficial,20,live,link,,
whitelivesmatterofficial,wlm_usa_illinois,20,live,link,,
whitelivesmatterofficial,wlm_usa_south_carolina,20,live,link,,
whitelivesmatterofficial,wlm_usa_washington3,20,live,link,,
whitelivesmatterofficialchat2,wlm_usa_south_carolina,20,live,link,,
wlm_eu_romania,casusbelli2021,20,live,link,,
wlm_usa_minnesota,whitelivesmatterofficialchat2,20,live,link,,
wlm_usa_north_carolina,wlm_usa_south_carolina,20,live,link,,
whitelivesmatterofficialchat2,wlm_usa_washington3,19,live,link,,
wlm_canada,wlm_canada_ab,19,live,link,,
wlm_usa_minnesota,wlm_usa_minnesota_chat2,19,live,link,,
wlm_usa_montana,thewesternchauvinist12,19,live,link,,
wlm_usa_wisconsin,wlm_usa_washington3,19,live,link,,
evropean_americans,become_who_you_are,18,live,link,,
evropean_americans,tac_arizona_3,18,live,link,,
realtexasnationalist,texasnationalistnetwork,18,live,link,,
volmemes,practicalpolitics,18,live,link,,
whitelads,gymxiv2,18,live,link,,
whitelivesmatterofficial,lmcontactbot,18,live,link,,
whitelivesmatterofficial,wlm_usa_minnesota,18,live,link,,
whitelivesmatterofficialchat2,wlm_usa_minnesota,18,live,link,,
wlm_eu_netherlands,hitelivesmatterofficial,18,live,link,,
wlm_usa_washington2,wlm_usa_oregon,18,live,link,,
wlm_usa_wisconsin,wlm_usa_minnesota,18,live,link,,
zoomerwaffenx,inmagnaexcitatio,18,live,link,,
rediceuncensored,cig_telegram,17,live,link,,
rusorel862,vatagavtz,17,live,link,,
whitelivesmatterofficialchat2,lmsubmissionbot,17,live,link,,
wlm_usa_colorado,rocky_mountain_resistance,17,live,link,,
wlm_usa_montana,pnwac,17,live,link,,
wlm_usa_tennessee,wlm_usa_tennessee_chat2,17,live,link,,
zoomerwaffenx,altskull48,17,live,link,,
activeclubcr,wlm_eu_czech_republic,16,live,link,,
antifawatch2,leftistextremistwatch,16,live,link,,
nsc131official,legaldefensefund,16,live,link,,
pro_vita,husbands_and_fathers,16,live,link,,
realtexasnationalist,lonestaractiveclub,16,live,link,,
whitelivesmatterofficialchat2,hitelivesmatterofficial,16,live,link,,
wlm_eu_poland,hitelivesmatterofficial,16,live,link,,
wlm_eu_romania,noticernews,16,live,link,,
wlm_usa_texas,wlm_usa_washington3,16,live,link,,
wlm_usa_washington2,lmcontactbot,16,live,link,,
wlm_usa_washington2,wlm_usa_idaho,16,live,link,,
wlm_usa_washington3,wlm_eu_netherlands,16,live,link,,
wlm_usa_washington3,wlm_materials,16,live,link,,
nat88org,reactiunea,15,live,link,,
ohionationalistnetwork,novanow,15,live,link,,
realtexasnationalist,inmagnaexcitatio,15,live,link,,
sharedefiant,patriotfrontupdates,15,live,link,,
wlm_eu_ukraine,itelivesmatterofficial,15,live,link,,
wlm_usa_california,norcal_ac,15,live,link,,
wlm_usa_colorado,hitelivesmatterofficial,15,live,link,,
wlm_usa_minnesota,wlmofficial14,15,live,link,,
wlm_usa_new_york2,wlmofficial14,15,live,link,,
wlm_usa_washington3,whitelivesmatterofficialchat2,15,live,link,,
wlm_usa_washington3,wlmsubmissionbot,15,live,link,,
evropean_americans,southlandofficial,14,live,link,,
nsc131official,pineupdates,14,live,link,,
politicincorect,mihai_lasca,14,live,link,,
rusorel862,dvuglavyjoryol,14,live,link,,
sharedefiant,wlm_usa_missouri,14,live,link,,
skumshot,athenscene,14,live,link,,
skumshot,nordicsunrecordsbudapest,14,live,link,,
skumshot,pcrecords,14,live,link,,
whitelivesmatterofficial,wlm_usa_texas2,14,live,link,,
whitelivesmatterofficialchat2,lmcontactbot,14,live,link,,
wlm_eu_poland,wlmofficial14,14,live,link,,
wlm_eu_russia_chat,itelivesmatterofficial,14,live,link,,
wlm_eu_russia_chat,wlm_materials_russian,14,live,link,,
wlm_eu_slovakia,wlm_eu_czech_republic,14,live,link,,
wlm_usa_california,wlmofficial14,14,live,link,,
wlm_usa_idaho,wlm_usa_montana,14,live,link,,
wlm_usa_idaho,wlmofficial14,14,live,link,,
wlm_usa_illinois,wlm_usa_illinois_chat,14,live,link,,
wlm_usa_oregon,wlmofficial14,14,live,link,,
wlm_usa_texas,wlmcontactbot,14,live,link,,
wlm_usa_washington3,antifawatch2,14,live,link,,
wlm_usa_washington3,wlm_usa_texas2,14,live,link,,
wlm_usa_wisconsin,wlm_usa_pennsylvania,14,live,link,,
wlm_usa_wisconsin,wlm_usa_washington2,14,live,link,,
ohionationalistnetwork,oacvetting,13,live,link,,
pro_vita,demacre,13,live,link,,
proud_poland,racrew,13,live,link,,
rediceuncensored,theconspiracyhole,13,live,link,,
whitelivesmatterofficialchat2,wlm_usa_illinois,13,live,link,,
whitelivesmatterofficialchat2,wlm_usa_texas2,13,live,link,,
wlm_canada,wlmofficial14,13,live,link,,
wlm_eu_italy,whitelivesmatterofficial,13,live,link,,
wlm_eu_netherlands,wlmofficial14,13,live,link,,
wlm_eu_romania,politicincorect,13,live,link,,
wlm_eu_slovakia,wlmofficial14,13,live,link,,
wlm_eu_united_kingdom,wlmofficial14,13,live,link,,
wlm_usa_arizona,wlmofficial14,13,live,link,,
wlm_usa_colorado,wlmofficial14,13,live,link,,
wlm_usa_illinois,wlm_usa_illinois2,13,live,link,,
wlm_usa_new_york2,wlmcontactbot,13,live,link,,
wlm_usa_north_carolina,hitelivesmatterofficial,13,live,link,,
wlm_usa_north_carolina,wlmofficial14,13,live,link,,
wlm_usa_north_carolina,wlmsubmissionsbot,13,live,link,,
wlm_usa_pennsylvania,wlmofficial14,13,live,link,,
wlm_usa_tennessee,thuletide,13,live,link,,
wlm_usa_tennessee,wlmofficial14,13,live,link,,
wlm_usa_washington3,wlm_usa_oregon_chat,13,live,link,,
wlm_usa_wisconsin,whitelivematterofficial,13,live,link,,
wlm_usa_wisconsin,wlm_usa_arizona,13,live,link,,
wlm_usa_wisconsin,wlm_usa_north_carolina,13,live,link,,
fashposting,nathandamigo,12,live,link,,
fashposting,warrenbalogh88,12,live,link,,
media2rise,nationaljusticeparty,12,live,link,,
paxactiveclub,buckeyestateactiveclub,12,live,link,,
paxactiveclub,wovkoryos,12,live,link,,
realtexasnationalist,novanow,12,live,link,,
rusorel862,salute_fight_club,12,live,link,,
sharedefiant,frequentfliers,12,live,link,,
sharedefiant,whitelivesmatterofficial,12,live,link,,
thewesternchauvinist2,patriotfrontupdates,12,live,link,,
whitelads,will2riseclothing,12,live,link,,
whitelivesmatterofficial,wlm_eu_russia,12,live,link,,
whitelivesmatterofficialchat2,wlm_eu_russia,12,live,link,,
wlm_eu_czech_republic,whitelivesmatterofficial,12,live,link,,
wlm_eu_russia_chat,wlm_viewing_russian,12,live,link,,
wlm_usa_montana,usa_blackshirts,12,live,link,,
wlm_usa_new_york2,sugartreelegion,12,live,link,,
wlm_usa_ohio,wlmcontactbot,12,live,link,,
wlm_usa_oregon,wlm_reading,12,live,link,,
wlm_usa_washington2,wlm_eu_czech_republic,12,live,link,,
wlm_usa_washington2,wlmofficial14,12,live,link,,
wlm_usa_washington3,wlm_usa_montana,12,live,link,,
wlm_usa_wisconsin,wlmofficial14,12,live,link,,
gardanationalista1309,craiul_muntilor_1848,11,live,link,,
howtoirritatejews,jewishutopiarabbimichaelhigger,11,live,link,,
novanow,az_action_14,11,live,link,,
nsc131official,crew131guy,11,live,link,,
patrioticalternativeofficial,lauratowler,11,live,link,,
sharedefiant,devonstack,11,live,link,,
sharedefiant,rvdacc,11,live,link,,
sharedefiant,thewesternchauvinist7,11,live,link,,
wlm_eu_netherlands,telivesmatterofficial,11,live,link,,
wlm_eu_romania,activenewsro,11,live,link,,
wlm_eu_romania,nat88org,11,live,link,,
wlm_eu_romania,thewesternchauvinist1,11,live,link,,
wlm_eu_romania,whitelivesmatterofficial,11,live,link,,
wlm_eu_russia_chat,wlmcontactbot,11,live,link,,
wlm_eu_slovakia,hitelivesmatterofficial,11,live,link,,
wlm_eu_united_kingdom,hitelivesmatterofficial,11,live,link,,
wlm_usa_arizona,lasvegasactiveclub,11,live,link,,
wlm_usa_colorado,wlm_materials,11,live,link,,
wlm_usa_idaho,wlm_usa_california,11,live,link,,
wlm_usa_new_jersey,hersantite,11,live,link,,
wlm_usa_new_jersey,odenb,11,live,link,,
wlm_usa_pennsylvania,paxactiveclub,11,live,link,,
wlm_usa_texas2,wlmcontactbot,11,live,link,,
wlm_usa_washington2,elivesmatterofficial,11,live,link,,
wlm_usa_wisconsin,wlmsubmissionbot,11,live,link,,
antifawatch2,justicereport,10,live,link,,
bigskyac_uncensor3d,wyomingac2,10,live,link,,
casusbelli2021,reactiunea,10,live,link,,
casusbelli2021,romania_identitara,10,live,link,,
gardanationalista1309,faptanuvorba,10,live,link,,
gardanationalista1309,wlm_eu_romania,10,live,link,,
markacollett,realwelshnationalist,10,live,link,,
nat88org,romania_identitara,10,live,link,,
norcal_ac,ca_legion_xiv,10,live,link,,
paxactiveclub,whitelads,10,live,link,,
sharedefiant,nsc131official,10,live,link,,
ultrasnotreds8,ukraineradical,10,live,link,,
whitelaborstrikeww,nathandamigo,10,live,link,,
whitelads,patriotfrontnews,10,live,link,,
whitelivesmatterofficial,telivesmatterofficial,10,live,link,,
whitelivesmatterofficial,wlm_eu_czech_republic,10,live,link,,
whitelivesmatterofficial,wlm_eu_romania,10,live,link,,
whitelivesmatterofficial,wlm_usa_north_carolina,10,live,link,,
whitelivesmatterofficialchat2,wlm_eu_romania,10,live,link,,
wlm_eu_netherlands,wlmcontactbot,10,live,link,,
wlm_eu_poland,wlm_reading,10,live,link,,
wlm_eu_slovakia,wlm_reading,10,live,link,,
wlm_usa_arizona,patrioticalternativeofficial,10,live,link,,
wlm_usa_california,wlm_usa_idaho,10,live,link,,
wlm_usa_colorado,wlm_reading,10,live,link,,
wlm_usa_idaho,patriotfrontupdates,10,live,link,,
wlm_usa_idaho,wlm_materials,10,live,link,,
wlm_usa_minnesota,wlm_usa_wisconsin,10,live,link,,
wlm_usa_new_jersey,wlm_materials,10,live,link,,
wlm_usa_new_jersey,wlmcontactbot,10,live,link,,
wlm_usa_north_carolina,wlm_usa_south_carolina_chat,10,live,link,,
wlm_usa_texas,wlm_eu_romania,10,live,link,,
wlm_usa_texas2,wlm_eu_romania,10,live,link,,
wlm_usa_washington2,telivesmatterofficial,10,live,link,,
wlm_usa_washington2,wlm_usa_california,10,live,link,,
wlm_usa_washington2,wlm_usa_montana,10,live,link,,
wlmofficial14,wlmcontactbot,10,live,link,,
fashposting,americanfreedomparty,9,live,link,,
gardanationalista1309,semperuniti,9,live,link,,
leftistextremistwatch,bellumactanews,9,live,link,,
murderthemedia,leaklive,9,live,link,,
nat88org,penelearhanghelului,9,live,link,,
paxactiveclub,ca_legion_xiv,9,live,link,,
politicincorect,romania_identitara,9,live,link,,
realtexasnationalist,cig_telegram,9,live,link,,
silesianratscrew,s3d_2014,9,live,link,,
sonat61,douglassmacarthur,9,live,link,,
sonat61,lovecraftsmeow,9,live,link,,
thewesternchauvinist2,thomas_sewell,9,live,link,,
ultrasnotreds8,comitedu9mai,9,live,link,,
vaultofsecrets,blindspotarchives,9,live,link,,
vaultofsecrets,oldlibrary,9,live,link,,
whitelads,memorianatio,9,live,link,,
whitelivesmatterofficial,wlm_canada,9,live,link,,
whitelivesmatterofficial,wlm_eu_poland,9,live,link,,
whitelivesmatterofficial,wlm_usa_indiana,9,live,link,,
whitelivesmatterofficial,wlmsubmissionbot,9,live,link,,
whitelivesmatterofficialchat2,telivesmatterofficial,9,live,link,,
whitelivesmatterofficialchat2,wlm_canada,9,live,link,,
whitelivesmatterofficialchat2,wlm_eu_poland,9,live,link,,
wlm_eu_czech_republic,wlmofficial14,9,live,link,,
wlm_eu_netherlands,wlm_eu_united_kingdom,9,live,link,,
wlm_eu_poland,itelivesmatterofficial,9,live,link,,
wlm_eu_poland,wlm_materials,9,live,link,,
wlm_eu_russia_chat,wlm_reading_russian,9,live,link,,
wlm_eu_slovakia,wlm_materials,9,live,link,,
wlm_eu_ukraine,wlm_materials_ukraine,9,live,link,,
wlm_eu_united_kingdom,wlm_usa_missouri,9,live,link,,
wlm_tutorials,whitelivesmatterofficial,9,live,link,,
wlm_usa_arizona,wlm_usa_washington2,9,live,link,,
wlm_usa_california,media2rise,9,live,link,,
wlm_usa_idaho,hitelivesmatterofficial,9,live,link,,
wlm_usa_illinois,wlm_eu_united_kingdom,9,live,link,,
wlm_usa_illinois,wlm_usa_texas2,9,live,link,,
wlm_usa_new_jersey,cig_telegram,9,live,link,,
wlm_usa_new_jersey,eastcoastleftwatch,9,live,link,,
wlm_usa_new_jersey,wlm_viewing,9,live,link,,
wlm_usa_north_carolina,wlm_tutorials,9,live,link,,
wlm_usa_oregon,hitelivesmatterofficial,9,live,link,,
wlm_usa_pennsylvania,eastcoastleftwatch,9,live,link,,
wlm_usa_tennessee,wlm_usa_new_york2,9,live,link,,
wlm_usa_texas,thuletide,9,live,link,,
wlm_usa_texas,wlm_eu_netherlands,9,live,link,,
wlm_usa_texas,wlmofficial14,9,live,link,,
wlm_usa_wisconsin,whitelivesmatterofficialchat2,9,live,link,,
wlm_usa_wisconsin,wlm_materials,9,live,link,,
brotherhood_of_academists,youthfront,8,live,link,,
casusbelli2021,lealtaazione,8,live,link,,
gardanationalista1309,comitedu9mai,8,live,link,,
gardanationalista1309,politicincorect,8,live,link,,
hbmw88,memecannons88,8,live,link,,
politicincorect,nationalist_arhiva2,8,live,link,,
revistarost,nimicfaradumnezeu,8,live,link,,
rusorel862,russkayadruzhina24,8,live,link,,
sharedefiant,redicetv,8,live,link,,
sharedefiant,wlm_materials,8,live,link,,
silesianratscrew,wbchorzow,8,live,link,,
ultrasnotreds8,audacelyon,8,live,link,,
ultrasnotreds8,morianatio,8,live,link,,
vaultofsecrets,davidscave,8,live,link,,
whitelads,athenscene,8,live,link,,
whitelivesmatterofficial,wlm_usa_michigan,8,live,link,,
whitelivesmatterofficialchat2,wlm_usa_new_york2,8,live,link,,
whitelivesmatterofficialchat2,wlm_usa_north_carolina,8,live,link,,
whitelivesmatterofficialchat2,wlmsubmissionbot,8,live,link,,
wlm_canada,wlm_canada_toronto,8,live,link,,
wlm_eu_poland,telivesmatterofficial,8,live,link,,
wlm_eu_romania,hersantite,8,live,link,,
wlm_eu_ukraine,hitelivesmatterofficial,8,live,link,,
wlm_eu_ukraine,wlm_activism_bot,8,live,link,,
wlm_eu_united_kingdom,itelivesmatterofficial,8,live,link,,
wlm_eu_united_kingdom,wlm_reading,8,live,link,,
wlm_usa_arizona,wlm_usa_michigan,8,live,link,,
wlm_usa_california,thewesternchauvinist7,8,live,link,,
wlm_usa_california,wlm_usa_montana,8,live,link,,
wlm_usa_montana,wlm_materials,8,live,link,,
wlm_usa_new_jersey,novanow,8,live,link,,
wlm_usa_new_jersey,whitelivesmatterofficialchat2,8,live,link,,
wlm_usa_new_jersey,wlm_reading,8,live,link,,
wlm_usa_new_jersey,wlmsubmissionbot,8,live,link,,
wlm_usa_new_york2,wlm_usa_new_york_chat2,8,live,link,,
wlm_usa_tennessee,wlm_reading,8,live,link,,
wlm_usa_texas2,wlm_eu_netherlands,8,live,link,,
wlm_usa_texas2,wlmofficial14,8,live,link,,
wlm_usa_washington3,hitelivesmatterofficial,8,live,link,,
wlm_viewing,whitelivesmatterofficial,8,live,link,,
bigskyac_uncensor3d,media2rise,7,live,link,,
brotherhood_of_academists,bittereindersza,7,live,link,,
casusbelli2021,forteresseeurope,7,live,link,,
casusbelli2021,memorianatio,7,live,link,,
gardanationalista1309,romania_identitara,7,live,link,,
herrcent,auspill,7,live,link,,
hersantite,auspill,7,live,link,,
holocaustrevision,g_l_rockwell,7,live,link,,
markacollett,leaklive,7,live,link,,
media2rise,will2rise,7,live,link,,
memorianatio,rianatio,7,live,link,,
memorianatio,ultrasnotreds8,7,live,link,,
ohionationalistnetwork,nathandamigo,7,live,link,,
paxactiveclub,tristateac,7,live,link,,
pro_vita,imperivmrenaissance,7,live,link,,
realtexasnationalist,zoomerwaffenx,7,live,link,,
rediceuncensored,leaklive,7,live,link,,
revistarost,r3mediaro,7,live,link,,
skumshot,homefrontsince2021,7,live,link,,
sonat61,zoomerwaffenx,7,live,link,,
thewesternchauvinist1,basedandconfused76,7,live,link,,
thewesternchauvinist2,jacobhersant,7,live,link,,
thewesternchauvinist7,tomsewelluncensored,7,live,link,,
tomsewelluncensored,noticernews,7,live,link,,
whitelivesmatterofficialchat2,wlm_usa_michigan,7,live,link,,
wlm_canada,hitelivesmatterofficial,7,live,link,,
wlm_canada,thewesternchauvinist7,7,live,link,,
wlm_eu_romania,thuletide,7,live,link,,
wlm_eu_romania,tomsewelluncensored,7,live,link,,
wlm_reading,whitelivesmatterofficial,7,live,link,,
wlm_reading,wlm_reading2,7,live,link,,
wlm_usa_arizona,wlm_materials,7,live,link,,
wlm_usa_california,wlm_usa_washington2,7,live,link,,
wlm_usa_california,wlm_usa_washington3,7,live,link,,
wlm_usa_colorado,rockymountainactiveclub,7,live,link,,
wlm_usa_idaho,media2rise,7,live,link,,
wlm_usa_illinois,wlm_usa_minnesota,7,live,link,,
wlm_usa_minnesota,wlm_reading,7,live,link,,
wlm_usa_new_jersey,thewesternchauvinist12,7,live,link,,
wlm_usa_north_carolina,wlm_materials,7,live,link,,
wlm_usa_ohio,insomniastream,7,live,link,,
wlm_usa_oregon,telivesmatterofficial,7,live,link,,
wlm_usa_tennessee,freespeechtn,7,live,link,,
wlm_usa_tennessee,newengland3p,7,live,link,,
wlm_usa_tennessee,wlm_materials,7,live,link,,
wlm_usa_texas,cig_telegram,7,live,link,,
wlm_usa_texas2,lmsubmissionbot,7,live,link,,
wlm_usa_texas2,wlm_usa_texas,7,live,link,,
wlm_usa_washington2,hitelivesmatterofficial,7,live,link,,
wlm_usa_washington2,wlm_usa_colorado,7,live,link,,
wlm_usa_washington2,wlm_usa_minnesota,7,live,link,,
wlm_usa_washington2,wlm_usa_oregon_chat,7,live,link,,
wlm_usa_washington3,wlm_usa_michigan,7,live,link,,
wlm_usa_wisconsin,wlm_usa_minnesota_chat2,7,live,link,,
wlm_usa_wisconsin,wlm_usa_montana,7,live,link,,
wlmofficial14,wlm_eu_czech_republic,7,live,link,,
zoomerwaffenx,thewesternchauvinist12,7,live,link,,
zoomerwaffenx,workingmenmemes,7,live,link,,
alamoxiv,lanceslegion,6,live,link,,
brotherhood_of_academists,academist_corp,6,live,link,,
brotherhood_of_academists,narodnapatrola,6,live,link,,
evropean_americans,sonscolumbia,6,live,link,,
fashposting,thewesternchauvinist1,6,live,link,,
fashposting,tomsewelluncensored,6,live,link,,
fashposting,whitelaborstrikeww,6,live,link,,
gardanationalista1309,amarad_ortodox1848,6,live,link,,
gardanationalista1309,arad_ortodox1848,6,live,link,,
herrcent,realblaircottrell,6,live,link,,
hersantite,realblaircottrell,6,live,link,,
markacollett,realblaircottrell,6,live,link,,
martinsellner_english,action_radar_europe,6,live,link,,
martinsellner_english,kiesdries,6,live,link,,
media2rise,ca_legion_xiv,6,live,link,,
memorianatio,natio,6,live,link,,
memorianatio,ultrasnotreds81,6,live,link,,
norcal_ac,media2rise,6,live,link,,
novanow,atlanticyouth,6,live,link,,
ohionationalistnetwork,ohioactiveclub,6,live,link,,
ohionationalistnetwork,thewesternchauvinist11,6,live,link,,
patriotfrontupdates,patriotfrontsightings,6,live,link,,
patrioticalternativeofficial,samyorkshire,6,live,link,,
politicincorect,penelearhanghelului,6,live,link,,
realtexasnationalist,leaklive,6,live,link,,
realtexasnationalist,protecttxkids,6,live,link,,
realtexasnationalist,wovkoryos,6,live,link,,
rediceuncensored,markacollett,6,live,link,,
sharedefiant,heartlandactiveclub,6,live,link,,
sharedefiant,stlnnc,6,live,link,,
siciliangorillian2,redpilldealer4833,6,live,link,,
sonat61,dark_enlightenment,6,live,link,,
thewesternchauvinist7,fashposting,6,live,link,,
thewesternchauvinist7,nsaparty,6,live,link,,
thewesternchauvinist7,thewesternchauvinist11,6,live,link,,
whitelaborstrikeww,informationliberation,6,live,link,,
whitelads,azatro,6,live,link,,
whitelads,lacagoule85,6,live,link,,
whitelads,morianatio,6,live,link,,
whitelivesmatterofficial,whitelivesmatterofficialchat2,6,live,link,,
whitelivesmatterofficial,wlm_materials,6,live,link,,
whitelivesmatterofficial,wlm_usa_california,6,live,link,,
whitelivesmatterofficial,wlm_usa_pennsylvania,6,live,link,,
whitelivesmatterofficialchat2,wlm_usa_california,6,live,link,,
whitelivesmatterofficialchat2,wlm_usa_pennsylvania,6,live,link,,
wlm_canada,wlm_canada_qc,6,live,link,,
wlm_canada,wlm_materials,6,live,link,,
wlm_eu_italy,wlmofficial14,6,live,link,,
wlm_eu_poland,hitelivesmatterofficialchat,6,live,link,,
wlm_eu_russia_chat,wlmsubmissionbot,6,live,link,,
wlm_eu_slovakia,telivesmatterofficial,6,live,link,,
wlm_eu_united_kingdom,livesmatterofficial,6,live,link,,
wlm_eu_united_kingdom,noticernews,6,live,link,,
wlm_eu_united_kingdom,wlm_materials,6,live,link,,
wlm_eu_united_kingdom,wlm_usa_texas,6,live,link,,
wlm_listening,whitelivesmatterofficial,6,live,link,,
wlm_usa_arizona,wlm_usa_arizona_chat,6,live,link,,
wlm_usa_california,wlm_materials,6,live,link,,
wlm_usa_colorado,hitelivesmatterofficialchat,6,live,link,,
wlm_usa_colorado,telivesmatterofficial,6,live,link,,
wlm_usa_idaho,wlm_canada_bc,6,live,link,,
wlm_usa_montana,wlm_usa_pennsylvania,6,live,link,,
wlm_usa_montana,wlmsubmissionbot,6,live,link,,
wlm_usa_new_jersey,wlm_usa_pennsylvania,6,live,link,,
wlm_usa_new_york2,hitelivesmatterofficial,6,live,link,,
wlm_usa_new_york2,wlm_materials,6,live,link,,
wlm_usa_new_york2,wlm_usa_new_jersey,6,live,link,,
wlm_usa_pennsylvania,wlm_usa_michigan,6,live,link,,
wlm_usa_pennsylvania,wlm_usa_new_jersey,6,live,link,,
wlm_usa_tennessee,wlm_viewing,6,live,link,,
wlm_usa_texas,nsc131official,6,live,link,,
wlm_usa_texas,realtexasnationalist,6,live,link,,
wlm_usa_texas2,hitelivesmatterofficial,6,live,link,,
wlm_usa_texas2,lmcontactbot,6,live,link,,
wlm_usa_texas2,nsc131official,6,live,link,,
wlm_usa_texas2,realtexasnationalist,6,live,link,,
wlm_usa_texas2,thuletide,6,live,link,,
wlm_usa_texas2,wlm_eu_czech_republic,6,live,link,,
wlm_usa_texas2,wlm_usa_washington3,6,live,link,,
wlm_usa_washington3,wlm_eu_czech_republic,6,live,link,,
wlm_usa_wisconsin,wlm_eu_germany,6,live,link,,
wlm_usa_wisconsin,wlm_usa_oklahoma,6,live,link,,
wlm_usa_wisconsin,wlm_usa_oregon_chat,6,live,link,,
wlmofficial14,wlm_eu_switzerland,6,live,link,,
activeclubcr,lorenzo14w,5,live,link,,
activedietsland,acdcontact,5,live,link,,
brotherhood_of_academists,rusorel862,5,live,link,,
brotherhood_of_academists,srbska_akcija,5,live,link,,
casusbelli2021,wlm_eu_romania,5,live,link,,
evropean_americans,norcal_ac,5,live,link,,
evropean_americans,southlandvetting,5,live,link,,
forbiddenhistory18,europeanway,5,live,link,,
gardanationalista1309,danationalista1309,5,live,link,,
gardanationalista1309,marad_ortodox1848,5,live,link,,
hbmw88,foxxden14,5,live,link,,
leftistextremistwatch,eastcoastleftwatch,5,live,link,,
leftistextremistwatch,fight101,5,live,link,,
leftistextremistwatch,martinsellner_english,5,live,link,,
markacollett,traditionalbritaingroup,5,live,link,,
martinsellner_english,europeeditor,5,live,link,,
mh_rainn,openlybiased,5,live,link,,
nat88org,politicincorect,5,live,link,,
novanow,realtexasnationalist,5,live,link,,
odenb,ubermenschhungary,5,live,link,,
ohionationalistnetwork,az_action_14,5,live,link,,
ohionationalistnetwork,midwestaction,5,live,link,,
patrioticalternativeofficial,englishnationalist1066,5,live,link,,
paxactiveclub,norcal_ac,5,live,link,,
politicincorect,gardanationalista1309,5,live,link,,
politicincorect,gardieniimureseni,5,live,link,,
realtexasnationalist,lonestarac_contact,5,live,link,,
realtexasnationalist,sonscolumbia,5,live,link,,
rediceuncensored,ediceuncensored,5,live,link,,
rediceuncensored,noticernews,5,live,link,,
revistarost,casusbelli2021,5,live,link,,
rusorel862,kvmalofeev,5,live,link,,
sharedefiant,ravenfolk,5,live,link,,
siciliangorillian2,altskull48,5,live,link,,
siciliangorillian2,dayoftheflush,5,live,link,,
siciliangorillian2,irelandarchive,5,live,link,,
thewesternchauvinist1,az_action_14,5,live,link,,
thewesternchauvinist1,murderthemedia,5,live,link,,
thewesternchauvinist1,nationalist13,5,live,link,,
thewesternchauvinist1,njeha1,5,live,link,,
thewesternchauvinist7,whiteaustralia,5,live,link,,
unitynewsnetwork,markacollett,5,live,link,,
whitelaborstrikeww,canada_the_unknown_country,5,live,link,,
whitelaborstrikeww,warrenbalogh88,5,live,link,,
whitelads,forestfightsusa,5,live,link,,
whitelivesmatterofficial,wlm_usa_arizona,5,live,link,,
whitelivesmatterofficialchat2,wlm_eu_czech_republic,5,live,link,,
whitelivesmatterofficialchat2,wlm_materials,5,live,link,,
wlm_canada,canadian_nationalist_patriots,5,live,link,,
wlm_canada,wlm_canada_on,5,live,link,,
wlm_eu_czech_republic,wlmcontactbot,5,live,link,,
wlm_eu_poland,wlm_viewing,5,live,link,,
wlm_eu_romania,pro_vita,5,live,link,,
wlm_eu_russia,usariots,5,live,link,,
wlm_eu_russia,wlm_viewing_russian,5,live,link,,
wlm_eu_slovakia,wlm_viewing,5,live,link,,
wlm_eu_ukraine,wlm_eu_netherlands,5,live,link,,
wlm_eu_ukraine,wlm_reading_ukraine,5,live,link,,
wlm_eu_united_kingdom,wlm_be_flanders,5,live,link,,
wlm_eu_united_kingdom,wlm_eu_netherlands,5,live,link,,
wlm_usa_arizona,arizonaactionclub,5,live,link,,
wlm_usa_california,antifawatch2,5,live,link,,
wlm_usa_california,wlm_usa_texas,5,live,link,,
wlm_usa_colorado,retardsoftiktok,5,live,link,,
wlm_usa_colorado,wlm_viewing,5,live,link,,
wlm_usa_idaho,lmcontactbot,5,live,link,,
wlm_usa_minnesota,wlm_materials,5,live,link,,
wlm_usa_montana,tomsewelluncensored,5,live,link,,
wlm_usa_montana,whitelivesmatterofficialchat2,5,live,link,,
wlm_usa_montana,wlm_reading,5,live,link,,
wlm_usa_montana,zoomerwaffenx,5,live,link,,
wlm_usa_new_jersey,hbmw88,5,live,link,,
wlm_usa_new_jersey,herrcent,5,live,link,,
wlm_usa_new_jersey,howtoirritatejews,5,live,link,,
wlm_usa_new_jersey,rediceuncensored,5,live,link,,
wlm_usa_new_jersey,wlm_eu_czech_republic,5,live,link,,
wlm_usa_new_york2,wlm_new_york,5,live,link,,
wlm_usa_north_carolina,wlm_reading,5,live,link,,
wlm_usa_ohio,leaklive,5,live,link,,
wlm_usa_ohio,patriotfrontupdates,5,live,link,,
wlm_usa_ohio,wlm_materials,5,live,link,,
wlm_usa_ohio,wlm_usa_illinois,5,live,link,,
wlm_usa_ohio,wlm_usa_pennsylvania,5,live,link,,
wlm_usa_ohio,wlm_viewing,5,live,link,,
wlm_usa_oregon,wlm_viewing,5,live,link,,
wlm_usa_pennsylvania,paxac_vet,5,live,link,,
wlm_usa_tennessee,dixielandnats,5,live,link,,
wlm_usa_tennessee,wlm_usa_idaho,5,live,link,,
wlm_usa_texas,brotherhood_of_academists,5,live,link,,
wlm_usa_texas2,brotherhood_of_academists,5,live,link,,
wlm_usa_texas2,cig_telegram,5,live,link,,
wlm_usa_washington2,wlm_eu_netherlands,5,live,link,,
wlm_usa_washington3,thuletide,5,live,link,,
wlm_usa_washington3,wlm_eu_poland,5,live,link,,
wlm_usa_wisconsin,wlm_eu_czech_republic,5,live,link,,
wlm_usa_wisconsin,wlm_usa_alabama,5,live,link,,
wlm_usa_wisconsin,wlm_usa_illinois,5,live,link,,
wlm_usa_wisconsin,wlm_usa_texas,5,live,link,,
zoomerwaffenx,memes_mf,5,live,link,,
activedietsland,media2rise,4,live,link,,
alamoxiv,ihypocritical,4,live,link,,
alamoxiv,info_addicted,4,live,link,,
alamoxiv,oldnorthstate,4,live,link,,
alamoxiv,zoomerwaffenx,4,live,link,,
antifawatch2,disclosetv,4,live,link,,
antifawatch2,eastcoastleftwatch,4,live,link,,
brotherhood_of_academists,democracia_nacional,4,live,link,,
casusbelli2021,cautamantuirea,4,live,link,,
casusbelli2021,morianatio,4,live,link,,
evropean_americans,dearborncrusaders,4,live,link,,
evropean_americans,herrcent,4,live,link,,
evropean_americans,nathandamigo,4,live,link,,
evropean_americans,noticernews,4,live,link,,
evropean_americans,patriagloria,4,live,link,,
fashposting,hersantite,4,live,link,,
fashposting,judgesmorecult,4,live,link,,
fashposting,will2riseclothing,4,live,link,,
gardanationalista1309,anationalista1309,4,live,link,,
gardanationalista1309,ardanationalista1309,4,live,link,,
gardanationalista1309,haiducshop,4,live,link,,
gardanationalista1309,nationalista1309,4,live,link,,
gardanationalista1309,opinia_interzisa,4,live,link,,
gardanationalista1309,serbiandivision,4,live,link,,
herrcent,casdorff,4,live,link,,
herrcent,jackeltis,4,live,link,,
hersantite,casdorff,4,live,link,,
hersantite,jackeltis,4,live,link,,
howtoirritatejews,know_more_news,4,live,link,,
huwhitepapers,resum25,4,live,link,,
leftistextremistwatch,azatro,4,live,link,,
leftistextremistwatch,tabzlive,4,live,link,,
markacollett,noticernews,4,live,link,,
markacollett,rossmueller_dissident,4,live,link,,
martinsellner_english,voxeuropaherald,4,live,link,,
media2rise,patriotfrontupdates,4,live,link,,
memorianatio,comitedu9mai,4,live,link,,
mh_rainn,sigintreports,4,live,link,,
murderthemedia,theochsreport,4,live,link,,
nat88org,elcadenazo,4,live,link,,
nat88org,forteresseeurope,4,live,link,,
nat88org,pro_vita,4,live,link,,
norcal_ac,antifawatch2,4,live,link,,
novanow,okactiveclub,4,live,link,,
novanow,onnvetting,4,live,link,,
nsc131official,nsc131videos,4,live,link,,
nsc131official,thewesternchauvinist7,4,live,link,,
odenb,nordicsunpub,4,live,link,,
odenb,nordicsunrecordsbudapest,4,live,link,,
ohionationalistnetwork,ohioreich,4,live,link,,
patrioticalternativeofficial,the_woodlander,4,live,link,,
paxactiveclub,lonestaractiveclub,4,live,link,,
paxactiveclub,unitedyouthxiv,4,live,link,,
paxactiveclub,will2riseclothing,4,live,link,,
politicincorect,nicadorisquad1933,4,live,link,,
politicincorect,palestinaro,4,live,link,,
politicincorect,wwwaurelianro,4,live,link,,
pro_vita,deputat_tudor_ionescu,4,live,link,,
pro_vita,reginapacii,4,live,link,,
realtexasnationalist,disclosetv,4,live,link,,
realtexasnationalist,ihypocritical,4,live,link,,
rediceuncensored,memecannons88,4,live,link,,
rediceuncensored,unitynewsnetwork,4,live,link,,
sharedefiant,oftheducks,4,live,link,,
sharedefiant,sonscolumbia,4,live,link,,
sharedefiant,wlm_usa_missouri_chat,4,live,link,,
sharedefiant,wlmcontactbot,4,live,link,,
siciliangorillian2,police_frequency,4,live,link,,
siciliangorillian2,silverstackersss,4,live,link,,
skumshot,bhh28,4,live,link,,
skumshot,finland28,4,live,link,,
skumshot,otsolakeskus,4,live,link,,
sonat61,historyclearinghouse,4,live,link,,
sonat61,youngdixie,4,live,link,,
theaustralianvanguard,totallyawesomefriends,4,live,link,,
thesonnenrad,hyperboreanherald,4,live,link,,
thewesternchauvinist1,bigskyac_uncensor3d,4,live,link,,
thewesternchauvinist1,nathandamigo,4,live,link,,
thewesternchauvinist1,newjerseyac,4,live,link,,
thewesternchauvinist1,wlm_usa_new_jersey,4,live,link,,
thewesternchauvinist7,americanfreedomparty,4,live,link,,
thewesternchauvinist7,bigskyac_uncensor3d,4,live,link,,
thewesternchauvinist7,warpigmeme,4,live,link,,
thewesternchauvinist7,zoomerwaffenx,4,live,link,,
ultrasnotreds8,europarevival1,4,live,link,,
ultrasnotreds8,legioneuropa,4,live,link,,
ultrasnotreds8,natsquads,4,live,link,,
vaultofsecrets,nsdapdf,4,live,link,,
whitelaborstrikeww,fashposting,4,live,link,,
whitelads,activeclubengland2,4,live,link,,
whitelads,lonestaractiveclub,4,live,link,,
whitelivesmatterofficial,itelivesmatterofficial,4,live,link,,
whitelivesmatterofficial,wlm_eu_finland,4,live,link,,
whitelivesmatterofficial,wlm_usa_new_jersey,4,live,link,,
whitelivesmatterofficial,wlm_usa_oregon,4,live,link,,
whitelivesmatterofficialchat2,itelivesmatterofficial,4,live,link,,
whitelivesmatterofficialchat2,wlm_usa_indiana,4,live,link,,
whitelivesmatterofficialchat2,wlm_usa_new_jersey,4,live,link,,
whitelivesmatterofficialchat2,wlm_usa_oregon,4,live,link,,
wlm_canada,bellcityns,4,live,link,,
wlm_canada,borealproject,4,live,link,,
wlm_canada,wildroseactiveclub,4,live,link,,
wlm_canada,wlm_canada_materials,4,live,link,,
wlm_canada,wlm_canada_viewing,4,live,link,,
wlm_canada,wlm_reading,4,live,link,,
wlm_eu_czech_republic,ivesmatterofficial,4,live,link,,
wlm_eu_netherlands,elivesmatterofficial,4,live,link,,
wlm_eu_netherlands,hersantite,4,live,link,,
wlm_eu_netherlands,inheemseuropees,4,live,link,,
wlm_eu_poland,lmcontactbot,4,live,link,,
wlm_eu_poland,lmsubmissionbot,4,live,link,,
wlm_eu_poland,ultrasnotreds8,4,live,link,,
wlm_eu_poland,ultrasnotreds81,4,live,link,,
wlm_eu_poland,wlm_eu_poland_chat,4,live,link,,
wlm_eu_poland,wlm_usa_washington2,4,live,link,,
wlm_eu_romania,martinsellner_english,4,live,link,,
wlm_eu_romania,reactiunea,4,live,link,,
wlm_eu_romania,whitelads,4,live,link,,
wlm_eu_russia,itelivesmatterofficial,4,live,link,,
wlm_eu_russia,sariots,4,live,link,,
wlm_eu_russia_chat,hitelivesmatterofficial,4,live,link,,
wlm_eu_russia_chat,telivesmatterofficial,4,live,link,,
wlm_eu_slovakia,hitelivesmatterofficialchat,4,live,link,,
wlm_eu_ukraine,wlm_eu_ukraine_chat,4,live,link,,
wlm_eu_ukraine,wlm_viewing_ukraine,4,live,link,,
wlm_usa_arizona,hitelivesmatterofficial,4,live,link,,
wlm_usa_arizona,wlm_reading,4,live,link,,
wlm_usa_california,bigskyac_uncensor3d,4,live,link,,
wlm_usa_california,sharedefiant,4,live,link,,
wlm_usa_california,wlm_usa_oregon,4,live,link,,
wlm_usa_california,wlmsubmissionbot,4,live,link,,
wlm_usa_colorado,europa_the_last_battle_blu_ray,4,live,link,,
wlm_usa_colorado,lmsubmissionbot,4,live,link,,
wlm_usa_colorado,retards_tiktok,4,live,link,,
wlm_usa_idaho,itelivesmatterofficial,4,live,link,,
wlm_usa_idaho,wlm_reading,4,live,link,,
wlm_usa_illinois,wlmsubmissionbot,4,live,link,,
wlm_usa_michigan,continentalresistance,4,live,link,,
wlm_usa_minnesota,hitelivesmatterofficial,4,live,link,,
wlm_usa_minnesota,wlm_usa_wisconsin_chat,4,live,link,,
wlm_usa_minnesota,wlm_viewing,4,live,link,,
wlm_usa_montana,abmnew,4,live,link,,
wlm_usa_montana,abmproverbs,4,live,link,,
wlm_usa_montana,geopwatch,4,live,link,,
wlm_usa_montana,markacollett,4,live,link,,
wlm_usa_montana,northwestacvetting,4,live,link,,
wlm_usa_montana,noticernews,4,live,link,,
wlm_usa_montana,thewesternchauvinist11,4,live,link,,
wlm_usa_montana,wlm_eu_netherlands,4,live,link,,
wlm_usa_montana,wlm_usa_oregon,4,live,link,,
wlm_usa_montana,wlm_usa_texas2,4,live,link,,
wlm_usa_new_jersey,doomposting,4,live,link,,
wlm_usa_new_jersey,njeha1,4,live,link,,
wlm_usa_new_jersey,pugilatodifusion,4,live,link,,
wlm_usa_new_jersey,ultrasnotreds8,4,live,link,,
wlm_usa_new_jersey,ultrasnotreds81,4,live,link,,
wlm_usa_new_jersey,whitelaborstrikeww,4,live,link,,
wlm_usa_new_jersey,wlm_usa_oregon,4,live,link,,
wlm_usa_new_jersey,wlm_usa_oregon_chat,4,live,link,,
wlm_usa_new_york2,lm_usa_new_york2,4,live,link,,
wlm_usa_new_york2,murderthemedia,4,live,link,,
wlm_usa_new_york2,thewesternchauvinist7,4,live,link,,
wlm_usa_north_carolina,lmsubmissionbot,4,live,link,,
wlm_usa_north_carolina,wlm_usa_virginia,4,live,link,,
wlm_usa_north_carolina,wlm_viewing,4,live,link,,
wlm_usa_north_carolina,wlmsubmissionbot,4,live,link,,
wlm_usa_ohio,wlm_usa_illinois_chat,4,live,link,,
wlm_usa_ohio,wlm_usa_new_jersey,4,live,link,,
wlm_usa_oregon,hitelivesmatterofficialchat,4,live,link,,
wlm_usa_pennsylvania,dellvett,4,live,link,,
wlm_usa_tennessee,hitelivesmatterofficial,4,live,link,,
wlm_usa_tennessee,wlm_eu_netherlands,4,live,link,,
wlm_usa_tennessee,wlm_usa_alabama,4,live,link,,
wlm_usa_tennessee,wlm_usa_georgia,4,live,link,,
wlm_usa_tennessee,wlmsubmissionbot,4,live,link,,
wlm_usa_texas,markacollett,4,live,link,,
wlm_usa_texas,ultrasnotreds8,4,live,link,,
wlm_usa_texas2,telivesmatterofficial,4,live,link,,
wlm_usa_texas2,ultrasnotreds8,4,live,link,,
wlm_usa_washington2,livesmatterofficial,4,live,link,,
wlm_usa_washington2,wlm_eu_france,4,live,link,,
wlm_usa_washington2,wlm_usa_texas2,4,live,link,,
wlm_usa_washington3,fash_gordon,4,live,link,,
wlm_usa_washington3,lmcontactbot,4,live,link,,
activeclubcr,acov14,3,live,link,,
activeclubcr,baystateactiveclub,3,live,link,,
activedietsland,activeclubvlaanderen,3,live,link,,
activedietsland,agjugend,3,live,link,,
alamoxiv,az_action_14,3,live,link,,
alamoxiv,coreyjmahler,3,live,link,,
alamoxiv,hyperboreanradio,3,live,link,,
alamoxiv,retards_tiktok,3,live,link,,
alamoxiv,richleightonnaturephotography,3,live,link,,
alamoxiv,thenorthfolk,3,live,link,,
alamoxiv,will2riseclothing,3,live,link,,
alamoxiv,wlm_usa_texas2,3,live,link,,
antifawatch2,fight101,3,live,link,,
brotherhood_of_academists,nationalistesfr,3,live,link,,
brotherhood_of_academists,varmegye,3,live,link,,
casusbelli2021,altskull48,3,live,link,,
casusbelli2021,casualromania,3,live,link,,
devonstack,markacollett,3,live,link,,
evropean_americans,judgesmorecult,3,live,link,,
evropean_americans,national_socialist_world,3,live,link,,
evropean_americans,novanow,3,live,link,,
evropean_americans,wlm_eu_netherlands,3,live,link,,
fashposting,stone_toss,3,live,link,,
fashposting,thewesternchauvinist12,3,live,link,,
gardanationalista1309,ad_ortodox1848,3,live,link,,
gardanationalista1309,penelearhanghelului,3,live,link,,
gardanationalista1309,volksfrontrumanien,3,live,link,,
howtoirritatejews,africancrisistv,3,live,link,,
howtoirritatejews,lisajanespencer,3,live,link,,
leftistextremistwatch,floridaactiveclubs,3,live,link,,
leftistextremistwatch,tomsewelluncensored,3,live,link,,
leftistextremistwatch,whitelads,3,live,link,,
listyosy,pavelkamas,3,live,link,,
markacollett,cig_telegram,3,live,link,,
markacollett,keith_woods,3,live,link,,
markacollett,martinsellner_english,3,live,link,,
markacollett,nativistconcern,3,live,link,,
martinsellner_english,remigration_news,3,live,link,,
memorianatio,jean_eudesgannat,3,live,link,,
murderthemedia,returntothelandozarks,3,live,link,,
nat88org,achian_gazette,3,live,link,,
nat88org,revistarost,3,live,link,,
norcal_ac,activeclubedelweiss,3,live,link,,
norcal_ac,patriotfrontupdates,3,live,link,,
norcal_ac,socavet,3,live,link,,
norcal_ac,whitelads,3,live,link,,
novanow,midwestaction,3,live,link,,
novanow,nationalistvetting,3,live,link,,
novanow,nationalistvettingbot,3,live,link,,
odenb,askaniaprod,3,live,link,,
odenb,loyaltyrac,3,live,link,,
odenb,solarfront18,3,live,link,,
odenb,verszerzodes,3,live,link,,
odenb,zentropa451,3,live,link,,
ohionationalistnetwork,ca_legion_xiv,3,live,link,,
ohionationalistnetwork,noticernews,3,live,link,,
ohionationalistnetwork,ohio_action,3,live,link,,
ohionationalistnetwork,tac_arizona_3,3,live,link,,
ohionationalistnetwork,themidwestnetwork,3,live,link,,
ohionationalistnetwork,tomsewelluncensored,3,live,link,,
paxactiveclub,capitalxac,3,live,link,,
paxactiveclub,newjerseyac,3,live,link,,
paxactiveclub,patriotfrontnews,3,live,link,,
paxactiveclub,wlm_usa_pennsylvania,3,live,link,,
politicincorect,partidulppr,3,live,link,,
politicincorect,reactiunea,3,live,link,,
pro_vita,revolt888,3,live,link,,
pro_vita,tradcathfem,3,live,link,,
proud_poland,roud_poland,3,live,link,,
realtexasnationalist,informationliberation,3,live,link,,
realtexasnationalist,police_frequency,3,live,link,,
realtexasnationalist,texaspb,3,live,link,,
realtexasnationalist,wlm_usa_texas2,3,live,link,,
rediceuncensored,informationliberation,3,live,link,,
rediceuncensored,insiderpaper,3,live,link,,
rediceuncensored,nativescandinavia,3,live,link,,
rediceuncensored,realwelshnationalist,3,live,link,,
rediceuncensored,traditionalbritaingroup,3,live,link,,
sharedefiant,midmominutemen,3,live,link,,
sharedefiant,newrightnews,3,live,link,,
sharedefiant,patriotfrontsightings,3,live,link,,
sharedefiant,thuletide,3,live,link,,
sharedefiant,wlm_eu_netherlands,3,live,link,,
sharedefiant,wlm_reading,3,live,link,,
siciliangorillian2,leaklive,3,live,link,,
siciliangorillian2,the_course_of_empire,3,live,link,,
siciliangorillian2,the_jewish_question,3,live,link,,
silesianratscrew,radykalnychorzow,3,live,link,,
silesianratscrew,wncpoland,3,live,link,,
skumshot,defendeurope2025,3,live,link,,
skumshot,revalers,3,live,link,,
sonat61,prowhitefam2,3,live,link,,
sonat61,southernnat,3,live,link,,
theaustralianvanguard,noticernews,3,live,link,,
thewaronwhites,whitelaborstrikeww,3,live,link,,
thewesternchauvinist1,americanfreedomparty,3,live,link,,
thewesternchauvinist1,noticernews,3,live,link,,
thewesternchauvinist1,novanow,3,live,link,,
thewesternchauvinist1,ohionationalistnetwork,3,live,link,,
thewesternchauvinist1,tomsewelluncensored,3,live,link,,
thewesternchauvinist12,fashposting,3,live,link,,
thewesternchauvinist2,americanfreedomparty,3,live,link,,
thewesternchauvinist2,justiceinitiative,3,live,link,,
thewesternchauvinist2,theoaccensored,3,live,link,,
thewesternchauvinist7,realblaircottrell,3,live,link,,
thewesternchauvinist7,whitelads,3,live,link,,
tomsewelluncensored,realblaircottrell,3,live,link,,
ultrasnotreds8,jungetat,3,live,link,,
ultrasnotreds8,levskisofiascarves,3,live,link,,
ultrasnotreds8,maislivrosmenosmemes,3,live,link,,
vaultofsecrets,brushbeater,3,live,link,,
volmemes,tupireport,3,live,link,,
whitelaborstrikeww,disclosetv,3,live,link,,
whitelaborstrikeww,huxdeluxe,3,live,link,,
whitelaborstrikeww,judgesmorecult,3,live,link,,
whitelaborstrikeww,newn603,3,live,link,,
whitelads,ace_contact,3,live,link,,
whitelads,activeclubedelweiss,3,live,link,,
whitelads,comitedu9mai,3,live,link,,
whitelads,floridaactiveclubs,3,live,link,,
whitelads,lietuvoslnb,3,live,link,,
whitelads,paxactiveclub,3,live,link,,
whitelads,schweizer_nationalisten,3,live,link,,
whitelads,secondsonscanada,3,live,link,,
whitelads,thewanderingspartan,3,live,link,,
whitelads,w2rmusic,3,live,link,,
whitelads,whiteyouthinrevolt,3,live,link,,
whitelads,wovkoryos,3,live,link,,
whitelivesmatterofficial,lm_usa_new_york2,3,live,link,,
whitelivesmatterofficial,wlm_eu_united_kingdom,3,live,link,,
whitelivesmatterofficial,wlm_usa_connecticut,3,live,link,,
whitelivesmatterofficial,wlm_usa_oregon_chat,3,live,link,,
whitelivesmatterofficialchat2,wlm_eu_united_kingdom,3,live,link,,
whitelivesmatterofficialchat2,wlm_usa_arizona,3,live,link,,
whitelivesmatterofficialchat2,wlm_usa_connecticut,3,live,link,,
whitelivesmatterofficialchat2,wlm_usa_oregon_chat,3,live,link,,
wlm_canada,lmcontactbot,3,live,link,,
wlm_canada,lmsubmissionbot,3,live,link,,
wlm_canada,patriot_gus,3,live,link,,
wlm_canada,wildroseultras,3,live,link,,
wlm_eu_czech_republic,listyosy,3,live,link,,
wlm_eu_czech_republic,lorenzo14w,3,live,link,,
wlm_eu_czech_republic,noticernews,3,live,link,,
wlm_eu_italy,bloccostudentesconazionale,3,live,link,,
wlm_eu_italy,elivesmatterofficial,3,live,link,,
wlm_eu_italy,telivesmatterofficial,3,live,link,,
wlm_eu_italy,wlm_it_ch_admin,3,live,link,,
wlm_eu_netherlands,dutchdissident,3,live,link,,
wlm_eu_netherlands,itelivesmatterofficial,3,live,link,,
wlm_eu_netherlands,vesmatterofficial,3,live,link,,
wlm_eu_netherlands,wlm_eu_italy,3,live,link,,
wlm_eu_netherlands,wlm_ontwerpen,3,live,link,,
wlm_eu_poland,battleofeuropa,3,live,link,,
wlm_eu_poland,whitealexandriaslibrary,3,live,link,,
wlm_eu_poland,wlm_events,3,live,link,,
wlm_eu_poland,wlm_listening,3,live,link,,
wlm_eu_poland,wlmofficial,3,live,link,,
wlm_eu_romania,memorianatio,3,live,link,,
wlm_eu_romania,ohionationalistnetwork,3,live,link,,
wlm_eu_russia,addemoji,3,live,link,,
wlm_eu_russia,narodnyyobozrevatel,3,live,link,,
wlm_eu_russia,ruzkemir_news,3,live,link,,
wlm_eu_russia_chat,narodnyyobozrevatel,3,live,link,,
wlm_eu_russia_chat,thuletide,3,live,link,,
wlm_eu_slovakia,abcorrespondent,3,live,link,,
wlm_eu_slovakia,wlm_events,3,live,link,,
wlm_eu_slovakia,wlm_listening,3,live,link,,
wlm_eu_slovakia,wlmofficial,3,live,link,,
wlm_eu_ukraine,britishaustraliancommunity,3,live,link,,
wlm_eu_ukraine,ideaofnation_ua,3,live,link,,
wlm_eu_ukraine,legioneuropa,3,live,link,,
wlm_eu_ukraine,legioneuropachat,3,live,link,,
wlm_eu_ukraine,wlmcontactbot,3,live,link,,
wlm_eu_united_kingdom,ivesmatterofficial,3,live,link,,
wlm_eu_united_kingdom,lmsubmissionbot,3,live,link,,
wlm_eu_united_kingdom,telivesmatterofficial,3,live,link,,
wlm_tutorials,hitelivesmatterofficial,3,live,link,,
wlm_usa_arizona,hitelivesmatterofficialchat,3,live,link,,
wlm_usa_arizona,leftistextremistwatch,3,live,link,,
wlm_usa_arizona,newrightnews,3,live,link,,
wlm_usa_arizona,wlm_usa_tennessee,3,live,link,,
wlm_usa_california,europa_the_last_battle_blu_ray,3,live,link,,
wlm_usa_california,nac_vet,3,live,link,,
wlm_usa_california,newrightnews,3,live,link,,
wlm_usa_california,patriotfrontupdates,3,live,link,,
wlm_usa_california,sharedefiantmaterials,3,live,link,,
wlm_usa_california,telivesmatterofficial,3,live,link,,
wlm_usa_california,whitelivesmatterofficialchat2,3,live,link,,
wlm_usa_california,wlm_ca_vet,3,live,link,,
wlm_usa_california,wlm_reading,3,live,link,,
wlm_usa_california,wlm_usa_oregon_chat,3,live,link,,
wlm_usa_california,wlm_usa_tennessee,3,live,link,,
wlm_usa_colorado,battleofeuropa,3,live,link,,
wlm_usa_colorado,keith_woods,3,live,link,,
wlm_usa_colorado,whitealexandriaslibrary,3,live,link,,
wlm_usa_colorado,wlm_events,3,live,link,,
wlm_usa_colorado,wlm_listening,3,live,link,,
wlm_usa_colorado,wlmofficial,3,live,link,,
wlm_usa_idaho,wlm_usa_alabama,3,live,link,,
wlm_usa_idaho,wlm_usa_tennessee,3,live,link,,
wlm_usa_idaho,wlm_viewing,3,live,link,,
wlm_usa_idaho,wlmsubmissionbot,3,live,link,,
wlm_usa_illinois,whitelivesmatterofficialchat2,3,live,link,,
wlm_usa_illinois,wlm_materials,3,live,link,,
wlm_usa_illinois,wlm_usa_michigan,3,live,link,,
wlm_usa_michigan,herrcent,3,live,link,,
wlm_usa_michigan,thecreativitymovement,3,live,link,,
wlm_usa_michigan,wlm_usa_new_jersey,3,live,link,,
wlm_usa_michigan,wlmofficial14,3,live,link,,
wlm_usa_michigan,wolvenrad,3,live,link,,
wlm_usa_minnesota,lmsubmissionbot,3,live,link,,
wlm_usa_minnesota,whitelivematterofficial,3,live,link,,
wlm_usa_minnesota,wlm_usa_michigan,3,live,link,,
wlm_usa_montana,herrcent,3,live,link,,
wlm_usa_montana,hitelivesmatterofficial,3,live,link,,
wlm_usa_montana,horus_mt,3,live,link,,
wlm_usa_montana,jimboredux,3,live,link,,
wlm_usa_montana,montanafront,3,live,link,,
wlm_usa_montana,okactiveclub,3,live,link,,
wlm_usa_montana,wlm_usa_oregon_chat,3,live,link,,
wlm_usa_new_jersey,ausvstheagenda,3,live,link,,
wlm_usa_new_jersey,generalmcnews,3,live,link,,
wlm_usa_new_jersey,holocaustrevision,3,live,link,,
wlm_usa_new_jersey,leftistextremistwatch,3,live,link,,
wlm_usa_new_jersey,markacollett,3,live,link,,
wlm_usa_new_jersey,murderthemedia,3,live,link,,
wlm_usa_new_jersey,thewaronwhites,3,live,link,,
wlm_usa_new_jersey,tomsewelluncensored,3,live,link,,
wlm_usa_new_jersey,wlm_usa_pennsylvania_chat,3,live,link,,
wlm_usa_new_york2,sugartreeadmin,3,live,link,,
wlm_usa_new_york2,sugartreelegionchat,3,live,link,,
wlm_usa_new_york2,sugartreelegionnews,3,live,link,,
wlm_usa_new_york2,whitelivesmatterofficialchat2,3,live,link,,
wlm_usa_new_york2,whiterosegarden,3,live,link,,
wlm_usa_new_york2,wlm_reading,3,live,link,,
wlm_usa_new_york2,wlmsubmissionbot,3,live,link,,
wlm_usa_north_carolina,europa_the_last_battle_blu_ray,3,live,link,,
wlm_usa_north_carolina,itelivesmatterofficial,3,live,link,,
wlm_usa_ohio,wlm_reading,3,live,link,,
wlm_usa_ohio,wlm_usa_new_york2,3,live,link,,
wlm_usa_oregon,battleofeuropa,3,live,link,,
wlm_usa_oregon,itelivesmatterofficial,3,live,link,,
wlm_usa_oregon,ultrasnotreds8,3,live,link,,
wlm_usa_oregon,whitealexandriaslibrary,3,live,link,,
wlm_usa_oregon,wlm_events,3,live,link,,
wlm_usa_oregon,wlm_listening,3,live,link,,
wlm_usa_oregon,wlmofficial,3,live,link,,
wlm_usa_pennsylvania,embracestruggleac,3,live,link,,
wlm_usa_pennsylvania,europa_the_last_battle_blu_ray,3,live,link,,
wlm_usa_pennsylvania,realvincentjames,3,live,link,,
wlm_usa_pennsylvania,wlmpennsylvania,3,live,link,,
wlm_usa_tennessee,hitelivesmatterofficialchat,3,live,link,,
wlm_usa_tennessee,wlm_usa_florida,3,live,link,,
wlm_usa_tennessee,wlm_usa_kentucky,3,live,link,,
wlm_usa_texas,alamoxiv,3,live,link,,
wlm_usa_texas,basedintexas,3,live,link,,
wlm_usa_texas,bellumactanews,3,live,link,,
wlm_usa_texas,combat_footage,3,live,link,,
wlm_usa_texas,lmcontactbot,3,live,link,,
wlm_usa_texas,telivesmatterofficial,3,live,link,,
wlm_usa_texas,thebureauofmemeticwarfareog,3,live,link,,
wlm_usa_texas,wlm_eu_france,3,live,link,,
wlm_usa_texas,wlm_eu_ukraine,3,live,link,,
wlm_usa_texas,wlm_materials,3,live,link,,
wlm_usa_texas,wlm_usa_rhode_island,3,live,link,,
wlm_usa_texas2,basedintexas,3,live,link,,
wlm_usa_texas2,bellumactanews,3,live,link,,
wlm_usa_texas2,wlm_eu_ukraine,3,live,link,,
wlm_usa_texas2,wlm_materials,3,live,link,,
wlm_usa_texas2,wlm_usa_montana,3,live,link,,
wlm_usa_texas2,wlm_usa_rhode_island,3,live,link,,
wlm_usa_texas2,wlmsubmissionbot,3,live,link,,
wlm_usa_washington2,horus_mt,3,live,link,,
wlm_usa_washington2,whitelivesmatterofficialchat,3,live,link,,
wlm_usa_washington2,whitelivesmatterofficialchat2,3,live,link,,
wlm_usa_washington2,wlm_usa_minnesota_chat2,3,live,link,,
wlm_usa_washington3,telivesmatterofficial,3,live,link,,
wlm_usa_wisconsin,dellvett,3,live,link,,
wlm_usa_wisconsin,livesmatterofficial,3,live,link,,
wlm_usa_wisconsin,lmcontactbot,3,live,link,,
wlm_usa_wisconsin,realheybuddy,3,live,link,,
wlm_usa_wisconsin,wlm_reading,3,live,link,,
wlm_usa_wisconsin,wlm_usa_delaware,3,live,link,,
wlm_viewing_russian,midgardasylum,3,live,link,,
wlmofficial14,wlm_materials,3,live,link,,
wlmofficial14,wlm_reading,3,live,link,,
activeclubcr,activeclubsk,2,live,link,,
activeclubcr,activedietsland,2,live,link,,
activeclubcr,aktivklubb_sverige2,2,live,link,,
activeclubcr,silesianratscrew,2,live,link,,
activeclubcr,veclubcr,2,live,link,,
activedietsland,activeclubdk,2,live,link,,
activedietsland,activeclubestonia,2,live,link,,
activedietsland,activeclubfrance,2,live,link,,
activedietsland,gymxiv2,2,live,link,,
activedietsland,wolvenrad2,2,live,link,,
alamoxiv,anamericanspirit,2,live,link,,
alamoxiv,cig_telegram,2,live,link,,
alamoxiv,countercurrents,2,live,link,,
alamoxiv,neuesarchive,2,live,link,,
alamoxiv,rac_1488,2,live,link,,
alamoxiv,rjactiveclub,2,live,link,,
alamoxiv,thebushwhacker,2,live,link,,
alamoxiv,traineverything,2,live,link,,
alamoxiv,whitenewzealand,2,live,link,,
antifawatch2,culturewarcriminal,2,live,link,,
bigskyac_uncensor3d,ca_legion_xiv,2,live,link,,
bigskyac_uncensor3d,evergreenac,2,live,link,,
bigskyac_uncensor3d,official3n,2,live,link,,
bigskyac_uncensor3d,patriotfrontnews,2,live,link,,
bigskyac_uncensor3d,vrcrewbanned,2,live,link,,
bigskyac_uncensor3d,wlm_usa_montana,2,live,link,,
brotherhood_of_academists,forteresseeurope,2,live,link,,
brotherhood_of_academists,russian_tribuna,2,live,link,,
casusbelli2021,dandiaconu,2,live,link,,
casusbelli2021,r3mediaro,2,live,link,,
evropean_americans,auncdiscuss,2,live,link,,
evropean_americans,brotherhood_of_academists,2,live,link,,
evropean_americans,onnvetting,2,live,link,,
evropean_americans,theaunc,2,live,link,,
evropean_americans,thewashingtonreport,2,live,link,,
evropean_americans,will2riseclothing,2,live,link,,
evropean_americans,wolvenrad,2,live,link,,
fashposting,bellumactanews,2,live,link,,
fashposting,cig_telegram,2,live,link,,
fashposting,devonstack,2,live,link,,
fashposting,dle_east_spectator,2,live,link,,
fashposting,fashwave3,2,live,link,,
fashposting,huxdeluxe,2,live,link,,
fashposting,markacollett,2,live,link,,
fashposting,middle_east_spectator,2,live,link,,
fashposting,national_socialist_world,2,live,link,,
fashposting,newn603,2,live,link,,
fashposting,nickjfuentes,2,live,link,,
fashposting,noticernews,2,live,link,,
fashposting,realblaircottrell,2,live,link,,
fashposting,rnintel,2,live,link,,
fashposting,shposting,2,live,link,,
gardanationalista1309,activenewsro,2,live,link,,
gardanationalista1309,carpatinfagarasan,2,live,link,,
gardanationalista1309,casualromania,2,live,link,,
gardanationalista1309,memorianatio,2,live,link,,
gardanationalista1309,mkdsrb,2,live,link,,
gardanationalista1309,nicadorisquad1933,2,live,link,,
gardanationalista1309,romaniaac,2,live,link,,
gardanationalista1309,stindardul,2,live,link,,
gardanationalista1309,tindardul,2,live,link,,
gardanationalista1309,tionalista1309,2,live,link,,
hbmw88,flakcannons,2,live,link,,
herrcent,ausvstheagenda,2,live,link,,
herrcent,theaustralianvanguard,2,live,link,,
herrcent,tomsewelluncensored,2,live,link,,
hersantite,ausvstheagenda,2,live,link,,
hersantite,theaustralianvanguard,2,live,link,,
hersantite,tomsewelluncensored,2,live,link,,
holocaustrevision,holocaustacademy,2,live,link,,
holocaustrevision,markacollett,2,live,link,,
holocaustrevision,realheybuddy,2,live,link,,
howtoirritatejews,historyreviewedtv,2,live,link,,
howtoirritatejews,thecrowhouseoffical,2,live,link,,
leftistextremistwatch,antifawatch2,2,live,link,,
leftistextremistwatch,geopwatch,2,live,link,,
leftistextremistwatch,memorianatio,2,live,link,,
leftistextremistwatch,morianatio,2,live,link,,
leftistextremistwatch,noticernews,2,live,link,,
leftistextremistwatch,returntothelandozarks,2,live,link,,
listyosy,tomsewelluncensored,2,live,link,,
markacollett,englishnationalist1066,2,live,link,,
markacollett,lauratowler,2,live,link,,
markacollett,nochanceyt,2,live,link,,
markacollett,patrioticalternativeofficial,2,live,link,,
markacollett,samyorkshire,2,live,link,,
martinsellner_english,institutiliade,2,live,link,,
media2rise,hiraethmusic,2,live,link,,
media2rise,mpeinovich,2,live,link,,
media2rise,patriotfrontnews,2,live,link,,
media2rise,will2riseclothing,2,live,link,,
memorianatio,anatio,2,live,link,,
mh_rainn,geopwatch,2,live,link,,
murderthemedia,beartoothbayou,2,live,link,,
murderthemedia,drtomshillbillymagic,2,live,link,,
murderthemedia,hbmw88,2,live,link,,
murderthemedia,pile_of_rocks,2,live,link,,
murderthemedia,zoomersirlofficial,2,live,link,,
nat88org,nat88otg,2,live,link,,
nat88org,nicadorisquad1933,2,live,link,,
nat88org,r3mediaro,2,live,link,,
nat88org,sufletulmoldovei,2,live,link,,
nat88org,theodosieblog,2,live,link,,
njeha1,embracestruggleac,2,live,link,,
norcal_ac,activedietsland,2,live,link,,
norcal_ac,love2fish14,2,live,link,,
norcal_ac,will2riseclothing,2,live,link,,
noticernews,lisajanespencer,2,live,link,,
novanow,johnfassbinderafp,2,live,link,,
novanow,nmnationalists,2,live,link,,
novanow,ohionationalistnetwork,2,live,link,,
novanow,rainhartgarthursson,2,live,link,,
nsc131official,egaldefensefund,2,live,link,,
nsc131official,sc131official,2,live,link,,
odenb,borfejuek,2,live,link,,
odenb,dimrecords,2,live,link,,
odenb,fxtnshc,2,live,link,,
odenb,pcrecords,2,live,link,,
odenb,stahlgewitter_offiziell,2,live,link,,
odenb,vivasaxonia,2,live,link,,
odenb,zzzf4444,2,live,link,,
ohionationalistnetwork,activeclubuncensored,2,live,link,,
ohionationalistnetwork,amerikanerupdates,2,live,link,,
ohionationalistnetwork,herrcent,2,live,link,,
ohionationalistnetwork,middletnac,2,live,link,,
ohionationalistnetwork,nightnationreview,2,live,link,,
ohionationalistnetwork,socavet,2,live,link,,
ohionationalistnetwork,totallyawesomefriends,2,live,link,,
ohionationalistnetwork,verylutheran,2,live,link,,
patrioticalternativeofficial,noticernews,2,live,link,,
patrioticalternativeofficial,stevelawsrn,2,live,link,,
patrioticalternativeofficial,whitevanguard1,2,live,link,,
paxactiveclub,ac_vet,2,live,link,,
paxactiveclub,activeclubuncensored,2,live,link,,
paxactiveclub,inczebela128,2,live,link,,
paxactiveclub,legiohungaria,2,live,link,,
paxactiveclub,lonestarac_contact,2,live,link,,
paxactiveclub,media2rise,2,live,link,,
paxactiveclub,natsquads,2,live,link,,
paxactiveclub,normiepipeline2,2,live,link,,
paxactiveclub,patriotfrontupdates,2,live,link,,
paxactiveclub,socavet,2,live,link,,
paxactiveclub,streetsfightclub,2,live,link,,
politicincorect,camarad_ortodox1848,2,live,link,,
politicincorect,nat88org,2,live,link,,
politicincorect,stindardul,2,live,link,,
pro_vita,ocdlro,2,live,link,,
proud_poland,autonompl,2,live,link,,
proud_poland,ultrasnotreds8,2,live,link,,
pugilatodifusion,oposrecords,2,live,link,,
pugilatodifusion,vallholl,2,live,link,,
realtexasnationalist,altskull48,2,live,link,,
realtexasnationalist,geopwatch,2,live,link,,
realtexasnationalist,okactiveclub,2,live,link,,
realtexasnationalist,realkarlibonne,2,live,link,,
realtexasnationalist,sgtnewsnetwork,2,live,link,,
realtexasnationalist,thewesternchauvinist12,2,live,link,,
realtexasnationalist,vdare,2,live,link,,
rediceuncensored,baldissident,2,live,link,,
rediceuncensored,colewolfsson,2,live,link,,
rediceuncensored,disclosetv,2,live,link,,
rediceuncensored,esotericlindy,2,live,link,,
rediceuncensored,globaldissident,2,live,link,,
rediceuncensored,jeremymackenzieca,2,live,link,,
rediceuncensored,ravenfolk,2,live,link,,
rediceuncensored,rossmueller_dissident,2,live,link,,
rediceuncensored,survivethejive,2,live,link,,
rediceuncensored,tabzlive,2,live,link,,
rusorel862,graf_106,2,live,link,,
rusorel862,rusorel_tmn,2,live,link,,
rusorel862,russian_druzhina,2,live,link,,
rusorel862,sonofmonarchy,2,live,link,,
rusorel862,soyuznaroda,2,live,link,,
rusorel862,swordrussia,2,live,link,,
sharedefiant,activeclubuncensored,2,live,link,,
sharedefiant,amerikanerupdates,2,live,link,,
sharedefiant,appalachianarchive,2,live,link,,
sharedefiant,arminiusnew,2,live,link,,
sharedefiant,defiantordie,2,live,link,,
sharedefiant,europa_the_last_battle_blu_ray,2,live,link,,
sharedefiant,frens_chan2,2,live,link,,
sharedefiant,guidetokulchur,2,live,link,,
sharedefiant,huwhitepapers,2,live,link,,
sharedefiant,justicereport,2,live,link,,
sharedefiant,lewiscountrystore,2,live,link,,
sharedefiant,mpeinovich,2,live,link,,
sharedefiant,nationalist13,2,live,link,,
sharedefiant,pohlhaushammer,2,live,link,,
sharedefiant,rvdac,2,live,link,,
sharedefiant,zoomerwaffen08,2,live,link,,
siciliangorillian2,canalblogdelnarco,2,live,link,,
siciliangorillian2,judgesmorecult,2,live,link,,
siciliangorillian2,occupiedtimes,2,live,link,,
siciliangorillian2,olice_frequency,2,live,link,,
siciliangorillian2,pavement_ape,2,live,link,,
siciliangorillian2,shadowmansmanicmusings,2,live,link,,
silesianratscrew,activeclubcr,2,live,link,,
silesianratscrew,akcjamobilizacja,2,live,link,,
silesianratscrew,oboz1934,2,live,link,,
silesianratscrew,trzeciadroga_kontakt_bot,2,live,link,,
skumshot,balaclavagraphics,2,live,link,,
skumshot,kdn2013,2,live,link,,
skumshot,punikoff,2,live,link,,
sonat61,andrewjoycearchive,2,live,link,,
sonat61,demacre,2,live,link,,
sonat61,facts_are_antisemitic_911,2,live,link,,
sonat61,llordofwar,2,live,link,,
sonat61,no_bs_88,2,live,link,,
sonat61,officialleagueofthesouth,2,live,link,,
sonat61,southernrealism,2,live,link,,
sonat61,thefundamentalprinciple,2,live,link,,
sonat61,zoomerwaffen08,2,live,link,,
thesonnenrad,sonnenrad,2,live,link,,
thesonnenrad,thenietzschearchive,2,live,link,,
thesonnenrad,xtianityxposed,2,live,link,,
thewaronwhites,chimpschimpingout,2,live,link,,
thewaronwhites,upsidedownclownworld,2,live,link,,
thewesternchauvinist1,jimboredux,2,live,link,,
thewesternchauvinist1,realblaircottrell,2,live,link,,
thewesternchauvinist1,whitevanguard1,2,live,link,,
thewesternchauvinist12,americanfreedomparty,2,live,link,,
thewesternchauvinist2,activeclubfrance,2,live,link,,
thewesternchauvinist2,altskull48,2,live,link,,
thewesternchauvinist2,americanblackshirts,2,live,link,,
thewesternchauvinist2,centralfloridaactiveclub,2,live,link,,
thewesternchauvinist2,floridaactiveclubs,2,live,link,,
thewesternchauvinist2,irelandswoes,2,live,link,,
thewesternchauvinist2,minnesotaactiveclub,2,live,link,,
thewesternchauvinist2,nathan_bull,2,live,link,,
thewesternchauvinist2,nebraska_active_club,2,live,link,,
thewesternchauvinist2,nsnuncensored,2,live,link,,
thewesternchauvinist2,riverina1,2,live,link,,
thewesternchauvinist2,siegtorians4,2,live,link,,
thewesternchauvinist2,snuncensored,2,live,link,,
thewesternchauvinist2,zoomerwaffenx,2,live,link,,
thewesternchauvinist7,altskull48,2,live,link,,
thewesternchauvinist7,hbmw88,2,live,link,,
thewesternchauvinist7,jimboredux,2,live,link,,
thewesternchauvinist7,johnfassbinderafp,2,live,link,,
thewesternchauvinist7,nationalist13,2,live,link,,
thewesternchauvinist7,patriotfrontnews,2,live,link,,
thewesternchauvinist7,whitecanada1,2,live,link,,
thuletide,survivethejive,2,live,link,,
ultrasnotreds8,activedietsland,2,live,link,,
ultrasnotreds8,apoelns88,2,live,link,,
ultrasnotreds8,athenscene,2,live,link,,
ultrasnotreds8,hetmanate2,2,live,link,,
ultrasnotreds8,hooliganscz1999,2,live,link,,
ultrasnotreds8,legioneuropachat,2,live,link,,
ultrasnotreds8,orianatio,2,live,link,,
vaultofsecrets,alternative_history2039,2,live,link,,
vaultofsecrets,europeanolk,2,live,link,,
vaultofsecrets,kazakkosh,2,live,link,,
vaultofsecrets,novanow,2,live,link,,
vaultofsecrets,zensiert111,2,live,link,,
whitelaborstrikeww,europeansocialism,2,live,link,,
whitelaborstrikeww,markacollett,2,live,link,,
whitelaborstrikeww,national_socialist_world,2,live,link,,
whitelaborstrikeww,nycmetronationalists,2,live,link,,
whitelaborstrikeww,r_propagandaposters,2,live,link,,
whitelaborstrikeww,thewaronwhites,2,live,link,,
whitelaborstrikeww,trump_is_gay,2,live,link,,
whitelaborstrikeww,westerndecline,2,live,link,,
whitelaborstrikeww,whiteoakguild,2,live,link,,
whitelads,activeclubuusimaa,2,live,link,,
whitelads,activeclubvlaanderen,2,live,link,,
whitelads,activedietsland,2,live,link,,
whitelads,atlanticaestheticsxiv,2,live,link,,
whitelads,caledoniaclub,2,live,link,,
whitelads,commiestomper,2,live,link,,
whitelads,nofacenatetracks,2,live,link,,
whitelads,normiepipeline2,2,live,link,,
whitelads,oboz1934,2,live,link,,
whitelads,soldatengalerij,2,live,link,,
whitelivesmatterofficial,michiganwlmintakebot,2,live,link,,
whitelivesmatterofficial,wlm_eu_bosnia,2,live,link,,
whitelivesmatterofficial,wlm_eu_italy,2,live,link,,
whitelivesmatterofficial,wlm_polling,2,live,link,,
whitelivesmatterofficial,wlm_usa_michigan_chat,2,live,link,,
whitelivesmatterofficial,wlm_viewing,2,live,link,,
whitelivesmatterofficial,wlmofficial14,2,live,link,,
whitelivesmatterofficialchat2,wlm_eu_bosnia,2,live,link,,
whitelivesmatterofficialchat2,wlm_eu_italy,2,live,link,,
whitelivesmatterofficialchat2,wlm_viewing,2,live,link,,
wlm_canada,borealadmin,2,live,link,,
wlm_canada,europa_the_last_battle_blu_ray,2,live,link,,
wlm_canada,lm_canada,2,live,link,,
wlm_canada,wildroseac,2,live,link,,
wlm_canada,wlm_canada_listening,2,live,link,,
wlm_canada,wlm_canada_reading,2,live,link,,
wlm_canada,wlm_eu_netherlands,2,live,link,,
wlm_canada,wlm_on_chat,2,live,link,,
wlm_canada,wlm_usa_montana,2,live,link,,
wlm_canada,wlmsubmissionbot,2,live,link,,
wlm_eu_czech_republic,activedietsland,2,live,link,,
wlm_eu_czech_republic,cig_telegram,2,live,link,,
wlm_eu_czech_republic,esmatterofficial,2,live,link,,
wlm_eu_czech_republic,huwhitepapers,2,live,link,,
wlm_eu_czech_republic,livesmatterofficial,2,live,link,,
wlm_eu_czech_republic,silesianratscrew,2,live,link,,
wlm_eu_czech_republic,veclubcr,2,live,link,,
wlm_eu_czech_republic,wlm_eu_czech_republic_chat,2,live,link,,
wlm_eu_czech_republic,wlm_eu_slovakia,2,live,link,,
wlm_eu_czech_republic,wlm_materials,2,live,link,,
wlm_eu_italy,europarevival1,2,live,link,,
wlm_eu_italy,lm_eu_italy,2,live,link,,
wlm_eu_italy,lmcontactbot,2,live,link,,
wlm_eu_italy,memorianatio,2,live,link,,
wlm_eu_italy,wlm_ita_video,2,live,link,,
wlm_eu_italy,wlmcontactbot,2,live,link,,
wlm_eu_netherlands,activedietsland,2,live,link,,
wlm_eu_netherlands,brotherhood_of_academists,2,live,link,,
wlm_eu_netherlands,cig_telegram,2,live,link,,
wlm_eu_netherlands,europa_the_last_battle_blu_ray,2,live,link,,
wlm_eu_netherlands,lm_eu_netherlands,2,live,link,,
wlm_eu_netherlands,newrightnews,2,live,link,,
wlm_eu_netherlands,wlm_eu_czech_republic,2,live,link,,
wlm_eu_netherlands,wlm_eu_ukraine,2,live,link,,
wlm_eu_netherlands,wlm_materials,2,live,link,,
wlm_eu_netherlands,wlm_reading,2,live,link,,
wlm_eu_netherlands,wolvenrad,2,live,link,,
wlm_eu_poland,cig_telegram,2,live,link,,
wlm_eu_poland,elivesmatterofficial,2,live,link,,
wlm_eu_poland,europa_the_last_battle_blu_ray,2,live,link,,
wlm_eu_poland,hellstorm1,2,live,link,,
wlm_eu_poland,lm_eu_poland,2,live,link,,
wlm_eu_poland,lmofficial,2,live,link,,
wlm_eu_poland,proud_poland,2,live,link,,
wlm_eu_poland,smatterofficial,2,live,link,,
wlm_eu_poland,whitepositivemedia,2,live,link,,
wlm_eu_poland,wlm_tutorials,2,live,link,,
wlm_eu_romania,chilieathonita,2,live,link,,
wlm_eu_romania,gardanationalista1309,2,live,link,,
wlm_eu_romania,markacollett,2,live,link,,
wlm_eu_romania,pjwnews,2,live,link,,
wlm_eu_romania,racerealismchannel,2,live,link,,
wlm_eu_romania,revistarost,2,live,link,,
wlm_eu_romania,theaustralianvanguard,2,live,link,,
wlm_eu_romania,wlm_eu_united_kingdom,2,live,link,,
wlm_eu_russia,hitelivesmatterofficial,2,live,link,,
wlm_eu_russia,vesmatterofficial,2,live,link,,
wlm_eu_russia,whitelivesmatteroffficial,2,live,link,,
wlm_eu_russia,yourfriendfelix,2,live,link,,
wlm_eu_russia_chat,elivesmatterofficial,2,live,link,,
wlm_eu_russia_chat,howtogetradicalized,2,live,link,,
wlm_eu_russia_chat,ivesmatterofficial,2,live,link,,
wlm_eu_russia_chat,livesmatterofficial,2,live,link,,
wlm_eu_russia_chat,mnogonazi,2,live,link,,
wlm_eu_russia_chat,stolnygrad_official,2,live,link,,
wlm_eu_russia_chat,whiteunityproject,2,live,link,,
wlm_eu_russia_chat,wlm_eu_italy,2,live,link,,
wlm_eu_russia_chat,wlm_materials,2,live,link,,
wlm_eu_russia_chat,wlm_usa_california,2,live,link,,
wlm_eu_russia_chat,wlm_usa_oklahoma,2,live,link,,
wlm_eu_slovakia,battleofeuropa,2,live,link,,
wlm_eu_slovakia,europa_the_last_battle_blu_ray,2,live,link,,
wlm_eu_slovakia,itelivesmatterofficial,2,live,link,,
wlm_eu_slovakia,mysmebuducnost,2,live,link,,
wlm_eu_slovakia,slovenskatajnaochrana,2,live,link,,
wlm_eu_slovakia,smatterofficial,2,live,link,,
wlm_eu_slovakia,whitealexandriaslibrary,2,live,link,,
wlm_eu_slovakia,wlm_eu_sk_vetting,2,live,link,,
wlm_eu_slovakia,wlm_tutorials,2,live,link,,
wlm_eu_ukraine,addlist,2,live,link,,
wlm_eu_ukraine,ivesmatterofficial,2,live,link,,
wlm_eu_ukraine,mofficial14,2,live,link,,
wlm_eu_ukraine,wlm_events,2,live,link,,
wlm_eu_ukraine,wlm_materials,2,live,link,,
wlm_eu_ukraine,wlmofficial14,2,live,link,,
wlm_eu_ukraine,wlmsubmissionbot,2,live,link,,
wlm_eu_united_kingdom,europa_the_last_battle_blu_ray,2,live,link,,
wlm_eu_united_kingdom,unitynewsnetwork,2,live,link,,
wlm_eu_united_kingdom,vesmatterofficial,2,live,link,,
wlm_eu_united_kingdom,wlm_viewing,2,live,link,,
wlm_usa_arizona,azactionchat,2,live,link,,
wlm_usa_arizona,clockworkupdates,2,live,link,,
wlm_usa_arizona,europa_the_last_battle_blu_ray,2,live,link,,
wlm_usa_arizona,nationalismunited,2,live,link,,
wlm_usa_arizona,twcaddyshack,2,live,link,,
wlm_usa_california,cig_telegram,2,live,link,,
wlm_usa_california,horus_mt,2,live,link,,
wlm_usa_california,livesmatterofficial,2,live,link,,
wlm_usa_california,negativeresponse,2,live,link,,
wlm_usa_california,patrioticalternativeofficial,2,live,link,,
wlm_usa_california,police_frequency,2,live,link,,
wlm_usa_california,siciliangorillian2,2,live,link,,
wlm_usa_california,thewesternchauvinist2,2,live,link,,
wlm_usa_california,thomas_sewell,2,live,link,,
wlm_usa_california,wlm_eu_netherlands,2,live,link,,
wlm_usa_california,wlm_eu_switzerland,2,live,link,,
wlm_usa_california,wlm_viewing,2,live,link,,
wlm_usa_colorado,hellstorm1,2,live,link,,
wlm_usa_colorado,lmofficial,2,live,link,,
wlm_usa_colorado,smatterofficial,2,live,link,,
wlm_usa_colorado,thomas_sewell,2,live,link,,
wlm_usa_colorado,wasatchactiveclub,2,live,link,,
wlm_usa_colorado,whitelivesmatterofficialchat,2,live,link,,
wlm_usa_colorado,wlm_tutorials,2,live,link,,
wlm_usa_colorado,zoomerwaffen5,2,live,link,,
wlm_usa_idaho,ca_legion_xiv,2,live,link,,
wlm_usa_idaho,europa_the_last_battle_blu_ray,2,live,link,,
wlm_usa_idaho,newengland3p,2,live,link,,
wlm_usa_idaho,sonscolumbia,2,live,link,,
wlm_usa_idaho,sonsretvrned,2,live,link,,
wlm_usa_idaho,whitelivesmatterofficialchat2,2,live,link,,
wlm_usa_idaho,wlm_bc_chat,2,live,link,,
wlm_usa_idaho,wlm_canada,2,live,link,,
wlm_usa_idaho,wlm_usa_california_chat,2,live,link,,
wlm_usa_idaho,wlm_usa_idaho_chat2,2,live,link,,
wlm_usa_idaho,wlm_usa_oregon,2,live,link,,
wlm_usa_idaho,wlm_usa_oregon_chat,2,live,link,,
wlm_usa_illinois,huwhitepapers,2,live,link,,
wlm_usa_illinois,whitelivesmattermichiganvetting,2,live,link,,
wlm_usa_illinois,wlm_usa_arizona,2,live,link,,
wlm_usa_illinois,wlm_usa_michigan_chat,2,live,link,,
wlm_usa_michigan,airraidbombshelter2,2,live,link,,
wlm_usa_michigan,brotherhood_of_academists,2,live,link,,
wlm_usa_michigan,joeldavis_x,2,live,link,,
wlm_usa_michigan,michiganwlm_vetting,2,live,link,,
wlm_usa_michigan,michiganwlmintakebot,2,live,link,,
wlm_usa_michigan,noticernews,2,live,link,,
wlm_usa_michigan,patriot_gus,2,live,link,,
wlm_usa_michigan,realblaircottrell,2,live,link,,
wlm_usa_michigan,telivesmatterofficial,2,live,link,,
wlm_usa_michigan,whitelivesmattercanadaofficial,2,live,link,,
wlm_usa_michigan,wlm_events,2,live,link,,
wlm_usa_michigan,wlm_mittens_tha_don,2,live,link,,
wlm_usa_minnesota,lmcontactbot,2,live,link,,
wlm_usa_minnesota,markacollett,2,live,link,,
wlm_usa_minnesota,noticernews,2,live,link,,
wlm_usa_minnesota,wlm_events,2,live,link,,
wlm_usa_minnesota,wlm_usa_montana,2,live,link,,
wlm_usa_minnesota,wlm_usa_ohio,2,live,link,,
wlm_usa_montana,altskull48,2,live,link,,
wlm_usa_montana,cig_telegram,2,live,link,,
wlm_usa_montana,keith_woods,2,live,link,,
wlm_usa_montana,lmcontactbot,2,live,link,,
wlm_usa_montana,whitelivesmattermontana,2,live,link,,
wlm_usa_montana,wlm_usa_arizona,2,live,link,,
wlm_usa_montana,wlm_usa_california,2,live,link,,
wlm_usa_montana,wlm_usa_pennsylvania_chat,2,live,link,,
wlm_usa_montana,wlm_viewing,2,live,link,,
wlm_usa_montana,wlmofficial14,2,live,link,,
wlm_usa_new_jersey,afawatch,2,live,link,,
wlm_usa_new_jersey,devonstack,2,live,link,,
wlm_usa_new_jersey,fashposting,2,live,link,,
wlm_usa_new_jersey,forbiddenhistory18,2,live,link,,
wlm_usa_new_jersey,hitelivesmatterofficial,2,live,link,,
wlm_usa_new_jersey,huwhitepapers,2,live,link,,
wlm_usa_new_jersey,lmsubmissionbot,2,live,link,,
wlm_usa_new_jersey,memorianatio,2,live,link,,
wlm_usa_new_jersey,mofficial14,2,live,link,,
wlm_usa_new_jersey,skumshot,2,live,link,,
wlm_usa_new_jersey,sonat61,2,live,link,,
wlm_usa_new_jersey,southwestafawatch,2,live,link,,
wlm_usa_new_jersey,telivesmatterofficial,2,live,link,,
wlm_usa_new_jersey,thesonnenrad,2,live,link,,
wlm_usa_new_jersey,vaultofsecrets,2,live,link,,
wlm_usa_new_jersey,virginiaflaggers,2,live,link,,
wlm_usa_new_jersey,wlm_eu_poland,2,live,link,,
wlm_usa_new_jersey,wlm_usa_michigan,2,live,link,,
wlm_usa_new_jersey,wlm_usa_new_jersey_chat,2,live,link,,
wlm_usa_new_jersey,wlmofficial14,2,live,link,,
wlm_usa_new_jersey,zoomerwaffenx,2,live,link,,
wlm_usa_new_york2,europa_the_last_battle_blu_ray,2,live,link,,
wlm_usa_new_york2,lewiscountrystore,2,live,link,,
wlm_usa_new_york2,lmcontactbot,2,live,link,,
wlm_usa_new_york2,lmsubmissionbot,2,live,link,,
wlm_usa_new_york2,memecannons88,2,live,link,,
wlm_usa_new_york2,no_bs_88,2,live,link,,
wlm_usa_new_york2,oldarminius,2,live,link,,
wlm_usa_new_york2,tradpics,2,live,link,,
wlm_usa_new_york2,vaultofsecrets,2,live,link,,
wlm_usa_new_york2,wlm_eu_netherlands,2,live,link,,
wlm_usa_new_york2,wlm_usa_oregon,2,live,link,,
wlm_usa_new_york2,wlm_usa_oregon_chat,2,live,link,,
wlm_usa_new_york2,wlm_usa_texas2,2,live,link,,
wlm_usa_north_carolina,ca_legion_xiv,2,live,link,,
wlm_usa_north_carolina,elivesmatterofficial,2,live,link,,
wlm_usa_north_carolina,legioneuropa,2,live,link,,
wlm_usa_north_carolina,wlm_usa_arizona,2,live,link,,
wlm_usa_north_carolina,wlm_usa_california,2,live,link,,
wlm_usa_north_carolina,wlm_usa_california_chat,2,live,link,,
wlm_usa_north_carolina,wlm_usa_virginia_chat,2,live,link,,
wlm_usa_ohio,hitelivesmatterofficial,2,live,link,,
wlm_usa_ohio,retards_tiktok,2,live,link,,
wlm_usa_ohio,telivesmatterofficial,2,live,link,,
wlm_usa_ohio,thewesternchauvinist7,2,live,link,,
wlm_usa_ohio,wlm_usa_kentucky,2,live,link,,
wlm_usa_ohio,wlm_usa_kentucky_chat,2,live,link,,
wlm_usa_ohio,wlm_usa_montana,2,live,link,,
wlm_usa_ohio,wlm_usa_west_virginia,2,live,link,,
wlm_usa_ohio,wlm_usa_west_virginia_chat2,2,live,link,,
wlm_usa_ohio,wlmsubmissionbot,2,live,link,,
wlm_usa_oregon,europa_the_last_battle_blu_ray,2,live,link,,
wlm_usa_oregon,hellstorm1,2,live,link,,
wlm_usa_oregon,lmcontactbot,2,live,link,,
wlm_usa_oregon,lmofficial,2,live,link,,
wlm_usa_oregon,lmsubmissionbot,2,live,link,,
wlm_usa_oregon,smatterofficial,2,live,link,,
wlm_usa_oregon,treds_bot,2,live,link,,
wlm_usa_oregon,ultrasnotreds81,2,live,link,,
wlm_usa_oregon,wlm_tutorials,2,live,link,,
wlm_usa_oregon,wlm_usa_washington3,2,live,link,,
wlm_usa_pennsylvania,evropean_americans,2,live,link,,
wlm_usa_pennsylvania,joeldavis_x,2,live,link,,
wlm_usa_pennsylvania,whitepositivemedia,2,live,link,,
wlm_usa_pennsylvania,wlm_usa_colorado,2,live,link,,
wlm_usa_pennsylvania,wlm_usa_kentucky,2,live,link,,
wlm_usa_pennsylvania,wlm_usa_michigan_chat,2,live,link,,
wlm_usa_pennsylvania,wlm_usa_ohio2,2,live,link,,
wlm_usa_tennessee,cig_telegram,2,live,link,,
wlm_usa_tennessee,devonstack,2,live,link,,
wlm_usa_tennessee,europa_the_last_battle_blu_ray,2,live,link,,
wlm_usa_tennessee,ficial,2,live,link,,
wlm_usa_tennessee,klanchowder,2,live,link,,
wlm_usa_tennessee,markacollett,2,live,link,,
wlm_usa_tennessee,memorianatio,2,live,link,,
wlm_usa_tennessee,telivesmatterofficial,2,live,link,,
wlm_usa_tennessee,thewesternchauvinist7,2,live,link,,
wlm_usa_tennessee,wlm_events,2,live,link,,
wlm_usa_tennessee,wlm_listening,2,live,link,,
wlm_usa_tennessee,wlm_usa_south_carolina,2,live,link,,
wlm_usa_tennessee,wlm_usa_wisconsin,2,live,link,,
wlm_usa_texas,aaccensored,2,live,link,,
wlm_usa_texas,antifawatch2,2,live,link,,
wlm_usa_texas,disclosetv,2,live,link,,
wlm_usa_texas,elivesmatterofficial,2,live,link,,
wlm_usa_texas,hitelivesmatterofficial,2,live,link,,
wlm_usa_texas,lmsubmissionbot,2,live,link,,
wlm_usa_texas,mh_rainn,2,live,link,,
wlm_usa_texas,no_bs_88,2,live,link,,
wlm_usa_texas,protecttxkids,2,live,link,,
wlm_usa_texas,rnintel,2,live,link,,
wlm_usa_texas,rusorel862,2,live,link,,
wlm_usa_texas,texasnationalistnetwork,2,live,link,,
wlm_usa_texas,thewesternchauvinist12,2,live,link,,
wlm_usa_texas,tomsewelluncensored,2,live,link,,
wlm_usa_texas,volmemes,2,live,link,,
wlm_usa_texas,wlm_usa_arizona,2,live,link,,
wlm_usa_texas,wlm_usa_colorado,2,live,link,,
wlm_usa_texas,wlm_usa_michigan,2,live,link,,
wlm_usa_texas,wlm_usa_montana,2,live,link,,
wlm_usa_texas,wlmsubmissionbot,2,live,link,,
wlm_usa_texas,wolvenrad,2,live,link,,
wlm_usa_texas2,alamoxiv,2,live,link,,
wlm_usa_texas2,disclosetv,2,live,link,,
wlm_usa_texas2,mh_rainn,2,live,link,,
wlm_usa_texas2,no_bs_88,2,live,link,,
wlm_usa_texas2,protecttxkids,2,live,link,,
wlm_usa_texas2,rnintel,2,live,link,,
wlm_usa_texas2,rusorel862,2,live,link,,
wlm_usa_texas2,texasnationalistnetwork,2,live,link,,
wlm_usa_texas2,thewesternchauvinist12,2,live,link,,
wlm_usa_texas2,tomsewelluncensored,2,live,link,,
wlm_usa_texas2,volmemes,2,live,link,,
wlm_usa_texas2,whitelivesmatterofficialchat2,2,live,link,,
wlm_usa_texas2,wlm_usa_arizona,2,live,link,,
wlm_usa_texas2,wlm_usa_michigan,2,live,link,,
wlm_usa_texas2,wlm_usa_oregon,2,live,link,,
wlm_usa_texas2,wolvenrad,2,live,link,,
wlm_usa_washington2,wlm_materials,2,live,link,,
wlm_usa_washington2,wlm_usa_alabama,2,live,link,,
wlm_usa_washington2,wlm_usa_delaware,2,live,link,,
wlm_usa_washington2,wlm_usa_ohio,2,live,link,,
wlm_usa_washington3,elivesmatterofficial,2,live,link,,
wlm_usa_washington3,itelivesmatterofficial,2,live,link,,
wlm_usa_washington3,noticernews,2,live,link,,
wlm_usa_washington3,ultrasnotreds8,2,live,link,,
wlm_usa_washington3,ultrasnotreds81,2,live,link,,
wlm_usa_washington3,volmemes,2,live,link,,
wlm_usa_washington3,whitelaborstrikeww,2,live,link,,
wlm_usa_washington3,whitelivesmattermichiganvetting,2,live,link,,
wlm_usa_washington3,wlm_eu_italy,2,live,link,,
wlm_usa_washington3,wlm_eu_ukraine,2,live,link,,
wlm_usa_washington3,wlm_usa_arizona,2,live,link,,
wlm_usa_washington3,wlm_usa_arkansas2,2,live,link,,
wlm_usa_washington3,wlm_usa_michigan_chat,2,live,link,,
wlm_usa_washington3,wlm_usa_pennsylvania,2,live,link,,
wlm_usa_washington3,wlm_usa_washington2,2,live,link,,
wlm_usa_washington3,wlmofficial14,2,live,link,,
wlm_usa_wisconsin,elivesmatterofficial,2,live,link,,
wlm_usa_wisconsin,europa_the_last_battle_blu_ray,2,live,link,,
wlm_usa_wisconsin,fashanova,2,live,link,,
wlm_usa_wisconsin,negativeresponse,2,live,link,,
wlm_usa_wisconsin,telivesmatterofficial,2,live,link,,
wlm_usa_wisconsin,whitelivesmattermichiganvetting,2,live,link,,
wlm_usa_wisconsin,wlm_usa_michigan_chat,2,live,link,,
wlm_usa_wisconsin,wlm_usa_new_jersey,2,live,link,,
wlm_usa_wisconsin,wlm_viewing,2,live,link,,
wlm_viewing_russian,wlm_eu_russia_chat,2,live,link,,
wlmofficial14,battleofeuropa,2,live,link,,
wlmofficial14,europa_the_last_battle_blu_ray,2,live,link,,
zoomerwaffenx,siciliangorillian2,2,live,link,,
activeclubcr,activeclubfrance,1,live,link,,
activeclubcr,capitalxac,1,live,link,,
activeclubcr,gymxiv2,1,live,link,,
activeclubcr,itelivesmatterofficial,1,live,link,,
activeclubcr,listyosy,1,live,link,,
activeclubcr,memorianatio,1,live,link,,
activeclubcr,natsquads,1,live,link,,
activeclubcr,noticernews,1,live,link,,
activeclubcr,telivesmatterofficial,1,live,link,,
activeclubcr,terofficial,1,live,link,,
activeclubcr,wbgda,1,live,link,,
activeclubcr,wlm_eu_romania,1,live,link,,
activeclubcr,wlm_eu_slovakia,1,live,link,,
activeclubcr,wlmcontactbot,1,live,link,,
activeclubcr,wzrd_xiv,1,live,link,,
activedietsland,acscotlandxiv,1,live,link,,
activedietsland,actclubengland,1,live,link,,
activedietsland,activeclubconnecticut,1,live,link,,
activedietsland,activeclubengland2,1,live,link,,
activedietsland,activeclubhelvetia,1,live,link,,
activedietsland,activeclubnorway,1,live,link,,
activedietsland,activeclubpl,1,live,link,,
activedietsland,aktivklubb_sverige,1,live,link,,
activedietsland,aktivklubb_sverige2,1,live,link,,
activedietsland,aktivklubbskane,1,live,link,,
activedietsland,athenscene,1,live,link,,
activedietsland,batavica,1,live,link,,
activedietsland,cdcontact,1,live,link,,
activedietsland,comitedu9mai,1,live,link,,
activedietsland,gymxiv,1,live,link,,
activedietsland,memorianatio,1,live,link,,
activedietsland,nbc010,1,live,link,,
activedietsland,orianatio2,1,live,link,,
activedietsland,tvasaxe,1,live,link,,
activedietsland,ultrasnotreds8,1,live,link,,
activedietsland,ultrasnotreds81,1,live,link,,
activedietsland,wbgda,1,live,link,,
activedietsland,wbsthlm,1,live,link,,
activedietsland,whitelads,1,live,link,,
activedietsland,whiteyouthinrevolt,1,live,link,,
activedietsland,wolvenrad,1,live,link,,
alamoxiv,activeclubdirectory,1,live,link,,
alamoxiv,activeclubhelvetia,1,live,link,,
alamoxiv,activeclubogotaw2r,1,live,link,,
alamoxiv,activeclubuncensored,1,live,link,,
alamoxiv,ancestralaesthetic14,1,live,link,,
alamoxiv,australia,1,live,link,,
alamoxiv,basedgif2,1,live,link,,
alamoxiv,bdept,1,live,link,,
alamoxiv,bevirtuous,1,live,link,,
alamoxiv,bloodsatelliteshow,1,live,link,,
alamoxiv,bootsxboxing,1,live,link,,
alamoxiv,chossingston,1,live,link,,
alamoxiv,davidzsutty,1,live,link,,
alamoxiv,dissidentminds,1,live,link,,
alamoxiv,eamuncensored2,1,live,link,,
alamoxiv,echoesfromelysium,1,live,link,,
alamoxiv,eldersoftheblacksuniv,1,live,link,,
alamoxiv,folkisheurope,1,live,link,,
alamoxiv,heraldthelightning,1,live,link,,
alamoxiv,husbands_and_fathers,1,live,link,,
alamoxiv,ill2risecontact,1,live,link,,
alamoxiv,imperivmrenaissance,1,live,link,,
alamoxiv,inmagnaexcitatio,1,live,link,,
alamoxiv,leagueofshadowsss,1,live,link,,
alamoxiv,leatherapronclubtg,1,live,link,,
alamoxiv,maregermanicum,1,live,link,,
alamoxiv,medrebirth,1,live,link,,
alamoxiv,mellaswaino,1,live,link,,
alamoxiv,murderthemedia,1,live,link,,
alamoxiv,natsquads,1,live,link,,
alamoxiv,notariffs,1,live,link,,
alamoxiv,ohionationalistnetwork,1,live,link,,
alamoxiv,onnvetting,1,live,link,,
alamoxiv,practicalpolitics,1,live,link,,
alamoxiv,prothate1,1,live,link,,
alamoxiv,raweggnationalistofficial,1,live,link,,
alamoxiv,realsolbrah,1,live,link,,
alamoxiv,retardsoftiktok,1,live,link,,
alamoxiv,risingrxce,1,live,link,,
alamoxiv,rnintel,1,live,link,,
alamoxiv,rvls88,1,live,link,,
alamoxiv,semiogogue,1,live,link,,
alamoxiv,solarjihad2,1,live,link,,
alamoxiv,solarpulp,1,live,link,,
alamoxiv,soldatengalerij,1,live,link,,
alamoxiv,sonsofva_ac,1,live,link,,
alamoxiv,southernsaxon,1,live,link,,
alamoxiv,spornts,1,live,link,,
alamoxiv,themajestyofterramater,1,live,link,,
alamoxiv,thesecondtexanconnection,1,live,link,,
alamoxiv,thomas_sewell,1,live,link,,
alamoxiv,tomsewelluncensored,1,live,link,,
alamoxiv,traditionaleurope,1,live,link,,
alamoxiv,true_anarchy,1,live,link,,
alamoxiv,vinniesullivan,1,live,link,,
alamoxiv,whichtimes,1,live,link,,
alamoxiv,whiterex_original,1,live,link,,
alamoxiv,wlm_usa_texas,1,live,link,,
alamoxiv,worthfightingfor_telegram,1,live,link,,
alamoxiv,xyziy17niqg9na,1,live,link,,
antifawatch2,g_telegram,1,live,link,,
antifawatch2,martinsellner_english,1,live,link,,
antifawatch2,rnintel,1,live,link,,
antifawatch2,usao_losangeles,1,live,link,,
antifawatch2,usao_wdtx,1,live,link,,
antifawatch2,vdare,1,live,link,,
ausvstheagenda,noticernews,1,live,link,,
bigskyac_uncensor3d,patriotfrontupdates,1,live,link,,
bigskyac_uncensor3d,rocky_mountain_resistance,1,live,link,,
bigskyac_uncensor3d,secondsonscanada,1,live,link,,
bigskyac_uncensor3d,will2riseclothing,1,live,link,,
brotherhood_of_academists,academistsdance,1,live,link,,
brotherhood_of_academists,blickpunkttv,1,live,link,,
brotherhood_of_academists,fedelasjons,1,live,link,,
brotherhood_of_academists,kvmalofeev,1,live,link,,
brotherhood_of_academists,markacollett,1,live,link,,
brotherhood_of_academists,mouvementnation,1,live,link,,
brotherhood_of_academists,nacjonalizmnop,1,live,link,,
brotherhood_of_academists,novaresistenciabrasil,1,live,link,,
brotherhood_of_academists,patrioticalternativeofficial,1,live,link,,
brotherhood_of_academists,robertofiore_fn,1,live,link,,
brotherhood_of_academists,russian_hussar,1,live,link,,
brotherhood_of_academists,unrmx,1,live,link,,
brotherhood_of_academists,we_are_fbr,1,live,link,,
brotherhood_of_academists,wlm_eu_netherlands,1,live,link,,
casusbelli2021,acatiste,1,live,link,,
casusbelli2021,activenewsro,1,live,link,,
casusbelli2021,archiviononconforme,1,live,link,,
casusbelli2021,basilicanews,1,live,link,,
casusbelli2021,bucovinaprofunda,1,live,link,,
casusbelli2021,calmatuiv,1,live,link,,
casusbelli2021,comitedu9mai,1,live,link,,
casusbelli2021,flashpointhq,1,live,link,,
casusbelli2021,kiesdries,1,live,link,,
casusbelli2021,m_eu_romania,1,live,link,,
casusbelli2021,nationalistesfr,1,live,link,,
casusbelli2021,nimicfaradumnezeu,1,live,link,,
casusbelli2021,occupiedtimes,1,live,link,,
casusbelli2021,omitedu9mai,1,live,link,,
casusbelli2021,orianatio,1,live,link,,
casusbelli2021,politicincorect,1,live,link,,
casusbelli2021,pro_vita,1,live,link,,
casusbelli2021,revistarost,1,live,link,,
casusbelli2021,theparanormiespresent,1,live,link,,
casusbelli2021,tioncom,1,live,link,,
casusbelli2021,ultrasnotreds8,1,live,link,,
casusbelli2021,ultrasnotreds81,1,live,link,,
casusbelli2021,vietilesfintilor,1,live,link,,
devonstack,fyrgen,1,live,link,,
devonstack,millenniyule,1,live,link,,
doomposting,chatgpt_by_openai,1,live,link,,
evropean_americans,acdevenireuropeo,1,live,link,,
evropean_americans,activedietsland,1,live,link,,
evropean_americans,america,1,live,link,,
evropean_americans,amerikanerupdates,1,live,link,,
evropean_americans,ca_legion_xiv,1,live,link,,
evropean_americans,clanneireann,1,live,link,,
evropean_americans,culturewarcriminal,1,live,link,,
evropean_americans,dutchdissident,1,live,link,,
evropean_americans,eanamerica,1,live,link,,
evropean_americans,fashposting,1,live,link,,
evropean_americans,frontrangeac,1,live,link,,
evropean_americans,greatermicollective,1,live,link,,
evropean_americans,greatlakesactiveclub,1,live,link,,
evropean_americans,hitelivesmatterofficial,1,live,link,,
evropean_americans,inmagnaexcitatio,1,live,link,,
evropean_americans,joeldavis_x,1,live,link,,
evropean_americans,normanpf,1,live,link,,
evropean_americans,ohionationalistnetwork,1,live,link,,
evropean_americans,opeanamerica,1,live,link,,
evropean_americans,pavolpatriot,1,live,link,,
evropean_americans,rightsidegraff,1,live,link,,
evropean_americans,rusorel862,1,live,link,,
evropean_americans,russian_tribuna,1,live,link,,
evropean_americans,whiteflorida,1,live,link,,
evropean_americans,whitelads,1,live,link,,
evropean_americans,whitelivesmatterofficial,1,live,link,,
evropean_americans,will2risecontact,1,live,link,,
evropean_americans,wlm_usa_montana,1,live,link,,
fashposting,antelopehill,1,live,link,,
fashposting,ashposting,1,live,link,,
fashposting,auspill,1,live,link,,
fashposting,ddgadvertisingbot,1,live,link,,
fashposting,ddgeopolitics,1,live,link,,
fashposting,dhsgov,1,live,link,,
fashposting,geopwatch,1,live,link,,
fashposting,informationliberation,1,live,link,,
fashposting,kennykotv,1,live,link,,
fashposting,paxtube,1,live,link,,
fashposting,pwatch,1,live,link,,
forbiddenhistory18,aryan_renaissance,1,live,link,,
forbiddenhistory18,atlantean_blood,1,live,link,,
forbiddenhistory18,zisblattsdiamonds,1,live,link,,
gardanationalista1309,ag_realeducation,1,live,link,,
gardanationalista1309,ardieniimureseni,1,live,link,,
gardanationalista1309,brotherlycollective,1,live,link,,
gardanationalista1309,canarad_ortodox1848,1,live,link,,
gardanationalista1309,cautamantuirea,1,live,link,,
gardanationalista1309,christofascism,1,live,link,,
gardanationalista1309,gardieniidiscutii,1,live,link,,
gardanationalista1309,ista1309,1,live,link,,
gardanationalista1309,ksfrontrumanien,1,live,link,,
gardanationalista1309,lamnrom,1,live,link,,
gardanationalista1309,legionbulgaria,1,live,link,,
gardanationalista1309,letsaskbot,1,live,link,,
gardanationalista1309,ligastudentilor,1,live,link,,
gardanationalista1309,mitedu9mai,1,live,link,,
gardanationalista1309,muresulnationalist,1,live,link,,
gardanationalista1309,nalista1309,1,live,link,,
gardanationalista1309,nat88org,1,live,link,,
gardanationalista1309,nationalistesfr,1,live,link,,
gardanationalista1309,orianatio,1,live,link,,
gardanationalista1309,ortodox1848,1,live,link,,
gardanationalista1309,raiul_muntilor_1848,1,live,link,,
gardanationalista1309,rdanationalista1309,1,live,link,,
gardanationalista1309,serbonserbia,1,live,link,,
gardanationalista1309,tinfagarasan,1,live,link,,
gardanationalista1309,uresulnationalist,1,live,link,,
gardanationalista1309,vietilesfintilor,1,live,link,,
hbmw88,cenobiumtvuncensored,1,live,link,,
hbmw88,hersantite,1,live,link,,
hbmw88,pavement_ape,1,live,link,,
herrcent,ch_88_aus,1,live,link,,
herrcent,fuck_the_abc,1,live,link,,
herrcent,lonestaractiveclub,1,live,link,,
herrcent,markacollett,1,live,link,,
herrcent,nathanbulluncensored,1,live,link,,
herrcent,scbn_aus,1,live,link,,
herrcent,sunshineyouthxiv,1,live,link,,
hersantite,ch_88_aus,1,live,link,,
hersantite,fuck_the_abc,1,live,link,,
hersantite,lonestaractiveclub,1,live,link,,
hersantite,markacollett,1,live,link,,
hersantite,nathanbulluncensored,1,live,link,,
hersantite,scbn_aus,1,live,link,,
hersantite,sunshineyouthxiv,1,live,link,,
holocaustrevision,bmnw14,1,live,link,,
holocaustrevision,hiddentruthvideos,1,live,link,,
holocaustrevision,internationalblackshirts2,1,live,link,,
holocaustrevision,masa302,1,live,link,,
holocaustrevision,savethewestnow,1,live,link,,
holocaustrevision,the_distinction,1,live,link,,
holocaustrevision,unitynewsnetwork,1,live,link,,
holocaustrevision,warrenbalogh88,1,live,link,,
howtoirritatejews,aidanruddmusic,1,live,link,,
howtoirritatejews,arjunvagale,1,live,link,,
howtoirritatejews,boomfestivalofficial,1,live,link,,
howtoirritatejews,bralle,1,live,link,,
howtoirritatejews,davidicke,1,live,link,,
howtoirritatejews,deckauk,1,live,link,,
howtoirritatejews,elonmusk,1,live,link,,
howtoirritatejews,kike_pravda_seres,1,live,link,,
howtoirritatejews,netanyahu,1,live,link,,
howtoirritatejews,phase_modwerks,1,live,link,,
howtoirritatejews,realblaircottrell,1,live,link,,
howtoirritatejews,redroomsberlin,1,live,link,,
howtoirritatejews,ricardo_garduno_official,1,live,link,,
howtoirritatejews,rss2tg_bot,1,live,link,,
howtoirritatejews,sciahri__sublunar,1,live,link,,
howtoirritatejews,tomsewelluncensored,1,live,link,,
howtoirritatejews,znagathering,1,live,link,,
huwhitepapers,bellumactanews,1,live,link,,
huwhitepapers,hitepapers,1,live,link,,
huwhitepapers,millennialwoes,1,live,link,,
huwhitepapers,millenniyule,1,live,link,,
huwhitepapers,southafricareports,1,live,link,,
huwhitepapers,theaureuspress,1,live,link,,
huwhitepapers,uwhitepapers,1,live,link,,
huwhitepapers,vdare,1,live,link,,
leftistextremistwatch,amrenofficial,1,live,link,,
leftistextremistwatch,casdorff,1,live,link,,
leftistextremistwatch,countercurrents,1,live,link,,
leftistextremistwatch,dem0graphics,1,live,link,,
leftistextremistwatch,exilesofthegoldenage,1,live,link,,
leftistextremistwatch,ig_telegram,1,live,link,,
leftistextremistwatch,informationliberation,1,live,link,,
leftistextremistwatch,jungetat,1,live,link,,
leftistextremistwatch,luminisparis,1,live,link,,
leftistextremistwatch,mtodaynews,1,live,link,,
leftistextremistwatch,nationalpartyie,1,live,link,,
leftistextremistwatch,resum25,1,live,link,,
leftistextremistwatch,secondgreg,1,live,link,,
leftistextremistwatch,telegram,1,live,link,,
leftistextremistwatch,voxeuropaherald,1,live,link,,
leftistextremistwatch,worldconflicts,1,live,link,,
listyosy,ausvstheagenda,1,live,link,,
listyosy,diukraine,1,live,link,,
listyosy,ironagewar,1,live,link,,
listyosy,joeldavis_x,1,live,link,,
listyosy,kapitannormalnost,1,live,link,,
listyosy,marianmagatoficialny,1,live,link,,
listyosy,windenland,1,live,link,,
markacollett,danerikssonse,1,live,link,,
markacollett,davidzsutty,1,live,link,,
markacollett,heavy_gustav,1,live,link,,
markacollett,presstv,1,live,link,,
markacollett,rediceuncensored,1,live,link,,
markacollett,rnintel,1,live,link,,
markacollett,saintharrison,1,live,link,,
markacollett,stevelawsrn,1,live,link,,
markacollett,theconspiracyhole,1,live,link,,
markacollett,thegoldenone,1,live,link,,
markacollett,tomsewelluncensored,1,live,link,,
markacollett,warrenbalogh88,1,live,link,,
markacollett,whiterabbitradio,1,live,link,,
martinsellner_english,coll_nemesis,1,live,link,,
martinsellner_english,countercurrents,1,live,link,,
martinsellner_english,deblockapp,1,live,link,,
martinsellner_english,dfildebrandt,1,live,link,,
martinsellner_english,dvanlangenhove,1,live,link,,
martinsellner_english,editorialeas,1,live,link,,
martinsellner_english,evavlaar,1,live,link,,
martinsellner_english,identitaeredeutschland,1,live,link,,
martinsellner_english,identitaereoesterreich,1,live,link,,
martinsellner_english,renedierkesafd,1,live,link,,
martinsellner_english,rupertlowe10,1,live,link,,
martinsellner_english,stitutiliade,1,live,link,,
martinsellner_english,thegoldenone,1,live,link,,
martinsellner_english,toroczkailaszlo,1,live,link,,
martinsellner_english,wsonlinenews,1,live,link,,
media2rise,acscotlandxiv,1,live,link,,
media2rise,actclubengland,1,live,link,,
media2rise,activeclubdk,1,live,link,,
media2rise,activeclubnorway,1,live,link,,
media2rise,activeclubxiv,1,live,link,,
media2rise,activedietsland,1,live,link,,
media2rise,ahab88,1,live,link,,
media2rise,aktivklubb_sverige,1,live,link,,
media2rise,amrenofficial,1,live,link,,
media2rise,autonompl,1,live,link,,
media2rise,ericstrikertrs,1,live,link,,
media2rise,frequentfliers,1,live,link,,
media2rise,gregoryhood,1,live,link,,
media2rise,gymxiv2,1,live,link,,
media2rise,hyphenreport,1,live,link,,
media2rise,legiohungaria,1,live,link,,
media2rise,michellemalkin,1,live,link,,
media2rise,nationaljustice,1,live,link,,
media2rise,rob_rundo,1,live,link,,
media2rise,tony_hovater,1,live,link,,
media2rise,tvasaxe,1,live,link,,
media2rise,wbsthlm,1,live,link,,
media2rise,will2rise2,1,live,link,,
media2rise,will2riseshop,1,live,link,,
memorianatio,activeclubengland2,1,live,link,,
memorianatio,bgaborit,1,live,link,,
memorianatio,casdorff,1,live,link,,
memorianatio,cerclejunger,1,live,link,,
memorianatio,fraction_officiel,1,live,link,,
memorianatio,gymxiv2,1,live,link,,
memorianatio,lecercledulfric,1,live,link,,
memorianatio,megamachina,1,live,link,,
memorianatio,omitedu9mai,1,live,link,,
memorianatio,ukraineradical,1,live,link,,
memorianatio,unitedyouthxiv,1,live,link,,
memorianatio,whitelads,1,live,link,,
mh_rainn,eopwatch,1,live,link,,
mh_rainn,jusumakonis,1,live,link,,
mh_rainn,jusumakonissupport,1,live,link,,
murderthemedia,altskull48,1,live,link,,
murderthemedia,andidigress,1,live,link,,
murderthemedia,basedanimals,1,live,link,,
murderthemedia,betterthanthebeatles,1,live,link,,
murderthemedia,carolinaconnection,1,live,link,,
murderthemedia,clemsprkchpexp,1,live,link,,
murderthemedia,dearrabbi,1,live,link,,
murderthemedia,ewsfromclownworld,1,live,link,,
murderthemedia,forestfightsusa,1,live,link,,
murderthemedia,idigress,1,live,link,,
murderthemedia,llordofwar,1,live,link,,
murderthemedia,lonestaractiveclub,1,live,link,,
murderthemedia,mr_tdogg,1,live,link,,
murderthemedia,mustachereadsagain,1,live,link,,
murderthemedia,mustachesupremacist,1,live,link,,
murderthemedia,newsfromclownworld,1,live,link,,
murderthemedia,onlyfighting,1,live,link,,
murderthemedia,pajeetstreetpoopers,1,live,link,,
murderthemedia,palestinianlounge,1,live,link,,
murderthemedia,slashbizchannel,1,live,link,,
murderthemedia,traditionalbritaingroup,1,live,link,,
murderthemedia,ultrasnotreds81,1,live,link,,
murderthemedia,youngdixie,1,live,link,,
narodnyyobozrevatel,rabbiberellazar,1,live,link,,
nat88org,activenewsro,1,live,link,,
nat88org,basilicanews,1,live,link,,
nat88org,bobbydofficial,1,live,link,,
nat88org,calmatuiv,1,live,link,,
nat88org,cautamantuirea,1,live,link,,
nat88org,demacre,1,live,link,,
nat88org,fundatiabunavestire,1,live,link,,
nat88org,fundatiaogoranu,1,live,link,,
nat88org,jonathanbowdenarchive,1,live,link,,
nat88org,kai_murros,1,live,link,,
nat88org,martinsellner_english,1,live,link,,
nat88org,mihai_lasca,1,live,link,,
nat88org,nationalist_arhiva2,1,live,link,,
nat88org,nst88org,1,live,link,,
nat88org,presstv,1,live,link,,
nat88org,uraganasupraeuropei,1,live,link,,
nat88org,urfing_the_kali_yuga,1,live,link,,
nat88org,wallachian_gazette,1,live,link,,
nat88org,yvbenedetti,1,live,link,,
njeha1,atlanticnationalistclub,1,live,link,,
norcal_ac,ac_vet,1,live,link,,
norcal_ac,activeclubxiv,1,live,link,,
norcal_ac,c_vet,1,live,link,,
norcal_ac,ctiveclubedelweiss,1,live,link,,
norcal_ac,gymxiv2,1,live,link,,
norcal_ac,kaliyouth,1,live,link,,
norcal_ac,natsquads,1,live,link,,
norcal_ac,normiepipeline2,1,live,link,,
norcal_ac,patriotfrontnews,1,live,link,,
norcal_ac,rob_rundo,1,live,link,,
norcal_ac,tennessee1589,1,live,link,,
norcal_ac,whitelivesmatterofficial,1,live,link,,
noticernews,auspill,1,live,link,,
noticernews,ausvstheagenda,1,live,link,,
noticernews,johnlawson_tno,1,live,link,,
noticernews,kiesdries,1,live,link,,
noticernews,markacollett,1,live,link,,
noticernews,realblaircottrell,1,live,link,,
noticernews,thuletide,1,live,link,,
novanow,akulaks,1,live,link,,
novanow,americanfreedomparty,1,live,link,,
novanow,antelopehill,1,live,link,,
novanow,ncnationalists,1,live,link,,
novanow,nightnationreview,1,live,link,,
novanow,vasillididnothingwrong,1,live,link,,
nsc131official,chrishood,1,live,link,,
nsc131official,pinetg,1,live,link,,
nsc131official,proudnewenglander,1,live,link,,
nsc131official,sc131videos,1,live,link,,
nsc131official,theconspiracyhole,1,live,link,,
odenb,archiviononconforme,1,live,link,,
odenb,esesound,1,live,link,,
odenb,fuckpopcountry,1,live,link,,
odenb,gerilla_franciaorszag,1,live,link,,
odenb,magyarjelen,1,live,link,,
odenb,realtwentyfouraces,1,live,link,,
odenb,revalers,1,live,link,,
odenb,ritornoacamelot,1,live,link,,
odenb,rockhate,1,live,link,,
odenb,schmidtkeswelt,1,live,link,,
odenb,skinpictures,1,live,link,,
odenb,symphonie_des_blutes,1,live,link,,
odenb,truthdistortion,1,live,link,,
odenb,violenciamusical,1,live,link,,
odenb,wearewhitenoiseradio,1,live,link,,
odenb,whitelads,1,live,link,,
ohionationalistnetwork,cig_telegram,1,live,link,,
ohionationalistnetwork,fashposting,1,live,link,,
ohionationalistnetwork,folkishvanguard,1,live,link,,
ohionationalistnetwork,g_l_rockwell,1,live,link,,
ohionationalistnetwork,hbmw88,1,live,link,,
ohionationalistnetwork,heartlandnationalistnetwork,1,live,link,,
ohionationalistnetwork,hersantite,1,live,link,,
ohionationalistnetwork,huwhitepapers,1,live,link,,
ohionationalistnetwork,megatron_ron,1,live,link,,
ohionationalistnetwork,modernpolitics,1,live,link,,
ohionationalistnetwork,nationalistreport,1,live,link,,
ohionationalistnetwork,nmnationalists,1,live,link,,
ohionationalistnetwork,nnvetting,1,live,link,,
ohionationalistnetwork,patriotfrontnews,1,live,link,,
ohionationalistnetwork,paxactiveclub,1,live,link,,
ohionationalistnetwork,pile_of_rocks,1,live,link,,
ohionationalistnetwork,realblaircottrell,1,live,link,,
ohionationalistnetwork,rnintel,1,live,link,,
ohionationalistnetwork,ron_ron,1,live,link,,
ohionationalistnetwork,soundswhite,1,live,link,,
ohionationalistnetwork,spicebag32,1,live,link,,
ohionationalistnetwork,tennessee1589,1,live,link,,
ohionationalistnetwork,theferrymanstoll,1,live,link,,
ohionationalistnetwork,theoaccensored,1,live,link,,
ohionationalistnetwork,thewashingtonreport,1,live,link,,
ohionationalistnetwork,thewesternchauvinist12,1,live,link,,
ohionationalistnetwork,thomas_sewell,1,live,link,,
ohionationalistnetwork,whitelads,1,live,link,,
patriotfrontupdates,activeclubfrance,1,live,link,,
patriotfrontupdates,activeclubhelvetia,1,live,link,,
patriotfrontupdates,activeclubromandia,1,live,link,,
patriotfrontupdates,activedietsland,1,live,link,,
patriotfrontupdates,derdritteweg,1,live,link,,
patriotfrontupdates,nsvnationaal,1,live,link,,
patriotfrontupdates,unetenucleonacional,1,live,link,,
patrioticalternativeofficial,celticmoonco,1,live,link,,
patrioticalternativeofficial,chiefmoody,1,live,link,,
patrioticalternativeofficial,countercurrents,1,live,link,,
patrioticalternativeofficial,danerikssonse,1,live,link,,
patrioticalternativeofficial,realwelshnationalist,1,live,link,,
patrioticalternativeofficial,tgofthevalleys,1,live,link,,
patrioticalternativeofficial,traditionalbritaingroup,1,live,link,,
paxactiveclub,activeclub,1,live,link,,
paxactiveclub,activeempirenyac,1,live,link,,
paxactiveclub,americandefense,1,live,link,,
paxactiveclub,appalachiaac,1,live,link,,
paxactiveclub,askaniaprod,1,live,link,,
paxactiveclub,axactiveclub,1,live,link,,
paxactiveclub,blutzeugen1894,1,live,link,,
paxactiveclub,capitalxac_contact,1,live,link,,
paxactiveclub,devotionjiujitsu,1,live,link,,
paxactiveclub,greatlakesactiveclub,1,live,link,,
paxactiveclub,gymxiv2,1,live,link,,
paxactiveclub,hnenblut,1,live,link,,
paxactiveclub,hooliganscz1999,1,live,link,,
paxactiveclub,ibeandtrai,1,live,link,,
paxactiveclub,ironcityactiveclub,1,live,link,,
paxactiveclub,middletnac,1,live,link,,
paxactiveclub,nationalist_network,1,live,link,,
paxactiveclub,newenglandactiveclubofficial,1,live,link,,
paxactiveclub,northdakotaactiveclub,1,live,link,,
paxactiveclub,nsfronta,1,live,link,,
paxactiveclub,outridermedia,1,live,link,,
paxactiveclub,patriagloria,1,live,link,,
paxactiveclub,paxactiveclu,1,live,link,,
paxactiveclub,smokymountainac,1,live,link,,
paxactiveclub,tac_arizona_3,1,live,link,,
paxactiveclub,tinnitus_records,1,live,link,,
paxactiveclub,umshot,1,live,link,,
paxactiveclub,veclub,1,live,link,,
paxactiveclub,w2rmusic,1,live,link,,
paxactiveclub,whitelivesmatterofficial,1,live,link,,
paxactiveclub,whitelivesmatterofficialchat2,1,live,link,,
paxactiveclub,wlm_materials,1,live,link,,
paxactiveclub,wlm_reading,1,live,link,,
paxactiveclub,wlm_usa_pennsylvania_chat,1,live,link,,
paxactiveclub,wlm_viewing,1,live,link,,
paxactiveclub,wlmcontactbot,1,live,link,,
paxactiveclub,wlmsubmissionbot,1,live,link,,
paxactiveclub,xactiveclub,1,live,link,,
politicincorect,ag_realeducation,1,live,link,,
politicincorect,arad_ortodox1848,1,live,link,,
politicincorect,brigadamn,1,live,link,,
politicincorect,cartipdf,1,live,link,,
politicincorect,cautamantuirea,1,live,link,,
politicincorect,comunitatea_identitara,1,live,link,,
politicincorect,deputat_tudor_ionescu,1,live,link,,
politicincorect,dianasosoaca,1,live,link,,
politicincorect,frontulpaganderasarit,1,live,link,,
politicincorect,pandora_romania,1,live,link,,
politicincorect,theodosieblog,1,live,link,,
politicincorect,thracia14,1,live,link,,
politicincorect,tindardul,1,live,link,,
politicincorect,tinfagarasan,1,live,link,,
politicincorect,ultimacale,1,live,link,,
pro_vita,activenewsro,1,live,link,,
pro_vita,altright_memes,1,live,link,,
pro_vita,catholic_traditional_beauty,1,live,link,,
pro_vita,luju_ro,1,live,link,,
pro_vita,newresistance,1,live,link,,
pro_vita,olic_traditional_forward,1,live,link,,
pro_vita,reactiunea,1,live,link,,
pro_vita,romania_identitara,1,live,link,,
pro_vita,thepaganist,1,live,link,,
pro_vita,vaultofsecrets,1,live,link,,
proud_poland,aktionsmelder,1,live,link,,
proud_poland,comitedu9mai,1,live,link,,
proud_poland,eurnet,1,live,link,,
proud_poland,hitelads,1,live,link,,
proud_poland,identitaereoesterreich,1,live,link,,
proud_poland,jungetat,1,live,link,,
proud_poland,ltrasnotreds8,1,live,link,,
proud_poland,mitedu9mai,1,live,link,,
proud_poland,samuraideoccidente,1,live,link,,
proud_poland,traightedgepolska,1,live,link,,
pugilatodifusion,aparachiqui,1,live,link,,
pugilatodifusion,azov_media,1,live,link,,
pugilatodifusion,blutzeugen1894,1,live,link,,
pugilatodifusion,comitedu9mai,1,live,link,,
pugilatodifusion,cotomatamoros_1,1,live,link,,
pugilatodifusion,defendeurope2025,1,live,link,,
pugilatodifusion,fortresskyiv,1,live,link,,
pugilatodifusion,ritornoacamelot,1,live,link,,
pugilatodifusion,rubencientozero,1,live,link,,
racerealismchannel,survivethejive,1,live,link,,
realtexasnationalist,activeclubuncensored,1,live,link,,
realtexasnationalist,britainexpects,1,live,link,,
realtexasnationalist,forestfightsusa,1,live,link,,
realtexasnationalist,gatewaypunditofficial,1,live,link,,
realtexasnationalist,ig_telegram,1,live,link,,
realtexasnationalist,imperiumpressofficial,1,live,link,,
realtexasnationalist,lanceslegion,1,live,link,,
realtexasnationalist,leftistextremistwatch,1,live,link,,
realtexasnationalist,loallc,1,live,link,,
realtexasnationalist,markacollett,1,live,link,,
realtexasnationalist,memes_mf,1,live,link,,
realtexasnationalist,okacvet,1,live,link,,
realtexasnationalist,patriagloria,1,live,link,,
realtexasnationalist,patriotfrontsightings,1,live,link,,
realtexasnationalist,patriotfrontupdates,1,live,link,,
realtexasnationalist,patriotnews1776,1,live,link,,
realtexasnationalist,paxactiveclub,1,live,link,,
realtexasnationalist,r_mapporn,1,live,link,,
realtexasnationalist,raweggnationalistofficial,1,live,link,,
realtexasnationalist,redditmomentposts,1,live,link,,
realtexasnationalist,rnintel,1,live,link,,
realtexasnationalist,smokymountainac,1,live,link,,
realtexasnationalist,theconspiracyhole,1,live,link,,
realtexasnationalist,thehallsofjusticewatchtower,1,live,link,,
realtexasnationalist,thermopylaenews,1,live,link,,
realtexasnationalist,thesecondtexanconnection,1,live,link,,
realtexasnationalist,thomas_sewell,1,live,link,,
realtexasnationalist,tinderresistance2,1,live,link,,
realtexasnationalist,underwaterlair,1,live,link,,
realtexasnationalist,warrenbalogh88,1,live,link,,
realtexasnationalist,washington_examiner,1,live,link,,
realtexasnationalist,zoomersirlofficial,1,live,link,,
rediceuncensored,ancreport,1,live,link,,
rediceuncensored,bellumactanews,1,live,link,,
rediceuncensored,ceuncensored,1,live,link,,
rediceuncensored,danerikssonse,1,live,link,,
rediceuncensored,dem0graphics,1,live,link,,
rediceuncensored,derekrants,1,live,link,,
rediceuncensored,diceuncensored,1,live,link,,
rediceuncensored,eallanddownunder,1,live,link,,
rediceuncensored,flashpointhq,1,live,link,,
rediceuncensored,foxxden14,1,live,link,,
rediceuncensored,fyrgen,1,live,link,,
rediceuncensored,gramscianradio,1,live,link,,
rediceuncensored,ig_telegram,1,live,link,,
rediceuncensored,lauratowler,1,live,link,,
rediceuncensored,loallc,1,live,link,,
rediceuncensored,mannews,1,live,link,,
rediceuncensored,medmannews,1,live,link,,
rediceuncensored,memorianatio,1,live,link,,
rediceuncensored,morianatio,1,live,link,,
rediceuncensored,murderthemedia,1,live,link,,
rediceuncensored,nvdkult,1,live,link,,
rediceuncensored,rdiceuncensored,1,live,link,,
rediceuncensored,reallanddownunder,1,live,link,,
rediceuncensored,redicegiant,1,live,link,,
rediceuncensored,samyorkshire,1,live,link,,
rediceuncensored,stevelawsrn,1,live,link,,
rediceuncensored,tgofthevalleys,1,live,link,,
rediceuncensored,ultrasnotreds8,1,live,link,,
rediceuncensored,ultrasnotreds81,1,live,link,,
rediceuncensored,underwaterlair,1,live,link,,
rediceuncensored,wehrwolfinitiative,1,live,link,,
rediceuncensored,whiterabbitradio,1,live,link,,
revistarost,mihaiandreialdea,1,live,link,,
revistarost,pro_vita,1,live,link,,
revistarost,reactiunea,1,live,link,,
rusorel862,academistmsk,1,live,link,,
rusorel862,dvuglavy_orel_chelny,1,live,link,,
rusorel862,fridrihshow,1,live,link,,
rusorel862,hrabrozakosmetat,1,live,link,,
rusorel862,pugnus_pugna,1,live,link,,
rusorel862,russiantribune_tmn,1,live,link,,
rusorel862,tommyrobinsonnews,1,live,link,,
sharedefiant,aaronartcont,1,live,link,,
sharedefiant,aif_exposed,1,live,link,,
sharedefiant,antifawatch2,1,live,link,,
sharedefiant,appalachianarchivesarchive,1,live,link,,
sharedefiant,arcaneaccents,1,live,link,,
sharedefiant,astralavalon,1,live,link,,
sharedefiant,austrianartacademy,1,live,link,,
sharedefiant,ca_legion_xiv,1,live,link,,
sharedefiant,circemelinoe,1,live,link,,
sharedefiant,decameronfilmfestival,1,live,link,,
sharedefiant,detokulchur,1,live,link,,
sharedefiant,esoterichandicraft,1,live,link,,
sharedefiant,gdl4life,1,live,link,,
sharedefiant,gordonkahl,1,live,link,,
sharedefiant,great_plains_active_club,1,live,link,,
sharedefiant,greatlakesactiveclub,1,live,link,,
sharedefiant,greatplainsactiveclub,1,live,link,,
sharedefiant,handwolven,1,live,link,,
sharedefiant,hiraethmusic,1,live,link,,
sharedefiant,irelandswoes,1,live,link,,
sharedefiant,joeldavisx,1,live,link,,
sharedefiant,johnfassbinderafp,1,live,link,,
sharedefiant,justiceinitiative,1,live,link,,
sharedefiant,keith_woods,1,live,link,,
sharedefiant,laurenwitzkeofficial,1,live,link,,
sharedefiant,maidenshairandmoss,1,live,link,,
sharedefiant,markacollett,1,live,link,,
sharedefiant,musingsofhulda,1,live,link,,
sharedefiant,nationalpartyie,1,live,link,,
sharedefiant,nationalsocialistnetwork,1,live,link,,
sharedefiant,norcalac,1,live,link,,
sharedefiant,normiepipeline2,1,live,link,,
sharedefiant,patriotgirlsunited2,1,live,link,,
sharedefiant,patriotyouthupdates,1,live,link,,
sharedefiant,promatdivision,1,live,link,,
sharedefiant,siciliangorillian2,1,live,link,,
sharedefiant,smatterofficial,1,live,link,,
sharedefiant,sonsofhengist,1,live,link,,
sharedefiant,steve_bannon,1,live,link,,
sharedefiant,stlnv76,1,live,link,,
sharedefiant,sunbeamstudioofficial,1,live,link,,
sharedefiant,survivethejive,1,live,link,,
sharedefiant,telivesmatterofficial,1,live,link,,
sharedefiant,thebirdhousebb,1,live,link,,
sharedefiant,theferrymanstoll,1,live,link,,
sharedefiant,thenationalistperspective,1,live,link,,
sharedefiant,volundrsforge,1,live,link,,
sharedefiant,wehrwolfinitiative,1,live,link,,
sharedefiant,whiteartsubmissions,1,live,link,,
sharedefiant,whitepeoplepress,1,live,link,,
sharedefiant,wlm_events,1,live,link,,
sharedefiant,wlm_listening,1,live,link,,
sharedefiant,wlm_usa_texas,1,live,link,,
sharedefiant,wolfshieldfilms,1,live,link,,
sharedefiant,wyomingac2,1,live,link,,
siciliangorillian2,basedgif2,1,live,link,,
siciliangorillian2,cybergreen09,1,live,link,,
siciliangorillian2,dark_humor_english,1,live,link,,
siciliangorillian2,davidscave,1,live,link,,
siciliangorillian2,dismantlingdacabal2,1,live,link,,
siciliangorillian2,forgottenbiblequotes,1,live,link,,
siciliangorillian2,foxxden14,1,live,link,,
siciliangorillian2,gatewaypunditofficial,1,live,link,,
siciliangorillian2,godlyendtimetruth,1,live,link,,
siciliangorillian2,informationliberation,1,live,link,,
siciliangorillian2,instituteformalesupremacy,1,live,link,,
siciliangorillian2,jdvance,1,live,link,,
siciliangorillian2,justdudechannel,1,live,link,,
siciliangorillian2,justinstammofficial,1,live,link,,
siciliangorillian2,laurenwitzkeofficial,1,live,link,,
siciliangorillian2,lyendtimetruthchat,1,live,link,,
siciliangorillian2,memecannons88,1,live,link,,
siciliangorillian2,ohheyfucqyou,1,live,link,,
siciliangorillian2,pepedeluxed,1,live,link,,
siciliangorillian2,raheemkassam,1,live,link,,
siciliangorillian2,realblaircottrell,1,live,link,,
siciliangorillian2,realgenflynn,1,live,link,,
siciliangorillian2,realkarlibonne,1,live,link,,
siciliangorillian2,realwelshnationalist,1,live,link,,
siciliangorillian2,rediceuncensored,1,live,link,,
siciliangorillian2,revelations_and_rabbit_holes,1,live,link,,
siciliangorillian2,sgtnewsnetwork,1,live,link,,
siciliangorillian2,slashbiz_syndicate,1,live,link,,
siciliangorillian2,stone_toss,1,live,link,,
siciliangorillian2,theconspiracyhole,1,live,link,,
siciliangorillian2,thedeerblind,1,live,link,,
siciliangorillian2,totalrevelation,1,live,link,,
siciliangorillian2,tskull48,1,live,link,,
siciliangorillian2,ukstreetsoldier,1,live,link,,
siciliangorillian2,unitynewsnetwork,1,live,link,,
siciliangorillian2,usakino,1,live,link,,
siciliangorillian2,vdobrasil,1,live,link,,
siciliangorillian2,veteranpatriots,1,live,link,,
siciliangorillian2,voterapathyparty,1,live,link,,
silesianratscrew,anbydgoszcz,1,live,link,,
silesianratscrew,antykapitalizm2,1,live,link,,
silesianratscrew,casapoundufficiale,1,live,link,,
silesianratscrew,gudparis,1,live,link,,
silesianratscrew,hiteboys_pl,1,live,link,,
silesianratscrew,korpusekologiczny,1,live,link,,
silesianratscrew,legiohungaria,1,live,link,,
silesianratscrew,memorianatio,1,live,link,,
silesianratscrew,niklot_malopolska,1,live,link,,
silesianratscrew,nrwav3,1,live,link,,
silesianratscrew,rzeciadroga_kontakt_bot,1,live,link,,
silesianratscrew,warsawh8front,1,live,link,,
silesianratscrew,wbwlkp,1,live,link,,
silesianratscrew,whiteboys_pl,1,live,link,,
skumshot,egb2tb,1,live,link,,
skumshot,heimdallversand,1,live,link,,
skumshot,heureka_musik,1,live,link,,
skumshot,magyarjelen,1,live,link,,
skumshot,nosurrender28,1,live,link,,
skumshot,paxactiveclub,1,live,link,,
skumshot,productofsociety77,1,live,link,,
skumshot,prphellas,1,live,link,,
skumshot,racnshc,1,live,link,,
skumshot,revalskins,1,live,link,,
skumshot,umshot,1,live,link,,
sonat61,afibjornwvt,1,live,link,,
sonat61,americanfreedomparty,1,live,link,,
sonat61,amerikaner,1,live,link,,
sonat61,beckernews,1,live,link,,
sonat61,beginnerhomesteader,1,live,link,,
sonat61,brad_cgz,1,live,link,,
sonat61,bullionbitcoinbs,1,live,link,,
sonat61,christofascism,1,live,link,,
sonat61,cig_telegram,1,live,link,,
sonat61,coreyjmahler,1,live,link,,
sonat61,countercurrents,1,live,link,,
sonat61,eislandernews,1,live,link,,
sonat61,ericdupree,1,live,link,,
sonat61,fifi_j1488,1,live,link,,
sonat61,freefloridanow,1,live,link,,
sonat61,huxdeluxe,1,live,link,,
sonat61,informationliberation,1,live,link,,
sonat61,inmagnaexcitatio,1,live,link,,
sonat61,istofascism,1,live,link,,
sonat61,jmh12061951,1,live,link,,
sonat61,joeldavisx,1,live,link,,
sonat61,justiceinitiative,1,live,link,,
sonat61,justicereport,1,live,link,,
sonat61,michael09951861,1,live,link,,
sonat61,murderthemedia,1,live,link,,
sonat61,national_socialist_world,1,live,link,,
sonat61,ourguy_1933,1,live,link,,
sonat61,raisnemupright,1,live,link,,
sonat61,realharryholler,1,live,link,,
sonat61,realpetercsere,1,live,link,,
sonat61,rnintel,1,live,link,,
sonat61,rothschildbankingfamily,1,live,link,,
sonat61,slavtards,1,live,link,,
sonat61,spectrehome,1,live,link,,
sonat61,theayatollah,1,live,link,,
sonat61,thebeaconsofgondor,1,live,link,,
sonat61,therealtoriabrooke,1,live,link,,
sonat61,thestormhasarrived17,1,live,link,,
sonat61,thewaronwhites,1,live,link,,
sonat61,thewesternchauvinist11,1,live,link,,
sonat61,usticereport,1,live,link,,
sonat61,withjoosyoulose,1,live,link,,
sonat61,wwiiedits,1,live,link,,
sonat61,yuriwarnedus,1,live,link,,
theaustralianvanguard,auspill,1,live,link,,
theaustralianvanguard,hersantite,1,live,link,,
theaustralianvanguard,knightlyaustralian,1,live,link,,
theaustralianvanguard,realblaircottrell,1,live,link,,
theaustralianvanguard,tomsewelluncensored,1,live,link,,
theaustralianvanguard,whitelads,1,live,link,,
thesonnenrad,hyperboreanquotes,1,live,link,,
thesonnenrad,thehyperboreanherald,1,live,link,,
thesonnenrad,thepaganperspective,1,live,link,,
thewesternchauvinist1,greatplainsactiveclub,1,live,link,,
thewesternchauvinist1,irelandswoes,1,live,link,,
thewesternchauvinist1,johnfassbinderafp,1,live,link,,
thewesternchauvinist1,lonestaractiveclub,1,live,link,,
thewesternchauvinist1,memorianatio,1,live,link,,
thewesternchauvinist1,morianatio,1,live,link,,
thewesternchauvinist1,nmnationalists,1,live,link,,
thewesternchauvinist1,paxac_vet,1,live,link,,
thewesternchauvinist1,paxactiveclub,1,live,link,,
thewesternchauvinist1,postyonx,1,live,link,,
thewesternchauvinist1,rambo748,1,live,link,,
thewesternchauvinist1,returntothelandozarks,1,live,link,,
thewesternchauvinist1,slashbizchannel,1,live,link,,
thewesternchauvinist1,southerncolumnnz,1,live,link,,
thewesternchauvinist1,the_jewish_question,1,live,link,,
thewesternchauvinist1,warrenbalogh88,1,live,link,,
thewesternchauvinist1,whitecanada1,1,live,link,,
thewesternchauvinist1,whitenewzealand,1,live,link,,
thewesternchauvinist1,workingmenmemes,1,live,link,,
thewesternchauvinist12,johnfassbinderafp,1,live,link,,
thewesternchauvinist12,northeastaction,1,live,link,,
thewesternchauvinist12,nsaparty,1,live,link,,
thewesternchauvinist12,ohionationalistnetwork,1,live,link,,
thewesternchauvinist12,onnvetting,1,live,link,,
thewesternchauvinist12,returntothelandozarks,1,live,link,,
thewesternchauvinist2,acscotlandxiv,1,live,link,,
thewesternchauvinist2,activeclubfinland,1,live,link,,
thewesternchauvinist2,activeclublondon,1,live,link,,
thewesternchauvinist2,activeempirenyac,1,live,link,,
thewesternchauvinist2,blut_konig,1,live,link,,
thewesternchauvinist2,europeanaustralianmovement,1,live,link,,
thewesternchauvinist2,floridapanhandleac,1,live,link,,
thewesternchauvinist2,folkishobserver,1,live,link,,
thewesternchauvinist2,gdl4life,1,live,link,,
thewesternchauvinist2,gymxiv2,1,live,link,,
thewesternchauvinist2,hewesternchauvinist11,1,live,link,,
thewesternchauvinist2,nationalist13,1,live,link,,
thewesternchauvinist2,nationalistvetting,1,live,link,,
thewesternchauvinist2,nationalistvettingbot,1,live,link,,
thewesternchauvinist2,no_bs_88,1,live,link,,
thewesternchauvinist2,no_bs_news,1,live,link,,
thewesternchauvinist2,northdakotaactiveclub,1,live,link,,
thewesternchauvinist2,northfloridaac,1,live,link,,
thewesternchauvinist2,noticernews,1,live,link,,
thewesternchauvinist2,ohioactiveclub,1,live,link,,
thewesternchauvinist2,paxactiveclub,1,live,link,,
thewesternchauvinist2,sonsofhengist,1,live,link,,
thewesternchauvinist2,southdakotaactiveclub,1,live,link,,
thewesternchauvinist2,swflac,1,live,link,,
thewesternchauvinist2,thewesternchauvinist12,1,live,link,,
thewesternchauvinist2,tvasaxe,1,live,link,,
thewesternchauvinist7,aryanfrontuk,1,live,link,,
thewesternchauvinist7,aryanfrontuk1,1,live,link,,
thewesternchauvinist7,dpauditss,1,live,link,,
thewesternchauvinist7,flatlandsac,1,live,link,,
thewesternchauvinist7,gymxiv2,1,live,link,,
thewesternchauvinist7,herrcent,1,live,link,,
thewesternchauvinist7,jackeltis,1,live,link,,
thewesternchauvinist7,jackfromsyd,1,live,link,,
thewesternchauvinist7,justinbarrett,1,live,link,,
thewesternchauvinist7,lonestaractiveclub,1,live,link,,
thewesternchauvinist7,minnesota_active_club_chat,1,live,link,,
thewesternchauvinist7,minnesotaactiveclub,1,live,link,,
thewesternchauvinist7,morethanamidlifecrisis,1,live,link,,
thewesternchauvinist7,nac_vet,1,live,link,,
thewesternchauvinist7,norcal_ac,1,live,link,,
thewesternchauvinist7,ohionationalistnetwork,1,live,link,,
thewesternchauvinist7,onnvetting,1,live,link,,
thewesternchauvinist7,pile_of_rocks,1,live,link,,
thewesternchauvinist7,pohlhaushammer,1,live,link,,
thewesternchauvinist7,returntothelandozarks,1,live,link,,
thewesternchauvinist7,stfn_news,1,live,link,,
thewesternchauvinist7,theoffalyoffensive,1,live,link,,
thewesternchauvinist7,unsouthsons,1,live,link,,
thewesternchauvinist7,urbanfoxukmedia,1,live,link,,
thewesternchauvinist7,warrenbalogh88,1,live,link,,
thewesternchauvinist7,whiteausqld,1,live,link,,
thewesternchauvinist7,whiteausvic,1,live,link,,
thewesternchauvinist7,whiteauszoomer,1,live,link,,
thewesternchauvinist7,whitesouthaustralia,1,live,link,,
thewesternchauvinist7,whitevanguard1,1,live,link,,
thomas_sewell,tomsewelluncensored,1,live,link,,
thuletide,datadistributionchannel,1,live,link,,
tomsewelluncensored,jackeltis,1,live,link,,
tomsewelluncensored,jimboredux,1,live,link,,
ultrasnotreds8,activeclubbulgaria,1,live,link,,
ultrasnotreds8,activeclubengland2,1,live,link,,
ultrasnotreds8,activeclubhelvetia,1,live,link,,
ultrasnotreds8,activeclublisboa,1,live,link,,
ultrasnotreds8,aktyvusklubas2,1,live,link,,
ultrasnotreds8,albanianthirdposition,1,live,link,,
ultrasnotreds8,atholicarena,1,live,link,,
ultrasnotreds8,atpkultur19,1,live,link,,
ultrasnotreds8,basedrussiaexposed,1,live,link,,
ultrasnotreds8,bnsiyi,1,live,link,,
ultrasnotreds8,casapoundnapoliufficiale,1,live,link,,
ultrasnotreds8,catholicarena,1,live,link,,
ultrasnotreds8,emorianatio,1,live,link,,
ultrasnotreds8,geuzenbond,1,live,link,,
ultrasnotreds8,gniewomir_art,1,live,link,,
ultrasnotreds8,gymxiv2,1,live,link,,
ultrasnotreds8,itedu9mai,1,live,link,,
ultrasnotreds8,lietuvoslnb,1,live,link,,
ultrasnotreds8,mitedu9mai,1,live,link,,
ultrasnotreds8,omitedu9mai,1,live,link,,
ultrasnotreds8,rianatio,1,live,link,,
ultrasnotreds8,trinceaukr,1,live,link,,
ultrasnotreds8,whiteeagleart14,1,live,link,,
ultrasnotreds8,windenland,1,live,link,,
ultrasnotreds81,ultrasnotreds8,1,live,link,,
unitynewsnetwork,deliveringliberty,1,live,link,,
unitynewsnetwork,nationalreilly,1,live,link,,
unitynewsnetwork,rossmueller_dissident,1,live,link,,
unitynewsnetwork,traditionalbritaingroup,1,live,link,,
vaultofsecrets,addlist,1,live,link,,
vaultofsecrets,alensimeonov,1,live,link,,
vaultofsecrets,antinsheathenry,1,live,link,,
vaultofsecrets,apartheidarch,1,live,link,,
vaultofsecrets,ateobreaking,1,live,link,,
vaultofsecrets,bellumactanews,1,live,link,,
vaultofsecrets,bvgekb,1,live,link,,
vaultofsecrets,cosarl,1,live,link,,
vaultofsecrets,cossacs,1,live,link,,
vaultofsecrets,escapekey,1,live,link,,
vaultofsecrets,forbiddenhistory18,1,live,link,,
vaultofsecrets,gottmitunshh88,1,live,link,,
vaultofsecrets,historiamundi,1,live,link,,
vaultofsecrets,justinstammofficial,1,live,link,,
vaultofsecrets,lieberlebenswertlebenkanal,1,live,link,,
vaultofsecrets,love2fish14,1,live,link,,
vaultofsecrets,nationalistchristian,1,live,link,,
vaultofsecrets,nobodyfuckincares,1,live,link,,
vaultofsecrets,nsdap1937,1,live,link,,
vaultofsecrets,queenofthejungleofficial,1,live,link,,
vaultofsecrets,realwelshnationalist,1,live,link,,
vaultofsecrets,sotsb,1,live,link,,
volmemes,cig_telegram,1,live,link,,
volmemes,maregermanicum,1,live,link,,
whitelaborstrikeww,aaronartcont,1,live,link,,
whitelaborstrikeww,adolfnigler148,1,live,link,,
whitelaborstrikeww,antelopehill,1,live,link,,
whitelaborstrikeww,basirapress,1,live,link,,
whitelaborstrikeww,letsaskbot,1,live,link,,
whitelaborstrikeww,lovecraftsmeow,1,live,link,,
whitelaborstrikeww,merchantminute,1,live,link,,
whitelaborstrikeww,minnesotanjp,1,live,link,,
whitelaborstrikeww,nazbol_radio,1,live,link,,
whitelaborstrikeww,novanow,1,live,link,,
whitelaborstrikeww,priory_too,1,live,link,,
whitelaborstrikeww,thedailypoor,1,live,link,,
whitelaborstrikeww,volksfrontkroatien,1,live,link,,
whitelaborstrikeww,wlm_usa_new_jersey,1,live,link,,
whitelaborstrikeww,wolfshieldfilms,1,live,link,,
whitelaborstrikeww,youthfront,1,live,link,,
whitelads,activeclubappraisal,1,live,link,,
whitelads,activeclubbulgaria,1,live,link,,
whitelads,activeclubfinland2,1,live,link,,
whitelads,activeclubhelvetia,1,live,link,,
whitelads,activeclublondon2,1,live,link,,
whitelads,activeclubmidlands2,1,live,link,,
whitelads,activeclubogotaw2r,1,live,link,,
whitelads,activeclubromandia,1,live,link,,
whitelads,aktiv_stil,1,live,link,,
whitelads,aktivklubb_sverige2,1,live,link,,
whitelads,arnobrekerart,1,live,link,,
whitelads,ca_legion_xiv,1,live,link,,
whitelads,club8finland,1,live,link,,
whitelads,countercurrents,1,live,link,,
whitelads,ctiveclubedelweiss,1,live,link,,
whitelads,ctiveclubromandia,1,live,link,,
whitelads,deeveecee,1,live,link,,
whitelads,germanozchannel,1,live,link,,
whitelads,hailjohnsutter,1,live,link,,
whitelads,inmagnaexcitatio,1,live,link,,
whitelads,legiohungaria,1,live,link,,
whitelads,lonestarac_contact,1,live,link,,
whitelads,nationalist13,1,live,link,,
whitelads,nationalistaudiochat,1,live,link,,
whitelads,niaclubcontact,1,live,link,,
whitelads,noticernews,1,live,link,,
whitelads,ocavet,1,live,link,,
whitelads,omitedu9mai,1,live,link,,
whitelads,orianatio,1,live,link,,
whitelads,patriagloria,1,live,link,,
whitelads,paxac_vet,1,live,link,,
whitelads,rianatio,1,live,link,,
whitelads,rightsidegraff,1,live,link,,
whitelads,serbiandivision,1,live,link,,
whitelads,smokymountainac,1,live,link,,
whitelads,tlanticaestheticsxiv,1,live,link,,
whitelads,tomsewelluncensored,1,live,link,,
whitelads,unitedyouthxiv,1,live,link,,
whitelads,uyvet,1,live,link,,
whitelads,wbgda,1,live,link,,
whitelads,youthdirectoryxiv,1,live,link,,
whitelivesmatterofficial,esmatterofficial,1,live,link,,
whitelivesmatterofficial,fash_gordon,1,live,link,,
whitelivesmatterofficial,livesmatterofficial,1,live,link,,
whitelivesmatterofficial,m_eu_romania,1,live,link,,
whitelivesmatterofficial,matterofficial,1,live,link,,
whitelivesmatterofficial,missile_edits,1,live,link,,
whitelivesmatterofficial,noticernews,1,live,link,,
whitelivesmatterofficial,projdi,1,live,link,,
whitelivesmatterofficial,unetenucleonacional,1,live,link,,
whitelivesmatterofficial,whitelivesmattermichiganvetting,1,live,link,,
whitelivesmatterofficial,wirtixssedits,1,live,link,,
whitelivesmatterofficial,wlm_eu_belgium,1,live,link,,
whitelivesmatterofficial,wlm_eu_serbia,1,live,link,,
whitelivesmatterofficial,wlm_eu_slovakia,1,live,link,,
whitelivesmatterofficial,wlm_eu_spain,1,live,link,,
whitelivesmatterofficial,wlm_eu_ukraine,1,live,link,,
whitelivesmatterofficial,wlm_reading,1,live,link,,
whitelivesmatterofficial,wlm_reading2,1,live,link,,
whitelivesmatterofficial,wlm_tutorials,1,live,link,,
whitelivesmatterofficial,wlm_usa_florida2,1,live,link,,
whitelivesmatterofficial,wlm_usa_massachusetts,1,live,link,,
whitelivesmatterofficial,wlm_usa_montana,1,live,link,,
whitelivesmatterofficial,wlm_usa_nevada,1,live,link,,
whitelivesmatterofficial,wlm_usa_pennsylvania_chat,1,live,link,,
whitelivesmatterofficial,wlm_usa_tennessee,1,live,link,,
whitelivesmatterofficial,wlm_usa_virginia,1,live,link,,
whitelivesmatterofficial,wlm_usa_wisconsin,1,live,link,,
whitelivesmatterofficialchat2,fash_gordon,1,live,link,,
whitelivesmatterofficialchat2,livesmatterofficial,1,live,link,,
whitelivesmatterofficialchat2,m_eu_romania,1,live,link,,
whitelivesmatterofficialchat2,matterofficial,1,live,link,,
whitelivesmatterofficialchat2,michiganwlmintakebot,1,live,link,,
whitelivesmatterofficialchat2,noticernews,1,live,link,,
whitelivesmatterofficialchat2,projdi,1,live,link,,
whitelivesmatterofficialchat2,unetenucleonacional,1,live,link,,
whitelivesmatterofficialchat2,wirtixssedits,1,live,link,,
whitelivesmatterofficialchat2,wlm_eu_belgium,1,live,link,,
whitelivesmatterofficialchat2,wlm_eu_serbia,1,live,link,,
whitelivesmatterofficialchat2,wlm_eu_slovakia,1,live,link,,
whitelivesmatterofficialchat2,wlm_eu_spain,1,live,link,,
whitelivesmatterofficialchat2,wlm_eu_ukraine,1,live,link,,
whitelivesmatterofficialchat2,wlm_polling,1,live,link,,
whitelivesmatterofficialchat2,wlm_reading,1,live,link,,
whitelivesmatterofficialchat2,wlm_reading2,1,live,link,,
whitelivesmatterofficialchat2,wlm_tutorials,1,live,link,,
whitelivesmatterofficialchat2,wlm_usa_florida2,1,live,link,,
whitelivesmatterofficialchat2,wlm_usa_massachusetts,1,live,link,,
whitelivesmatterofficialchat2,wlm_usa_michigan_chat,1,live,link,,
whitelivesmatterofficialchat2,wlm_usa_montana,1,live,link,,
whitelivesmatterofficialchat2,wlm_usa_nevada,1,live,link,,
whitelivesmatterofficialchat2,wlm_usa_pennsylvania_chat,1,live,link,,
whitelivesmatterofficialchat2,wlm_usa_tennessee,1,live,link,,
whitelivesmatterofficialchat2,wlm_usa_virginia,1,live,link,,
whitelivesmatterofficialchat2,wlm_usa_wisconsin,1,live,link,,
whitelivesmatterofficialchat2,wlmofficial14,1,live,link,,
wlm_canada,abnchat,1,live,link,,
wlm_canada,activeclubcanada,1,live,link,,
wlm_canada,activeclubxiv,1,live,link,,
wlm_canada,altskull48,1,live,link,,
wlm_canada,americanbanderitenetwork,1,live,link,,
wlm_canada,dellvett,1,live,link,,
wlm_canada,hitelivesmatterofficialchat,1,live,link,,
wlm_canada,invictusmaneo2077,1,live,link,,
wlm_canada,itelivesmatterofficial,1,live,link,,
wlm_canada,ivesmatterofficial,1,live,link,,
wlm_canada,lm_events,1,live,link,,
wlm_canada,lm_listening,1,live,link,,
wlm_canada,lm_reading,1,live,link,,
wlm_canada,lm_tutorials,1,live,link,,
wlm_canada,lmofficial,1,live,link,,
wlm_canada,lmofficial14,1,live,link,,
wlm_canada,loyalistpioneers,1,live,link,,
wlm_canada,markacollett,1,live,link,,
wlm_canada,mofficial14,1,live,link,,
wlm_canada,negativeresponse,1,live,link,,
wlm_canada,no_bs_news,1,live,link,,
wlm_canada,norcalactiveclub,1,live,link,,
wlm_canada,noticernews,1,live,link,,
wlm_canada,ozarkia,1,live,link,,
wlm_canada,realvincentjames,1,live,link,,
wlm_canada,scnc905,1,live,link,,
wlm_canada,tassiekaz,1,live,link,,
wlm_canada,telivesmatterofficial,1,live,link,,
wlm_canada,theferrymanstoll,1,live,link,,
wlm_canada,thewesternchauvinist2,1,live,link,,
wlm_canada,whitelivesmatterofficialchat,1,live,link,,
wlm_canada,whiterosesocau,1,live,link,,
wlm_canada,whitetricitiesparentsandtots,1,live,link,,
wlm_canada,wlm_canada_chat,1,live,link,,
wlm_canada,wlm_canada_chat2,1,live,link,,
wlm_canada,wlm_events,1,live,link,,
wlm_canada,wlm_usa_texas2,1,live,link,,
wlm_canada,wlmtorontochat,1,live,link,,
wlm_canada,xurious,1,live,link,,
wlm_canada,zoomerwaffen08,1,live,link,,
wlm_eu_czech_republic,activeclubsk,1,live,link,,
wlm_eu_czech_republic,aktivklubb_sverige2,1,live,link,,
wlm_eu_czech_republic,dellvett,1,live,link,,
wlm_eu_czech_republic,derdritteweg,1,live,link,,
wlm_eu_czech_republic,elivesmatterofficial,1,live,link,,
wlm_eu_czech_republic,europa_the_last_battle_blu_ray,1,live,link,,
wlm_eu_czech_republic,itelivesmatterofficial,1,live,link,,
wlm_eu_czech_republic,matterofficial,1,live,link,,
wlm_eu_czech_republic,mofficial14,1,live,link,,
wlm_eu_czech_republic,negativeresponse,1,live,link,,
wlm_eu_czech_republic,projdi,1,live,link,,
wlm_eu_czech_republic,smatterofficial,1,live,link,,
wlm_eu_czech_republic,southafricareports,1,live,link,,
wlm_eu_czech_republic,stopwhitesagenocide2,1,live,link,,
wlm_eu_czech_republic,telivesmatterofficial,1,live,link,,
wlm_eu_czech_republic,terofficial,1,live,link,,
wlm_eu_czech_republic,vesmatterofficial,1,live,link,,
wlm_eu_czech_republic,wbgda,1,live,link,,
wlm_eu_czech_republic,whitelivesmatteroffic,1,live,link,,
wlm_eu_czech_republic,windenland,1,live,link,,
wlm_eu_czech_republic,wlm_eu_romania,1,live,link,,
wlm_eu_czech_republic,wlm_events,1,live,link,,
wlm_eu_italy,devonstack,1,live,link,,
wlm_eu_italy,europa_the_last_battle_blu_ray,1,live,link,,
wlm_eu_italy,folkisheurope,1,live,link,,
wlm_eu_italy,hitelivesmatterofficial,1,live,link,,
wlm_eu_italy,mofficial14,1,live,link,,
wlm_eu_italy,morianatio,1,live,link,,
wlm_eu_italy,orianatio,1,live,link,,
wlm_eu_italy,ukraineradical,1,live,link,,
wlm_eu_italy,wlm_events,1,live,link,,
wlm_eu_italy,wlm_ita_materiale,1,live,link,,
wlm_eu_netherlands,autochtoonnl,1,live,link,,
wlm_eu_netherlands,dle_east_spectator,1,live,link,,
wlm_eu_netherlands,eu_netherlands,1,live,link,,
wlm_eu_netherlands,eurochud,1,live,link,,
wlm_eu_netherlands,evropean_americans,1,live,link,,
wlm_eu_netherlands,herrcent,1,live,link,,
wlm_eu_netherlands,ivesmatterofficial,1,live,link,,
wlm_eu_netherlands,justinbarrett,1,live,link,,
wlm_eu_netherlands,kiesdries,1,live,link,,
wlm_eu_netherlands,legiohungaria,1,live,link,,
wlm_eu_netherlands,legioneuropa,1,live,link,,
wlm_eu_netherlands,legioneuropachat,1,live,link,,
wlm_eu_netherlands,m_eu_netherlands,1,live,link,,
wlm_eu_netherlands,memorianatio,1,live,link,,
wlm_eu_netherlands,middle_east_spectator,1,live,link,,
wlm_eu_netherlands,mofficial14,1,live,link,,
wlm_eu_netherlands,morianatio,1,live,link,,
wlm_eu_netherlands,nietsland,1,live,link,,
wlm_eu_netherlands,ninefornews,1,live,link,,
wlm_eu_netherlands,nzona3,1,live,link,,
wlm_eu_netherlands,patriottische_jeugd_parkstad,1,live,link,,
wlm_eu_netherlands,remigrationnow,1,live,link,,
wlm_eu_netherlands,rusorel862,1,live,link,,
wlm_eu_netherlands,russian_tribuna,1,live,link,,
wlm_eu_netherlands,tom_squad,1,live,link,,
wlm_eu_netherlands,treds_bot,1,live,link,,
wlm_eu_netherlands,ultrasnotreds8,1,live,link,,
wlm_eu_netherlands,ultrasnotreds81,1,live,link,,
wlm_eu_netherlands,voorouderlijkerfgoed,1,live,link,,
wlm_eu_netherlands,whitedatedotnet,1,live,link,,
wlm_eu_netherlands,whitelads,1,live,link,,
wlm_eu_netherlands,wlm_eu_france,1,live,link,,
wlm_eu_netherlands,wlm_eu_germany,1,live,link,,
wlm_eu_netherlands,wlm_events,1,live,link,,
wlm_eu_netherlands,wlm_usa_oregon,1,live,link,,
wlm_eu_netherlands,wlm_usa_texas2,1,live,link,,
wlm_eu_poland,autonompl,1,live,link,,
wlm_eu_poland,dellvett,1,live,link,,
wlm_eu_poland,devonstack,1,live,link,,
wlm_eu_poland,esmatteroffici,1,live,link,,
wlm_eu_poland,europarevival1,1,live,link,,
wlm_eu_poland,everyday1350,1,live,link,,
wlm_eu_poland,ficial,1,live,link,,
wlm_eu_poland,justiceisontheway,1,live,link,,
wlm_eu_poland,keith_woods,1,live,link,,
wlm_eu_poland,klanchowder,1,live,link,,
wlm_eu_poland,mofficial,1,live,link,,
wlm_eu_poland,mofficial14,1,live,link,,
wlm_eu_poland,negativeresponse,1,live,link,,
wlm_eu_poland,oboz1934,1,live,link,,
wlm_eu_poland,patriaetfides,1,live,link,,
wlm_eu_poland,poleconnect,1,live,link,,
wlm_eu_poland,roud_poland,1,live,link,,
wlm_eu_poland,tterofficial,1,live,link,,
wlm_eu_poland,unsupporteduser64bot,1,live,link,,
wlm_eu_poland,vesmatterofficial,1,live,link,,
wlm_eu_poland,wlm_eu_netherlands,1,live,link,,
wlm_eu_poland,wlm_usa_florida,1,live,link,,
wlm_eu_poland,wlm_usa_texas,1,live,link,,
wlm_eu_poland,wlmsubmissionbot,1,live,link,,
wlm_eu_romania,americanfreedomparty,1,live,link,,
wlm_eu_romania,ardromania,1,live,link,,
wlm_eu_romania,backup_wlm_romania,1,live,link,,
wlm_eu_romania,carpatinfagarasan,1,live,link,,
wlm_eu_romania,devonstack,1,live,link,,
wlm_eu_romania,emorianatio,1,live,link,,
wlm_eu_romania,folkishobserver,1,live,link,,
wlm_eu_romania,forteresseeurope,1,live,link,,
wlm_eu_romania,guardromania,1,live,link,,
wlm_eu_romania,gymxiv2,1,live,link,,
wlm_eu_romania,haiduciidobrogei,1,live,link,,
wlm_eu_romania,ihypocritical,1,live,link,,
wlm_eu_romania,jackeltis,1,live,link,,
wlm_eu_romania,jimboredux,1,live,link,,
wlm_eu_romania,m_eu_romania,1,live,link,,
wlm_eu_romania,mihai_lasca,1,live,link,,
wlm_eu_romania,murderthemedia,1,live,link,,
wlm_eu_romania,nordicresistancemovement,1,live,link,,
wlm_eu_romania,normiepipeline2,1,live,link,,
wlm_eu_romania,onnvetting,1,live,link,,
wlm_eu_romania,orianatio,1,live,link,,
wlm_eu_romania,patriotfrontnews,1,live,link,,
wlm_eu_romania,pmctudor,1,live,link,,
wlm_eu_romania,realblaircottrell,1,live,link,,
wlm_eu_romania,republicansagainstantifa,1,live,link,,
wlm_eu_romania,romania_identitara,1,live,link,,
wlm_eu_romania,samyorkshire,1,live,link,,
wlm_eu_romania,swindonarchive,1,live,link,,
wlm_eu_romania,theodosieblog,1,live,link,,
wlm_eu_romania,thomassewellstreamarchive,1,live,link,,
wlm_eu_romania,ultrasnotreds8,1,live,link,,
wlm_eu_romania,ultrasnotreds81,1,live,link,,
wlm_eu_romania,whitecanada1,1,live,link,,
wlm_eu_romania,wlm_listening,1,live,link,,
wlm_eu_romania,wlm_viewing,1,live,link,,
wlm_eu_romania,workers_alliance,1,live,link,,
wlm_eu_romania,zoomerhistorian,1,live,link,,
wlm_eu_russia,immortalgulag,1,live,link,,
wlm_eu_russia,ksur1,1,live,link,,
wlm_eu_russia,legioneuropa,1,live,link,,
wlm_eu_russia,legioneuropachat,1,live,link,,
wlm_eu_russia,livesmatterofficial,1,live,link,,
wlm_eu_russia,mofficial14,1,live,link,,
wlm_eu_russia,ultrasnotreds8,1,live,link,,
wlm_eu_russia,ultrasnotreds81,1,live,link,,
wlm_eu_russia,whitelivesmatterrussia,1,live,link,,
wlm_eu_russia,wlm_materials_russian,1,live,link,,
wlm_eu_russia_chat,addemoji,1,live,link,,
wlm_eu_russia_chat,awakening1414,1,live,link,,
wlm_eu_russia_chat,esmatterofficial,1,live,link,,
wlm_eu_russia_chat,europeanaustralianmovement,1,live,link,,
wlm_eu_russia_chat,everyday1350,1,live,link,,
wlm_eu_russia_chat,hitelivesmatterofficialchat,1,live,link,,
wlm_eu_russia_chat,inertrhombus8,1,live,link,,
wlm_eu_russia_chat,klanchowder,1,live,link,,
wlm_eu_russia_chat,kright,1,live,link,,
wlm_eu_russia_chat,ksur1,1,live,link,,
wlm_eu_russia_chat,legionaryguard,1,live,link,,
wlm_eu_russia_chat,legioneuropa,1,live,link,,
wlm_eu_russia_chat,legioneuropachat,1,live,link,,
wlm_eu_russia_chat,lm_materials_russian,1,live,link,,
wlm_eu_russia_chat,mofficial14,1,live,link,,
wlm_eu_russia_chat,mreza_srpskih_nacionalista,1,live,link,,
wlm_eu_russia_chat,redicetv,1,live,link,,
wlm_eu_russia_chat,ruzkemir_news,1,live,link,,
wlm_eu_russia_chat,theoverhandright,1,live,link,,
wlm_eu_russia_chat,thewesternchauvinist2,1,live,link,,
wlm_eu_russia_chat,truthnow7,1,live,link,,
wlm_eu_russia_chat,ultrasnotreds8,1,live,link,,
wlm_eu_russia_chat,ultrasnotreds81,1,live,link,,
wlm_eu_russia_chat,usariots,1,live,link,,
wlm_eu_russia_chat,whitelivematterofficial,1,live,link,,
wlm_eu_russia_chat,whitelivesmattersofficial,1,live,link,,
wlm_eu_russia_chat,whites_against_loxism,1,live,link,,
wlm_eu_russia_chat,wholesomenationalism,1,live,link,,
wlm_eu_russia_chat,wlm_eu_bulgaria,1,live,link,,
wlm_eu_russia_chat,wlm_usa_arizona,1,live,link,,
wlm_eu_russia_chat,wlm_usa_florida,1,live,link,,
wlm_eu_russia_chat,wlm_usa_georgia,1,live,link,,
wlm_eu_russia_chat,wlm_usa_idaho,1,live,link,,
wlm_eu_russia_chat,wlm_usa_illinois,1,live,link,,
wlm_eu_russia_chat,wlm_usa_kentucky,1,live,link,,
wlm_eu_russia_chat,wlm_usa_missouri,1,live,link,,
wlm_eu_russia_chat,wlm_usa_montana,1,live,link,,
wlm_eu_russia_chat,wlm_usa_north_carolina,1,live,link,,
wlm_eu_russia_chat,wlm_usa_south_carolina,1,live,link,,
wlm_eu_russia_chat,wlm_usa_tennessee,1,live,link,,
wlm_eu_russia_chat,wlm_viewing,1,live,link,,
wlm_eu_russia_chat,worthfightingfor_telegram,1,live,link,,
wlm_eu_slovakia,cig_telegram,1,live,link,,
wlm_eu_slovakia,dellvett,1,live,link,,
wlm_eu_slovakia,devonstack,1,live,link,,
wlm_eu_slovakia,elivesmatterofficial,1,live,link,,
wlm_eu_slovakia,erofficial,1,live,link,,
wlm_eu_slovakia,esmatterofficial,1,live,link,,
wlm_eu_slovakia,ficial,1,live,link,,
wlm_eu_slovakia,hellstorm1,1,live,link,,
wlm_eu_slovakia,klanchowder,1,live,link,,
wlm_eu_slovakia,lm_eu_sk_vetting,1,live,link,,
wlm_eu_slovakia,lmcontactbot,1,live,link,,
wlm_eu_slovakia,lmofficial,1,live,link,,
wlm_eu_slovakia,lmsubmissionbot,1,live,link,,
wlm_eu_slovakia,marianmagatoficialny,1,live,link,,
wlm_eu_slovakia,martinsellner_english,1,live,link,,
wlm_eu_slovakia,matterofficial,1,live,link,,
wlm_eu_slovakia,negativeresponse,1,live,link,,
wlm_eu_slovakia,noticernews,1,live,link,,
wlm_eu_slovakia,projdi,1,live,link,,
wlm_eu_slovakia,terofficial,1,live,link,,
wlm_eu_slovakia,tterofficial,1,live,link,,
wlm_eu_slovakia,unsupporteduser64bot,1,live,link,,
wlm_eu_slovakia,windenland,1,live,link,,
wlm_eu_slovakia,wlm_eu_netherlands,1,live,link,,
wlm_eu_slovakia,wlm_eu_slovakia_chat,1,live,link,,
wlm_eu_slovakia,wlmsubmissionbot,1,live,link,,
wlm_eu_ukraine,ab3army,1,live,link,,
wlm_eu_ukraine,ab3brigade,1,live,link,,
wlm_eu_ukraine,avantguardia,1,live,link,,
wlm_eu_ukraine,diukraine,1,live,link,,
wlm_eu_ukraine,europarevival1,1,live,link,,
wlm_eu_ukraine,fortresskyiv,1,live,link,,
wlm_eu_ukraine,krovna_yednist,1,live,link,,
wlm_eu_ukraine,krovna_yednist_zvjazok,1,live,link,,
wlm_eu_ukraine,lm_activism_bot,1,live,link,,
wlm_eu_ukraine,mdchatmd,1,live,link,,
wlm_eu_ukraine,misanthropictroll,1,live,link,,
wlm_eu_ukraine,nation_europa,1,live,link,,
wlm_eu_ukraine,natsquads,1,live,link,,
wlm_eu_ukraine,pvcpatch,1,live,link,,
wlm_eu_ukraine,svstn,1,live,link,,
wlm_eu_ukraine,telivesmatterofficial,1,live,link,,
wlm_eu_ukraine,ultrasnotreds8,1,live,link,,
wlm_eu_ukraine,ultrasnotreds81,1,live,link,,
wlm_eu_ukraine,wirtixssedits,1,live,link,,
wlm_eu_ukraine,wlm_eu_ukraine2,1,live,link,,
wlm_eu_ukraine,wlm_reading,1,live,link,,
wlm_eu_ukraine,wlm_usa_texas2,1,live,link,,
wlm_eu_ukraine,wolvenrad,1,live,link,,
wlm_eu_united_kingdom,action_radar_europe,1,live,link,,
wlm_eu_united_kingdom,axisofordinary,1,live,link,,
wlm_eu_united_kingdom,beautyofeuropa,1,live,link,,
wlm_eu_united_kingdom,cig_telegram,1,live,link,,
wlm_eu_united_kingdom,dellvett,1,live,link,,
wlm_eu_united_kingdom,englishrebirth,1,live,link,,
wlm_eu_united_kingdom,ficial,1,live,link,,
wlm_eu_united_kingdom,hitelivesmatterofficialchat,1,live,link,,
wlm_eu_united_kingdom,jamesgoddardnews2,1,live,link,,
wlm_eu_united_kingdom,joinhomeland,1,live,link,,
wlm_eu_united_kingdom,klanchowder,1,live,link,,
wlm_eu_united_kingdom,lmcontactbot,1,live,link,,
wlm_eu_united_kingdom,m_eu_united_kingdom,1,live,link,,
wlm_eu_united_kingdom,mofficial14,1,live,link,,
wlm_eu_united_kingdom,msubmissionbot,1,live,link,,
wlm_eu_united_kingdom,negativeresponse,1,live,link,,
wlm_eu_united_kingdom,samyorkshire,1,live,link,,
wlm_eu_united_kingdom,smatterofficial,1,live,link,,
wlm_eu_united_kingdom,stevelawsrn,1,live,link,,
wlm_eu_united_kingdom,theislandernews,1,live,link,,
wlm_eu_united_kingdom,tterofficial,1,live,link,,
wlm_eu_united_kingdom,ultrasnotreds8,1,live,link,,
wlm_eu_united_kingdom,ultrasnotreds81,1,live,link,,
wlm_eu_united_kingdom,visegrad_24,1,live,link,,
wlm_eu_united_kingdom,whitealexandriaslibrary,1,live,link,,
wlm_eu_united_kingdom,wlm_eu_united_kingdom_chat,1,live,link,,
wlm_eu_united_kingdom,wlm_events,1,live,link,,
wlm_eu_united_kingdom,wlm_listening,1,live,link,,
wlm_eu_united_kingdom,wlm_usa_nevada,1,live,link,,
wlm_eu_united_kingdom,wlm_usa_nevada_chat,1,live,link,,
wlm_listening,cpohlhaus,1,live,link,,
wlm_listening,massnsc,1,live,link,,
wlm_materials,wlm_tutorials,1,live,link,,
wlm_tutorials,ficial,1,live,link,,
wlm_tutorials,itelivesmatterofficial,1,live,link,,
wlm_tutorials,wlm_materials,1,live,link,,
wlm_tutorials,wlm_usa_arizona,1,live,link,,
wlm_usa_arizona,culturewarroom,1,live,link,,
wlm_usa_arizona,dellvett,1,live,link,,
wlm_usa_arizona,great_plains_active_club,1,live,link,,
wlm_usa_arizona,greatplainsactiveclub,1,live,link,,
wlm_usa_arizona,itelivesmatterofficial,1,live,link,,
wlm_usa_arizona,kyleaz,1,live,link,,
wlm_usa_arizona,lieberlebenswertlebenkanal,1,live,link,,
wlm_usa_arizona,lmcontactbot,1,live,link,,
wlm_usa_arizona,love2fish14,1,live,link,,
wlm_usa_arizona,mofficial14,1,live,link,,
wlm_usa_arizona,negativeresponse,1,live,link,,
wlm_usa_arizona,retardsoftiktok,1,live,link,,
wlm_usa_arizona,sotsb,1,live,link,,
wlm_usa_arizona,thedissidentright,1,live,link,,
wlm_usa_arizona,thewesternchauvinist11,1,live,link,,
wlm_usa_arizona,thewesternchauvinist2,1,live,link,,
wlm_usa_arizona,thewesternchauvinist7,1,live,link,,
wlm_usa_arizona,thuletide,1,live,link,,
wlm_usa_arizona,whitelaborstrikeww,1,live,link,,
wlm_usa_arizona,whitelivesmatterofficialchat2,1,live,link,,
wlm_usa_arizona,whitewomanthings,1,live,link,,
wlm_usa_arizona,wlm_ca_vet,1,live,link,,
wlm_usa_arizona,wlm_canada,1,live,link,,
wlm_usa_arizona,wlm_eu_netherlands,1,live,link,,
wlm_usa_arizona,wlm_events,1,live,link,,
wlm_usa_arizona,wlm_usa_alabama,1,live,link,,
wlm_usa_arizona,wlm_usa_california,1,live,link,,
wlm_usa_arizona,wlm_usa_florida,1,live,link,,
wlm_usa_arizona,wlm_usa_michigan_chat,1,live,link,,
wlm_usa_arizona,wlm_usa_montana,1,live,link,,
wlm_usa_arizona,wlm_usa_wisconsin,1,live,link,,
wlm_usa_arizona,wlm_usa_wisconsin_chat,1,live,link,,
wlm_usa_arizona,wlm_viewing,1,live,link,,
wlm_usa_arizona,wlmsubmissionbot,1,live,link,,
wlm_usa_california,bacc925,1,live,link,,
wlm_usa_california,ca_legion_xiv,1,live,link,,
wlm_usa_california,davidzsutty,1,live,link,,
wlm_usa_california,dellvett,1,live,link,,
wlm_usa_california,elivesmatterofficial,1,live,link,,
wlm_usa_california,evergreenac,1,live,link,,
wlm_usa_california,fash_gordon,1,live,link,,
wlm_usa_california,floodnsheeeiit,1,live,link,,
wlm_usa_california,hiddentruthvideos,1,live,link,,
wlm_usa_california,hitelivesmatterofficial,1,live,link,,
wlm_usa_california,huwhitepapers,1,live,link,,
wlm_usa_california,itelivesmatterofficial,1,live,link,,
wlm_usa_california,justiceinitiative,1,live,link,,
wlm_usa_california,kevinmacdonald,1,live,link,,
wlm_usa_california,lmcontactbot,1,live,link,,
wlm_usa_california,lmsubmissionbot,1,live,link,,
wlm_usa_california,markacollett,1,live,link,,
wlm_usa_california,mofficial14,1,live,link,,
wlm_usa_california,no_bs_88,1,live,link,,
wlm_usa_california,norcalactiveclub,1,live,link,,
wlm_usa_california,normiepipeline2,1,live,link,,
wlm_usa_california,official3n,1,live,link,,
wlm_usa_california,racerealismchannel,1,live,link,,
wlm_usa_california,rainforest88,1,live,link,,
wlm_usa_california,remnantaesthetics,1,live,link,,
wlm_usa_california,smoky_joe14,1,live,link,,
wlm_usa_california,sonsretvrned,1,live,link,,
wlm_usa_california,sotsb,1,live,link,,
wlm_usa_california,theferrymanstoll,1,live,link,,
wlm_usa_california,theprudentpatriot,1,live,link,,
wlm_usa_california,vrcrewbanned,1,live,link,,
wlm_usa_california,wlm_events,1,live,link,,
wlm_usa_california,wlm_it_ch_admin,1,live,link,,
wlm_usa_california,wlm_usa_alabama,1,live,link,,
wlm_usa_california,wlm_usa_arizona,1,live,link,,
wlm_usa_california,wlm_usa_california_chat,1,live,link,,
wlm_usa_california,wlm_usa_michigan_chat,1,live,link,,
wlm_usa_california,wlm_usa_new_jersey,1,live,link,,
wlm_usa_california,wlm_usa_texas_chat2,1,live,link,,
wlm_usa_california,wlm_usa_texas2,1,live,link,,
wlm_usa_california,wyomingac2,1,live,link,,
wlm_usa_colorado,cig_telegram,1,live,link,,
wlm_usa_colorado,dellvett,1,live,link,,
wlm_usa_colorado,devonstack,1,live,link,,
wlm_usa_colorado,disclosetv,1,live,link,,
wlm_usa_colorado,elevatethymind,1,live,link,,
wlm_usa_colorado,elivesmatterofficial,1,live,link,,
wlm_usa_colorado,everyday1350,1,live,link,,
wlm_usa_colorado,ficial,1,live,link,,
wlm_usa_colorado,folkish_path,1,live,link,,
wlm_usa_colorado,irelandswoes,1,live,link,,
wlm_usa_colorado,itelivesmatterofficial,1,live,link,,
wlm_usa_colorado,jungetat,1,live,link,,
wlm_usa_colorado,justiceisontheway,1,live,link,,
wlm_usa_colorado,klanchowder,1,live,link,,
wlm_usa_colorado,mofficial,1,live,link,,
wlm_usa_colorado,mofficial14,1,live,link,,
wlm_usa_colorado,nationalsocialistnetwork,1,live,link,,
wlm_usa_colorado,negativeresponse,1,live,link,,
wlm_usa_colorado,ozarkia,1,live,link,,
wlm_usa_colorado,ozarkia_admin,1,live,link,,
wlm_usa_colorado,racerealismchannel,1,live,link,,
wlm_usa_colorado,realblaircottrell,1,live,link,,
wlm_usa_colorado,redicetv,1,live,link,,
wlm_usa_colorado,tac_arizona1,1,live,link,,
wlm_usa_colorado,thewesternchauvinist9,1,live,link,,
wlm_usa_colorado,tterofficial,1,live,link,,
wlm_usa_colorado,twittervid_bot,1,live,link,,
wlm_usa_colorado,unsupporteduser64bot,1,live,link,,
wlm_usa_colorado,wlm_eu_netherlands,1,live,link,,
wlm_usa_colorado,wlm_usa_california,1,live,link,,
wlm_usa_colorado,wlm_usa_florida,1,live,link,,
wlm_usa_colorado,wlm_usa_texas,1,live,link,,
wlm_usa_colorado,wlmglobal,1,live,link,,
wlm_usa_colorado,wlmsubmissionbot,1,live,link,,
wlm_usa_colorado,zoomerwaffen08,1,live,link,,
wlm_usa_idaho,bigskyac_uncensor3d,1,live,link,,
wlm_usa_idaho,chris88whiteman,1,live,link,,
wlm_usa_idaho,cleetus_mt,1,live,link,,
wlm_usa_idaho,dellvett,1,live,link,,
wlm_usa_idaho,europa_the_last_battle,1,live,link,,
wlm_usa_idaho,evergreenac,1,live,link,,
wlm_usa_idaho,horus_mt,1,live,link,,
wlm_usa_idaho,joeldavisx,1,live,link,,
wlm_usa_idaho,missile_edits,1,live,link,,
wlm_usa_idaho,mofficial14,1,live,link,,
wlm_usa_idaho,negativeresponse,1,live,link,,
wlm_usa_idaho,norcalactiveclub,1,live,link,,
wlm_usa_idaho,northidahoactiveclub,1,live,link,,
wlm_usa_idaho,official3n,1,live,link,,
wlm_usa_idaho,patriotfrontsightings,1,live,link,,
wlm_usa_idaho,pnwguerrilla,1,live,link,,
wlm_usa_idaho,realdavereilly,1,live,link,,
wlm_usa_idaho,realvincentjames,1,live,link,,
wlm_usa_idaho,smatterofficial,1,live,link,,
wlm_usa_idaho,sons_admin,1,live,link,,
wlm_usa_idaho,srn_admin,1,live,link,,
wlm_usa_idaho,thomas_sewell,1,live,link,,
wlm_usa_idaho,vrcrewbanned,1,live,link,,
wlm_usa_idaho,whitealexandriaslibrary,1,live,link,,
wlm_usa_idaho,whitelivesmatterofficialchat,1,live,link,,
wlm_usa_idaho,will2riseclothing,1,live,link,,
wlm_usa_idaho,wlm_bc,1,live,link,,
wlm_usa_idaho,wlm_ca_vet,1,live,link,,
wlm_usa_idaho,wlm_eu_netherlands,1,live,link,,
wlm_usa_idaho,wlm_events,1,live,link,,
wlm_usa_idaho,wlm_mt_materials,1,live,link,,
wlm_usa_idaho,wlm_usa_florida,1,live,link,,
wlm_usa_idaho,wlm_usa_idaho_chat,1,live,link,,
wlm_usa_idaho,wlm_usa_idaho_materials,1,live,link,,
wlm_usa_idaho,wlm_usa_idaho_videos,1,live,link,,
wlm_usa_idaho,wlm_usa_illinois_chat,1,live,link,,
wlm_usa_idaho,wlm_usa_iowa_chat,1,live,link,,
wlm_usa_idaho,wlm_usa_michigan_chat,1,live,link,,
wlm_usa_idaho,wlm_usa_minnesota_chat2,1,live,link,,
wlm_usa_idaho,wlm_usa_montana_chat,1,live,link,,
wlm_usa_idaho,wlm_usa_tennessee_chat2,1,live,link,,
wlm_usa_idaho,wlm_usa_washington,1,live,link,,
wlm_usa_idaho,wlm_usa_washington3,1,live,link,,
wlm_usa_idaho,wlm_usa_wisconsin,1,live,link,,
wlm_usa_idaho,wlm_usa_wisconsin_chat,1,live,link,,
wlm_usa_idaho,wyomingac2,1,live,link,,
wlm_usa_illinois,everyone,1,live,link,,
wlm_usa_illinois,hitelivesmatterofficial,1,live,link,,
wlm_usa_illinois,itelivesmatterofficial,1,live,link,,
wlm_usa_illinois,lmsubmissionbot,1,live,link,,
wlm_usa_illinois,m_usa_illinois2,1,live,link,,
wlm_usa_illinois,mofficial14,1,live,link,,
wlm_usa_illinois,northeastaction,1,live,link,,
wlm_usa_illinois,noticernews,1,live,link,,
wlm_usa_illinois,novanow,1,live,link,,
wlm_usa_illinois,telivesmatterofficial,1,live,link,,
wlm_usa_illinois,whiteausbot,1,live,link,,
wlm_usa_illinois,wlm_eu_germany,1,live,link,,
wlm_usa_illinois,wlm_usa_arkansas2,1,live,link,,
wlm_usa_illinois,wlm_usa_connecticut,1,live,link,,
wlm_usa_illinois,wlm_usa_missouri_chat,1,live,link,,
wlm_usa_illinois,wlm_usa_oregon,1,live,link,,
wlm_usa_illinois,wlm_usa_oregon_chat,1,live,link,,
wlm_usa_illinois,wlmofficial14,1,live,link,,
wlm_usa_michigan,amrenofficial,1,live,link,,
wlm_usa_michigan,canadian_nationalist_patriots,1,live,link,,
wlm_usa_michigan,clockworkupdates,1,live,link,,
wlm_usa_michigan,europa_the_last_battle_blu_ray,1,live,link,,
wlm_usa_michigan,folkishvanguard,1,live,link,,
wlm_usa_michigan,hersantite,1,live,link,,
wlm_usa_michigan,joeldavis,1,live,link,,
wlm_usa_michigan,lm_usa_new_jersey,1,live,link,,
wlm_usa_michigan,markacollett,1,live,link,,
wlm_usa_michigan,martinsellner_english,1,live,link,,
wlm_usa_michigan,mofficial14,1,live,link,,
wlm_usa_michigan,mwlmpoc_bot,1,live,link,,
wlm_usa_michigan,pile_of_rocks,1,live,link,,
wlm_usa_michigan,realvincentjames,1,live,link,,
wlm_usa_michigan,rusorel862,1,live,link,,
wlm_usa_michigan,russian_tribuna,1,live,link,,
wlm_usa_michigan,thewesternchauvinist11,1,live,link,,
wlm_usa_michigan,thomas_sewell,1,live,link,,
wlm_usa_michigan,ultrasnotreds8,1,live,link,,
wlm_usa_michigan,whiteyape,1,live,link,,
wlm_usa_michigan,wlm_eu_france,1,live,link,,
wlm_usa_michigan,wlm_eu_germany,1,live,link,,
wlm_usa_michigan,wlm_eu_netherlands,1,live,link,,
wlm_usa_michigan,wlm_eu_romania,1,live,link,,
wlm_usa_michigan,wlm_reading,1,live,link,,
wlm_usa_michigan,wlm_usa_illinois,1,live,link,,
wlm_usa_michigan,wlm_usa_illinois_chat,1,live,link,,
wlm_usa_michigan,wlm_usa_missouri,1,live,link,,
wlm_usa_michigan,wlm_usa_missouri_chat,1,live,link,,
wlm_usa_minnesota,alabama_activeclub,1,live,link,,
wlm_usa_minnesota,aussiecossack,1,live,link,,
wlm_usa_minnesota,devonstack,1,live,link,,
wlm_usa_minnesota,europa_the_last_battle_blu_ray,1,live,link,,
wlm_usa_minnesota,fashanova,1,live,link,,
wlm_usa_minnesota,fortissaxistyping,1,live,link,,
wlm_usa_minnesota,g_l_rockwell,1,live,link,,
wlm_usa_minnesota,hevsa1,1,live,link,,
wlm_usa_minnesota,itelivesmatterofficial,1,live,link,,
wlm_usa_minnesota,joeldavis_x,1,live,link,,
wlm_usa_minnesota,kaoticvideo,1,live,link,,
wlm_usa_minnesota,mofficial14,1,live,link,,
wlm_usa_minnesota,nationalistparkpatrol,1,live,link,,
wlm_usa_minnesota,practicalpolitics,1,live,link,,
wlm_usa_minnesota,realblaircottrell,1,live,link,,
wlm_usa_minnesota,realpetercsere,1,live,link,,
wlm_usa_minnesota,returntothelandozarks,1,live,link,,
wlm_usa_minnesota,riseeuropa,1,live,link,,
wlm_usa_minnesota,smatterofficial,1,live,link,,
wlm_usa_minnesota,snuncensored,1,live,link,,
wlm_usa_minnesota,the_jewish_question,1,live,link,,
wlm_usa_minnesota,thehissingpossum2,1,live,link,,
wlm_usa_minnesota,thewhitestrain,1,live,link,,
wlm_usa_minnesota,thomas_sewell_clips,1,live,link,,
wlm_usa_minnesota,tomsewellalerts,1,live,link,,
wlm_usa_minnesota,ultrasnotreds2,1,live,link,,
wlm_usa_minnesota,usa_oregon_chat,1,live,link,,
wlm_usa_minnesota,wlm_eu_poland,1,live,link,,
wlm_usa_minnesota,wlm_eu_united_kingdom,1,live,link,,
wlm_usa_minnesota,wlm_mn_materials,1,live,link,,
wlm_usa_minnesota,wlm_usa_alabama,1,live,link,,
wlm_usa_minnesota,wlm_usa_florida,1,live,link,,
wlm_usa_minnesota,wlm_usa_illinois,1,live,link,,
wlm_usa_minnesota,wlm_usa_illinois_chat,1,live,link,,
wlm_usa_minnesota,wlm_usa_michigan_chat,1,live,link,,
wlm_usa_minnesota,wlm_usa_oregon,1,live,link,,
wlm_usa_minnesota,wlmsubmissionbot,1,live,link,,
wlm_usa_montana,abm_vetting,1,live,link,,
wlm_usa_montana,bigskyac_uncensor3d,1,live,link,,
wlm_usa_montana,demacre,1,live,link,,
wlm_usa_montana,devonstack,1,live,link,,
wlm_usa_montana,europa_the_last_battle,1,live,link,,
wlm_usa_montana,europa_the_last_battle_blu_ray,1,live,link,,
wlm_usa_montana,fashgordons,1,live,link,,
wlm_usa_montana,forbiddenhistory18,1,live,link,,
wlm_usa_montana,hitelivesmatterofficialchat2,1,live,link,,
wlm_usa_montana,hometermia,1,live,link,,
wlm_usa_montana,ihypocritical,1,live,link,,
wlm_usa_montana,informationliberation,1,live,link,,
wlm_usa_montana,joeldavis_x,1,live,link,,
wlm_usa_montana,johnfassbinderafp,1,live,link,,
wlm_usa_montana,lm_events,1,live,link,,
wlm_usa_montana,lm_listening,1,live,link,,
wlm_usa_montana,lm_reading,1,live,link,,
wlm_usa_montana,lm_tutorials,1,live,link,,
wlm_usa_montana,lmofficial,1,live,link,,
wlm_usa_montana,lmofficial14,1,live,link,,
wlm_usa_montana,lmsubmissionbot,1,live,link,,
wlm_usa_montana,lonestaractiveclub,1,live,link,,
wlm_usa_montana,mofficial14,1,live,link,,
wlm_usa_montana,official3n,1,live,link,,
wlm_usa_montana,patriotfrontnews,1,live,link,,
wlm_usa_montana,pile_of_rocks,1,live,link,,
wlm_usa_montana,telegramtips,1,live,link,,
wlm_usa_montana,thebeaconsofgondor,1,live,link,,
wlm_usa_montana,thebureauofmemeticwarfareog,1,live,link,,
wlm_usa_montana,tlutze,1,live,link,,
wlm_usa_montana,totallyawesomefriends,1,live,link,,
wlm_usa_montana,whitealexandriaslibrary,1,live,link,,
wlm_usa_montana,whiteausbot,1,live,link,,
wlm_usa_montana,wlm_events,1,live,link,,
wlm_usa_montana,wlm_usa_alaska,1,live,link,,
wlm_usa_montana,wlm_usa_connecticut,1,live,link,,
wlm_usa_montana,wlm_usa_idaho,1,live,link,,
wlm_usa_montana,wlm_usa_montana_chat,1,live,link,,
wlm_usa_montana,wlm_usa_washington2,1,live,link,,
wlm_usa_montana,wlm_usa_washington3,1,live,link,,
wlm_usa_montana,yuriwarnedus,1,live,link,,
wlm_usa_new_jersey,activeclubcr,1,live,link,,
wlm_usa_new_jersey,americanfreedomparty,1,live,link,,
wlm_usa_new_jersey,anamericanspirit,1,live,link,,
wlm_usa_new_jersey,antelopehill,1,live,link,,
wlm_usa_new_jersey,aryanbookarchive,1,live,link,,
wlm_usa_new_jersey,barbatosprod,1,live,link,,
wlm_usa_new_jersey,chimpschimpingout,1,live,link,,
wlm_usa_new_jersey,curioxtg,1,live,link,,
wlm_usa_new_jersey,davidscave,1,live,link,,
wlm_usa_new_jersey,dorsachse2025,1,live,link,,
wlm_usa_new_jersey,emorianatio,1,live,link,,
wlm_usa_new_jersey,ericdupree,1,live,link,,
wlm_usa_new_jersey,erwachen8814,1,live,link,,
wlm_usa_new_jersey,europarevival1,1,live,link,,
wlm_usa_new_jersey,fightbackpodcast,1,live,link,,
wlm_usa_new_jersey,folkishobserver,1,live,link,,
wlm_usa_new_jersey,fr_antifawatch,1,live,link,,
wlm_usa_new_jersey,gatornatv3,1,live,link,,
wlm_usa_new_jersey,godlyendtimetruth,1,live,link,,
wlm_usa_new_jersey,greatlakesafawatch,1,live,link,,
wlm_usa_new_jersey,heavy_gustav,1,live,link,,
wlm_usa_new_jersey,historyclearinghouse,1,live,link,,
wlm_usa_new_jersey,ihypocritical,1,live,link,,
wlm_usa_new_jersey,jimboredux,1,live,link,,
wlm_usa_new_jersey,johnfassbinderafp,1,live,link,,
wlm_usa_new_jersey,lamearchivewp,1,live,link,,
wlm_usa_new_jersey,memecannons88,1,live,link,,
wlm_usa_new_jersey,miesenews,1,live,link,,
wlm_usa_new_jersey,mwlibrary2,1,live,link,,
wlm_usa_new_jersey,norcalantifa,1,live,link,,
wlm_usa_new_jersey,northeast131,1,live,link,,
wlm_usa_new_jersey,northnj131,1,live,link,,
wlm_usa_new_jersey,northwest131,1,live,link,,
wlm_usa_new_jersey,paganpathway,1,live,link,,
wlm_usa_new_jersey,police_frequency,1,live,link,,
wlm_usa_new_jersey,prowhitefam2,1,live,link,,
wlm_usa_new_jersey,realheybuddy,1,live,link,,
wlm_usa_new_jersey,riseeuropa,1,live,link,,
wlm_usa_new_jersey,rnintel,1,live,link,,
wlm_usa_new_jersey,rockoramarecords,1,live,link,,
wlm_usa_new_jersey,socalantifawatch,1,live,link,,
wlm_usa_new_jersey,southernnat,1,live,link,,
wlm_usa_new_jersey,thecoalpost,1,live,link,,
wlm_usa_new_jersey,thedailymess,1,live,link,,
wlm_usa_new_jersey,theferrymanstoll,1,live,link,,
wlm_usa_new_jersey,ttrp_telegram,1,live,link,,
wlm_usa_new_jersey,upstatewatch,1,live,link,,
wlm_usa_new_jersey,vereignredneckrenegade,1,live,link,,
wlm_usa_new_jersey,verszerzodes,1,live,link,,
wlm_usa_new_jersey,vrileducation,1,live,link,,
wlm_usa_new_jersey,warpigmeme,1,live,link,,
wlm_usa_new_jersey,whitecanada1,1,live,link,,
wlm_usa_new_jersey,whitelivesmattermichiganvetting,1,live,link,,
wlm_usa_new_jersey,wlm_usa_alabama,1,live,link,,
wlm_usa_new_jersey,wlm_usa_connecticut,1,live,link,,
wlm_usa_new_jersey,wlm_usa_illinois,1,live,link,,
wlm_usa_new_jersey,wlm_usa_michigan_chat,1,live,link,,
wlm_usa_new_jersey,youngdixie,1,live,link,,
wlm_usa_new_jersey,zoomerhistorian,1,live,link,,
wlm_usa_new_york2,altskull48,1,live,link,,
wlm_usa_new_york2,atlanticnationalistclub,1,live,link,,
wlm_usa_new_york2,autonompl,1,live,link,,
wlm_usa_new_york2,baystateactiveclub,1,live,link,,
wlm_usa_new_york2,beginnerhomesteader,1,live,link,,
wlm_usa_new_york2,elivesmatterofficial,1,live,link,,
wlm_usa_new_york2,fashposting,1,live,link,,
wlm_usa_new_york2,ficial,1,live,link,,
wlm_usa_new_york2,folkishobserver,1,live,link,,
wlm_usa_new_york2,generalmcnews,1,live,link,,
wlm_usa_new_york2,herrcent,1,live,link,,
wlm_usa_new_york2,huxdeluxe,1,live,link,,
wlm_usa_new_york2,irelandknows,1,live,link,,
wlm_usa_new_york2,itelivesmatterofficial,1,live,link,,
wlm_usa_new_york2,johnfassbinderafp,1,live,link,,
wlm_usa_new_york2,keith_woods,1,live,link,,
wlm_usa_new_york2,ltrasnotreds2,1,live,link,,
wlm_usa_new_york2,mofficial14,1,live,link,,
wlm_usa_new_york2,noticernews,1,live,link,,
wlm_usa_new_york2,okeefemediagroup,1,live,link,,
wlm_usa_new_york2,pandemictwo,1,live,link,,
wlm_usa_new_york2,paulinehansonaussielegend,1,live,link,,
wlm_usa_new_york2,proudboysuncensored,1,live,link,,
wlm_usa_new_york2,realheybuddy,1,live,link,,
wlm_usa_new_york2,smatterofficial,1,live,link,,
wlm_usa_new_york2,sugartreematerials,1,live,link,,
wlm_usa_new_york2,theferrymanstoll,1,live,link,,
wlm_usa_new_york2,thewesternchauvinist11,1,live,link,,
wlm_usa_new_york2,thewesternchauvinist12,1,live,link,,
wlm_usa_new_york2,thewesternchauvinist2,1,live,link,,
wlm_usa_new_york2,thuletide,1,live,link,,
wlm_usa_new_york2,timlutze2,1,live,link,,
wlm_usa_new_york2,treds_bot,1,live,link,,
wlm_usa_new_york2,ultrasnotreds8,1,live,link,,
wlm_usa_new_york2,ultrasnotreds81,1,live,link,,
wlm_usa_new_york2,urderthemedia,1,live,link,,
wlm_usa_new_york2,vesmatterofficial,1,live,link,,
wlm_usa_new_york2,whitelads,1,live,link,,
wlm_usa_new_york2,wlm_eu_united_kingdom,1,live,link,,
wlm_usa_new_york2,wlm_events,1,live,link,,
wlm_usa_new_york2,wlm_tutorials,1,live,link,,
wlm_usa_new_york2,wlm_usa_michigan,1,live,link,,
wlm_usa_new_york2,wlm_usa_michigan_chat,1,live,link,,
wlm_usa_new_york2,wlm_usa_montana,1,live,link,,
wlm_usa_new_york2,wlm_usa_ohio2,1,live,link,,
wlm_usa_north_carolina,az_action,1,live,link,,
wlm_usa_north_carolina,az_action_chat,1,live,link,,
wlm_usa_north_carolina,dellvett,1,live,link,,
wlm_usa_north_carolina,erofficial,1,live,link,,
wlm_usa_north_carolina,ficial,1,live,link,,
wlm_usa_north_carolina,identitair,1,live,link,,
wlm_usa_north_carolina,legioneuropachat,1,live,link,,
wlm_usa_north_carolina,lmcontactbot,1,live,link,,
wlm_usa_north_carolina,lmofficial,1,live,link,,
wlm_usa_north_carolina,mofficial14,1,live,link,,
wlm_usa_north_carolina,negativeresponse,1,live,link,,
wlm_usa_north_carolina,sa_north_carolina_chat,1,live,link,,
wlm_usa_north_carolina,thuletide,1,live,link,,
wlm_usa_north_carolina,traditionalbritaingroup,1,live,link,,
wlm_usa_north_carolina,whitealexandriaslibrary,1,live,link,,
wlm_usa_north_carolina,whitelivesmatterofficialchat,1,live,link,,
wlm_usa_north_carolina,wlm_eu_netherlands,1,live,link,,
wlm_usa_north_carolina,wlm_events,1,live,link,,
wlm_usa_north_carolina,wlm_limburg,1,live,link,,
wlm_usa_north_carolina,wlm_listening,1,live,link,,
wlm_usa_north_carolina,wlm_usa_alabama,1,live,link,,
wlm_usa_north_carolina,wlm_usa_arizona_chat,1,live,link,,
wlm_usa_north_carolina,wlm_usa_florida,1,live,link,,
wlm_usa_north_carolina,wlm_usa_idaho,1,live,link,,
wlm_usa_north_carolina,wlm_usa_idaho_chat2,1,live,link,,
wlm_usa_north_carolina,wlm_usa_missouri,1,live,link,,
wlm_usa_north_carolina,wlm_usa_missouri_chat,1,live,link,,
wlm_usa_north_carolina,wlm_usa_montana,1,live,link,,
wlm_usa_north_carolina,wlm_usa_ohio,1,live,link,,
wlm_usa_north_carolina,wlm_usa_ohio_chat,1,live,link,,
wlm_usa_north_carolina,wlm_usa_texas,1,live,link,,
wlm_usa_north_carolina,wlmofficial,1,live,link,,
wlm_usa_ohio,amerikaner,1,live,link,,
wlm_usa_ohio,bloodtribeohio,1,live,link,,
wlm_usa_ohio,dellvett,1,live,link,,
wlm_usa_ohio,devonstack,1,live,link,,
wlm_usa_ohio,embracestruggleac,1,live,link,,
wlm_usa_ohio,fashchat,1,live,link,,
wlm_usa_ohio,horus_mt,1,live,link,,
wlm_usa_ohio,info_addicted,1,live,link,,
wlm_usa_ohio,jackdawkinsnewera,1,live,link,,
wlm_usa_ohio,justicereport,1,live,link,,
wlm_usa_ohio,justjoeradio,1,live,link,,
wlm_usa_ohio,lm_usa_new_jersey,1,live,link,,
wlm_usa_ohio,negativeresponse,1,live,link,,
wlm_usa_ohio,nsc131official,1,live,link,,
wlm_usa_ohio,ohioactiveclub,1,live,link,,
wlm_usa_ohio,panzerstreetwear,1,live,link,,
wlm_usa_ohio,realvincentjames,1,live,link,,
wlm_usa_ohio,retardsoftiktok,1,live,link,,
wlm_usa_ohio,rsn04,1,live,link,,
wlm_usa_ohio,smatterofficial,1,live,link,,
wlm_usa_ohio,subhumantears,1,live,link,,
wlm_usa_ohio,thewesternchauvinist11,1,live,link,,
wlm_usa_ohio,thuletide,1,live,link,,
wlm_usa_ohio,whitelivesmatterofficialchat2,1,live,link,,
wlm_usa_ohio,wlm_eu_france,1,live,link,,
wlm_usa_ohio,wlm_usa_alabama,1,live,link,,
wlm_usa_ohio,wlm_usa_arizona,1,live,link,,
wlm_usa_ohio,wlm_usa_michigan,1,live,link,,
wlm_usa_ohio,wlm_usa_michigan_chat,1,live,link,,
wlm_usa_ohio,wlm_usa_pennsylvania_archive,1,live,link,,
wlm_usa_ohio,wlm_usa_pennsylvania_chat,1,live,link,,
wlm_usa_ohio,wlm_usa_texas2,1,live,link,,
wlm_usa_ohio,wlm_usa_virginia,1,live,link,,
wlm_usa_ohio,wlm_usa_washington2,1,live,link,,
wlm_usa_ohio,wolvenrad,1,live,link,,
wlm_usa_oregon,cig_telegram,1,live,link,,
wlm_usa_oregon,collective88,1,live,link,,
wlm_usa_oregon,dellvett,1,live,link,,
wlm_usa_oregon,devonstack,1,live,link,,
wlm_usa_oregon,ficial,1,live,link,,
wlm_usa_oregon,klanchowder,1,live,link,,
wlm_usa_oregon,media2rise,1,live,link,,
wlm_usa_oregon,missile_edits,1,live,link,,
wlm_usa_oregon,mwlmpoc_bot,1,live,link,,
wlm_usa_oregon,nationaljustice,1,live,link,,
wlm_usa_oregon,negativeresponse,1,live,link,,
wlm_usa_oregon,tterofficial,1,live,link,,
wlm_usa_oregon,unsupporteduser64bot,1,live,link,,
wlm_usa_oregon,wlm_canada,1,live,link,,
wlm_usa_oregon,wlm_eu_netherlands,1,live,link,,
wlm_usa_oregon,wlm_usa_florida,1,live,link,,
wlm_usa_oregon,wlm_usa_michigan,1,live,link,,
wlm_usa_oregon,wlm_usa_montana,1,live,link,,
wlm_usa_oregon,wlm_usa_montana_chat,1,live,link,,
wlm_usa_oregon,wlm_usa_new_york,1,live,link,,
wlm_usa_oregon,wlm_usa_new_york_chat,1,live,link,,
wlm_usa_oregon,wlm_usa_texas,1,live,link,,
wlm_usa_pennsylvania,activedietsland,1,live,link,,
wlm_usa_pennsylvania,bubbakate,1,live,link,,
wlm_usa_pennsylvania,cig_telegram,1,live,link,,
wlm_usa_pennsylvania,dutchdissident,1,live,link,,
wlm_usa_pennsylvania,hitelivesmatterofficial,1,live,link,,
wlm_usa_pennsylvania,itelivesmatterofficial,1,live,link,,
wlm_usa_pennsylvania,keith_woods,1,live,link,,
wlm_usa_pennsylvania,legioneuropa,1,live,link,,
wlm_usa_pennsylvania,legioneuropachat,1,live,link,,
wlm_usa_pennsylvania,markacollett,1,live,link,,
wlm_usa_pennsylvania,mofficial14,1,live,link,,
wlm_usa_pennsylvania,negativeresponse,1,live,link,,
wlm_usa_pennsylvania,newrightnews,1,live,link,,
wlm_usa_pennsylvania,njeha1,1,live,link,,
wlm_usa_pennsylvania,patriotfrontupdates,1,live,link,,
wlm_usa_pennsylvania,pennsylvania,1,live,link,,
wlm_usa_pennsylvania,realblaircottrell,1,live,link,,
wlm_usa_pennsylvania,redicetv,1,live,link,,
wlm_usa_pennsylvania,retardsoftiktok,1,live,link,,
wlm_usa_pennsylvania,stormfourteen,1,live,link,,
wlm_usa_pennsylvania,submissionbot,1,live,link,,
wlm_usa_pennsylvania,telivesmatterofficial,1,live,link,,
wlm_usa_pennsylvania,thewesternchauvinist11,1,live,link,,
wlm_usa_pennsylvania,whitelivesmattermichiganvetting,1,live,link,,
wlm_usa_pennsylvania,wlm_eu_netherlands,1,live,link,,
wlm_usa_pennsylvania,wlm_events,1,live,link,,
wlm_usa_pennsylvania,wlm_usa_delaware,1,live,link,,
wlm_usa_pennsylvania,wlm_usa_delaware_chat,1,live,link,,
wlm_usa_pennsylvania,wlm_usa_montana,1,live,link,,
wlm_usa_pennsylvania,wlm_usa_new_york2,1,live,link,,
wlm_usa_pennsylvania,wlm_usa_ohio_chat,1,live,link,,
wlm_usa_pennsylvania,wlm_usa_oregon,1,live,link,,
wlm_usa_pennsylvania,wlm_usa_oregon_chat,1,live,link,,
wlm_usa_pennsylvania,wlm_usa_texas_chat2,1,live,link,,
wlm_usa_pennsylvania,wlm_usa_texas2,1,live,link,,
wlm_usa_pennsylvania,wlm_usa_tristate_archives,1,live,link,,
wlm_usa_pennsylvania,wlmchatbot,1,live,link,,
wlm_usa_pennsylvania,wlmpa,1,live,link,,
wlm_usa_tennessee,ca_legion_xiv,1,live,link,,
wlm_usa_tennessee,dellvett,1,live,link,,
wlm_usa_tennessee,erofficial,1,live,link,,
wlm_usa_tennessee,gabtrends,1,live,link,,
wlm_usa_tennessee,itelivesmatterofficial,1,live,link,,
wlm_usa_tennessee,ivesmatterofficia,1,live,link,,
wlm_usa_tennessee,kagbabe,1,live,link,,
wlm_usa_tennessee,livesmatterofficial,1,live,link,,
wlm_usa_tennessee,lm_viewing,1,live,link,,
wlm_usa_tennessee,mofficial14,1,live,link,,
wlm_usa_tennessee,morianatio,1,live,link,,
wlm_usa_tennessee,negativeresponse,1,live,link,,
wlm_usa_tennessee,oldarminius,1,live,link,,
wlm_usa_tennessee,phadchan,1,live,link,,
wlm_usa_tennessee,stewpeters,1,live,link,,
wlm_usa_tennessee,telegramtips,1,live,link,,
wlm_usa_tennessee,the_black_sun_rises,1,live,link,,
wlm_usa_tennessee,thedissidentright,1,live,link,,
wlm_usa_tennessee,tomsewellalerts,1,live,link,,
wlm_usa_tennessee,truthgraphs,1,live,link,,
wlm_usa_tennessee,warpigmeme,1,live,link,,
wlm_usa_tennessee,whitealexandriaslibrary,1,live,link,,
wlm_usa_tennessee,whitelivesmatterofficialchat,1,live,link,,
wlm_usa_tennessee,wlm_tutorials,1,live,link,,
wlm_usa_tennessee,wlm_usa_arizona,1,live,link,,
wlm_usa_tennessee,wlm_usa_arizona_chat,1,live,link,,
wlm_usa_tennessee,wlm_usa_arkansas,1,live,link,,
wlm_usa_tennessee,wlm_usa_california,1,live,link,,
wlm_usa_tennessee,wlm_usa_california_chat,1,live,link,,
wlm_usa_tennessee,wlm_usa_georgia_chat,1,live,link,,
wlm_usa_tennessee,wlm_usa_idaho_chat2,1,live,link,,
wlm_usa_tennessee,wlm_usa_missouri,1,live,link,,
wlm_usa_tennessee,wlm_usa_montana,1,live,link,,
wlm_usa_tennessee,wlm_usa_north_carolina,1,live,link,,
wlm_usa_tennessee,wlm_usa_north_carolina_chat,1,live,link,,
wlm_usa_tennessee,wlm_usa_south_carolina_chat,1,live,link,,
wlm_usa_tennessee,workingmenmemes,1,live,link,,
wlm_usa_texas,activeengland,1,live,link,,
wlm_usa_texas,amrenofficial,1,live,link,,
wlm_usa_texas,behindthelinemedia,1,live,link,,
wlm_usa_texas,chossingston,1,live,link,,
wlm_usa_texas,christiantaliban,1,live,link,,
wlm_usa_texas,eurochud,1,live,link,,
wlm_usa_texas,europa_the_last_battle_blu_ray,1,live,link,,
wlm_usa_texas,europeeditor,1,live,link,,
wlm_usa_texas,gymxiv2,1,live,link,,
wlm_usa_texas,herrcent,1,live,link,,
wlm_usa_texas,hitelivesmatteroffi,1,live,link,,
wlm_usa_texas,huwhitepapers,1,live,link,,
wlm_usa_texas,itelivesmatterofficial,1,live,link,,
wlm_usa_texas,joeldavis_x,1,live,link,,
wlm_usa_texas,justicereport,1,live,link,,
wlm_usa_texas,ltrasnotreds8,1,live,link,,
wlm_usa_texas,mcontactbot,1,live,link,,
wlm_usa_texas,mofficial14,1,live,link,,
wlm_usa_texas,newrightnews,1,live,link,,
wlm_usa_texas,novanow,1,live,link,,
wlm_usa_texas,oboz1934,1,live,link,,
wlm_usa_texas,pile_of_rocks,1,live,link,,
wlm_usa_texas,police_frequency,1,live,link,,
wlm_usa_texas,privsecgoy,1,live,link,,
wlm_usa_texas,realblaircottrell,1,live,link,,
wlm_usa_texas,rocky_mountain_resistance,1,live,link,,
wlm_usa_texas,rockymountainactiveclub,1,live,link,,
wlm_usa_texas,russian_tribuna,1,live,link,,
wlm_usa_texas,stkpb,1,live,link,,
wlm_usa_texas,texasnatmov,1,live,link,,
wlm_usa_texas,texaspb,1,live,link,,
wlm_usa_texas,theaunc,1,live,link,,
wlm_usa_texas,theferrymanstoll,1,live,link,,
wlm_usa_texas,thewesternchauvinist7,1,live,link,,
wlm_usa_texas,treds_bot,1,live,link,,
wlm_usa_texas,tuckercarlson,1,live,link,,
wlm_usa_texas,twittervid_bot,1,live,link,,
wlm_usa_texas,ultrasnotreds81,1,live,link,,
wlm_usa_texas,unetenucleonacional,1,live,link,,
wlm_usa_texas,warpigmeme,1,live,link,,
wlm_usa_texas,we_are_fbr,1,live,link,,
wlm_usa_texas,westernmanstyle,1,live,link,,
wlm_usa_texas,whiteaustralia,1,live,link,,
wlm_usa_texas,whitelivesmatterofficialchat2,1,live,link,,
wlm_usa_texas,wlm_alabama_usa,1,live,link,,
wlm_usa_texas,wlm_eu_czech_republic,1,live,link,,
wlm_usa_texas,wlm_eu_germany,1,live,link,,
wlm_usa_texas,wlm_eu_united_kingdom,1,live,link,,
wlm_usa_texas,wlm_events,1,live,link,,
wlm_usa_texas,wlm_reading,1,live,link,,
wlm_usa_texas,wlm_usa_alabama,1,live,link,,
wlm_usa_texas,wlm_usa_delaware,1,live,link,,
wlm_usa_texas,wlm_usa_michigan_chat,1,live,link,,
wlm_usa_texas,wlm_usa_official,1,live,link,,
wlm_usa_texas,wlm_usa_oregon,1,live,link,,
wlm_usa_texas,wlm_usa_pennsylvania,1,live,link,,
wlm_usa_texas,wlm_usa_texas_chat2,1,live,link,,
wlm_usa_texas,youthfront,1,live,link,,
wlm_usa_texas,zoomerwaffenx,1,live,link,,
wlm_usa_texas2,aaccensored,1,live,link,,
wlm_usa_texas2,activeengland,1,live,link,,
wlm_usa_texas2,chossingston,1,live,link,,
wlm_usa_texas2,christiantaliban,1,live,link,,
wlm_usa_texas2,elivesmatterofficial,1,live,link,,
wlm_usa_texas2,europa_the_last_battle_blu_ray,1,live,link,,
wlm_usa_texas2,europeeditor,1,live,link,,
wlm_usa_texas2,gymxiv2,1,live,link,,
wlm_usa_texas2,herrcent,1,live,link,,
wlm_usa_texas2,hitelivesmatteroffi,1,live,link,,
wlm_usa_texas2,itelivesmatterofficial,1,live,link,,
wlm_usa_texas2,joeldavis_x,1,live,link,,
wlm_usa_texas2,ltrasnotreds8,1,live,link,,
wlm_usa_texas2,markacollett,1,live,link,,
wlm_usa_texas2,mcontactbot,1,live,link,,
wlm_usa_texas2,novanow,1,live,link,,
wlm_usa_texas2,oboz1934,1,live,link,,
wlm_usa_texas2,police_frequency,1,live,link,,
wlm_usa_texas2,privsecgoy,1,live,link,,
wlm_usa_texas2,realblaircottrell,1,live,link,,
wlm_usa_texas2,rocky_mountain_resistance,1,live,link,,
wlm_usa_texas2,rockymountainactiveclub,1,live,link,,
wlm_usa_texas2,russian_tribuna,1,live,link,,
wlm_usa_texas2,southafricareports,1,live,link,,
wlm_usa_texas2,stkpb,1,live,link,,
wlm_usa_texas2,texasnatmov,1,live,link,,
wlm_usa_texas2,texaspb,1,live,link,,
wlm_usa_texas2,theaunc,1,live,link,,
wlm_usa_texas2,thebureauofmemeticwarfareog,1,live,link,,
wlm_usa_texas2,theferrymanstoll,1,live,link,,
wlm_usa_texas2,thewesternchauvinist7,1,live,link,,
wlm_usa_texas2,treds_bot,1,live,link,,
wlm_usa_texas2,tuckercarlson,1,live,link,,
wlm_usa_texas2,ultrasnotreds81,1,live,link,,
wlm_usa_texas2,unetenucleonacional,1,live,link,,
wlm_usa_texas2,we_are_fbr,1,live,link,,
wlm_usa_texas2,westernmanstyle,1,live,link,,
wlm_usa_texas2,whiteaustralia,1,live,link,,
wlm_usa_texas2,whitelivesmatteroffic,1,live,link,,
wlm_usa_texas2,wlm_alabama_usa,1,live,link,,
wlm_usa_texas2,wlm_eu_france,1,live,link,,
wlm_usa_texas2,wlm_eu_germany,1,live,link,,
wlm_usa_texas2,wlm_events,1,live,link,,
wlm_usa_texas2,wlm_reading,1,live,link,,
wlm_usa_texas2,wlm_usa_alabama,1,live,link,,
wlm_usa_texas2,wlm_usa_colorado,1,live,link,,
wlm_usa_texas2,wlm_usa_michigan_chat,1,live,link,,
wlm_usa_texas2,wlm_usa_official,1,live,link,,
wlm_usa_texas2,wlm_usa_oregon_chat,1,live,link,,
wlm_usa_texas2,wlm_usa_pennsylvania,1,live,link,,
wlm_usa_texas2,wlm_usa_texas_chat2,1,live,link,,
wlm_usa_texas2,youthfront,1,live,link,,
wlm_usa_texas2,zoomerwaffenx,1,live,link,,
wlm_usa_washington2,dellvett,1,live,link,,
wlm_usa_washington2,europa_the_last_battle_blu_ray,1,live,link,,
wlm_usa_washington2,itelivesmatterofficial,1,live,link,,
wlm_usa_washington2,ivesmatterofficial,1,live,link,,
wlm_usa_washington2,missile_edits,1,live,link,,
wlm_usa_washington2,mofficial14,1,live,link,,
wlm_usa_washington2,rainforest88,1,live,link,,
wlm_usa_washington2,rosecitync,1,live,link,,
wlm_usa_washington2,smoky_joe14,1,live,link,,
wlm_usa_washington2,usa_oregon_chat,1,live,link,,
wlm_usa_washington2,vesmatterofficial,1,live,link,,
wlm_usa_washington2,wlm_eu_germany,1,live,link,,
wlm_usa_washington2,wlm_eu_poland,1,live,link,,
wlm_usa_washington2,wlm_eu_switzerland,1,live,link,,
wlm_usa_washington2,wlm_events,1,live,link,,
wlm_usa_washington2,wlm_it_ch_admin,1,live,link,,
wlm_usa_washington2,wlm_reading,1,live,link,,
wlm_usa_washington2,wlm_usa_arizona,1,live,link,,
wlm_usa_washington2,wlm_usa_michigan,1,live,link,,
wlm_usa_washington2,wlm_usa_pennsylvania,1,live,link,,
wlm_usa_washington2,wlm_usa_texas,1,live,link,,
wlm_usa_washington2,wlm_usa_tristate_archives,1,live,link,,
wlm_usa_washington2,wlmsubmissionbot,1,live,link,,
wlm_usa_washington3,horus_mt,1,live,link,,
wlm_usa_washington3,matterofficial,1,live,link,,
wlm_usa_washington3,missile_edits,1,live,link,,
wlm_usa_washington3,pnwzone,1,live,link,,
wlm_usa_washington3,projdi,1,live,link,,
wlm_usa_washington3,real_mrgoode,1,live,link,,
wlm_usa_washington3,realdavereilly,1,live,link,,
wlm_usa_washington3,soundswhite,1,live,link,,
wlm_usa_washington3,thewaronwhites,1,live,link,,
wlm_usa_washington3,usa_blackshirts,1,live,link,,
wlm_usa_washington3,wlm_eu_germany,1,live,link,,
wlm_usa_washington3,wlm_eu_slovakia,1,live,link,,
wlm_usa_washington3,wlm_reading,1,live,link,,
wlm_usa_washington3,wlm_usa_california,1,live,link,,
wlm_usa_washington3,wlm_usa_connecticut,1,live,link,,
wlm_usa_washington3,wlm_usa_pennsylvania_chat,1,live,link,,
wlm_usa_wisconsin,greatlakesactiveclub,1,live,link,,
wlm_usa_wisconsin,hitelivesmatterofficial,1,live,link,,
wlm_usa_wisconsin,horus_mt,1,live,link,,
wlm_usa_wisconsin,itelivesmatterofficial,1,live,link,,
wlm_usa_wisconsin,justicereport,1,live,link,,
wlm_usa_wisconsin,mofficial14,1,live,link,,
wlm_usa_wisconsin,newrightnews,1,live,link,,
wlm_usa_wisconsin,privsecgoy,1,live,link,,
wlm_usa_wisconsin,smatterofficial,1,live,link,,
wlm_usa_wisconsin,thehissingpossum2,1,live,link,,
wlm_usa_wisconsin,vesmatterofficial,1,live,link,,
wlm_usa_wisconsin,whitelivesmatterofficialchat,1,live,link,,
wlm_usa_wisconsin,wlm_events,1,live,link,,
wlm_usa_wisconsin,wlm_usa_florida,1,live,link,,
wlm_usa_wisconsin,wlm_usa_illinois_chat,1,live,link,,
wlm_usa_wisconsin,wlm_usa_ohio,1,live,link,,
wlm_usa_wisconsin,wlm_usa_oklahoma_chat,1,live,link,,
wlm_usa_wisconsin,wlm_usa_pennsylvania_chat,1,live,link,,
wlm_usa_wisconsin,wlm_usa_tristate_archives,1,live,link,,
wlm_usa_wisconsin,wlm_usa_virginia,1,live,link,,
wlm_usa_wisconsin,wlm_usa_virginia_chat,1,live,link,,
wlm_usa_wisconsin,wlmpa,1,live,link,,
wlm_viewing,devonstack,1,live,link,,
wlm_viewing_russian,barnaulanalytics,1,live,link,,
wlm_viewing_russian,devonstack,1,live,link,,
wlm_viewing_russian,illuminatstudio,1,live,link,,
wlmofficial14,itelivesmatterofficial,1,live,link,,
wlmofficial14,ivesmatterofficial,1,live,link,,
wlmofficial14,lmofficial,1,live,link,,
wlmofficial14,proudboysuncensored,1,live,link,,
wlmofficial14,whitelivesmatterofficialchat2,1,live,link,,
wlmofficial14,wlm_usa_alabama,1,live,link,,
wlmofficial14,wlm_usa_michigan,1,live,link,,
wlmofficial14,wlm_usa_michigan_chat,1,live,link,,
wlmofficial14,wlm_viewing,1,live,link,,
wlmofficial14,wlmofficial,1,live,link,,
wlmofficial14,wlmsubmissionbot,1,live,link,,
zoomerwaffenx,didntreal,1,live,link,,
zoomerwaffenx,redpilldealer4833,1,live,link,,
zoomerwaffenx,theparanormiespresent,1,live,link,,
zoomerwaffenx,thuletide,1,live,link,,
zoomerwaffenx,whiteaustralia,1,live,link,,
zoomerwaffenx,working_man_memes,1,live,link,,