source,target,type
jungenationalisten:4697,heimat2023:1551,forward
jungenationalisten:4696,schmidtkeswelt:2567,forward
jungenationalisten:4695,dortmundsrechte:4764,forward
jungenationalisten:4694,heimat2023:1541,forward
jungenationalisten:4692,JN_Sachsen_Anhalt:481,forward
jungenationalisten:4691,JN_Sachsen_Anhalt:480,forward
jungenationalisten:4690,JN_Sachsen_Anhalt:479,forward
jungenationalisten:4689,pcrecords:7528,forward
jungenationalisten:4688,niederlausitzInfo:1700,forward
jungenationalisten:4687,niederlausitzInfo:1699,forward
jungenationalisten:4686,niederlausitzInfo:1698,forward
jungenationalisten:4685,niederlausitzInfo:1697,forward
jungenationalisten:4680,braunschweigverteidigen:172,forward
jungenationalisten:4679,JN_MuP:29,forward
jungenationalisten:4678,WiderstandinAktion:748,forward
jungenationalisten:4677,WiderstandinAktion:747,forward
jungenationalisten:4676,WiderstandinAktion:746,forward
jungenationalisten:4675,WiderstandinAktion:745,forward
jungenationalisten:4674,WiderstandinAktion:744,forward
jungenationalisten:4673,WiderstandinAktion:743,forward
jungenationalisten:4672,WiderstandinAktion:742,forward
jungenationalisten:4671,WiderstandinAktion:741,forward
jungenationalisten:4670,WiderstandinAktion:740,forward
jungenationalisten:4669,WiderstandinAktion:739,forward
jungenationalisten:4668,sturmzeichen:8184,forward
jungenationalisten:4667,sturmzeichen:8183,forward
jungenationalisten:4666,sturmzeichen:8182,forward
jungenationalisten:4665,sturmzeichen:8181,forward
jungenationalisten:4664,JN_MuP:24,forward
jungenationalisten:4663,JN_MuP:23,forward
jungenationalisten:4661,WiderstandinAktion:693,forward
jungenationalisten:4660,JN_MuP:21,forward
jungenationalisten:4659,JN_MuP:20,forward
jungenationalisten:4658,JN_MuP:19,forward
jungenationalisten:4657,JN_MuP:18,forward
jungenationalisten:4656,JN_MuP:17,forward
jungenationalisten:4655,JN_MuP:16,forward
jungenationalisten:4654,JN_MuP:15,forward
jungenationalisten:4653,JN_MuP:14,forward
jungenationalisten:4652,JN_Th:1188,forward
jungenationalisten:4651,JN_Th:1187,forward
jungenationalisten:4650,JN_Th:1186,forward
jungenationalisten:4649,JN_Th:1185,forward
jungenationalisten:4648,JN_Th:1184,forward
jungenationalisten:4647,JN_Th:1183,forward
jungenationalisten:4646,JN_Th:1182,forward
jungenationalisten:4645,JN_Th:1181,forward
jungenationalisten:4644,JN_Th:1180,forward
jungenationalisten:4643,JN_Th:1179,forward
jungenationalisten:4642,JN_Th:1178,forward
jungenationalisten:4641,jnhessen:133,forward
jungenationalisten:4633,harzverteidigen:468,forward
jungenationalisten:4632,harzverteidigen:467,forward
jungenationalisten:4631,harzverteidigen:466,forward
jungenationalisten:4630,harzverteidigen:465,forward
jungenationalisten:4629,harzverteidigen:464,forward
jungenationalisten:4628,harzverteidigen:463,forward
jungenationalisten:4627,harzverteidigen:462,forward
jungenationalisten:4626,harzverteidigen:461,forward
jungenationalisten:4625,HeimatSachsenAnhalt:1036,forward
jungenationalisten:4624,HeimatSachsenAnhalt:1035,forward
jungenationalisten:4623,HeimatSachsenAnhalt:1034,forward
jungenationalisten:4622,HeimatSachsenAnhalt:1033,forward
jungenationalisten:4621,HeimatSachsenAnhalt:1032,forward
jungenationalisten:4620,HeimatSachsenAnhalt:1031,forward
jungenationalisten:4619,HeimatSachsenAnhalt:1030,forward
jungenationalisten:4618,HeimatSachsenAnhalt:1029,forward
jungenationalisten:4617,HeimatSachsenAnhalt:1028,forward
jungenationalisten:4616,HeimatSachsenAnhalt:1027,forward
jungenationalisten:4615,hermanns_heide:344,forward
jungenationalisten:4614,hermanns_heide:343,forward
jungenationalisten:4613,hermanns_heide:342,forward
jungenationalisten:4612,hermanns_heide:341,forward
jungenationalisten:4611,hermanns_heide:340,forward
jungenationalisten:4610,hermanns_heide:339,forward
jungenationalisten:4609,hermanns_heide:338,forward
jungenationalisten:4608,WiderstandinAktion:729,forward
jungenationalisten:4607,WiderstandinAktion:728,forward
jungenationalisten:4606,WiderstandinAktion:727,forward
jungenationalisten:4605,WiderstandinAktion:726,forward
jungenationalisten:4604,WiderstandinAktion:725,forward
jungenationalisten:4603,WiderstandinAktion:724,forward
jungenationalisten:4602,WiderstandinAktion:723,forward
jungenationalisten:4601,JN_MuP:13,forward
jungenationalisten:4600,WiderstandinAktion:721,forward
jungenationalisten:4599,freiesachsen:11522,forward
jungenationalisten:4597,unetenucleonacional:602,forward
jungenationalisten:4596,unetenucleonacional:601,forward
jungenationalisten:4595,WiderstandinAktion:719,forward
jungenationalisten:4594,freiesachsen:11488,forward
jungenationalisten:4593,JN_Th:1171,forward
heimat2023:1554,WiderstandinAktion:756,forward
heimat2023:1550,jnhessen:139,forward
heimat2023:1549,jnhessen:138,forward
heimat2023:1548,jnhessen:137,forward
heimat2023:1547,jnhessen:136,forward
heimat2023:1546,aufgewachtonline:2253,forward
heimat2023:1545,peterschreiber:3528,forward
heimat2023:1543,aufgewachtonline:2249,forward
heimat2023:1542,heimathessen:1571,forward
heimat2023:1540,deutschestimmemagazin:5731,forward
heimat2023:1538,freiesachsen:11611,forward
heimat2023:1537,aufgewachtonline:2239,forward
heimat2023:1529,deutschestimmemagazin:5721,forward
heimat2023:1528,heimat2023:1490,reply
heimat2023:1525,deutschestimmemagazin:5718,forward
heimat2023:1523,deutschestimmemagazin:5715,forward
heimat2023:1522,aufgewachtonline:2231,forward
heimat2023:1521,WiderstandinAktion:736,forward
heimat2023:1520,WiderstandinAktion:735,forward
heimat2023:1519,WiderstandinAktion:734,forward
heimat2023:1518,WiderstandinAktion:733,forward
heimat2023:1517,WiderstandinAktion:732,forward
heimat2023:1516,WiderstandinAktion:731,forward
heimat2023:1515,WiderstandinAktion:730,forward
heimat2023:1514,aufgewachtonline:2227,forward
heimat2023:1513,heimathessen:1546,forward
heimat2023:1512,aufgewachtonline:2226,forward
heimat2023:1511,aufgewachtonline:2225,forward
heimat2023:1510,aufgewachtonline:2224,forward
heimat2023:1509,aufgewachtonline:2223,forward
heimat2023:1508,freiesachsen:11556,forward
heimat2023:1507,freiesachsen:11555,forward
heimat2023:1506,freiesachsen:11554,forward
heimat2023:1505,freiesachsen:11553,forward
heimat2023:1504,freiesachsen:11552,forward
heimat2023:1503,freiesachsen:11551,forward
heimat2023:1502,freiesachsen:11550,forward
heimat2023:1501,freiesachsen:11549,forward
heimat2023:1491,rossmueller:3048,forward
heimat2023:1490,deutschestimmemagazin:5692,forward
heimat2023:1488,deutschestimmemagazin:5691,forward
heimat2023:1487,aufgewachtonline:2203,forward
heimat2023:1486,freiesachsen:11522,forward
heimat2023:1484,HeimatSachsenAnhalt:1019,forward
heimat2023:1483,freiesachsen:11516,forward
heimat2023:1482,freiesachsen:11515,forward
heimat2023:1481,heimat_th:92,forward
heimat2023:1478,peterschreiber:3458,forward
heimat2023:1477,aufgewachtonline:2188,forward
heimat2023:1476,aufgewachtonline:2187,forward
heimat2023:1475,aufgewachtonline:2186,forward
heimat2023:1474,freiesachsen:11502,forward
heimat2023:1473,sturmzeichen:8000,forward
heimat2023:1472,sturmzeichen:7999,forward
heimat2023:1471,sturmzeichen:7998,forward
heimat2023:1470,sturmzeichen:7997,forward
heimat2023:1469,aufgewachtonline:2179,forward
heimat2023:1468,aufgewachtonline:2178,forward
heimat2023:1467,aufgewachtonline:2177,forward
heimat2023:1465,sturmzeichen:7993,forward
heimat2023:1464,deutschestimmemagazin:5671,forward
heimat2023:1463,deutschestimmemagazin:5671,forward
heimat2023:1462,deutschestimmemagazin:5671,forward
heimat2023:1461,benediktkaiser:2002,forward
heimat2023:1459,aufgewachtonline:2171,forward
heimat2023:1458,aufgewachtonline:2168,forward
heimat2023:1456,ein_prozent:3409,link
heimat2023:1456,aufgewachtonline:2164,forward
heimat2023:1455,heimathessen:1524,forward
schmidtkeswelt:2559,freiesachsen:11615,forward
schmidtkeswelt:2552,freiesachsen:11604,forward
schmidtkeswelt:2551,ein_prozent:3417,forward
schmidtkeswelt:2550,ein_prozent:3416,forward
schmidtkeswelt:2534,freilichmagazin:13340,forward
schmidtkeswelt:2513,aufgewachtonline:2203,forward
schmidtkeswelt:2508,Seitenwechsel:36,forward
schmidtkeswelt:2495,jungeuropa:3188,forward
schmidtkeswelt:2492,ein_prozent:3409,forward
schmidtkeswelt:2472,ein_prozent:3403,forward
dortmundsrechte:4769,dortmundsrechte:4746,link
dortmundsrechte:4742,harzverteidigen:437,forward
dortmundsrechte:4740,michaelbrueck90:408,link
dortmundsrechte:4740,michaelbrueck90:409,forward
dortmundsrechte:4739,harzverteidigen:421,forward
dortmundsrechte:4737,michaelbrueck90:408,forward
dortmundsrechte:4736,apollonews_de:14839,forward
dortmundsrechte:4734,harzverteidigen:398,forward
dortmundsrechte:4731,JN_Westverband:210,forward
dortmundsrechte:4729,niusde:10064,forward
dortmundsrechte:4728,wie_gesagt:153,forward
dortmundsrechte:4727,miesenews:13243,forward
dortmundsrechte:4726,harzverteidigen:392,forward
dortmundsrechte:4725,wie_gesagt:152,forward
dortmundsrechte:4723,apollonews_de:14664,forward
dortmundsrechte:4717,aufgewachtonline:2074,forward
dortmundsrechte:4716,michaelbrueck90:406,forward
dortmundsrechte:4710,michaelbrueck90:405,forward
dortmundsrechte:4709,aufgewachtonline:2068,forward
dortmundsrechte:4699,dortmundsrechte:4599,link
dortmundsrechte:4698,WeichreiteKanal:1033,forward
dortmundsrechte:4697,heimatnrw:486,forward
dortmundsrechte:4696,heimatnrw:485,forward
dortmundsrechte:4695,heimatnrw:484,forward
dortmundsrechte:4694,heimatnrw:483,forward
dortmundsrechte:4693,heimatnrw:482,forward
dortmundsrechte:4692,heimatnrw:481,forward
dortmundsrechte:4691,heimatnrw:480,forward
dortmundsrechte:4690,miesenews:13096,forward
dortmundsrechte:4686,heimatnrw:476,forward
dortmundsrechte:4685,heimatnrw:475,forward
dortmundsrechte:4684,dortmundsrechte:4683,reply
dortmundsrechte:4682,dortmundsrechte:4681,reply
dortmundsrechte:4675,heimatnrw:473,forward
dortmundsrechte:4672,dortmundsrechte:4670,reply
dortmundsrechte:4671,JN_Westverband:192,forward
dortmundsrechte:4669,dortmundsrechte:4666,link
dortmundsrechte:4669,dortmundsrechte:4640,link
dortmundsrechte:4665,dortmundsrechte:4664,reply
JN_Sachsen_Anhalt:482,heimat2023:1544,forward
JN_Sachsen_Anhalt:478,WiderstandinAktion:750,forward
JN_Sachsen_Anhalt:477,braunschweigverteidigen:172,forward
JN_Sachsen_Anhalt:476,WiderstandinAktion:748,forward
JN_Sachsen_Anhalt:475,WiderstandinAktion:747,forward
JN_Sachsen_Anhalt:474,WiderstandinAktion:746,forward
JN_Sachsen_Anhalt:473,WiderstandinAktion:745,forward
JN_Sachsen_Anhalt:472,WiderstandinAktion:744,forward
JN_Sachsen_Anhalt:471,WiderstandinAktion:743,forward
JN_Sachsen_Anhalt:470,WiderstandinAktion:742,forward
JN_Sachsen_Anhalt:469,WiderstandinAktion:741,forward
JN_Sachsen_Anhalt:468,WiderstandinAktion:740,forward
JN_Sachsen_Anhalt:467,WiderstandinAktion:739,forward
JN_Sachsen_Anhalt:466,HeimatSachsenAnhalt:1039,forward
JN_Sachsen_Anhalt:465,HeimatSachsenAnhalt:1038,forward
JN_Sachsen_Anhalt:464,HeimatSachsenAnhalt:1037,forward
JN_Sachsen_Anhalt:463,HeimatSachsenAnhalt:1036,forward
JN_Sachsen_Anhalt:462,HeimatSachsenAnhalt:1035,forward
JN_Sachsen_Anhalt:461,HeimatSachsenAnhalt:1034,forward
JN_Sachsen_Anhalt:460,HeimatSachsenAnhalt:1033,forward
JN_Sachsen_Anhalt:459,HeimatSachsenAnhalt:1032,forward
JN_Sachsen_Anhalt:458,HeimatSachsenAnhalt:1031,forward
JN_Sachsen_Anhalt:457,HeimatSachsenAnhalt:1030,forward
JN_Sachsen_Anhalt:456,HeimatSachsenAnhalt:1029,forward
JN_Sachsen_Anhalt:455,HeimatSachsenAnhalt:1028,forward
JN_Sachsen_Anhalt:454,HeimatSachsenAnhalt:1027,forward
JN_Sachsen_Anhalt:452,HeimatSachsenAnhalt:1019,forward
JN_Sachsen_Anhalt:448,HeimatSachsenAnhalt:1015,forward
JN_Sachsen_Anhalt:447,harzverteidigen:441,forward
JN_Sachsen_Anhalt:446,sturmzeichen:8000,forward
JN_Sachsen_Anhalt:445,sturmzeichen:7999,forward
JN_Sachsen_Anhalt:444,sturmzeichen:7998,forward
JN_Sachsen_Anhalt:443,sturmzeichen:7997,forward
JN_Sachsen_Anhalt:442,JN_MuP:5,forward
JN_Sachsen_Anhalt:441,sturmzeichen:7993,forward
JN_Sachsen_Anhalt:440,HeimatSachsenAnhalt:1013,forward
JN_Sachsen_Anhalt:439,harzverteidigen:437,forward
JN_Sachsen_Anhalt:438,JN_Th:1167,forward
JN_Sachsen_Anhalt:437,Frontdienst:680,forward
JN_Sachsen_Anhalt:436,jungenationalisten:4582,forward
JN_Sachsen_Anhalt:435,jungenationalisten:4581,forward
JN_Sachsen_Anhalt:434,jungenationalisten:4580,forward
JN_Sachsen_Anhalt:433,jungenationalisten:4579,forward
JN_Sachsen_Anhalt:432,jungenationalisten:4578,forward
JN_Sachsen_Anhalt:431,jungenationalisten:4577,forward
JN_Sachsen_Anhalt:430,jungenationalisten:4576,forward
JN_Sachsen_Anhalt:429,jungenationalisten:4575,forward
JN_Sachsen_Anhalt:428,HeimatSachsenAnhalt:1005,forward
JN_Sachsen_Anhalt:427,harzverteidigen:421,forward
JN_Sachsen_Anhalt:426,HeimatSachsenAnhalt:999,forward
JN_Sachsen_Anhalt:425,HeimatSachsenAnhalt:998,forward
JN_Sachsen_Anhalt:424,jungenationalisten:2206,forward
JN_Sachsen_Anhalt:423,harzverteidigen:415,forward
JN_Sachsen_Anhalt:422,HeimatSachsenAnhalt:988,forward
JN_Sachsen_Anhalt:421,jungenationalisten:4553,forward
JN_Sachsen_Anhalt:416,Frontdienst:668,forward
JN_Sachsen_Anhalt:405,wie_gesagt:153,forward
JN_Sachsen_Anhalt:404,JN_Th:1144,forward
JN_Sachsen_Anhalt:403,jungenationalisten:4520,forward
JN_Sachsen_Anhalt:402,jungenationalisten:4519,forward
JN_Sachsen_Anhalt:401,jungenationalisten:4518,forward
JN_Sachsen_Anhalt:400,JN_Th:1138,forward
JN_Sachsen_Anhalt:399,jungenationalisten:4516,forward
JN_Sachsen_Anhalt:398,Frontdienst:658,forward
JN_Sachsen_Anhalt:397,jungenationalisten:4505,forward
JN_Sachsen_Anhalt:396,jungenationalisten:4504,forward
JN_Sachsen_Anhalt:395,jungenationalisten:4503,forward
JN_Sachsen_Anhalt:394,jungenationalisten:4502,forward
JN_Sachsen_Anhalt:393,jungenationalisten:4501,forward
JN_Sachsen_Anhalt:392,jungenationalisten:4500,forward
JN_Sachsen_Anhalt:391,jungenationalisten:4499,forward
JN_Sachsen_Anhalt:390,jungenationalisten:4498,forward
JN_Sachsen_Anhalt:389,jungenationalisten:4497,forward
JN_Sachsen_Anhalt:388,jungenationalisten:4496,forward
JN_Sachsen_Anhalt:387,DeutscheDD:4079,forward
JN_Sachsen_Anhalt:386,heimat2023:1377,forward
JN_Sachsen_Anhalt:385,WiderstandinAktion:648,forward
JN_Sachsen_Anhalt:384,jungenationalisten:3772,forward
JN_Sachsen_Anhalt:383,Stimme_der_Wahrheit:2809,forward
JN_Sachsen_Anhalt:377,dortmundsrechte:4689,forward
JN_Sachsen_Anhalt:376,dortmundsrechte:4688,forward
JN_Sachsen_Anhalt:375,dortmundsrechte:4687,forward
JN_Sachsen_Anhalt:374,ausvstheagenda:3093,link
JN_Sachsen_Anhalt:374,gefangenenhilfe:989,forward
HeimatSachsenAnhalt:1054,heimatnrw:506,forward
HeimatSachsenAnhalt:1053,harzverteidigen:489,forward
HeimatSachsenAnhalt:1052,heimat2023:1544,forward
HeimatSachsenAnhalt:1051,harzverteidigen:487,forward
HeimatSachsenAnhalt:1050,freiesachsen:11615,forward
HeimatSachsenAnhalt:1049,freiesachsen:11611,forward
HeimatSachsenAnhalt:1048,JN_Sachsen_Anhalt:481,forward
HeimatSachsenAnhalt:1047,JN_Sachsen_Anhalt:480,forward
HeimatSachsenAnhalt:1046,JN_Sachsen_Anhalt:479,forward
HeimatSachsenAnhalt:1045,WiderstandinAktion:750,forward
HeimatSachsenAnhalt:1044,heimat2023:1527,forward
HeimatSachsenAnhalt:1043,harzverteidigen:483,forward
HeimatSachsenAnhalt:1042,heimat2023:1526,forward
HeimatSachsenAnhalt:1041,heimat2023:1524,forward
HeimatSachsenAnhalt:1040,schmidtkeswelt:2532,forward
HeimatSachsenAnhalt:1026,harzverteidigen:459,forward
HeimatSachsenAnhalt:1025,freiesachsen:11556,forward
HeimatSachsenAnhalt:1024,freiesachsen:11555,forward
HeimatSachsenAnhalt:1023,freiesachsen:11554,forward
HeimatSachsenAnhalt:1022,freiesachsen:11553,forward
HeimatSachsenAnhalt:1020,deutschestimmemagazin:5691,forward
HeimatSachsenAnhalt:1014,harzverteidigen:441,forward
HeimatSachsenAnhalt:1012,ein_prozent:3409,forward
HeimatSachsenAnhalt:1010,heimat2023:1451,forward
HeimatSachsenAnhalt:1008,harzverteidigen:428,forward
HeimatSachsenAnhalt:1006,ein_prozent:3407,forward
HeimatSachsenAnhalt:1003,harzverteidigen:421,forward
HeimatSachsenAnhalt:997,deutschestimmemagazin:5640,forward
HeimatSachsenAnhalt:996,deutschestimmemagazin:5639,forward
HeimatSachsenAnhalt:995,deutschestimmemagazin:5638,forward
HeimatSachsenAnhalt:994,deutschestimmemagazin:5637,forward
HeimatSachsenAnhalt:993,heimat2023:1435,forward
HeimatSachsenAnhalt:991,harzverteidigen:417,forward
HeimatSachsenAnhalt:990,harzverteidigen:413,link
HeimatSachsenAnhalt:990,harzverteidigen:416,forward
HeimatSachsenAnhalt:989,harzverteidigen:415,forward
HeimatSachsenAnhalt:987,harzverteidigen:413,forward
HeimatSachsenAnhalt:986,JN_Sachsen_Anhalt:419,forward
HeimatSachsenAnhalt:985,JN_Sachsen_Anhalt:418,forward
HeimatSachsenAnhalt:984,JN_Sachsen_Anhalt:417,forward
HeimatSachsenAnhalt:983,sturmzeichen:7903,forward
HeimatSachsenAnhalt:982,harzverteidigen:396,forward
HeimatSachsenAnhalt:979,jungenationalisten:4505,forward
HeimatSachsenAnhalt:978,jungenationalisten:4504,forward
HeimatSachsenAnhalt:977,jungenationalisten:4503,forward
HeimatSachsenAnhalt:976,jungenationalisten:4502,forward
HeimatSachsenAnhalt:975,jungenationalisten:4501,forward
HeimatSachsenAnhalt:974,jungenationalisten:4500,forward
HeimatSachsenAnhalt:973,jungenationalisten:4499,forward
HeimatSachsenAnhalt:972,jungenationalisten:4498,forward
HeimatSachsenAnhalt:971,jungenationalisten:4497,forward
HeimatSachsenAnhalt:970,jungenationalisten:4496,forward
HeimatSachsenAnhalt:969,heimat2023:1377,forward
HeimatSachsenAnhalt:968,freiesachsen:11237,forward
HeimatSachsenAnhalt:967,Stimme_der_Wahrheit:2809,forward
HeimatSachsenAnhalt:966,JN_Sachsen_Anhalt:382,forward
HeimatSachsenAnhalt:965,JN_Sachsen_Anhalt:381,forward
HeimatSachsenAnhalt:964,JN_Sachsen_Anhalt:380,forward
HeimatSachsenAnhalt:963,JN_Sachsen_Anhalt:379,forward
HeimatSachsenAnhalt:958,JN_Sachsen_Anhalt:378,forward
HeimatSachsenAnhalt:957,dortmundsrechte:4689,forward
HeimatSachsenAnhalt:956,dortmundsrechte:4688,forward
HeimatSachsenAnhalt:955,dortmundsrechte:4687,forward
HeimatSachsenAnhalt:954,heimat2023:1345,forward
HeimatSachsenAnhalt:953,harzverteidigen:351,forward
HeimatSachsenAnhalt:952,freiesachsen:11153,forward
HeimatSachsenAnhalt:950,harzverteidigen:343,forward
HeimatSachsenAnhalt:949,harzverteidigen:342,forward
HeimatSachsenAnhalt:948,harzverteidigen:341,forward
HeimatSachsenAnhalt:947,jungenationalisten:4415,forward
HeimatSachsenAnhalt:946,jungenationalisten:4414,forward
JungeNationalisten:4697,heimat2023:1551,forward
JungeNationalisten:4696,schmidtkeswelt:2567,forward
JungeNationalisten:4695,dortmundsrechte:4764,forward
JungeNationalisten:4694,heimat2023:1541,forward
JungeNationalisten:4692,JN_Sachsen_Anhalt:481,forward
JungeNationalisten:4691,JN_Sachsen_Anhalt:480,forward
JungeNationalisten:4690,JN_Sachsen_Anhalt:479,forward
JungeNationalisten:4689,pcrecords:7528,forward
JungeNationalisten:4688,niederlausitzInfo:1700,forward
JungeNationalisten:4687,niederlausitzInfo:1699,forward
JungeNationalisten:4686,niederlausitzInfo:1698,forward
JungeNationalisten:4685,niederlausitzInfo:1697,forward
JungeNationalisten:4680,braunschweigverteidigen:172,forward
JungeNationalisten:4679,JN_MuP:29,forward
JungeNationalisten:4678,WiderstandinAktion:748,forward
JungeNationalisten:4677,WiderstandinAktion:747,forward
JungeNationalisten:4676,WiderstandinAktion:746,forward
JungeNationalisten:4675,WiderstandinAktion:745,forward
JungeNationalisten:4674,WiderstandinAktion:744,forward
JungeNationalisten:4673,WiderstandinAktion:743,forward
JungeNationalisten:4672,WiderstandinAktion:742,forward
JungeNationalisten:4671,WiderstandinAktion:741,forward
JungeNationalisten:4670,WiderstandinAktion:740,forward
JungeNationalisten:4669,WiderstandinAktion:739,forward
JungeNationalisten:4668,sturmzeichen:8184,forward
JungeNationalisten:4667,sturmzeichen:8183,forward
JungeNationalisten:4666,sturmzeichen:8182,forward
JungeNationalisten:4665,sturmzeichen:8181,forward
JungeNationalisten:4664,JN_MuP:24,forward
JungeNationalisten:4663,JN_MuP:23,forward
JungeNationalisten:4661,WiderstandinAktion:693,forward
JungeNationalisten:4660,JN_MuP:21,forward
JungeNationalisten:4659,JN_MuP:20,forward
JungeNationalisten:4658,JN_MuP:19,forward
JungeNationalisten:4657,JN_MuP:18,forward
JungeNationalisten:4656,JN_MuP:17,forward
JungeNationalisten:4655,JN_MuP:16,forward
JungeNationalisten:4654,JN_MuP:15,forward
JungeNationalisten:4653,JN_MuP:14,forward
JungeNationalisten:4652,JN_Th:1188,forward
JungeNationalisten:4651,JN_Th:1187,forward
JungeNationalisten:4650,JN_Th:1186,forward
JungeNationalisten:4649,JN_Th:1185,forward
JungeNationalisten:4648,JN_Th:1184,forward
JungeNationalisten:4647,JN_Th:1183,forward
JungeNationalisten:4646,JN_Th:1182,forward
JungeNationalisten:4645,JN_Th:1181,forward
JungeNationalisten:4644,JN_Th:1180,forward
JungeNationalisten:4643,JN_Th:1179,forward
JungeNationalisten:4642,JN_Th:1178,forward
JungeNationalisten:4641,jnhessen:133,forward
JungeNationalisten:4633,harzverteidigen:468,forward
JungeNationalisten:4632,harzverteidigen:467,forward
JungeNationalisten:4631,harzverteidigen:466,forward
JungeNationalisten:4630,harzverteidigen:465,forward
JungeNationalisten:4629,harzverteidigen:464,forward
JungeNationalisten:4628,harzverteidigen:463,forward
JungeNationalisten:4627,harzverteidigen:462,forward
JungeNationalisten:4626,harzverteidigen:461,forward
JungeNationalisten:4625,HeimatSachsenAnhalt:1036,forward
JungeNationalisten:4624,HeimatSachsenAnhalt:1035,forward
JungeNationalisten:4623,HeimatSachsenAnhalt:1034,forward
JungeNationalisten:4622,HeimatSachsenAnhalt:1033,forward
JungeNationalisten:4621,HeimatSachsenAnhalt:1032,forward
JungeNationalisten:4620,HeimatSachsenAnhalt:1031,forward
JungeNationalisten:4619,HeimatSachsenAnhalt:1030,forward
JungeNationalisten:4618,HeimatSachsenAnhalt:1029,forward
JungeNationalisten:4617,HeimatSachsenAnhalt:1028,forward
JungeNationalisten:4616,HeimatSachsenAnhalt:1027,forward
JungeNationalisten:4615,hermanns_heide:344,forward
JungeNationalisten:4614,hermanns_heide:343,forward
JungeNationalisten:4613,hermanns_heide:342,forward
JungeNationalisten:4612,hermanns_heide:341,forward
JungeNationalisten:4611,hermanns_heide:340,forward
JungeNationalisten:4610,hermanns_heide:339,forward
JungeNationalisten:4609,hermanns_heide:338,forward
JungeNationalisten:4608,WiderstandinAktion:729,forward
JungeNationalisten:4607,WiderstandinAktion:728,forward
JungeNationalisten:4606,WiderstandinAktion:727,forward
JungeNationalisten:4605,WiderstandinAktion:726,forward
JungeNationalisten:4604,WiderstandinAktion:725,forward
JungeNationalisten:4603,WiderstandinAktion:724,forward
JungeNationalisten:4602,WiderstandinAktion:723,forward
JungeNationalisten:4601,JN_MuP:13,forward
JungeNationalisten:4600,WiderstandinAktion:721,forward
JungeNationalisten:4599,freiesachsen:11522,forward
JungeNationalisten:4597,unetenucleonacional:602,forward
JungeNationalisten:4596,unetenucleonacional:601,forward
JungeNationalisten:4595,WiderstandinAktion:719,forward
JungeNationalisten:4594,freiesachsen:11488,forward
JungeNationalisten:4593,JN_Th:1171,forward
KDN2013:1726,pcrecords:7528,forward
KDN2013:1719,theresia_brand:51,forward
KDN2013:1717,theresia_brand:48,forward
KDN2013:1716,theresia_brand:47,forward
KDN2013:1715,theresia_brand:46,forward
KDN2013:1714,theresia_brand:45,forward
KDN2013:1713,theresia_brand:44,forward
KDN2013:1712,theresia_brand:43,forward
KDN2013:1711,pcrecords:7496,forward
KDN2013:1709,KDN2013:1705,reply
KDN2013:1707,pcrecords:7471,forward
KDN2013:1704,unetenucleonacional:574,forward
KDN2013:1700,sturmzeichen:7828,forward
KDN2013:1699,sturmzeichen:7827,forward
KDN2013:1696,KDN2013:1330,link
KDN2013:1693,schmierfink_streetart:198,forward
KDN2013:1690,king_of_the_streets:2892,forward
KDN2013:1685,InczeBelaLegionarius:370,forward
KDN2013:1684,dortmundsrechte:4621,forward
KDN2013:1683,dortmundsrechte:4620,forward
KDN2013:1682,dortmundsrechte:4619,forward
KDN2013:1680,dortmundsrechte:4616,forward
KDN2013:1679,wwbrex:1921,forward
KDN2013:1671,wilhelmkachel:1327,forward
KDN2013:1667,pcrecords:7183,forward
KDN2013:1666,pcrecords2:15,forward
KDN2013:1664,wwbrex:1866,forward
KDN2013:1663,dortmundsrechte:4567,forward
KDN2013:1661,UnvergesseneHelden:5998,forward
KDN2013:1658,pcrecords:7143,forward
KDN2013:1657,derdrittewegvogtland:922,forward
KDN2013:1655,KDN2013:1653,reply
KDN2013:1652,WolfPMSoffiziell:1428,forward
KDN2013:1651,WolfPMSoffiziell:1427,forward
KDN2013:1650,WolfPMSoffiziell:1426,forward
KDN2013:1649,WolfPMSoffiziell:1425,forward
KDN2013:1648,WolfPMSoffiziell:1424,forward
KDN2013:1647,WolfPMSoffiziell:1423,forward
KDN2013:1646,WolfPMSoffiziell:1422,forward
KDN2013:1645,WolfPMSoffiziell:1421,forward
KDN2013:1644,WolfPMSoffiziell:1420,forward
KDN2013:1643,WolfPMSoffiziell:1419,forward
KDN2013:1641,KDN2013:1616,reply
KDN2013:1638,infodeutschoesterreich:2544,forward
KDN2013:1634,realblaircottrell:6103,link
KDN2013:1629,dortmundsrechte:4395,forward
Frontdienst:684,pcrecords:7528,forward
Frontdienst:676,WiderstandinAktion:697,forward
Frontdienst:670,freiesachsen:11380,forward
Frontdienst:667,heimat2023:1421,forward
Frontdienst:656,Frontdienst:538,forward
Frontdienst:655,Frontdienst:537,forward
Frontdienst:654,Frontdienst:536,forward
Frontdienst:653,Frontdienst:535,forward
Frontdienst:652,Frontdienst:534,forward
Frontdienst:651,Frontdienst:533,forward
Frontdienst:650,Frontdienst:532,forward
Frontdienst:649,Frontdienst:531,forward
Frontdienst:648,Frontdienst:530,forward
Frontdienst:646,WiderstandinAktion:626,forward
Frontdienst:644,Frontdienst:322,forward
Frontdienst:641,freiesachsen:11096,forward
Frontdienst:640,jungenationalisten:4374,forward
Frontdienst:638,Frontdienst:600,forward
Frontdienst:637,Frontdienst:599,forward
Frontdienst:634,jungenationalisten:4360,forward
Frontdienst:633,WiderstandinAktion:578,forward
Frontdienst:632,WiderstandinAktion:577,forward
Frontdienst:630,WiderstandinAktion:573,forward
Frontdienst:629,WiderstandinAktion:572,forward
Frontdienst:628,WiderstandinAktion:571,forward
Frontdienst:627,WiderstandinAktion:570,forward
Frontdienst:626,WiderstandinAktion:569,forward
Frontdienst:625,WiderstandinAktion:568,forward
Frontdienst:624,WiderstandinAktion:567,forward
Frontdienst:623,WiderstandinAktion:566,forward
Frontdienst:622,WiderstandinAktion:565,forward
Frontdienst:621,WiderstandinAktion:564,forward
Frontdienst:619,Frontdienst:514,forward
Frontdienst:616,Frontdienst:572,forward
Frontdienst:615,Frontdienst:571,forward
Frontdienst:610,Frontdienst:502,forward
Frontdienst:608,Frontdienst:602,forward
Frontdienst:607,Frontdienst:379,forward
Frontdienst:606,Frontdienst:263,forward
Frontdienst:603,WiderstandinAktion:521,forward
Frontdienst:594,Frontdienst:538,forward
Frontdienst:593,Frontdienst:537,forward
Frontdienst:592,Frontdienst:536,forward
Frontdienst:591,Frontdienst:535,forward
Frontdienst:590,Frontdienst:534,forward
Frontdienst:589,Frontdienst:533,forward
Frontdienst:588,Frontdienst:532,forward
Frontdienst:587,Frontdienst:531,forward
Frontdienst:586,Frontdienst:530,forward
pcrecords:7542,EB_official:225,forward
pcrecords:7541,EB_official:226,forward
pcrecords:7539,Balaclavagraphics:6817,forward
pcrecords:7536,KDN2013:1727,forward
pcrecords:7533,pcrecords:7528,reply
pcrecords:7532,sturmzeichen:8223,forward
pcrecords:7531,sicherheitshinweise:1444,forward
pcrecords:7530,freiesachsen:11615,link
pcrecords:7530,sicherheitshinweise:1443,forward
pcrecords:7527,ein_prozent:3416,forward
pcrecords:7526,theresia_brand:56,forward
pcrecords:7525,schmidtkeswelt:2549,forward
pcrecords:7521,punikoff:2501,forward
pcrecords:7520,fsnrev:6882,forward
pcrecords:7519,freiesachsen:11583,forward
pcrecords:7518,sturmzeichen:8184,forward
pcrecords:7517,sturmzeichen:8183,forward
pcrecords:7516,sturmzeichen:8182,forward
pcrecords:7515,sturmzeichen:8181,forward
pcrecords:7514,theresia_brand:51,forward
pcrecords:7512,Schreiberklagtan:1092,forward
pcrecords:7511,heimat2023:1524,forward
pcrecords:7510,hannigrecht:371,forward
pcrecords:7507,Balaclavagraphics:6774,forward
pcrecords:7505,CompactMagazin:41235,forward
pcrecords:7504,DeutscheDD:4157,forward
pcrecords:7503,theresia_brand:48,forward
pcrecords:7502,theresia_brand:47,forward
pcrecords:7501,theresia_brand:46,forward
pcrecords:7500,theresia_brand:45,forward
pcrecords:7499,theresia_brand:44,forward
pcrecords:7498,theresia_brand:43,forward
pcrecords:7497,freilichmagazin:13318,forward
pcrecords:7494,KDN2013:1710,forward
pcrecords:7493,sturmzeichen:8053,forward
pcrecords:7492,sturmzeichen:8052,forward
pcrecords:7491,Schreiberklagtan:1087,forward
pcrecords:7490,michaelbrueck90:411,forward
pcrecords:7489,freiesachsen:11528,forward
pcrecords:7488,freiesachsen:11527,forward
pcrecords:7486,hannigrecht:363,forward
pcrecords:7485,fsnrev:6841,forward
pcrecords:7483,dorsachse2025:201,forward
pcrecords:7481,sturmzeichen:8002,forward
pcrecords:7480,freiesachsen:11496,forward
pcrecords:7479,OneEightVersand:1085,forward
pcrecords:7478,OneEightVersand:1084,forward
pcrecords:7476,fsnrev:6823,forward
pcrecords:7474,KDN2013:1705,forward
pcrecords:7473,FreieSachsen_Leisnig:454,forward
pcrecords:7472,freie_erzgebirger:3052,forward
pcrecords:7470,freiesachsen:11472,forward
pcrecords:7466,diesoehnepotsdams:1055,forward
pcrecords:7465,fsnrev:6817,forward
pcrecords:7464,Balaclavagraphics:6678,forward
pcrecords:7462,freiesachsen:11456,forward
pcrecords:7461,Schreiberklagtan:1083,forward
pcrecords:7460,KDN2013:1706,forward
pcrecords:7457,sturmzeichen:7962,forward
pcrecords:7456,miesenews:13385,forward
pcrecords:7454,fsnrev:6806,forward
pcrecords:7453,ein_prozent:3405,forward
pcrecords:7452,Balaclavagraphics:6670,forward
pcrecords:7451,Balaclavagraphics:6669,forward
pcrecords:7450,Balaclavagraphics:6668,forward
pcrecords:7449,Balaclavagraphics:6667,forward
pcrecords:7448,ein_prozent:3404,forward
pcrecords:7446,fsnrev:6803,forward
pcrecords:7444,fsnrev:6801,forward
pcrecords:7443,diesoehnepotsdams:1054,forward
EB_official:228,pcrecords:7528,forward
EB_official:219,REVALERS:637,forward
EB_official:218,EB_official:194,forward
EB_official:217,EB_official:193,forward
EB_official:216,EB_official:192,forward
EB_official:215,EB_official:191,forward
EB_official:213,heimat2023:1218,forward
EB_official:212,pcrecords:7143,forward
EB_official:186,pcrecords:6931,forward
EB_official:184,europeanbrotherhoodhungary:44,forward
EB_official:183,europeanbrotherhoodhungary:43,forward
EB_official:178,pcrecords:6748,forward
EB_official:170,pcrecords:6595,forward
EB_official:169,pcrecords:6567,forward
EB_official:168,pcrecords:6564,forward
EB_official:163,pcrecords:6103,forward
EB_official:140,WhiteLads:3860,forward
EB_official:134,pcrecords:4664,forward
EB_official:132,WhiteLads:3818,forward
Balaclavagraphics:6811,schmidtkeswelt:2562,forward
Balaclavagraphics:6809,sicherheitshinweise:1444,forward
Balaclavagraphics:6795,pcrecords:7528,forward
Balaclavagraphics:6792,fsnrev:6882,forward
Balaclavagraphics:6776,theresia_brand:51,forward
Balaclavagraphics:6775,activeclubger:518,forward
Balaclavagraphics:6741,pcrecords:7495,forward
theresia_brand:60,pcrecords:7528,forward
theresia_brand:58,sturmzeichen:8205,forward
theresia_brand:55,sturmzeichen:8184,forward
theresia_brand:54,sturmzeichen:8183,forward
theresia_brand:53,sturmzeichen:8182,forward
theresia_brand:52,sturmzeichen:8181,forward
theresia_brand:49,dortmundsrechte:4745,forward
theresia_brand:36,dortmundsrechte:4744,forward
theresia_brand:35,KDN2013:1710,forward
theresia_brand:34,sturmzeichen:8053,forward
theresia_brand:33,sturmzeichen:8052,forward
theresia_brand:32,theresia_brand:30,reply
theresia_brand:31,freiesachsen:11496,forward
theresia_brand:30,KDN2013:1705,forward
theresia_brand:25,sturmzeichen:7968,forward
theresia_brand:24,mayrhofer_raphael:219,forward
theresia_brand:23,KDN2013:1706,forward
theresia_brand:22,KDN2013:1701,forward
theresia_brand:21,nordglanz_1488:108,forward
theresia_brand:19,theresia_brand:17,reply
fsnrev:6901,Balaclavagraphics:6817,forward
fsnrev:6900,wirbleibendeutsch:2319,forward
fsnrev:6899,tfr14:16,forward
fsnrev:6898,tfr14:15,forward
fsnrev:6897,MetaInfoAktiv:9593,forward
fsnrev:6895,wirbleibendeutsch:2318,forward
fsnrev:6894,schmidtkeswelt:2567,forward
fsnrev:6892,wirbleibendeutsch:2317,forward
fsnrev:6891,ansgararyan:1366,forward
fsnrev:6890,pcrecords:7528,forward
fsnrev:6888,ansgararyan:1365,forward
fsnrev:6887,ansgararyan:1364,forward
fsnrev:6886,activeclubger:520,forward
fsnrev:6885,wikingerversand:1584,forward
fsnrev:6884,wikingerversand:1583,forward
fsnrev:6883,wikingerversand:1582,forward
fsnrev:6881,Balaclavagraphics:6780,forward
fsnrev:6880,Balaclavagraphics:6779,forward
fsnrev:6879,Balaclavagraphics:6778,forward
fsnrev:6878,wirbleibendeutsch:2316,forward
fsnrev:6877,activeclubger:518,forward
fsnrev:6876,wirbleibendeutsch:2315,forward
fsnrev:6875,tfr14:14,forward
fsnrev:6874,Balaclavagraphics:6774,forward
fsnrev:6873,Balaclavagraphics:6773,forward
fsnrev:6872,ansgararyan:1360,forward
fsnrev:6871,ansgararyan:1359,forward
fsnrev:6870,ansgararyan:1358,forward
fsnrev:6868,Balaclavagraphics:6772,forward
fsnrev:6867,Balaclavagraphics:6771,forward
fsnrev:6866,Balaclavagraphics:6770,forward
fsnrev:6865,Balaclavagraphics:6769,forward
fsnrev:6864,Balaclavagraphics:6768,forward
fsnrev:6863,Balaclavagraphics:6767,forward
fsnrev:6862,Balaclavagraphics:6766,forward
fsnrev:6861,Balaclavagraphics:6765,forward
fsnrev:6859,wirbleibendeutsch:2314,forward
fsnrev:6858,wirbleibendeutsch:2313,forward
fsnrev:6857,wirbleibendeutsch:2312,forward
fsnrev:6856,wirbleibendeutsch:2311,forward
fsnrev:6855,ansgararyan:1357,forward
fsnrev:6854,ansgararyan:1356,forward
fsnrev:6853,ansgararyan:1355,forward
fsnrev:6852,Balaclavagraphics:6715,forward
fsnrev:6851,Balaclavagraphics:6714,forward
fsnrev:6850,Balaclavagraphics:6713,forward
fsnrev:6849,Balaclavagraphics:6712,forward
fsnrev:6848,wirbleibendeutsch:2310,forward
fsnrev:6846,schmidtkeswelt:2511,forward
fsnrev:6845,wirbleibendeutsch:2309,forward
fsnrev:6844,ansgararyan:1354,forward
fsnrev:6843,ansgararyan:1353,forward
fsnrev:6842,ansgararyan:1352,forward
fsnrev:6840,wirbleibendeutsch:2308,forward
fsnrev:6839,wikingerversand:1572,forward
fsnrev:6836,wirbleibendeutsch:2307,forward
fsnrev:6834,wirbleibendeutsch:2306,forward
fsnrev:6833,Balaclavagraphics:6696,forward
fsnrev:6832,Balaclavagraphics:6695,forward
fsnrev:6831,Balaclavagraphics:6694,forward
fsnrev:6830,Balaclavagraphics:6693,forward
fsnrev:6829,Balaclavagraphics:6692,forward
fsnrev:6828,Balaclavagraphics:6691,forward
fsnrev:6827,Balaclavagraphics:6690,forward
fsnrev:6826,ansgararyan:1351,forward
fsnrev:6825,ansgararyan:1350,forward
fsnrev:6824,ansgararyan:1349,forward
fsnrev:6822,KGxPR:20,forward
fsnrev:6821,wirbleibendeutsch:2305,forward
fsnrev:6820,ansgararyan:1348,forward
fsnrev:6819,ansgararyan:1347,forward
fsnrev:6818,ansgararyan:1346,forward
fsnrev:6816,wirbleibendeutsch:2303,forward
fsnrev:6815,wirbleibendeutsch:2302,forward
fsnrev:6813,ansgararyan:1345,forward
fsnrev:6812,ansgararyan:1344,forward
fsnrev:6811,ansgararyan:1343,forward
fsnrev:6809,wikingerversand:1562,forward
fsnrev:6808,wikingerversand:1561,forward
fsnrev:6807,wirbleibendeutsch:2298,forward
fsnrev:6805,wirbleibendeutsch:2297,forward
fsnrev:6804,wirbleibendeutsch:2296,forward
fsnrev:6802,wirbleibendeutsch:2295,forward
fsnrev:6800,ansgararyan:1342,forward
fsnrev:6799,ansgararyan:1341,forward
niederlausitzInfo:1663,Stimme_der_Wahrheit:3323,forward
niederlausitzInfo:1659,deutschestimmemagazin:5671,forward
niederlausitzInfo:1658,heimat2023:1446,forward
niederlausitzInfo:1656,UnvergesseneHelden:6207,forward
niederlausitzInfo:1639,Frontdienst:678,forward
braunschweigverteidigen:176,braunschweigverteidigen:175,reply
braunschweigverteidigen:175,heimatNDS:100,forward
braunschweigverteidigen:173,braunschweigverteidigen:172,reply
braunschweigverteidigen:171,jnhessen:133,forward
braunschweigverteidigen:170,harzverteidigen:468,forward
braunschweigverteidigen:169,harzverteidigen:467,forward
braunschweigverteidigen:168,harzverteidigen:466,forward
braunschweigverteidigen:167,harzverteidigen:465,forward
braunschweigverteidigen:166,harzverteidigen:464,forward
braunschweigverteidigen:165,harzverteidigen:463,forward
braunschweigverteidigen:164,harzverteidigen:462,forward
braunschweigverteidigen:163,harzverteidigen:461,forward
braunschweigverteidigen:162,hermanns_heide:344,forward
braunschweigverteidigen:161,hermanns_heide:343,forward
braunschweigverteidigen:160,hermanns_heide:342,forward
braunschweigverteidigen:159,hermanns_heide:341,forward
braunschweigverteidigen:158,hermanns_heide:340,forward
braunschweigverteidigen:157,hermanns_heide:339,forward
braunschweigverteidigen:156,hermanns_heide:338,forward
braunschweigverteidigen:155,harzverteidigen:441,forward
braunschweigverteidigen:154,braunschweigverteidigen:118,reply
braunschweigverteidigen:151,mayrhofer_raphael:219,forward
braunschweigverteidigen:150,braunschweigverteidigen:149,reply
braunschweigverteidigen:149,harzverteidigen:421,forward
braunschweigverteidigen:148,harzverteidigen:415,forward
braunschweigverteidigen:147,jungenationalisten:4553,forward
braunschweigverteidigen:146,prototelegram:1844,forward
braunschweigverteidigen:145,freiesachsen:11298,forward
braunschweigverteidigen:144,DeutscheDD:4084,forward
braunschweigverteidigen:143,germaniaversand:1790,forward
braunschweigverteidigen:142,braunschweigverteidigen:141,reply
braunschweigverteidigen:141,harzverteidigen:377,forward
braunschweigverteidigen:140,jungenationalisten:4505,forward
braunschweigverteidigen:139,jungenationalisten:4504,forward
braunschweigverteidigen:138,jungenationalisten:4503,forward
braunschweigverteidigen:137,jungenationalisten:4502,forward
braunschweigverteidigen:136,jungenationalisten:4501,forward
braunschweigverteidigen:135,jungenationalisten:4500,forward
braunschweigverteidigen:134,jungenationalisten:4499,forward
braunschweigverteidigen:133,jungenationalisten:4498,forward
braunschweigverteidigen:132,jungenationalisten:4497,forward
braunschweigverteidigen:131,jungenationalisten:4496,forward
braunschweigverteidigen:129,jungenationalisten:4470,forward
braunschweigverteidigen:127,michaelbrueck90:403,forward
braunschweigverteidigen:126,jungenationalisten:4404,forward
braunschweigverteidigen:125,jungenationalisten:4403,forward
braunschweigverteidigen:124,jungenationalisten:4374,forward
braunschweigverteidigen:123,harzverteidigen:329,forward
braunschweigverteidigen:122,sicherheitshinweise:1417,forward
braunschweigverteidigen:115,jungenationalisten:4123,forward
braunschweigverteidigen:114,jungenationalisten:4120,forward
braunschweigverteidigen:113,jungenationalisten:4097,forward
braunschweigverteidigen:100,jungenationalisten:4041,forward
braunschweigverteidigen:96,c:2423230527,link
braunschweigverteidigen:95,hermanns_heide:209,link
braunschweigverteidigen:94,braunschweigverteidigen:93,reply
braunschweigverteidigen:93,UnvergesseneHelden:5824,forward
braunschweigverteidigen:92,heimat2023:953,link
braunschweigverteidigen:92,jungenationalisten:3991,forward
braunschweigverteidigen:90,harzverteidigen:171,forward
braunschweigverteidigen:88,jungenationalisten:3962,forward
braunschweigverteidigen:86,jungenationalisten:3947,forward
braunschweigverteidigen:85,jungenationalisten:3946,forward
braunschweigverteidigen:83,JN_Sachsen_Anhalt:196,forward
braunschweigverteidigen:82,jungenationalisten:3666,forward
braunschweigverteidigen:80,ivmedianational:1838,forward
braunschweigverteidigen:75,PAxActiveClub:416,forward
braunschweigverteidigen:74,PAxActiveClub:415,forward
braunschweigverteidigen:73,PAxActiveClub:414,forward
braunschweigverteidigen:72,PAxActiveClub:138,link
braunschweigverteidigen:72,PAxActiveClub:413,forward
braunschweigverteidigen:71,BSGeschichten:53,forward
braunschweigverteidigen:70,jungenationalisten:3882,forward
braunschweigverteidigen:68,lebensart_survival:2413,forward
braunschweigverteidigen:58,hermanns_heide:165,forward
braunschweigverteidigen:57,hermanns_heide:164,forward
braunschweigverteidigen:56,hermanns_heide:163,forward
braunschweigverteidigen:55,hermanns_heide:162,forward
braunschweigverteidigen:54,hermanns_heide:161,forward
JN_MuP:35,schmidtkeswelt:2567,forward
JN_MuP:34,heimat2023:1544,forward
JN_MuP:28,sturmzeichen:8184,forward
JN_MuP:27,sturmzeichen:8183,forward
JN_MuP:26,sturmzeichen:8182,forward
JN_MuP:25,sturmzeichen:8181,forward
WiderstandinAktion:757,stefantrautmannDL:974,forward
WiderstandinAktion:755,heimat2023:1551,forward
WiderstandinAktion:754,Frontdienst:686,forward
WiderstandinAktion:753,stefantrautmannDL:973,forward
WiderstandinAktion:752,stefantrautmannDL:972,forward
WiderstandinAktion:751,stefantrautmannDL:971,forward
WiderstandinAktion:749,freiesachsen:11605,forward
WiderstandinAktion:738,WiderstandinAktion:693,forward
WiderstandinAktion:720,freie_mittelsachsen:4030,forward
WiderstandinAktion:718,freie_mittelsachsen:4027,forward
WiderstandinAktion:717,freie_mittelsachsen:4026,forward
WiderstandinAktion:716,freiesachsen:11498,forward
WiderstandinAktion:715,stefantrautmannDL:948,forward
WiderstandinAktion:714,stefantrautmannDL:947,forward
WiderstandinAktion:709,Frontdienst:680,forward
WiderstandinAktion:707,jungenationalisten:4582,forward
WiderstandinAktion:706,jungenationalisten:4581,forward
WiderstandinAktion:705,jungenationalisten:4580,forward
WiderstandinAktion:704,jungenationalisten:4579,forward
WiderstandinAktion:703,jungenationalisten:4578,forward
WiderstandinAktion:702,jungenationalisten:4577,forward
WiderstandinAktion:701,jungenationalisten:4576,forward
WiderstandinAktion:700,jungenationalisten:4575,forward
WiderstandinAktion:699,freiesachsen:11461,forward
WiderstandinAktion:698,freie_mittelsachsen:4008,forward
WiderstandinAktion:696,stefantrautmannDL:940,forward
WiderstandinAktion:695,gefangenenhilfe:1019,forward
WiderstandinAktion:694,jungenationalisten:4553,forward
WiderstandinAktion:692,Frontdienst:674,forward
WiderstandinAktion:691,Frontdienst:673,forward
WiderstandinAktion:690,Frontdienst:672,forward
WiderstandinAktion:689,Frontdienst:671,forward
WiderstandinAktion:688,freie_mittelsachsen:3991,forward
WiderstandinAktion:687,Schreiberklagtan:1074,forward
WiderstandinAktion:686,Frontdienst:668,forward
WiderstandinAktion:685,stefantrautmannDL:935,forward
WiderstandinAktion:682,stefantrautmannDL:932,forward
WiderstandinAktion:681,stefantrautmannDL:931,forward
WiderstandinAktion:680,stefantrautmannDL:930,forward
WiderstandinAktion:679,gefangenenhilfe:1012,forward
WiderstandinAktion:678,stefantrautmannDL:929,forward
WiderstandinAktion:670,heimat2023:1385,forward
WiderstandinAktion:669,heimat2023:1384,forward
WiderstandinAktion:663,Frontdienst:658,forward
sturmzeichen:8227,heimat2023:1544,forward
sturmzeichen:8226,schmidtkeswelt:2562,forward
sturmzeichen:8222,auf1tv:16837,forward
sturmzeichen:8219,aufgewachtonline:2246,forward
sturmzeichen:8217,freiesachsen:11615,forward
sturmzeichen:8215,aufgewachtonline:2243,forward
sturmzeichen:8209,horizont_telegram:2315,forward
sturmzeichen:8208,sicherheitshinweise:1441,forward
sturmzeichen:8206,freiesachsen:11605,forward
sturmzeichen:8202,sturmzeichen:8201,reply
sturmzeichen:8192,martinsellnerIB:25330,forward
sturmzeichen:8191,martinsellnerIB:25329,forward
sturmzeichen:8189,schmidtkeswelt:2540,forward
sturmzeichen:8188,SolPatPodcasts:719,forward
sturmzeichen:8172,heimat2023:1524,forward
sturmzeichen:8169,schmidtkeswelt:2532,forward
sturmzeichen:8168,freiesachsen:11571,forward
sturmzeichen:8164,dortmundsrechte:4762,forward
sturmzeichen:8163,dortmundsrechte:4761,forward
sturmzeichen:8162,dortmundsrechte:4760,forward
sturmzeichen:8161,dortmundsrechte:4759,forward
sturmzeichen:8160,dortmundsrechte:4758,forward
sturmzeichen:8150,genticus:4529,forward
sturmzeichen:8149,WiderstandinAktion:736,forward
sturmzeichen:8148,WiderstandinAktion:735,forward
sturmzeichen:8147,WiderstandinAktion:734,forward
sturmzeichen:8146,WiderstandinAktion:733,forward
sturmzeichen:8145,WiderstandinAktion:732,forward
sturmzeichen:8144,WiderstandinAktion:731,forward
sturmzeichen:8143,WiderstandinAktion:730,forward
sturmzeichen:8141,heimathessen:1546,forward
sturmzeichen:8140,genticus:4528,forward
sturmzeichen:8139,HeimatSachsenAnhalt:1036,forward
dieheimatmv:157,JN_MuP:9,forward
dieheimatmv:156,WiderstandinAktion:721,forward
dieheimatmv:155,heimat2023:1142,forward
dieheimatmv:154,freiesachsen:10549,forward
dieheimatmv:153,dieheimatmv:4042,reply
dieheimatmv:152,heimat2023:953,forward
dieheimatmv:151,heimatsachsen:2413,forward
dieheimatmv:150,heimat2023:756,forward
dieheimatmv:149,heimat2023:753,forward
dieheimatmv:148,heimat2023:670,forward
dieheimatmv:147,heimat2023:669,forward
dieheimatmv:146,heimat2023:642,forward
dieheimatmv:145,aufgewachtonline:212,forward
dieheimatmv:141,heimat2023:511,forward
dieheimatmv:140,heimat2023:470,forward
dieheimatmv:139,michaelbrueck90:274,forward
dieheimatmv:130,heimatundidentitaet:419,forward
dieheimatmv:129,heimat2023:124,forward
dieheimatmv:127,rossmueller:799,forward
dieheimatmv:126,heimat2023:105,forward
dieheimatmv:113,deutschestimmemagazin:1657,forward
dieheimatmv:112,deutschestimmemagazin:1656,forward
dieheimatmv:111,deutschestimmemagazin:1655,forward
dieheimatmv:110,deutschestimmemagazin:1654,forward
JN_Th:1201,schmidtkeswelt:2567,forward
JN_Th:1200,heimat2023:1544,forward
JN_Th:1197,heimat_th:108,forward
JN_Th:1193,sturmzeichen:8184,forward
JN_Th:1192,sturmzeichen:8183,forward
JN_Th:1191,sturmzeichen:8182,forward
JN_Th:1190,sturmzeichen:8181,forward
JN_Th:1176,JN_Th:1164,forward
JN_Th:1173,heimat_th:92,forward
JN_Th:1170,JN_MuP:5,forward
JN_Th:1169,JN_MuP:4,forward
JN_Th:1168,heimat2023:1460,forward
JN_Th:1166,tommyfrenck:16621,forward
JN_Th:1158,harzverteidigen:415,forward
JN_Th:1156,jungenationalisten:4553,forward
JN_Th:1154,heimat_th:77,forward
JN_Th:1152,Frontdienst:668,forward
JN_Th:1149,heimat2023:1418,forward
JN_Th:1148,Frontdienst:662,forward
JN_Th:1146,wie_gesagt:153,forward
JN_Th:1143,gefangenenhilfe:1012,forward
JN_Th:1142,JN_Th:1121,forward
JN_Th:1141,jungenationalisten:4520,forward
JN_Th:1140,jungenationalisten:4519,forward
JN_Th:1139,jungenationalisten:4518,forward
JN_Th:1137,sicherheitshinweise:1428,forward
JN_Th:1135,jungenationalisten:4505,forward
JN_Th:1134,jungenationalisten:4504,forward
JN_Th:1133,jungenationalisten:4503,forward
JN_Th:1132,jungenationalisten:4502,forward
JN_Th:1131,jungenationalisten:4501,forward
JN_Th:1130,jungenationalisten:4500,forward
JN_Th:1129,jungenationalisten:4499,forward
JN_Th:1128,jungenationalisten:4498,forward
JN_Th:1127,jungenationalisten:4497,forward
JN_Th:1126,jungenationalisten:4496,forward
JN_Th:1125,heimat_th:57,forward
JN_Th:1123,JN_Th:1107,forward
JN_Th:1120,JN_Sachsen_Anhalt:382,forward
JN_Th:1119,JN_Sachsen_Anhalt:381,forward
JN_Th:1118,JN_Sachsen_Anhalt:380,forward
JN_Th:1117,JN_Sachsen_Anhalt:379,forward
JN_Th:1113,heimat2023:1345,forward
JN_Th:1111,heimat_th:47,forward
JN_Th:1109,deutscheswarenhaus:574,forward
JN_Th:1108,deutscheswarenhaus:573,forward
JN_Th:1106,heimat_th:43,forward
JN_Th:1105,sicherheitshinweise:1425,forward
JN_Th:1104,heimat_th:42,forward
JN_Th:1103,JN_Th:1084,forward
jnhessen:135,heimathessen:1572,forward
jnhessen:126,heimathessen:1543,forward
jnhessen:125,heimathessen:1540,forward
jnhessen:124,heimathessen:1538,forward
jnhessen:123,heimathessen:1536,forward
jnhessen:122,michaelbrueck90:410,forward
jnhessen:122,sturmzeichen:7993,link
jnhessen:120,Frontdienst:680,forward
jnhessen:119,heimathessen:1524,forward
jnhessen:118,heimathessen:1523,forward
jnhessen:117,JN_Th:1161,forward
jnhessen:116,jungenationalisten:4553,forward
jnhessen:115,heimat2023:1418,forward
jnhessen:114,jungenationalisten:4520,forward
jnhessen:113,jungenationalisten:4519,forward
jnhessen:112,Frontdienst:658,forward
jnhessen:111,JN_Th:1136,forward
jnhessen:110,jungenationalisten:4505,forward
jnhessen:109,jungenationalisten:4504,forward
jnhessen:108,jungenationalisten:4503,forward
jnhessen:107,jungenationalisten:4502,forward
jnhessen:106,jungenationalisten:4501,forward
jnhessen:105,jungenationalisten:4500,forward
jnhessen:104,jungenationalisten:4499,forward
jnhessen:103,jungenationalisten:4498,forward
jnhessen:102,jungenationalisten:4497,forward
jnhessen:101,jungenationalisten:4496,forward
jnhessen:100,heimathessen:1475,forward
jnhessen:97,JN_Westverband:193,forward
jnhessen:96,heimathessen:1442,forward
jnhessen:95,heimathessen:1436,forward
jnhessen:94,deutscheswarenhaus:574,forward
jnhessen:93,heimat2023:1336,forward
jnhessen:92,heimathessen:1413,forward
jnhessen:91,Frontdienst:639,forward
jnhessen:90,freiesachsen:11052,forward
jnhessen:89,WiderstandinAktion:585,forward
jnhessen:87,heimat2023:1234,forward
jnhessen:85,heimathessen:1382,forward
jnhessen:84,jungenationalisten:4308,forward
jnhessen:83,jungenationalisten:4307,forward
jnhessen:82,heimathessen:1375,forward
jnhessen:80,heimathessen:1357,forward
jnhessen:79,heimathessen:1356,forward
jnhessen:78,heimathessen:1355,forward
jnhessen:77,heimathessen:1354,forward
jnhessen:76,heimathessen:1353,forward
jnhessen:75,heimathessen:1352,forward
jnhessen:69,heimathessen:1325,forward
jnhessen:64,heimathessen:1311,forward
jnhessen:63,jungenationalisten:4237,forward
jnhessen:62,KGxPR:14,forward
jnhessen:61,heimathessen:1307,forward
jnhessen:60,jungenationalisten:4226,forward
jnhessen:58,Frontdienst:600,forward
jnhessen:57,Frontdienst:599,forward
jnhessen:54,jungenationalisten:4141,forward
jnhessen:51,Frontdienst:563,forward
jnhessen:50,WiderstandinAktion:463,forward
jnhessen:49,stefantrautmannDL:814,forward
jnhessen:47,JN_Westverband:18,forward
jnhessen:46,JN_Westverband:17,forward
jnhessen:45,JN_Westverband:16,forward
jnhessen:44,JN_Westverband:15,forward
jnhessen:43,jungenationalisten:4120,forward
jnhessen:42,WiderstandinAktion:455,forward
jnhessen:41,WiderstandinAktion:454,forward
jnhessen:40,WiderstandinAktion:453,forward
jnhessen:39,WiderstandinAktion:452,forward
jnhessen:38,WiderstandinAktion:451,forward
jnhessen:37,WiderstandinAktion:450,forward
jnhessen:36,WiderstandinAktion:449,forward
jnhessen:35,WiderstandinAktion:448,forward
jnhessen:34,WiderstandinAktion:447,forward
jnhessen:33,WiderstandinAktion:446,forward
jnhessen:32,JN_Th:965,forward
harzverteidigen:490,grimbart_studio:104,forward
harzverteidigen:486,sicherheitshinweise:1441,forward
harzverteidigen:485,grimbart_studio:103,forward
harzverteidigen:484,braunschweigverteidigen:172,forward
harzverteidigen:482,v_isionaer:460,forward
harzverteidigen:481,schmidtkeswelt:2532,forward
harzverteidigen:480,HeimatSachsenAnhalt:1036,forward
harzverteidigen:479,HeimatSachsenAnhalt:1035,forward
harzverteidigen:478,HeimatSachsenAnhalt:1034,forward
harzverteidigen:477,HeimatSachsenAnhalt:1033,forward
harzverteidigen:476,HeimatSachsenAnhalt:1032,forward
harzverteidigen:475,HeimatSachsenAnhalt:1031,forward
harzverteidigen:474,HeimatSachsenAnhalt:1030,forward
harzverteidigen:473,HeimatSachsenAnhalt:1029,forward
harzverteidigen:472,HeimatSachsenAnhalt:1028,forward
harzverteidigen:471,HeimatSachsenAnhalt:1027,forward
harzverteidigen:458,dortmundsrechte:4745,forward
harzverteidigen:457,grimbart_studio:102,forward
harzverteidigen:454,sturmzeichen:8050,forward
harzverteidigen:450,sturmzeichen:8000,link
harzverteidigen:449,schmidtkeswelt:2506,forward
harzverteidigen:448,stnewslive:8871,forward
harzverteidigen:447,stnewslive:8870,forward
harzverteidigen:446,stnewslive:8869,forward
harzverteidigen:445,stnewslive:8868,forward
harzverteidigen:443,WeichreiteKanal:1119,forward
harzverteidigen:440,sturmzeichen:8002,forward
harzverteidigen:439,michaelbrueck90:410,forward
harzverteidigen:439,sturmzeichen:7993,link
harzverteidigen:436,ein_prozent:3409,forward
harzverteidigen:435,sicherheitshinweise:1438,forward
harzverteidigen:433,grimbart_studio:100,forward
harzverteidigen:432,harzverteidigen:403,reply
harzverteidigen:430,harzverteidigen:428,link
harzverteidigen:429,ein_prozent:3407,forward
harzverteidigen:422,mayrhofer_raphael:219,forward
harzverteidigen:419,wilhelmkachel:1408,forward
harzverteidigen:418,sturmzeichen:7934,forward
harzverteidigen:416,harzverteidigen:413,link
harzverteidigen:406,grimbart_studio:99,forward
harzverteidigen:405,CompactMagazin:40631,forward
harzverteidigen:401,sturmzeichen:7900,forward
harzverteidigen:399,clauscremernrw:2036,forward
harzverteidigen:397,CompactMagazin:40510,forward
harzverteidigen:393,wie_gesagt:153,forward
harzverteidigen:389,dortmundsrechte:4722,forward
harzverteidigen:388,dortmundsrechte:4721,forward
heimatsachsenanhalt:1054,heimatnrw:506,forward
heimatsachsenanhalt:1053,harzverteidigen:489,forward
heimatsachsenanhalt:1052,heimat2023:1544,forward
heimatsachsenanhalt:1051,harzverteidigen:487,forward
heimatsachsenanhalt:1050,freiesachsen:11615,forward
heimatsachsenanhalt:1049,freiesachsen:11611,forward
heimatsachsenanhalt:1048,JN_Sachsen_Anhalt:481,forward
heimatsachsenanhalt:1047,JN_Sachsen_Anhalt:480,forward
heimatsachsenanhalt:1046,JN_Sachsen_Anhalt:479,forward
heimatsachsenanhalt:1045,WiderstandinAktion:750,forward
heimatsachsenanhalt:1044,heimat2023:1527,forward
heimatsachsenanhalt:1043,harzverteidigen:483,forward
heimatsachsenanhalt:1042,heimat2023:1526,forward
heimatsachsenanhalt:1041,heimat2023:1524,forward
heimatsachsenanhalt:1040,schmidtkeswelt:2532,forward
heimatsachsenanhalt:1026,harzverteidigen:459,forward
heimatsachsenanhalt:1025,freiesachsen:11556,forward
heimatsachsenanhalt:1024,freiesachsen:11555,forward
heimatsachsenanhalt:1023,freiesachsen:11554,forward
heimatsachsenanhalt:1022,freiesachsen:11553,forward
heimatsachsenanhalt:1020,deutschestimmemagazin:5691,forward
heimatsachsenanhalt:1014,harzverteidigen:441,forward
heimatsachsenanhalt:1012,ein_prozent:3409,forward
heimatsachsenanhalt:1010,heimat2023:1451,forward
heimatsachsenanhalt:1008,harzverteidigen:428,forward
heimatsachsenanhalt:1006,ein_prozent:3407,forward
heimatsachsenanhalt:1003,harzverteidigen:421,forward
heimatsachsenanhalt:997,deutschestimmemagazin:5640,forward
heimatsachsenanhalt:996,deutschestimmemagazin:5639,forward
heimatsachsenanhalt:995,deutschestimmemagazin:5638,forward
heimatsachsenanhalt:994,deutschestimmemagazin:5637,forward
heimatsachsenanhalt:993,heimat2023:1435,forward
heimatsachsenanhalt:991,harzverteidigen:417,forward
heimatsachsenanhalt:990,harzverteidigen:413,link
heimatsachsenanhalt:990,harzverteidigen:416,forward
heimatsachsenanhalt:989,harzverteidigen:415,forward
heimatsachsenanhalt:987,harzverteidigen:413,forward
heimatsachsenanhalt:986,JN_Sachsen_Anhalt:419,forward
heimatsachsenanhalt:985,JN_Sachsen_Anhalt:418,forward
heimatsachsenanhalt:984,JN_Sachsen_Anhalt:417,forward
heimatsachsenanhalt:983,sturmzeichen:7903,forward
heimatsachsenanhalt:982,harzverteidigen:396,forward
heimatsachsenanhalt:979,jungenationalisten:4505,forward
heimatsachsenanhalt:978,jungenationalisten:4504,forward
heimatsachsenanhalt:977,jungenationalisten:4503,forward
heimatsachsenanhalt:976,jungenationalisten:4502,forward
heimatsachsenanhalt:975,jungenationalisten:4501,forward
heimatsachsenanhalt:974,jungenationalisten:4500,forward
heimatsachsenanhalt:973,jungenationalisten:4499,forward
heimatsachsenanhalt:972,jungenationalisten:4498,forward
heimatsachsenanhalt:971,jungenationalisten:4497,forward
heimatsachsenanhalt:970,jungenationalisten:4496,forward
heimatsachsenanhalt:969,heimat2023:1377,forward
heimatsachsenanhalt:968,freiesachsen:11237,forward
heimatsachsenanhalt:967,Stimme_der_Wahrheit:2809,forward
heimatsachsenanhalt:966,JN_Sachsen_Anhalt:382,forward
heimatsachsenanhalt:965,JN_Sachsen_Anhalt:381,forward
heimatsachsenanhalt:964,JN_Sachsen_Anhalt:380,forward
heimatsachsenanhalt:963,JN_Sachsen_Anhalt:379,forward
heimatsachsenanhalt:958,JN_Sachsen_Anhalt:378,forward
heimatsachsenanhalt:957,dortmundsrechte:4689,forward
heimatsachsenanhalt:956,dortmundsrechte:4688,forward
heimatsachsenanhalt:955,dortmundsrechte:4687,forward
heimatsachsenanhalt:954,heimat2023:1345,forward
heimatsachsenanhalt:953,harzverteidigen:351,forward
heimatsachsenanhalt:952,freiesachsen:11153,forward
heimatsachsenanhalt:950,harzverteidigen:343,forward
heimatsachsenanhalt:949,harzverteidigen:342,forward
heimatsachsenanhalt:948,harzverteidigen:341,forward
heimatsachsenanhalt:947,jungenationalisten:4415,forward
heimatsachsenanhalt:946,jungenationalisten:4414,forward
hermanns_heide:361,heimatNDS:100,forward
hermanns_heide:360,sicherheitshinweise:1441,forward
hermanns_heide:359,braunschweigverteidigen:172,forward
hermanns_heide:358,harzverteidigen:468,forward
hermanns_heide:357,harzverteidigen:467,forward
hermanns_heide:356,harzverteidigen:466,forward
hermanns_heide:355,harzverteidigen:465,forward
hermanns_heide:354,harzverteidigen:464,forward
hermanns_heide:353,harzverteidigen:463,forward
hermanns_heide:352,harzverteidigen:462,forward
hermanns_heide:351,harzverteidigen:461,forward
hermanns_heide:350,dortmundsrechte:4754,forward
hermanns_heide:349,dortmundsrechte:4753,forward
hermanns_heide:348,dortmundsrechte:4752,forward
hermanns_heide:347,dortmundsrechte:4751,forward
hermanns_heide:346,dortmundsrechte:4750,forward
hermanns_heide:345,dortmundsrechte:4749,forward
hermanns_heide:337,sturmzeichen:7993,forward
hermanns_heide:336,jungenationalisten:4582,forward
hermanns_heide:335,jungenationalisten:4581,forward
hermanns_heide:334,jungenationalisten:4580,forward
hermanns_heide:333,jungenationalisten:4579,forward
hermanns_heide:332,jungenationalisten:4578,forward
hermanns_heide:331,jungenationalisten:4577,forward
hermanns_heide:330,jungenationalisten:4576,forward
hermanns_heide:329,jungenationalisten:4575,forward
hermanns_heide:328,jungenationalisten:2206,forward
hermanns_heide:327,jungenationalisten:4553,forward
hermanns_heide:326,jungenationalisten:4520,forward
hermanns_heide:325,JN_Th:1136,forward
hermanns_heide:324,jungenationalisten:4505,forward
hermanns_heide:323,jungenationalisten:4504,forward
hermanns_heide:322,jungenationalisten:4503,forward
hermanns_heide:321,jungenationalisten:4502,forward
hermanns_heide:320,jungenationalisten:4501,forward
hermanns_heide:319,jungenationalisten:4500,forward
hermanns_heide:318,jungenationalisten:4499,forward
hermanns_heide:317,jungenationalisten:4498,forward
hermanns_heide:316,jungenationalisten:4497,forward
hermanns_heide:315,jungenationalisten:4496,forward
hermanns_heide:314,heimat2023:1377,forward
hermanns_heide:313,jungenationalisten:4415,forward
hermanns_heide:312,jungenationalisten:4414,forward
hermanns_heide:311,jungenationalisten:4413,forward
hermanns_heide:310,jungenationalisten:4412,forward
hermanns_heide:309,jungenationalisten:4411,forward
hermanns_heide:308,jungenationalisten:4410,forward
hermanns_heide:307,jungenationalisten:4409,forward
hermanns_heide:306,jungenationalisten:4408,forward
hermanns_heide:305,jungenationalisten:4407,forward
hermanns_heide:304,jungenationalisten:4406,forward
hermanns_heide:303,jungenationalisten:4403,forward
hermanns_heide:302,JN_Sachsen_Anhalt:341,forward
hermanns_heide:301,JN_Sachsen_Anhalt:340,forward
hermanns_heide:300,JN_Sachsen_Anhalt:339,forward
hermanns_heide:299,JN_Sachsen_Anhalt:338,forward
hermanns_heide:298,JN_Sachsen_Anhalt:337,forward
hermanns_heide:297,JN_Sachsen_Anhalt:336,forward
hermanns_heide:296,JN_Sachsen_Anhalt:335,forward
hermanns_heide:295,JN_Sachsen_Anhalt:334,forward
hermanns_heide:294,JN_Sachsen_Anhalt:333,forward
hermanns_heide:293,dortmundsrechte:4640,forward
hermanns_heide:292,wwbrex:1935,forward
hermanns_heide:291,dortmundsrechte:4631,forward
hermanns_heide:290,WiderstandinAktion:573,forward
hermanns_heide:289,WiderstandinAktion:572,forward
hermanns_heide:288,WiderstandinAktion:571,forward
hermanns_heide:287,WiderstandinAktion:570,forward
hermanns_heide:286,WiderstandinAktion:569,forward
hermanns_heide:285,WiderstandinAktion:568,forward
hermanns_heide:284,WiderstandinAktion:567,forward
hermanns_heide:283,WiderstandinAktion:566,forward
hermanns_heide:282,WiderstandinAktion:565,forward
hermanns_heide:281,WiderstandinAktion:564,forward
hermanns_heide:280,WiderstandinAktion:562,forward
hermanns_heide:279,heimat2023:1218,forward
hermanns_heide:278,heimatnrw:399,forward
hermanns_heide:277,heimatnrw:398,forward
hermanns_heide:276,heimatnrw:397,forward
hermanns_heide:275,heimatnrw:396,forward
hermanns_heide:274,sturmzeichen:7310,forward
hermanns_heide:273,sturmzeichen:7309,forward
hermanns_heide:272,braunschweigverteidigen:118,forward
hermanns_heide:271,AufbauHolstein:251,forward
hermanns_heide:270,jungenationalisten:4237,forward
hermanns_heide:269,clauscremernrw:1898,forward
hermanns_heide:269,jungenationalisten:4225,link
hermanns_heide:268,jungenationalisten:4223,forward
hermanns_heide:267,jnhessen:56,forward
hermanns_heide:266,WiderstandinAktion:489,forward
hermanns_heide:265,WiderstandinAktion:488,forward
hermanns_heide:264,WiderstandinAktion:487,forward
hermanns_heide:263,WiderstandinAktion:486,forward
hermanns_heide:262,WiderstandinAktion:485,forward
freiesachsen:11637,aufgewachtonline:2270,forward
freiesachsen:11633,aufgewachtonline:2266,forward
freiesachsen:11629,freiesachsen:11565,link
freiesachsen:11628,PROCHEMNITZ:1679,forward
freiesachsen:11626,aufgewachtonline:2262,forward
freiesachsen:11624,dresden_spaziert:1891,forward
freiesachsen:11623,freiesachsen:11610,link
freiesachsen:11620,freiesachsen:10329,link
freiesachsen:11616,aufgewachtonline:2239,forward
freiesachsen:11612,freiesachsen_dresden:6018,forward
freiesachsen:11609,aufgewachtonline:2237,forward
freiesachsen:11601,freiesachsen_dresden:6014,forward
freiesachsen:11594,mr_marcus_fuchs:3705,forward
freiesachsen:11569,freiesachsen_dresden:5981,forward
freiesachsen:11564,CompactMagazin:41235,forward
freiesachsen:11562,freiesachsen_kreisleipzig:1499,forward
freiesachsen:11561,aufgewachtonline:2228,forward
freiesachsen:11539,martinkohlmann:101,forward
freiesachsen:11537,freiesachsen:11528,link
unetenucleonacional:616,unetenucleonacional:615,reply
unetenucleonacional:610,unetenucleonacional:609,reply
unetenucleonacional:606,unetenucleonacional:605,reply
unetenucleonacional:599,unetenucleonacional:597,reply
unetenucleonacional:527,unetenucleonacional:525,reply
aufgewachtonline:2269,freiesachsen:11632,forward
aufgewachtonline:2267,aufgewachtonline:2266,reply
aufgewachtonline:2263,aufgewachtonline:2262,reply
aufgewachtonline:2255,auf1tv:16653,link
aufgewachtonline:2255,auf1tv:16765,link
aufgewachtonline:2255,auf1tv:16856,forward
aufgewachtonline:2252,peterschreiber:3528,forward
aufgewachtonline:2251,martinsellnerIB:25368,forward
aufgewachtonline:2245,freiesachsen:11615,forward
aufgewachtonline:2244,aufgewachtonline:2243,reply
aufgewachtonline:2242,rossmueller:3070,forward
aufgewachtonline:2241,krautzone:4196,forward
aufgewachtonline:2238,aufgewachtonline:2237,reply
aufgewachtonline:2236,ein_prozent:3416,forward
aufgewachtonline:2233,ungetruebtmedia:3218,forward
aufgewachtonline:2229,CompactMagazin:41235,forward
aufgewachtonline:2222,freiesachsen:11556,forward
aufgewachtonline:2221,freiesachsen:11555,forward
aufgewachtonline:2220,freiesachsen:11554,forward
aufgewachtonline:2219,freiesachsen:11553,forward
aufgewachtonline:2218,aufgewachtonline:2214,reply
aufgewachtonline:2217,freiesachsen:11552,forward
aufgewachtonline:2216,freiesachsen:11551,forward
aufgewachtonline:2215,freiesachsen:11550,forward
aufgewachtonline:2214,freiesachsen:11549,forward
aufgewachtonline:2213,freiesachsen:11544,forward
aufgewachtonline:2212,freiesachsen:11542,forward
aufgewachtonline:2211,freiesachsen:11541,forward
aufgewachtonline:2210,martinsellnervideos:2883,forward
aufgewachtonline:2208,hydracomicsDD:1036,forward
aufgewachtonline:2207,freiesachsen:11532,forward
aufgewachtonline:2206,freiesachsen:11528,forward
aufgewachtonline:2205,mr_marcus_fuchs:3683,forward
aufgewachtonline:2204,aufgewachtonline:2203,reply
aufgewachtonline:2201,schmidtkeswelt:2511,forward
aufgewachtonline:2199,freiesachsen:11522,forward
aufgewachtonline:2198,CompactMagazin:41063,forward
aufgewachtonline:2195,aufgewachtonline:2192,reply
aufgewachtonline:2194,freiesachsen:11513,forward
aufgewachtonline:2193,freiesachsen:11512,forward
aufgewachtonline:2192,freiesachsen:11511,forward
aufgewachtonline:2190,freiesachsen:11509,forward
aufgewachtonline:2189,peterschreiber:3458,forward
aufgewachtonline:2185,freiesachsen:11502,forward
aufgewachtonline:2176,aufgewachtonline:2175,reply
aufgewachtonline:2174,benediktkaiser:2002,forward
aufgewachtonline:2169,aufgewachtonline:2168,reply
aufgewachtonline:2167,HartungStefan:801,forward
peterschreiber:3530,heimat2023:1553,forward
peterschreiber:3529,aufgewachtonline:2253,forward
peterschreiber:3527,aufgewachtonline:2249,forward
peterschreiber:3526,heimat2023:1541,forward
peterschreiber:3525,deutschestimmemagazin:5731,forward
peterschreiber:3524,heimat2023:1539,forward
peterschreiber:3523,freiesachsen:11611,forward
peterschreiber:3522,heimat_th:108,forward
peterschreiber:3521,deutschestimmemagazin:5721,forward
peterschreiber:3520,heimat2023:1527,forward
peterschreiber:3519,WiderstandinAktion:748,forward
peterschreiber:3518,WiderstandinAktion:747,forward
peterschreiber:3517,WiderstandinAktion:746,forward
peterschreiber:3516,WiderstandinAktion:745,forward
peterschreiber:3515,WiderstandinAktion:744,forward
peterschreiber:3514,WiderstandinAktion:743,forward
peterschreiber:3513,WiderstandinAktion:742,forward
peterschreiber:3512,WiderstandinAktion:741,forward
peterschreiber:3511,WiderstandinAktion:740,forward
peterschreiber:3510,WiderstandinAktion:739,forward
peterschreiber:3509,freiesachsen:11585,forward
peterschreiber:3508,heimat2023:1526,forward
peterschreiber:3507,deutschestimmemagazin:5718,forward
peterschreiber:3506,deutschestimmemagazin:5715,forward
peterschreiber:3505,aufgewachtonline:2231,forward
peterschreiber:3504,WiderstandinAktion:736,forward
peterschreiber:3503,WiderstandinAktion:735,forward
peterschreiber:3502,WiderstandinAktion:734,forward
peterschreiber:3501,WiderstandinAktion:733,forward
peterschreiber:3500,WiderstandinAktion:732,forward
peterschreiber:3499,WiderstandinAktion:731,forward
peterschreiber:3498,WiderstandinAktion:730,forward
peterschreiber:3497,aufgewachtonline:2227,forward
peterschreiber:3496,heimathessen:1546,forward
peterschreiber:3490,WiderstandinAktion:729,forward
peterschreiber:3489,WiderstandinAktion:728,forward
peterschreiber:3488,WiderstandinAktion:727,forward
peterschreiber:3487,WiderstandinAktion:726,forward
peterschreiber:3486,WiderstandinAktion:725,forward
peterschreiber:3485,WiderstandinAktion:724,forward
peterschreiber:3484,WiderstandinAktion:723,forward
peterschreiber:3483,aufgewachtonline:2226,forward
peterschreiber:3482,aufgewachtonline:2225,forward
peterschreiber:3481,aufgewachtonline:2224,forward
peterschreiber:3480,aufgewachtonline:2223,forward
peterschreiber:3479,freiesachsen:11556,forward
peterschreiber:3478,freiesachsen:11555,forward
peterschreiber:3477,freiesachsen:11554,forward
peterschreiber:3476,freiesachsen:11553,forward
peterschreiber:3475,freiesachsen:11552,forward
peterschreiber:3474,freiesachsen:11551,forward
peterschreiber:3473,freiesachsen:11550,forward
peterschreiber:3472,freiesachsen:11549,forward
peterschreiber:3471,freiesachsen:11542,forward
peterschreiber:3470,rossmueller:3048,forward
peterschreiber:3469,deutschestimmemagazin:5692,forward
peterschreiber:3468,heimat2023:1489,forward
peterschreiber:3467,deutschestimmemagazin:5691,forward
peterschreiber:3466,michaelbrueck90:411,forward
peterschreiber:3465,aufgewachtonline:2203,forward
peterschreiber:3464,freiesachsen:11522,forward
peterschreiber:3463,heimat2023:1485,forward
peterschreiber:3462,HeimatSachsenAnhalt:1019,forward
peterschreiber:3461,freiesachsen:11516,forward
peterschreiber:3460,freiesachsen:11515,forward
peterschreiber:3459,heimat2023:1480,forward
peterschreiber:3457,aufgewachtonline:2188,forward
peterschreiber:3456,aufgewachtonline:2187,forward
peterschreiber:3455,aufgewachtonline:2186,forward
peterschreiber:3454,freiesachsen:11502,forward
peterschreiber:3453,sturmzeichen:8000,forward
peterschreiber:3452,sturmzeichen:7999,forward
peterschreiber:3451,sturmzeichen:7998,forward
peterschreiber:3450,sturmzeichen:7997,forward
peterschreiber:3449,heimat2023:1466,forward
peterschreiber:3448,sturmzeichen:7993,forward
peterschreiber:3447,deutschestimmemagazin:5671,forward
peterschreiber:3446,deutschestimmemagazin:5671,forward
peterschreiber:3445,benediktkaiser:2002,forward
peterschreiber:3444,heimat2023:1460,forward
peterschreiber:3443,aufgewachtonline:2171,forward
peterschreiber:3442,aufgewachtonline:2166,forward
peterschreiber:3441,heimat2023:1457,forward
peterschreiber:3440,ein_prozent:3409,link
peterschreiber:3440,aufgewachtonline:2164,forward
peterschreiber:3438,deutschestimmemagazin:5656,forward
peterschreiber:3437,heimatsachsen:3178,forward
peterschreiber:3436,rossmueller:3016,forward
peterschreiber:3435,rossmueller:3015,forward
peterschreiber:3434,harzverteidigen:428,forward
peterschreiber:3433,freiesachsen:11450,forward
peterschreiber:3432,freiesachsen:11437,forward
peterschreiber:3431,freiesachsen:11436,forward
heimathessen:1578,aufgewachtonline:2254,forward
heimathessen:1577,jnhessen:139,forward
heimathessen:1576,jnhessen:138,forward
heimathessen:1575,jnhessen:137,forward
heimathessen:1574,jnhessen:136,forward
heimathessen:1573,dauerwelleDemoReport:7703,forward
heimathessen:1570,ProtestHessen:2956,forward
heimathessen:1569,freiesachsen:11611,forward
heimathessen:1567,deutschestimmemagazin:5721,forward
heimathessen:1560,heimatlahndill:195,forward
heimathessen:1557,freilichmagazin:13340,forward
heimathessen:1547,jnhessen:133,forward
heimathessen:1539,deutschestimmemagazin:5671,forward
heimathessen:1537,aufgewachtonline:2203,forward
heimathessen:1535,heimat2023:1480,forward
heimathessen:1534,aufgewachtonline:2188,forward
heimathessen:1533,aufgewachtonline:2187,forward
heimathessen:1532,aufgewachtonline:2186,forward
heimathessen:1531,daniel_lachmann:7209,forward
heimathessen:1530,daniel_lachmann:7208,forward
heimathessen:1529,heimat2023:1460,forward
heimathessen:1528,sturmzeichen:7993,forward
heimathessen:1525,heimat2023:1457,forward
heimathessen:1522,daniel_lachmann:7193,forward
heimathessen:1521,rossmueller:3010,forward
heimathessen:1520,WiderstandinAktion:697,forward
heimathessen:1519,heimat2023:1435,forward
heimathessen:1518,heimathessen:1513,reply
heimathessen:1516,jungenationalisten:4553,forward
heimathessen:1512,rossmueller:2973,forward
heimathessen:1511,rossmueller:2972,forward
heimathessen:1509,daniel_lachmann:7166,forward
heimathessen:1508,schmidtkeswelt:2458,forward
heimathessen:1505,auf1tv:16037,link
heimathessen:1505,auf1tv:16072,forward
heimathessen:1503,aufgewachtonline:2093,forward
heimathessen:1502,heimat2023:1417,forward
heimathessen:1500,michaelbrueck90:407,forward
heimathessen:1499,heimat2023:1415,forward
heimathessen:1498,schmidtkeswelt:2442,forward
heimathessen:1496,heimat2023:1411,forward
heimathessen:1495,heimat2023:1409,forward
heimathessen:1494,heimat2023:1408,forward
heimathessen:1492,heimat_bayern:8399,forward
heimathessen:1491,jungenationalisten:4520,forward
heimathessen:1490,auf1tv:15924,forward
heimathessen:1489,freiesachsen:11287,forward
heimathessen:1487,CompactMagazin:40236,forward
heimathessen:1486,jungenationalisten:4505,forward
heimathessen:1485,jungenationalisten:4504,forward
heimathessen:1484,jungenationalisten:4503,forward
heimathessen:1483,jungenationalisten:4502,forward
heimathessen:1482,jungenationalisten:4501,forward
deutschestimmemagazin:5745,aufgewachtonline:2270,forward
deutschestimmemagazin:5744,aufgewachtonline:2266,forward
deutschestimmemagazin:5743,aufgewachtonline:2264,forward
deutschestimmemagazin:5740,aufgewachtonline:2259,forward
deutschestimmemagazin:5739,aufgewachtonline:2258,forward
deutschestimmemagazin:5738,aufgewachtonline:2257,forward
deutschestimmemagazin:5737,aufgewachtonline:2256,forward
deutschestimmemagazin:5736,aufgewachtonline:2253,forward
deutschestimmemagazin:5735,peterschreiber:3528,forward
deutschestimmemagazin:5734,aufgewachtonline:2249,forward
deutschestimmemagazin:5733,aufgewachtonline:2248,forward
deutschestimmemagazin:5732,aufgewachtonline:2246,forward
deutschestimmemagazin:5730,freiesachsen:11615,forward
deutschestimmemagazin:5729,heimat2023:1539,forward
deutschestimmemagazin:5728,krautzone:4196,forward
deutschestimmemagazin:5727,aufgewachtonline:2240,forward
deutschestimmemagazin:5726,freiesachsen:11611,forward
deutschestimmemagazin:5725,aufgewachtonline:2239,forward
deutschestimmemagazin:5724,ein_prozent:3416,forward
deutschestimmemagazin:5723,aufgewachtonline:2235,forward
deutschestimmemagazin:5722,aufgewachtonline:2234,forward
deutschestimmemagazin:5719,heimat2023:1526,forward
deutschestimmemagazin:5717,ungetruebtmedia:3218,forward
deutschestimmemagazin:5716,aufgewachtonline:2232,forward
deutschestimmemagazin:5714,aufgewachtonline:2231,forward
deutschestimmemagazin:5713,aufgewachtonline:2227,forward
deutschestimmemagazin:5712,aufgewachtonline:2226,forward
deutschestimmemagazin:5711,aufgewachtonline:2225,forward
deutschestimmemagazin:5710,aufgewachtonline:2224,forward
deutschestimmemagazin:5709,aufgewachtonline:2223,forward
deutschestimmemagazin:5708,freiesachsen:11556,forward
deutschestimmemagazin:5707,freiesachsen:11555,forward
deutschestimmemagazin:5706,freiesachsen:11554,forward
deutschestimmemagazin:5705,freiesachsen:11553,forward
deutschestimmemagazin:5704,freiesachsen:11552,forward
deutschestimmemagazin:5703,freiesachsen:11551,forward
deutschestimmemagazin:5702,freiesachsen:11550,forward
deutschestimmemagazin:5701,freiesachsen:11549,forward
deutschestimmemagazin:5700,freiesachsen:11552,forward
deutschestimmemagazin:5699,freiesachsen:11551,forward
deutschestimmemagazin:5698,freiesachsen:11550,forward
deutschestimmemagazin:5697,freiesachsen:11549,forward
deutschestimmemagazin:5696,freiesachsen:11544,forward
deutschestimmemagazin:5695,freiesachsen:11541,forward
deutschestimmemagazin:5694,rossmueller:3048,forward
deutschestimmemagazin:5693,aufgewachtonline:2209,forward
deutschestimmemagazin:5690,freiesachsen:11532,forward
deutschestimmemagazin:5689,aufgewachtonline:2202,forward
deutschestimmemagazin:5688,aufgewachtonline:2200,forward
deutschestimmemagazin:5687,freiesachsen:11522,forward
deutschestimmemagazin:5686,heimat2023:1485,forward
deutschestimmemagazin:5685,aufgewachtonline:2196,forward
deutschestimmemagazin:5684,freiesachsen:11516,forward
deutschestimmemagazin:5683,freiesachsen:11515,forward
deutschestimmemagazin:5682,freiesachsen:11513,forward
deutschestimmemagazin:5681,freiesachsen:11512,forward
deutschestimmemagazin:5680,freiesachsen:11511,forward
deutschestimmemagazin:5679,peterschreiber:3458,forward
deutschestimmemagazin:5678,aufgewachtonline:2188,forward
deutschestimmemagazin:5677,aufgewachtonline:2187,forward
deutschestimmemagazin:5676,aufgewachtonline:2186,forward
deutschestimmemagazin:5675,freiesachsen:11502,forward
deutschestimmemagazin:5674,aufgewachtonline:2179,forward
deutschestimmemagazin:5673,aufgewachtonline:2178,forward
deutschestimmemagazin:5672,aufgewachtonline:2177,forward
deutschestimmemagazin:5670,heimat2023:1460,forward
deutschestimmemagazin:5669,aufgewachtonline:2172,forward
deutschestimmemagazin:5668,aufgewachtonline:2171,forward
deutschestimmemagazin:5667,aufgewachtonline:2168,forward
deutschestimmemagazin:5666,HartungStefan:801,forward
deutschestimmemagazin:5665,aufgewachtonline:2166,forward
deutschestimmemagazin:5664,aufgewachtonline:2165,forward
deutschestimmemagazin:5663,aufgewachtonline:2163,forward
deutschestimmemagazin:5661,aufgewachtonline:2162,forward
deutschestimmemagazin:5660,aufgewachtonline:2161,forward
deutschestimmemagazin:5659,peterschreiber:3439,forward
deutschestimmemagazin:5655,aufgewachtonline:2158,forward
deutschestimmemagazin:5654,aufgewachtonline:2158,forward
deutschestimmemagazin:5653,aufgewachtonline:2156,forward
deutschestimmemagazin:5652,aufgewachtonline:2155,forward
deutschestimmemagazin:5651,aufgewachtonline:2154,forward
deutschestimmemagazin:5650,aufgewachtonline:2153,forward
deutschestimmemagazin:5649,aufgewachtonline:2152,forward
deutschestimmemagazin:5648,rossmueller:3016,forward
deutschestimmemagazin:5647,rossmueller:3015,forward
deutschestimmemagazin:5646,aufgewachtonline:2151,forward
deutschestimmemagazin:5645,harzverteidigen:428,forward
deutschestimmemagazin:5644,freiesachsen:11450,forward
deutschestimmemagazin:5643,rossmueller:3005,forward
rossmueller:3088,aufgewachtonline:2260,forward
rossmueller:3085,unzensiert:110049,forward
rossmueller:3084,martinsellnerIB:25368,forward
rossmueller:3077,freiesachsen:11611,forward
rossmueller:3073,UnityNewsNetwork:26000,forward
rossmueller:3068,deutschestimmemagazin:5721,forward
rossmueller:3063,heimat2023:1526,forward
rossmueller:3054,Offensiv_Info:199,forward
rossmueller:3043,heimat2023:1485,forward
rossmueller:3039,heimat2023:1480,forward
rossmueller:3035,aufgewachtonline:2175,forward
rossmueller:3029,ein_prozent:3409,link
rossmueller:3029,aufgewachtonline:2164,forward
rossmueller:3024,aufgewachtonline:2158,forward
rossmueller:3022,heimat2023:1451,forward
rossmueller:3012,daniel_lachmann:7195,forward
rossmueller:3011,freiesachsen:11450,forward
rossmueller:3003,heimat2023:1435,forward
rossmueller:2993,freiesachsen:11389,forward
rossmueller:2991,heimat2023:1427,forward
heimat_th:113,schmidtkeswelt:2567,forward
heimat_th:111,heimat2023:1544,forward
heimat_th:110,JN_Th:1199,forward
heimat_th:109,JN_Th:1198,forward
heimat_th:107,heimat_th:71,forward
heimat_th:104,sturmzeichen:8184,forward
heimat_th:103,sturmzeichen:8183,forward
heimat_th:102,sturmzeichen:8182,forward
heimat_th:101,sturmzeichen:8181,forward
heimat_th:100,JN_Th:1189,forward
heimat_th:97,JN_Th:1164,forward
heimat_th:96,heimathessen:1540,forward
heimat_th:95,heimathessen:1538,forward
heimat_th:90,heimat2023:1460,forward
heimat_th:89,tommyfrenck:16621,forward
heimat_th:86,JN_Th:1164,forward
heimat_th:85,JN_Th:1162,forward
heimat_th:80,JN_Th:1159,forward
heimat_th:79,harzverteidigen:415,forward
heimat_th:78,JN_Th:1155,forward
heimat_th:75,heimat2023:1418,forward
heimat_th:74,JN_Th:1147,forward
heimat_th:72,gefangenenhilfe:1012,forward
heimat_th:70,heimat_th:53,forward
heimat_th:69,jungenationalisten:4520,forward
heimat_th:67,jungenationalisten:4505,forward
heimat_th:66,jungenationalisten:4504,forward
heimat_th:65,jungenationalisten:4503,forward
heimat_th:64,jungenationalisten:4502,forward
heimat_th:63,jungenationalisten:4501,forward
heimat_th:62,jungenationalisten:4500,forward
heimat_th:61,jungenationalisten:4499,forward
heimat_th:60,jungenationalisten:4498,forward
heimat_th:59,jungenationalisten:4497,forward
heimat_th:58,jungenationalisten:4496,forward
heimat_th:55,JN_Th:1107,forward
heimat_th:48,heimat2023:1345,forward
heimat_th:46,deutscheswarenhaus:574,forward
heimat_th:45,deutscheswarenhaus:573,forward
heimat_th:44,JN_Th:1107,forward
heimat_th:41,heimat_th:37,forward
heimat_th:39,JN_Th:1100,forward
heimat_th:35,rossmueller:2823,forward
heimat_th:34,rossmueller:2822,forward
heimat_th:33,rossmueller:2821,forward
heimat_th:32,JN_Th:1077,forward
heimat_th:30,JN_Th:1074,forward
heimat_th:25,JN_Th:1068,forward
heimat_th:24,JN_Th:1067,forward
heimat_th:23,heimat2023:1234,forward
heimat_th:21,freiesachsen:10960,forward
heimat_th:19,heimat2023:1218,forward
JN_th:1201,schmidtkeswelt:2567,forward
JN_th:1200,heimat2023:1544,forward
JN_th:1197,heimat_th:108,forward
JN_th:1193,sturmzeichen:8184,forward
JN_th:1192,sturmzeichen:8183,forward
JN_th:1191,sturmzeichen:8182,forward
JN_th:1190,sturmzeichen:8181,forward
JN_th:1176,JN_Th:1164,forward
JN_th:1173,heimat_th:92,forward
JN_th:1170,JN_MuP:5,forward
JN_th:1169,JN_MuP:4,forward
JN_th:1168,heimat2023:1460,forward
JN_th:1166,tommyfrenck:16621,forward
JN_th:1158,harzverteidigen:415,forward
JN_th:1156,jungenationalisten:4553,forward
JN_th:1154,heimat_th:77,forward
JN_th:1152,Frontdienst:668,forward
JN_th:1149,heimat2023:1418,forward
JN_th:1148,Frontdienst:662,forward
JN_th:1146,wie_gesagt:153,forward
JN_th:1143,gefangenenhilfe:1012,forward
JN_th:1142,JN_Th:1121,forward
JN_th:1141,jungenationalisten:4520,forward
JN_th:1140,jungenationalisten:4519,forward
JN_th:1139,jungenationalisten:4518,forward
JN_th:1137,sicherheitshinweise:1428,forward
JN_th:1135,jungenationalisten:4505,forward
JN_th:1134,jungenationalisten:4504,forward
JN_th:1133,jungenationalisten:4503,forward
JN_th:1132,jungenationalisten:4502,forward
JN_th:1131,jungenationalisten:4501,forward
JN_th:1130,jungenationalisten:4500,forward
JN_th:1129,jungenationalisten:4499,forward
JN_th:1128,jungenationalisten:4498,forward
JN_th:1127,jungenationalisten:4497,forward
JN_th:1126,jungenationalisten:4496,forward
JN_th:1125,heimat_th:57,forward
JN_th:1123,JN_Th:1107,forward
JN_th:1120,JN_Sachsen_Anhalt:382,forward
JN_th:1119,JN_Sachsen_Anhalt:381,forward
JN_th:1118,JN_Sachsen_Anhalt:380,forward
JN_th:1117,JN_Sachsen_Anhalt:379,forward
JN_th:1113,heimat2023:1345,forward
JN_th:1111,heimat_th:47,forward
JN_th:1109,deutscheswarenhaus:574,forward
JN_th:1108,deutscheswarenhaus:573,forward
JN_th:1106,heimat_th:43,forward
JN_th:1105,sicherheitshinweise:1425,forward
JN_th:1104,heimat_th:42,forward
JN_th:1103,JN_Th:1084,forward
benediktkaiser:2096,RobertTeske:324,forward
benediktkaiser:2095,VoxEuropaHerald:1150,forward
benediktkaiser:2093,jungeuropa:3245,forward
benediktkaiser:2092,MatthiasHelferich:2334,forward
benediktkaiser:2091,DanielHaseloffAfD:1222,forward
benediktkaiser:2090,freilichmagazin:13423,forward
benediktkaiser:2089,jungeuropa:3242,forward
benediktkaiser:2088,RobertTeske:322,forward
benediktkaiser:2087,RobertTeske:321,forward
benediktkaiser:2085,RobertTeske:320,forward
benediktkaiser:2084,RobertTeske:319,forward
benediktkaiser:2083,RobertTeske:318,forward
benediktkaiser:2079,irmhild_bossdorf:491,forward
benediktkaiser:2078,RobertTeske:317,forward
benediktkaiser:2077,RobertTeske:316,forward
benediktkaiser:2076,jungeuropa:3234,forward
benediktkaiser:2075,jungeuropa:3232,forward
benediktkaiser:2073,RobertTeske:315,forward
benediktkaiser:2072,RobertTeske:314,forward
benediktkaiser:2071,MatthiasHelferich:2293,forward
benediktkaiser:2070,MatthiasHelferich:2292,forward
benediktkaiser:2068,irmhild_bossdorf:476,forward
benediktkaiser:2067,RobertTeske:313,forward
benediktkaiser:2066,demanega_dmn:137,forward
benediktkaiser:2065,RobertTeske:312,forward
benediktkaiser:2064,RobertTeske:311,forward
benediktkaiser:2063,dereckart:334,forward
benediktkaiser:2062,irmhild_bossdorf:466,forward
benediktkaiser:2061,irmhild_bossdorf:465,forward
benediktkaiser:2060,irmhild_bossdorf:464,forward
benediktkaiser:2059,irmhild_bossdorf:463,forward
benediktkaiser:2058,irmhild_bossdorf:462,forward
benediktkaiser:2057,FabianJankAfD:435,forward
benediktkaiser:2053,freilichmagazin:13318,forward
benediktkaiser:2052,RobertTeske:309,forward
benediktkaiser:2050,InstitutILIADE:11580,forward
benediktkaiser:2049,afdthueringen:1682,forward
benediktkaiser:2048,irmhild_bossdorf:461,forward
benediktkaiser:2047,irmhild_bossdorf:460,forward
benediktkaiser:2046,irmhild_bossdorf:459,forward
benediktkaiser:2045,irmhild_bossdorf:458,forward
benediktkaiser:2044,irmhild_bossdorf:457,forward
benediktkaiser:2043,irmhild_bossdorf:456,forward
benediktkaiser:2042,irmhild_bossdorf:455,forward
benediktkaiser:2041,irmhild_bossdorf:454,forward
benediktkaiser:2040,irmhild_bossdorf:453,forward
benediktkaiser:2039,irmhild_bossdorf:452,forward
benediktkaiser:2027,RobertTeske:306,forward
benediktkaiser:2026,jungeuropa:3209,forward
benediktkaiser:2025,RobertTeske:305,forward
benediktkaiser:2024,Wahlen_DE:4369,forward
benediktkaiser:2022,freilichmagazin:13267,forward
benediktkaiser:2021,freilichmagazin:13266,forward
benediktkaiser:2020,freilichmagazin:13265,forward
benediktkaiser:2019,freilichmagazin:13264,forward
benediktkaiser:2016,jungeuropa:3196,forward
benediktkaiser:2015,MatthiasHelferich:2233,forward
benediktkaiser:2014,MatthiasHelferich:2232,forward
benediktkaiser:2013,MatthiasHelferich:2231,forward
benediktkaiser:2012,MatthiasHelferich:2230,forward
benediktkaiser:2011,jungeuropa:3194,forward
benediktkaiser:2010,irmhild_bossdorf:447,forward
benediktkaiser:2006,RobertTeske:304,forward
benediktkaiser:2005,bruno_wolters:2750,forward
benediktkaiser:2004,christian_zaum_afd:247,forward
benediktkaiser:2003,jungeuropa:3190,forward
benediktkaiser:2000,RobertTeske:302,forward
benediktkaiser:1999,freilichmagazin:13221,forward
benediktkaiser:1998,dereckart:327,forward
benediktkaiser:1997,demanega_dmn:120,forward
benediktkaiser:1996,jungeuropa:3166,forward
benediktkaiser:1995,RobertTeske:301,forward
benediktkaiser:1993,MatthiasHelferich:2179,forward
benediktkaiser:1992,jungeuropa:3163,forward
benediktkaiser:1990,RobertTeske:300,forward
benediktkaiser:1989,RobertTeske:299,forward
benediktkaiser:1987,RobertTeske:298,forward
benediktkaiser:1986,irmhild_bossdorf:414,forward
ein_prozent:3420,ein_prozent:3418,reply
ein_prozent:3419,ein_prozent:3418,reply
ein_prozent:3412,dominikkaufner:398,forward
ein_prozent:3399,FranzSchmidAfD:410,forward
ein_prozent:3396,ChristopherDroesslerAfD:257,forward
ein_prozent:3395,ChristopherDroesslerAfD:256,forward
ein_prozent:3394,MatthiasHelferich:1978,forward
ein_prozent:3390,ibsachsen:919,forward
ein_prozent:3387,zurlage:279,forward
ein_prozent:3376,FranzSchmidAfD:329,link
ein_prozent:3369,auf1tv:15116,forward
ein_prozent:3365,freiesachsen:10960,forward
ein_prozent:3357,freiesachsen:10828,forward
ein_prozent:3351,RobertTeske:231,forward
ein_prozent:3345,martinsellnerIB:23924,forward
ein_prozent:3336,ZachariasSchalley:17,forward
ein_prozent:3335,ZachariasSchalley:16,forward
ein_prozent:3334,ZachariasSchalley:15,forward
ein_prozent:3333,ZachariasSchalley:14,forward
freilichmagazin:13406,freilichmagazin:13123,reply
jungeuropa:3249,VoxEuropaHerald:1150,forward
jungeuropa:3246,benediktkaiser:2094,forward
jungeuropa:3243,jungeuropa:3242,reply
jungeuropa:3240,WolfPMSoffiziell:1549,forward
jungeuropa:3236,RobertTeske:316,forward
jungeuropa:3233,jungeuropa:3232,reply
jungeuropa:3231,benediktkaiser:2074,forward
jungeuropa:3230,ministryofpropaganda:485,forward
jungeuropa:3224,jungeuropa:3219,reply
jungeuropa:3223,castellaurora:632,forward
jungeuropa:3222,castellaurora:631,forward
jungeuropa:3221,castellaurora:630,forward
jungeuropa:3220,hydracomicsDD:1040,forward
jungeuropa:3217,benediktkaiser:2056,forward
jungeuropa:3216,benediktkaiser:2055,forward
jungeuropa:3215,benediktkaiser:2054,forward
jungeuropa:3212,benediktkaiser:2051,forward
jungeuropa:3210,InstitutILIADE:11580,forward
jungeuropa:3206,castellaurora:627,forward
jungeuropa:3205,benediktkaiser:2023,forward
jungeuropa:3202,benediktkaiser:2018,forward
jungeuropa:3201,benediktkaiser:2017,forward
jungeuropa:3200,MatthiasHelferich:2233,forward
jungeuropa:3199,MatthiasHelferich:2232,forward
jungeuropa:3198,MatthiasHelferich:2231,forward
jungeuropa:3197,MatthiasHelferich:2230,forward
jungeuropa:3191,zeitenstrom:312,forward
jungeuropa:3189,benediktkaiser:2002,forward
jungeuropa:3178,jungeuropa:3177,reply
jungeuropa:3174,FabianJankAfD:414,forward
jungeuropa:3173,FabianJankAfD:413,forward
jungeuropa:3172,FabianJankAfD:412,forward
jungeuropa:3171,FabianJankAfD:411,forward
jungeuropa:3170,FabianJankAfD:410,forward
jungeuropa:3169,FabianJankAfD:409,forward
jungeuropa:3167,jungeuropa:3166,reply
jungeuropa:3164,jungeuropa:3163,reply
jungeuropa:3161,benediktkaiser:1991,forward
jungeuropa:3156,FabianJankAfD:400,forward
jungeuropa:3153,benediktkaiser:1988,forward
jungeuropa:3150,irmhild_bossdorf:414,forward
jungeuropa:3149,irmhild_bossdorf:413,forward
jungeuropa:3148,irmhild_bossdorf:412,forward
JN_Westverband:254,dortmundsrechte:4764,forward
JN_Westverband:253,dortmundsrechte:4745,forward
JN_Westverband:248,harzverteidigen:421,forward
JN_Westverband:222,jungenationalisten:2206,forward
JN_Westverband:209,jungenationalisten:4520,forward
JN_Westverband:208,jungenationalisten:4519,forward
JN_Westverband:207,jungenationalisten:4518,forward
JN_Westverband:206,jungenationalisten:4505,forward
JN_Westverband:205,jungenationalisten:4504,forward
JN_Westverband:204,jungenationalisten:4503,forward
JN_Westverband:203,jungenationalisten:4502,forward
JN_Westverband:202,jungenationalisten:4501,forward
JN_Westverband:201,jungenationalisten:4500,forward
JN_Westverband:200,jungenationalisten:4499,forward
JN_Westverband:199,jungenationalisten:4498,forward
JN_Westverband:198,jungenationalisten:4497,forward
JN_Westverband:197,jungenationalisten:4496,forward
JN_Westverband:196,dortmundsrechte:4689,forward
JN_Westverband:195,dortmundsrechte:4688,forward
JN_Westverband:194,dortmundsrechte:4687,forward
JN_Westverband:189,heimatnrw:469,forward
JN_Westverband:188,heimatnrw:468,forward
JN_Westverband:187,heimatnrw:467,forward
JN_Westverband:186,heimatnrw:466,forward
JN_Westverband:185,dortmundsrechte:4640,link
JN_Westverband:185,dortmundsrechte:4662,forward
JN_Westverband:179,heimatnrw:458,forward
JN_Westverband:159,dortmundsrechte:4653,forward
JN_Westverband:158,dortmundsrechte:4652,forward
JN_Westverband:157,harzverteidigen:343,forward
JN_Westverband:156,harzverteidigen:342,forward
JN_Westverband:155,harzverteidigen:341,forward
JN_Westverband:154,jungenationalisten:4415,forward
JN_Westverband:153,jungenationalisten:4414,forward
JN_Westverband:152,jungenationalisten:4413,forward
JN_Westverband:151,jungenationalisten:4412,forward
JN_Westverband:150,jungenationalisten:4411,forward
michaelbrueck90:410,sturmzeichen:7993,link
michaelbrueck90:409,michaelbrueck90:408,link
michaelbrueck90:402,schmidtkeswelt:2319,forward
michaelbrueck90:387,sturmzeichen:6521,forward
michaelbrueck90:369,michaelbrueck90:363,link
michaelbrueck90:367,michaelbrueck90:366,link
michaelbrueck90:363,sturmzeichen:6149,link
michaelbrueck90:348,michaelbrueck90:347,link
michaelbrueck90:340,michaelbrueck90:223,link
michaelbrueck90:336,michaelbrueck90:286,link
michaelbrueck90:336,michaelbrueck90:286,link
michaelbrueck90:331,michaelbrueck90:329,link
michaelbrueck90:319,freiesachsen:8829,link
michaelbrueck90:302,freiesachsen:8428,forward
niusde:11748,kissler_kompakt:585,forward
wie_gesagt:139,dresden_gedenken:277,forward
wie_gesagt:120,KDN2013:1454,forward
wie_gesagt:112,wie_gesagt:111,reply
wie_gesagt:87,dortmundsrechte:3667,forward
wie_gesagt:86,dortmundsrechte:3666,forward
wie_gesagt:61,wie_gesagt:60,reply
wie_gesagt:53,wie_gesagt:52,reply
miesenews:13638,Balaclavagraphics:6813,forward
miesenews:13636,oposrecords:6520,forward
miesenews:13633,sturmzeichen:8234,forward
miesenews:13632,mayrhofer_raphael:246,forward
miesenews:13631,mayrhofer_raphael:245,forward
miesenews:13630,schlesiger_FreieSachsen:1801,forward
miesenews:13629,frontmagazin:6450,forward
miesenews:13626,sturmzeichen:8224,forward
miesenews:13625,sturmzeichen:8223,forward
miesenews:13624,RebelRecordsCB:2713,forward
miesenews:13622,rockhate:12113,forward
miesenews:13620,oposrecords:6509,forward
miesenews:13619,HueterderIrminsul:14088,forward
miesenews:13618,sicherheitshinweise:1444,forward
miesenews:13617,sturmzeichen:8220,forward
miesenews:13616,aufgewachtonline:2246,forward
miesenews:13610,DeutscheDD:4172,forward
miesenews:13609,sturmzeichen:8216,forward
miesenews:13608,sicherheitshinweise:1442,forward
miesenews:13607,sicherheitshinweise:1441,forward
miesenews:13604,ein_prozent:3417,forward
miesenews:13603,ein_prozent:3416,forward
miesenews:13602,sturmzeichen:8201,forward
miesenews:13601,sturmzeichen:8205,forward
miesenews:13597,nikgerassimow:10690,forward
miesenews:13594,oposrecords:6501,forward
miesenews:13593,schmidtkeswelt:2545,forward
miesenews:13592,DeutscheDD:4169,forward
miesenews:13591,aufbruch1996:660,forward
miesenews:13588,sturmzeichen:8184,forward
miesenews:13587,sturmzeichen:8183,forward
miesenews:13586,sturmzeichen:8182,forward
miesenews:13585,sturmzeichen:8181,forward
miesenews:13583,miesenews:10810,forward
miesenews:13581,DeutscheDD:4163,forward
miesenews:13579,dimrecords:2311,forward
miesenews:13578,dimrecords:2310,forward
miesenews:13577,Balaclavagraphics:6774,forward
miesenews:13576,sicherheitshinweise:1440,forward
miesenews:13575,frontmagazin:6424,forward
miesenews:13573,nordicsunrecordsbudapest:1512,forward
miesenews:13572,DeutscheDD:4161,forward
miesenews:13570,oposrecords:6489,forward
miesenews:13568,sturmzeichen:8158,forward
miesenews:13567,sturmzeichen:8157,forward
miesenews:13566,mayrhofer_raphael:234,forward
miesenews:13565,sturmzeichen:8156,forward
miesenews:13564,mayrhofer_raphael:233,forward
miesenews:13563,Balaclavagraphics:6772,forward
miesenews:13562,Balaclavagraphics:6771,forward
miesenews:13561,Balaclavagraphics:6770,forward
miesenews:13560,Balaclavagraphics:6769,forward
miesenews:13559,Balaclavagraphics:6768,forward
miesenews:13558,Balaclavagraphics:6767,forward
miesenews:13557,Balaclavagraphics:6766,forward
miesenews:13556,Balaclavagraphics:6765,forward
miesenews:13555,unbeliebtejungsband:185,forward
miesenews:13554,schmidtkeswelt:2522,forward
miesenews:13553,dortmundsrechte:4748,forward
miesenews:13552,dortmundsrechte:4747,forward
miesenews:13551,dortmundsrechte:4746,forward
miesenews:13550,schmidtkeswelt:2521,forward
miesenews:13548,Balaclavagraphics:6764,forward
miesenews:13547,Balaclavagraphics:6763,forward
miesenews:13546,Balaclavagraphics:6762,forward
miesenews:13545,Balaclavagraphics:6761,forward
miesenews:13544,Balaclavagraphics:6760,forward
miesenews:13543,Balaclavagraphics:6759,forward
miesenews:13542,Balaclavagraphics:6758,forward
miesenews:13541,Balaclavagraphics:6757,forward
miesenews:13540,Balaclavagraphics:6756,forward
miesenews:13539,Balaclavagraphics:6755,forward
WeichreiteKanal:1071,WeichreiteKanal:1070,reply
WeichreiteKanal:1065,WeichreiteKanal:1064,reply
heimatnrw:511,JN_Westverband:259,forward
heimatnrw:510,JN_Westverband:258,forward
heimatnrw:509,JN_Westverband:257,forward
heimatnrw:508,JN_Westverband:256,forward
heimatnrw:507,JN_Westverband:255,forward
heimatnrw:505,heimat2023:1551,forward
heimatnrw:504,clauscremernrw:2109,forward
heimatnrw:503,clauscremernrw:2108,forward
heimatnrw:502,clauscremernrw:2095,forward
heimatnrw:501,clauscremernrw:2094,forward
heimatnrw:500,clauscremernrw:2093,forward
heimatnrw:499,clauscremernrw:2092,forward
heimatnrw:498,jungenationalisten:4520,forward
heimatnrw:497,jungenationalisten:4505,forward
heimatnrw:496,jungenationalisten:4504,forward
heimatnrw:495,jungenationalisten:4503,forward
heimatnrw:494,jungenationalisten:4502,forward
heimatnrw:493,jungenationalisten:4501,forward
heimatnrw:492,jungenationalisten:4500,forward
heimatnrw:491,jungenationalisten:4499,forward
heimatnrw:490,jungenationalisten:4498,forward
heimatnrw:489,jungenationalisten:4497,forward
heimatnrw:488,jungenationalisten:4496,forward
heimatnrw:487,aufgewachtonline:2041,forward
heimatnrw:479,dortmundsrechte:4689,forward
heimatnrw:478,dortmundsrechte:4688,forward
heimatnrw:477,dortmundsrechte:4687,forward
heimatnrw:474,JN_Westverband:192,forward
heimatnrw:456,dortmundsrechte:4653,forward
heimatnrw:455,dortmundsrechte:4652,forward
heimatnrw:445,JN_Westverband:133,forward
heimatnrw:444,JN_Westverband:132,forward
heimatnrw:443,JN_Westverband:131,forward
heimatnrw:442,JN_Westverband:130,forward
heimatnrw:426,jndortmund:231,forward
heimatnrw:425,jndortmund:230,forward
heimatnrw:424,jndortmund:229,forward
heimatnrw:423,jndortmund:228,forward
heimatnrw:421,JN_Westverband:110,forward
heimatnrw:420,JN_Westverband:109,forward
heimatnrw:416,heimat2023:1258,forward
heimatnrw:415,clauscremernrw:1962,forward
heimatnrw:414,clauscremernrw:1961,forward
heimatnrw:413,JN_Westverband:108,forward
heimatnrw:411,clauscremernrw:1959,forward
heimatnrw:410,JN_Westverband:107,forward
heimatnrw:409,JN_Westverband:106,forward
heimatnrw:408,JN_Westverband:105,forward
jungenationalisten :4697,heimat2023:1551,forward
jungenationalisten :4696,schmidtkeswelt:2567,forward
jungenationalisten :4695,dortmundsrechte:4764,forward
jungenationalisten :4694,heimat2023:1541,forward
jungenationalisten :4692,JN_Sachsen_Anhalt:481,forward
jungenationalisten :4691,JN_Sachsen_Anhalt:480,forward
jungenationalisten :4690,JN_Sachsen_Anhalt:479,forward
jungenationalisten :4689,pcrecords:7528,forward
jungenationalisten :4688,niederlausitzInfo:1700,forward
jungenationalisten :4687,niederlausitzInfo:1699,forward
jungenationalisten :4686,niederlausitzInfo:1698,forward
jungenationalisten :4685,niederlausitzInfo:1697,forward
jungenationalisten :4680,braunschweigverteidigen:172,forward
jungenationalisten :4679,JN_MuP:29,forward
jungenationalisten :4678,WiderstandinAktion:748,forward
jungenationalisten :4677,WiderstandinAktion:747,forward
jungenationalisten :4676,WiderstandinAktion:746,forward
jungenationalisten :4675,WiderstandinAktion:745,forward
jungenationalisten :4674,WiderstandinAktion:744,forward
jungenationalisten :4673,WiderstandinAktion:743,forward
jungenationalisten :4672,WiderstandinAktion:742,forward
jungenationalisten :4671,WiderstandinAktion:741,forward
jungenationalisten :4670,WiderstandinAktion:740,forward
jungenationalisten :4669,WiderstandinAktion:739,forward
jungenationalisten :4668,sturmzeichen:8184,forward
jungenationalisten :4667,sturmzeichen:8183,forward
jungenationalisten :4666,sturmzeichen:8182,forward
jungenationalisten :4665,sturmzeichen:8181,forward
jungenationalisten :4664,JN_MuP:24,forward
jungenationalisten :4663,JN_MuP:23,forward
jungenationalisten :4661,WiderstandinAktion:693,forward
jungenationalisten :4660,JN_MuP:21,forward
jungenationalisten :4659,JN_MuP:20,forward
jungenationalisten :4658,JN_MuP:19,forward
jungenationalisten :4657,JN_MuP:18,forward
jungenationalisten :4656,JN_MuP:17,forward
jungenationalisten :4655,JN_MuP:16,forward
jungenationalisten :4654,JN_MuP:15,forward
jungenationalisten :4653,JN_MuP:14,forward
jungenationalisten :4652,JN_Th:1188,forward
jungenationalisten :4651,JN_Th:1187,forward
jungenationalisten :4650,JN_Th:1186,forward
jungenationalisten :4649,JN_Th:1185,forward
jungenationalisten :4648,JN_Th:1184,forward
jungenationalisten :4647,JN_Th:1183,forward
jungenationalisten :4646,JN_Th:1182,forward
jungenationalisten :4645,JN_Th:1181,forward
jungenationalisten :4644,JN_Th:1180,forward
jungenationalisten :4643,JN_Th:1179,forward
jungenationalisten :4642,JN_Th:1178,forward
jungenationalisten :4641,jnhessen:133,forward
jungenationalisten :4633,harzverteidigen:468,forward
jungenationalisten :4632,harzverteidigen:467,forward
jungenationalisten :4631,harzverteidigen:466,forward
jungenationalisten :4630,harzverteidigen:465,forward
jungenationalisten :4629,harzverteidigen:464,forward
jungenationalisten :4628,harzverteidigen:463,forward
jungenationalisten :4627,harzverteidigen:462,forward
jungenationalisten :4626,harzverteidigen:461,forward
jungenationalisten :4625,HeimatSachsenAnhalt:1036,forward
jungenationalisten :4624,HeimatSachsenAnhalt:1035,forward
jungenationalisten :4623,HeimatSachsenAnhalt:1034,forward
jungenationalisten :4622,HeimatSachsenAnhalt:1033,forward
jungenationalisten :4621,HeimatSachsenAnhalt:1032,forward
jungenationalisten :4620,HeimatSachsenAnhalt:1031,forward
jungenationalisten :4619,HeimatSachsenAnhalt:1030,forward
jungenationalisten :4618,HeimatSachsenAnhalt:1029,forward
jungenationalisten :4617,HeimatSachsenAnhalt:1028,forward
jungenationalisten :4616,HeimatSachsenAnhalt:1027,forward
jungenationalisten :4615,hermanns_heide:344,forward
jungenationalisten :4614,hermanns_heide:343,forward
jungenationalisten :4613,hermanns_heide:342,forward
jungenationalisten :4612,hermanns_heide:341,forward
jungenationalisten :4611,hermanns_heide:340,forward
jungenationalisten :4610,hermanns_heide:339,forward
jungenationalisten :4609,hermanns_heide:338,forward
jungenationalisten :4608,WiderstandinAktion:729,forward
jungenationalisten :4607,WiderstandinAktion:728,forward
jungenationalisten :4606,WiderstandinAktion:727,forward
jungenationalisten :4605,WiderstandinAktion:726,forward
jungenationalisten :4604,WiderstandinAktion:725,forward
jungenationalisten :4603,WiderstandinAktion:724,forward
jungenationalisten :4602,WiderstandinAktion:723,forward
jungenationalisten :4601,JN_MuP:13,forward
jungenationalisten :4600,WiderstandinAktion:721,forward
jungenationalisten :4599,freiesachsen:11522,forward
jungenationalisten :4597,unetenucleonacional:602,forward
jungenationalisten :4596,unetenucleonacional:601,forward
jungenationalisten :4595,WiderstandinAktion:719,forward
jungenationalisten :4594,freiesachsen:11488,forward
jungenationalisten :4593,JN_Th:1171,forward
Stimme_der_Wahrheit:3484,Stimme_der_Wahrheit:3483,reply
Stimme_der_Wahrheit:3480,Stimme_der_Wahrheit:3289,link
Stimme_der_Wahrheit:3456,nachrichtenportal:17368,forward
Stimme_der_Wahrheit:3450,nachrichtenportal:17362,forward
Stimme_der_Wahrheit:3436,infodeutschoesterreich:2830,forward
Stimme_der_Wahrheit:3435,FrankKoestler:3836,link
Stimme_der_Wahrheit:3434,zensiert111:815,forward
Stimme_der_Wahrheit:3433,frankrennicke:7664,forward
Stimme_der_Wahrheit:3432,frankrennicke:7663,forward
Stimme_der_Wahrheit:3431,frankrennicke:7662,forward
Stimme_der_Wahrheit:3430,frankrennicke:7661,forward
Stimme_der_Wahrheit:3420,Stimme_der_Wahrheit:3413,reply
Stimme_der_Wahrheit:3419,Stimme_der_Wahrheit:3413,reply
Stimme_der_Wahrheit:3418,Stimme_der_Wahrheit:3413,reply
Stimme_der_Wahrheit:3417,Stimme_der_Wahrheit:3413,reply
Stimme_der_Wahrheit:3416,Stimme_der_Wahrheit:3413,reply
Stimme_der_Wahrheit:3415,Stimme_der_Wahrheit:3413,reply
Stimme_der_Wahrheit:3414,Stimme_der_Wahrheit:3413,reply
Stimme_der_Wahrheit:3413,RStilzchen:142,forward
Stimme_der_Wahrheit:3411,UnvergesseneHelden:6235,forward
Stimme_der_Wahrheit:3409,isabelperaltaoficial:1049,forward
gefangenenhilfe:1041,Balaclavagraphics:6813,forward
gefangenenhilfe:1039,sturmzeichen:8184,forward
gefangenenhilfe:1038,sturmzeichen:8183,forward
gefangenenhilfe:1037,sturmzeichen:8182,forward
gefangenenhilfe:1036,sturmzeichen:8181,forward
gefangenenhilfe:1034,auf1tv:16718,forward
gefangenenhilfe:1033,diesoehnepotsdams:1065,forward
gefangenenhilfe:1032,sturmzeichen:8011,forward
gefangenenhilfe:1031,sturmzeichen:8010,forward
gefangenenhilfe:1030,sturmzeichen:8009,forward
gefangenenhilfe:1029,sturmzeichen:8008,forward
gefangenenhilfe:1028,freiesachsen:11496,forward
gefangenenhilfe:1027,Stimme_der_Wahrheit:3283,forward
gefangenenhilfe:1026,RA_Ludwig:11421,forward
gefangenenhilfe:1025,freiesachsen:11450,forward
gefangenenhilfe:1024,KDN2013:1706,forward
gefangenenhilfe:1023,mayrhofer_raphael:219,forward
gefangenenhilfe:1022,sturmzeichen:7954,forward
gefangenenhilfe:1021,sicherheitshinweise:1435,forward
gefangenenhilfe:1020,nzona3:5737,forward
gefangenenhilfe:1018,infodeutschoesterreich:2769,forward
gefangenenhilfe:1015,marlasvenjaliebich:400,forward
gefangenenhilfe:1014,KDN2013:1701,forward
gefangenenhilfe:1011,infodeutschoesterreich:2750,forward
gefangenenhilfe:1010,mayrhofer_raphael:59,forward
gefangenenhilfe:1009,mayrhofer_raphael:191,forward
gefangenenhilfe:1008,hordeabsurd:259,forward
gefangenenhilfe:1007,gefangenenhilfe:1005,reply
gefangenenhilfe:1005,gefangenenhilfe:1004,reply
gefangenenhilfe:1004,gefangenenhilfe:1003,reply
gefangenenhilfe:1003,gefangenenhilfe:989,reply
gefangenenhilfe:1002,ahnenblut:2266,forward
gefangenenhilfe:1000,infodeutschoesterreich:2729,forward
gefangenenhilfe:997,pcrecords2:25,forward
gefangenenhilfe:996,pcrecords2:24,forward
gefangenenhilfe:994,gefangenenhilfe:976,link
gefangenenhilfe:993,skumshot:1044,forward
gefangenenhilfe:992,NoticerNews:1945,link
gefangenenhilfe:992,DerDritteWeg:8977,forward
gefangenenhilfe:991,Balaclavagraphics:6544,forward
gefangenenhilfe:990,pcrecords:7338,forward
gefangenenhilfe:989,ausvstheagenda:3093,link
gefangenenhilfe:989,gefangenenhilfe:988,reply
gefangenenhilfe:987,sturmzeichen:7733,forward
gefangenenhilfe:986,sturmzeichen:7732,forward
gefangenenhilfe:985,freiesachsen:11200,forward
gefangenenhilfe:983,DeutscheDD:4055,forward
gefangenenhilfe:979,sicherheitshinweise:1425,forward
gefangenenhilfe:978,schmierfink_streetart:196,forward
gefangenenhilfe:976,freiesachsen:11130,link
gefangenenhilfe:975,freiesachsen:11122,link
gefangenenhilfe:974,sturmzeichen:7622,forward
gefangenenhilfe:973,infodeutschoesterreich:2688,forward
gefangenenhilfe:970,gefangenenhilfe:831,link
gefangenenhilfe:969,sturmzeichen:7558,forward
gefangenenhilfe:967,miesenews:12902,forward
gefangenenhilfe:966,infodeutschoesterreich:2070,link
gefangenenhilfe:966,infodeutschoesterreich:2659,forward
gefangenenhilfe:965,sicherheitshinweise:1419,forward
gefangenenhilfe:964,infodeutschoesterreich:2654,forward
gefangenenhilfe:963,sicherheitshinweise:1418,forward
gefangenenhilfe:961,DeutscheDD:1714,forward
gefangenenhilfe:959,WolfPMSoffiziell:1481,forward
gefangenenhilfe:957,sicherheitshinweise:1417,forward
gefangenenhilfe:956,KDN2013:1676,link
gefangenenhilfe:956,gefangenenhilfe:954,reply
gefangenenhilfe:954,KDN2013:1672,forward
gefangenenhilfe:952,Stimme_der_Wahrheit:2155,forward
gefangenenhilfe:951,Balaclavagraphics:6386,forward
gefangenenhilfe:950,Balaclavagraphics:6385,forward
gefangenenhilfe:949,infodeutschoesterreich:2607,forward
gefangenenhilfe:948,sicherheitshinweise:1410,forward
gefangenenhilfe:945,sturmzeichen:7293,forward
gefangenenhilfe:944,sturmzeichen:7292,forward
gefangenenhilfe:943,sturmzeichen:7291,forward
gefangenenhilfe:942,sturmzeichen:7290,forward
gefangenenhilfe:941,dortmundsrechte:4543,forward
gefangenenhilfe:940,DeutscheDD:3945,forward
gefangenenhilfe:939,Balaclavagraphics:6338,forward
gefangenenhilfe:938,sicherheitshinweise:1404,forward
gefangenenhilfe:936,gefangenenhilfe:907,link
gefangenenhilfe:935,DeutscheDD:3931,forward
gefangenenhilfe:934,ein_prozent:3352,forward
gefangenenhilfe:933,infodeutschoesterreich:2575,forward
gefangenenhilfe:932,dortmundsrechte:4530,forward
gefangenenhilfe:931,dortmundsrechte:4529,forward
gefangenenhilfe:930,infodeutschoesterreich:2558,forward
schmierfink_streetart:207,StuetzpunkteBerlinBrandenburg:852,forward
schmierfink_streetart:201,StuetzpunkteBerlinBrandenburg:842,forward
schmierfink_streetart:200,StuetzpunkteBerlinBrandenburg:840,forward
schmierfink_streetart:184,infodeutschoesterreich:2564,forward
schmierfink_streetart:181,DerIIIWegMittelsachsen:31,forward
schmierfink_streetart:180,DerIIIWegMittelsachsen:30,forward
schmierfink_streetart:170,DerDritteWegErfurtGotha:458,forward
schmierfink_streetart:161,infodeutschoesterreich:2433,link
schmierfink_streetart:161,infodeutschoesterreich:2497,link
schmierfink_streetart:161,infodeutschoesterreich:2502,forward
schmierfink_streetart:154,sub_version_production:982,forward
schmierfink_streetart:152,StuetzpunkteBerlinBrandenburg:731,forward
schmierfink_streetart:141,DerDritteWeg:8678,forward
schmierfink_streetart:132,infodeutschoesterreich:2386,forward
schmierfink_streetart:130,StuetzpunkteBerlinBrandenburg:699,forward
schmierfink_streetart:122,materialvertrieb:30,forward
schmierfink_streetart:121,infodeutschoesterreich:2355,forward
schmierfink_streetart:118,infodeutschoesterreich:2349,forward
schmierfink_streetart:112,infodeutschoesterreich:2278,forward
InczeBelaLegionarius:412,InczeBelaLegionarius:407,link
InczeBelaLegionarius:411,InczeBelaLegionarius:407,link
InczeBelaLegionarius:410,InczeBelaLegionarius:407,link
InczeBelaLegionarius:409,InczeBelaLegionarius:407,link
InczeBelaLegionarius:408,InczeBelaLegionarius:407,link
InczeBelaLegionarius:405,InczeBelaLegionarius:395,link
InczeBelaLegionarius:404,theywantyoursoulband:343,link
InczeBelaLegionarius:400,InczeBelaLegionarius:395,link
InczeBelaLegionarius:396,legiohungaria:2897,link
InczeBelaLegionarius:394,legiohungaria:2881,link
InczeBelaLegionarius:393,legiohungaria:2881,forward
InczeBelaLegionarius:390,horvath_tamas:385,forward
InczeBelaLegionarius:386,nzona3:5632,forward
InczeBelaLegionarius:385,nzona3:5631,forward
InczeBelaLegionarius:382,nzona3:5605,link
InczeBelaLegionarius:382,legiohungaria:2742,link
InczeBelaLegionarius:379,nzona3:5550,forward
InczeBelaLegionarius:346,nzona3:5323,link
InczeBelaLegionarius:343,legiohungaria:2742,link
InczeBelaLegionarius:335,InczeBelaLegionarius:299,link
InczeBelaLegionarius:333,legiohungaria:2631,forward
InczeBelaLegionarius:325,achungaria:23,forward
InczeBelaLegionarius:319,legiohungaria:2588,forward
InczeBelaLegionarius:318,legiohungaria:2587,forward
InczeBelaLegionarius:316,nzona3:4832,link
InczeBelaLegionarius:315,legiohungaria:2547,link
InczeBelaLegionarius:314,legiohungaria:2547,link
mjoellnir_soehnegermaniens:98,punikoff:2234,forward
mjoellnir_soehnegermaniens:92,punikoff:2200,forward
mjoellnir_soehnegermaniens:91,punikoff:2199,forward
mjoellnir_soehnegermaniens:87,punikoff:2182,forward
mjoellnir_soehnegermaniens:68,RheinwiesenlagerBretzenheim:97,forward
mjoellnir_soehnegermaniens:55,germaniaversand:1348,forward
mjoellnir_soehnegermaniens:44,genticus:3530,forward
mjoellnir_soehnegermaniens:43,genticus:3529,forward
mjoellnir_soehnegermaniens:42,genticus:3528,forward
mjoellnir_soehnegermaniens:41,genticus:3527,forward
mjoellnir_soehnegermaniens:40,genticus:3526,forward
mjoellnir_soehnegermaniens:24,nordglanz_1488:24,forward
mjoellnir_soehnegermaniens:23,nordglanz_1488:28,forward
mjoellnir_soehnegermaniens:21,nordglanz_1488:26,forward
mjoellnir_soehnegermaniens:20,nordglanz_1488:25,forward
mjoellnir_soehnegermaniens:17,nordglanz_1488:18,forward
frontmagazin:6458,oposrecords:6522,forward
frontmagazin:6457,hermannsland:2858,forward
frontmagazin:6456,frontmagazin:6450,reply
frontmagazin:6455,oposrecords:6520,forward
frontmagazin:6454,oposrecords:6515,forward
frontmagazin:6453,oposrecords:6514,forward
frontmagazin:6452,oposrecords:6513,forward
frontmagazin:6451,oposrecords:6512,forward
frontmagazin:6449,productofsociety77:784,forward
frontmagazin:6448,RebelRecordsCB:2714,forward
frontmagazin:6447,symphonie_des_blutes:191,forward
frontmagazin:6446,symphonie_des_blutes:190,forward
frontmagazin:6445,productofsociety77:782,forward
frontmagazin:6444,productofsociety77:781,forward
frontmagazin:6443,oposrecords:6509,forward
frontmagazin:6434,mjoellnir_soehnegermaniens:116,forward
frontmagazin:6433,sicherheitshinweise:1441,forward
frontmagazin:6432,blutzeugen1894:528,forward
frontmagazin:6431,productofsociety77:778,forward
frontmagazin:6430,ueberzeugungstaetervogtland:47,forward
frontmagazin:6427,dimrecords:2312,forward
frontmagazin:6426,dimrecords:2311,forward
frontmagazin:6425,dimrecords:2310,forward
frontmagazin:6423,nordicsunrecordsbudapest:1512,forward
frontmagazin:6422,dimrecords:2308,forward
frontmagazin:6421,oposrecords:6490,forward
frontmagazin:6420,oposrecords:6489,forward
frontmagazin:6418,Oldschoolrecord:1238,forward
frontmagazin:6415,RebelRecordsCB:2705,forward
frontmagazin:6405,oposrecords:6487,forward
frontmagazin:6404,Oldschoolrecord:1237,forward
frontmagazin:6403,productofsociety77:775,forward
frontmagazin:6402,askaniaprod:857,forward
frontmagazin:6401,productofsociety77:774,forward
frontmagazin:6400,RebelRecordsCB:2704,forward
frontmagazin:6399,oposrecords:6484,forward
frontmagazin:6398,oposrecords:6481,forward
frontmagazin:6397,oposrecords:6480,forward
frontmagazin:6396,oposrecords:6479,forward
frontmagazin:6395,oposrecords:6477,forward
frontmagazin:6394,Oldschoolrecord:1235,forward
frontmagazin:6393,RebelRecordsCB:2703,forward
frontmagazin:6392,RebelRecordsCB:2702,forward
frontmagazin:6391,oposrecords:6475,forward
frontmagazin:6390,oposrecords:6474,forward
frontmagazin:6388,oposrecords:6447,forward
frontmagazin:6387,oposrecords:6446,forward
frontmagazin:6386,RebelRecordsCB:2697,forward
frontmagazin:6385,frontmusik:1322,forward
frontmagazin:6384,dimrecords:2304,forward
frontmagazin:6381,Oldschoolrecord:1234,forward
frontmagazin:6375,dimrecords:2294,forward
frontmagazin:6373,tommyfrenck:16656,forward
frontmagazin:6372,tommyfrenck:16654,forward
frontmagazin:6367,oposrecords:6434,forward
frontmagazin:6366,SWkanal:593,forward
frontmagazin:6364,dimrecords:2293,forward
frontmagazin:6362,RebelRecordsCB:2691,forward
frontmagazin:6361,RebelRecordsCB:2690,forward
frontmagazin:6359,miesenews:13455,forward
rockhate:12133,wwbrex:2124,forward
rockhate:12132,wwbrex:2123,forward
rockhate:12131,wwbrex:2122,forward
rockhate:12128,MetaInfoAktiv:9593,forward
rockhate:12127,fsnrev:6896,forward
rockhate:12121,schmidtkeswelt:2567,forward
rockhate:12120,WeichreiteKanal:1149,forward
rockhate:12111,germaniaversand:1868,forward
rockhate:12109,sturmzeichen:8214,forward
rockhate:12108,Heureka_Musik:1012,forward
rockhate:12107,pcrecords:7528,forward
rockhate:12105,sturmzeichen:8201,forward
rockhate:12104,HomeFrontsince2021:946,forward
rockhate:12102,diesoehnepotsdams:1067,forward
rockhate:12099,kategoriec_support:11592,forward
rockhate:12098,fsnrev:6882,forward
rockhate:12092,pcrecords:7509,forward
rockhate:12091,schmidtkeswelt:2531,forward
rockhate:12090,fsnrev:6869,forward
rockhate:12089,mayrhofer_raphael:233,forward
rockhate:12087,oposrecords:6487,forward
rockhate:12086,wwbrex:2069,forward
rockhate:12085,wwbrex:2078,forward
rockhate:12084,wwbrex:2077,forward
rockhate:12083,wwbrex:2076,forward
rockhate:12082,wwbrex:2075,forward
rockhate:12081,wwbrex:2074,forward
rockhate:12080,wwbrex:2073,forward
rockhate:12079,wwbrex:2072,forward
rockhate:12078,wwbrex:2071,forward
rockhate:12077,sturmzeichen:8061,forward
rockhate:12076,derdritteweganhalt:700,forward
rockhate:12075,blutzeugen1894:521,forward
rockhate:12074,oposrecords:6480,forward
rockhate:12073,RebelRecordsCB:2704,forward
rockhate:12072,RebelRecordsCB:2703,forward
rockhate:12071,Oldschoolrecord:1235,forward
rockhate:12070,pcrecords:7495,forward
rockhate:12069,oposrecords:6447,forward
rockhate:12068,oposrecords:6446,forward
rockhate:12064,mayrhofer_raphael:231,forward
rockhate:12062,diesoehnepotsdams:1065,forward
rockhate:12061,pcrecords:7487,forward
rockhate:12059,mayrhofer_raphael:230,forward
rockhate:12058,schmidtkeswelt:2512,forward
rockhate:12057,schmidtkeswelt:2511,forward
rockhate:12056,fsnrev:6841,forward
rockhate:12055,sturmzeichen:8036,forward
rockhate:12053,HomeFrontsince2021:930,forward
rockhate:12051,ahnenblut:2306,forward
rockhate:12050,heimat2023:1479,forward
rockhate:12049,oposrecords:6434,forward
rockhate:12048,SWkanal:593,forward
rockhate:12047,RebelRecordsCB:2691,forward
rockhate:12046,RebelRecordsCB:2690,forward
rockhate:12039,miesenews:13437,forward
rockhate:12038,Zeughaus:2409,forward
rockhate:12037,Zeughaus:2406,forward
rockhate:12034,OneEightVersand:1085,forward
wwbrex:2125,Balaclavagraphics:6817,forward
wwbrex:2120,sicherheitshinweise:1444,forward
wwbrex:2118,rockhate:12113,forward
wwbrex:2117,wilhelmkachel:1437,forward
wwbrex:2115,sicherheitshinweise:1442,forward
wwbrex:2112,fsnrev:6882,forward
wwbrex:2109,sturmzeichen:8184,forward
wwbrex:2108,sturmzeichen:8183,forward
wwbrex:2107,sturmzeichen:8182,forward
wwbrex:2106,sturmzeichen:8181,forward
wwbrex:2105,nordicsunrecordsbudapest:1512,forward
wwbrex:2104,oposrecords:6489,forward
wwbrex:2089,harzverteidigen:470,forward
wwbrex:2088,harzverteidigen:469,forward
wwbrex:2087,harzverteidigen:468,forward
wwbrex:2086,harzverteidigen:467,forward
wwbrex:2085,harzverteidigen:466,forward
wwbrex:2084,harzverteidigen:465,forward
wwbrex:2083,harzverteidigen:464,forward
wwbrex:2082,harzverteidigen:463,forward
wwbrex:2081,harzverteidigen:462,forward
wwbrex:2080,harzverteidigen:461,forward
wwbrex:2079,UnvergesseneHelden:6222,forward
wwbrex:2070,KDN2013:1710,forward
wwbrex:2062,Balaclavagraphics:6715,forward
wwbrex:2061,Balaclavagraphics:6714,forward
wwbrex:2060,Balaclavagraphics:6713,forward
wwbrex:2059,Balaclavagraphics:6712,forward
wwbrex:2057,schmidtkeswelt:2511,forward
wwbrex:2056,harzverteidigen:453,forward
wwbrex:2055,blklgnwear:772,forward
wwbrex:2054,dorsachse2025:201,forward
wwbrex:2052,rockhate:12044,forward
wwbrex:2050,pcrecords:7471,forward
wwbrex:475,miesenews:378,forward
wwbrex:474,ahnenblut:933,forward
wwbrex:473,Balaclavagraphics:1622,forward
wwbrex:466,dortmundsrechte:3005,forward
wwbrex:465,frontmagazin:3050,forward
wwbrex:463,dresden_gedenken:145,forward
sicherheitshinweise:1443,freiesachsen:11615,link
sicherheitshinweise:1412,sicherheitshinweise:1055,link
sicherheitshinweise:1398,militaernews:34884,link
sicherheitshinweise:1380,gefangenenhilfe:861,link
sicherheitshinweise:1380,gefangenenhilfe:867,forward
sicherheitshinweise:1361,Herrenzimmer:398,link
sicherheitshinweise:1358,sicherheitshinweise:1235,link
sicherheitshinweise:1353,sicherheitshinweise:1132,link
