from,to,count,kind,type,status,reason
sturmzeichen,turmzeichen,51,broken,broken,not_found,"No user has ""turmzeichen"" as username"
comitedu9mai,mitedu9mai,37,broken,broken,not_found,"No user has ""mitedu9mai"" as username"
comitedu9mai,itedu9mai,32,broken,broken,not_found,"No user has ""itedu9mai"" as username"
activeclubuncensored,whitelads,23,broken,broken,flood_wait_exceeded,flood wait 74319s exceeds maxWait=3600s
comitedu9mai,omitedu9mai,23,broken,broken,not_found,"No user has ""omitedu9mai"" as username"
clauscremernrw,lauscremernrw,19,broken,broken,not_found,"No user has ""lauscremernrw"" as username"
dortmundsrechte,ortmundsrechte,18,broken,broken,not_found,"No user has ""ortmundsrechte"" as username"
freiesth,afd_thl,11,broken,broken,flood_wait_exceeded,flood wait 73974s exceeds maxWait=3600s
irmhild_bossdorf,lukreta,10,broken,broken,flood_wait_exceeded,flood wait 74460s exceeds maxWait=3600s
mr_marcus_fuchs,arcus_fuchs,8,broken,broken,not_found,"No user has ""arcus_fuchs"" as username"
frontmagazin,frontmusik,7,broken,broken,flood_wait_exceeded,flood wait 74566s exceeds maxWait=3600s
inczebelalegionarius,legiohungaria,7,broken,broken,flood_wait_exceeded,flood wait 73690s exceeds maxWait=3600s
inczebelalegionarius,nzona3,7,broken,broken,flood_wait_exceeded,flood wait 73759s exceeds maxWait=3600s
kdn2013,dn2013,7,broken,broken,invalid_username,username invalid
rediceuncensored,middle_east_spectator,7,broken,broken,flood_wait_exceeded,flood wait 74354s exceeds maxWait=3600s
gefangenenhilfe,turmzeichen,6,broken,broken,not_found,"No user has ""turmzeichen"" as username"
miesenews,turmzeichen,6,broken,broken,not_found,"No user has ""turmzeichen"" as username"
activeclubuncensored,legiohungaria,5,broken,broken,flood_wait_exceeded,flood wait 73690s exceeds maxWait=3600s
dortmundsrechte,mundsrechte,5,broken,broken,flood_wait_exceeded,flood wait 74550s exceeds maxWait=3600s
flakdieband,eimat2023,5,broken,broken,flood_wait_exceeded,flood wait 74245s exceeds maxWait=3600s
natsquads,legiohungaria,5,broken,broken,flood_wait_exceeded,flood wait 73690s exceeds maxWait=3600s
qd351,arcus_fuchs,5,broken,broken,not_found,"No user has ""arcus_fuchs"" as username"
stimme_der_wahrheit,frankrennicke,5,broken,broken,flood_wait_exceeded,flood wait 73955s exceeds maxWait=3600s
wolfpmsoffiziell,ibsachsen,5,broken,broken,flood_wait_exceeded,flood wait 74047s exceeds maxWait=3600s
flakdieband,frankrennicke,4,broken,broken,flood_wait_exceeded,flood wait 73955s exceeds maxWait=3600s
flakdieband,imbolcslicht,4,broken,broken,flood_wait_exceeded,flood wait 73777s exceeds maxWait=3600s
harzverteidigen,ortmundsrechte,4,broken,broken,not_found,"No user has ""ortmundsrechte"" as username"
blklgnwear,dn2013,3,broken,broken,invalid_username,username invalid
dortmundsrechte,ndsrechte,3,broken,broken,not_found,"No user has ""ndsrechte"" as username"
flakdieband,imatnrw,3,broken,broken,not_found,"No user has ""imatnrw"" as username"
jn_aktioneuropa,ungenationalisten,3,broken,broken,not_found,"No user has ""ungenationalisten"" as username"
jn_westverband,ungenationalisten,3,broken,broken,not_found,"No user has ""ungenationalisten"" as username"
jungeuropa,hydracomicsdd,3,broken,broken,flood_wait_exceeded,flood wait 74175s exceeds maxWait=3600s
michaelbrueck90,ichaelbrueck90,3,broken,broken,flood_wait_exceeded,flood wait 73868s exceeds maxWait=3600s
miesenews,blutzeugen1894,3,broken,broken,flood_wait_exceeded,flood wait 74083s exceeds maxWait=3600s
miesenews,mundsrechte,3,broken,broken,flood_wait_exceeded,flood wait 74550s exceeds maxWait=3600s
miesenews,oposrecords,3,broken,broken,flood_wait_exceeded,flood wait 74157s exceeds maxWait=3600s
natsquads,nzona3,3,broken,broken,flood_wait_exceeded,flood wait 73759s exceeds maxWait=3600s
natsquads,whitelads,3,broken,broken,flood_wait_exceeded,flood wait 74319s exceeds maxWait=3600s
clauscremernrw,legiohungaria,2,broken,broken,flood_wait_exceeded,flood wait 73690s exceeds maxWait=3600s
clauscremernrw,mundsrechte,2,broken,broken,flood_wait_exceeded,flood wait 74550s exceeds maxWait=3600s
clauscremernrw,ungenationalisten,2,broken,broken,not_found,"No user has ""ungenationalisten"" as username"
dortmundsrechte,dn2013,2,broken,broken,invalid_username,username invalid
dortmundsrechte,lauscremernrw,2,broken,broken,not_found,"No user has ""lauscremernrw"" as username"
finleydresden,ichaelbrueck90,2,broken,broken,flood_wait_exceeded,flood wait 73868s exceeds maxWait=3600s
flakdieband,blutzeugen1894,2,broken,broken,flood_wait_exceeded,flood wait 74083s exceeds maxWait=3600s
flakdieband,frontmusik,2,broken,broken,flood_wait_exceeded,flood wait 74566s exceeds maxWait=3600s
flakdieband,ichaelbrueck90,2,broken,broken,flood_wait_exceeded,flood wait 73868s exceeds maxWait=3600s
flakdieband,infrarotmediensicht,2,broken,broken,flood_wait_exceeded,flood wait 74369s exceeds maxWait=3600s
flakdieband,intelslava,2,broken,broken,flood_wait_exceeded,flood wait 74407s exceeds maxWait=3600s
flakdieband,rebelrecordscb,2,broken,broken,flood_wait_exceeded,flood wait 74261s exceeds maxWait=3600s
freiesachsen_dresden,snicklink3000,2,broken,broken,flood_wait_exceeded,flood wait 74065s exceeds maxWait=3600s
frontmagazin,oposrecords,2,broken,broken,flood_wait_exceeded,flood wait 74157s exceeds maxWait=3600s
hartungstefan,ichaelbrueck90,2,broken,broken,flood_wait_exceeded,flood wait 73868s exceeds maxWait=3600s
harzverteidigen,dn2013,2,broken,broken,invalid_username,username invalid
harzverteidigen,mundsrechte,2,broken,broken,flood_wait_exceeded,flood wait 74550s exceeds maxWait=3600s
heimat2023,ichaelbrueck90,2,broken,broken,flood_wait_exceeded,flood wait 73868s exceeds maxWait=3600s
heimatnrw,matnrw,2,broken,broken,not_found,"No user has ""matnrw"" as username"
heimatnrw,ungenationalisten,2,broken,broken,not_found,"No user has ""ungenationalisten"" as username"
heimatsachsenanhalt,turmzeichen,2,broken,broken,not_found,"No user has ""turmzeichen"" as username"
homefrontsince2021,blutzeugen1894,2,broken,broken,flood_wait_exceeded,flood wait 74083s exceeds maxWait=3600s
jn_aktioneuropa,n_aktioneuropa,2,broken,broken,not_found,"No user has ""n_aktioneuropa"" as username"
jn_mup,turmzeichen,2,broken,broken,not_found,"No user has ""turmzeichen"" as username"
jn_sachsen_anhalt,ungenationalisten,2,broken,broken,not_found,"No user has ""ungenationalisten"" as username"
jn_westverband,genationalisten,2,broken,broken,not_found,"No user has ""genationalisten"" as username"
jn_westverband,mundsrechte,2,broken,broken,flood_wait_exceeded,flood wait 74550s exceeds maxWait=3600s
jn_westverband,n_aktioneuropa,2,broken,broken,not_found,"No user has ""n_aktioneuropa"" as username"
jungenationalisten,genationalisten,2,broken,broken,not_found,"No user has ""genationalisten"" as username"
jungenationalisten,ungenationalisten,2,broken,broken,not_found,"No user has ""ungenationalisten"" as username"
lukovmarch,lansquenetscontact_bot,2,broken,broken,flood_wait_exceeded,flood wait 73654s exceeds maxWait=3600s
lukovmarch,les_lansquenets,2,broken,broken,flood_wait_exceeded,flood wait 73669s exceeds maxWait=3600s
lukovmarch,mladezhi,2,broken,broken,flood_wait_exceeded,flood wait 74582s exceeds maxWait=3600s
michaelbrueck90,chaelbrueck90,2,broken,broken,flood_wait_exceeded,flood wait 74422s exceeds maxWait=3600s
miesenews,frontmusik,2,broken,broken,flood_wait_exceeded,flood wait 74566s exceeds maxWait=3600s
miesenews,ortmundsrechte,2,broken,broken,not_found,"No user has ""ortmundsrechte"" as username"
miesenews,swkanal,2,broken,broken,flood_wait_exceeded,flood wait 74439s exceeds maxWait=3600s
oberelbe,infrarotmediensicht,2,broken,broken,flood_wait_exceeded,flood wait 74369s exceeds maxWait=3600s
peterschreiber,ichaelbrueck90,2,broken,broken,flood_wait_exceeded,flood wait 73868s exceeds maxWait=3600s
realblaircottrell,middle_east_spectator,2,broken,broken,flood_wait_exceeded,flood wait 74354s exceeds maxWait=3600s
rockhate,mundsrechte,2,broken,broken,flood_wait_exceeded,flood wait 74550s exceeds maxWait=3600s
rockhate,oposrecords,2,broken,broken,flood_wait_exceeded,flood wait 74157s exceeds maxWait=3600s
sturmzeichen,mundsrechte,2,broken,broken,flood_wait_exceeded,flood wait 74550s exceeds maxWait=3600s
wwbrex,blutzeugen1894,2,broken,broken,flood_wait_exceeded,flood wait 74083s exceeds maxWait=3600s
appell_jn,appel_jn,1,broken,broken,not_found,"No user has ""appel_jn"" as username"
athenscene,mitedu9mai,1,broken,broken,not_found,"No user has ""mitedu9mai"" as username"
aufgewachtonline,hydracomicsdd,1,broken,broken,flood_wait_exceeded,flood wait 74175s exceeds maxWait=3600s
benediktkaiser,afd_thl,1,broken,broken,flood_wait_exceeded,flood wait 73974s exceeds maxWait=3600s
bnsiyi,mladezhi,1,broken,broken,flood_wait_exceeded,flood wait 74582s exceeds maxWait=3600s
bnsiyi,n_reporter,1,broken,broken,flood_wait_exceeded,flood wait 74602s exceeds maxWait=3600s
braunschweigverteidigen,dieheimat,1,broken,broken,flood_wait_exceeded,flood wait 74137s exceeds maxWait=3600s
braunschweigverteidigen,dn2013,1,broken,broken,invalid_username,username invalid
braunschweigverteidigen,mundsrechte,1,broken,broken,flood_wait_exceeded,flood wait 74550s exceeds maxWait=3600s
braunschweigverteidigen,ortmundsrechte,1,broken,broken,not_found,"No user has ""ortmundsrechte"" as username"
clauscremernrw,genationalisten,1,broken,broken,not_found,"No user has ""genationalisten"" as username"
clauscremernrw,imatnrw,1,broken,broken,not_found,"No user has ""imatnrw"" as username"
clauscremernrw,n_aktioneuropa,1,broken,broken,not_found,"No user has ""n_aktioneuropa"" as username"
clauscremernrw,nationalisten,1,broken,broken,not_found,"No user has ""nationalisten"" as username"
clauscremernrw,ndsrechte,1,broken,broken,not_found,"No user has ""ndsrechte"" as username"
clauscremernrw,ortmundsrechte,1,broken,broken,not_found,"No user has ""ortmundsrechte"" as username"
comitedu9mai,c9m_admin,1,broken,broken,not_found,"No user has ""c9m_admin"" as username"
comitedu9mai,comite_du_9_mai,1,broken,broken,not_found,"No user has ""comite_du_9_mai"" as username"
comitedu9mai,stcasual3e,1,broken,broken,not_found,"No user has ""stcasual3e"" as username"
comitedu9mai,tedu9mai,1,broken,broken,not_found,"No user has ""tedu9mai"" as username"
decommunizationbg,mladezhi,1,broken,broken,flood_wait_exceeded,flood wait 74582s exceeds maxWait=3600s
decommunizationbg,n_reporter,1,broken,broken,flood_wait_exceeded,flood wait 74602s exceeds maxWait=3600s
deutschestimmemagazin,hydracomicsdd,1,broken,broken,flood_wait_exceeded,flood wait 74175s exceeds maxWait=3600s
deutscheswarenhaus,dieheimat,1,broken,broken,flood_wait_exceeded,flood wait 74137s exceeds maxWait=3600s
dortmundsrechte,genationalisten,1,broken,broken,not_found,"No user has ""genationalisten"" as username"
dortmundsrechte,ichaelbrueck90,1,broken,broken,flood_wait_exceeded,flood wait 73868s exceeds maxWait=3600s
dortmundsrechte,imatnrw,1,broken,broken,not_found,"No user has ""imatnrw"" as username"
dortmundsrechte,nationalisten,1,broken,broken,not_found,"No user has ""nationalisten"" as username"
dortmundsrechte,tmundsrechte,1,broken,broken,not_found,"No user has ""tmundsrechte"" as username"
dortmundsrechte,turmzeichen,1,broken,broken,not_found,"No user has ""turmzeichen"" as username"
dresden_spaziert,arcus_fuchs,1,broken,broken,not_found,"No user has ""arcus_fuchs"" as username"
dresden_spaziert,lukreta,1,broken,broken,flood_wait_exceeded,flood wait 74460s exceeds maxWait=3600s
eichsfeldrevolte,dn2013,1,broken,broken,invalid_username,username invalid
elblandrevolte,lblandrevolte,1,broken,broken,not_found,"No user has ""lblandrevolte"" as username"
flakdieband,aetzendmitbiss,1,broken,broken,flood_wait_exceeded,flood wait 73816s exceeds maxWait=3600s
flakdieband,afd_thl,1,broken,broken,flood_wait_exceeded,flood wait 73974s exceeds maxWait=3600s
flakdieband,amuncensored2,1,broken,broken,flood_wait_exceeded,flood wait 74209s exceeds maxWait=3600s
flakdieband,atnrw,1,broken,broken,flood_wait_exceeded,flood wait 74010s exceeds maxWait=3600s
flakdieband,carstenjahn_teamheimat,1,broken,broken,flood_wait_exceeded,flood wait 74298s exceeds maxWait=3600s
flakdieband,chaelbrueck90,1,broken,broken,flood_wait_exceeded,flood wait 74422s exceeds maxWait=3600s
flakdieband,dailyjwaller,1,broken,broken,flood_wait_exceeded,flood wait 74279s exceeds maxWait=3600s
flakdieband,dieband,1,broken,broken,flood_wait_exceeded,flood wait 74229s exceeds maxWait=3600s
flakdieband,dieframinggmbh,1,broken,broken,flood_wait_exceeded,flood wait 73852s exceeds maxWait=3600s
flakdieband,dieheimat,1,broken,broken,flood_wait_exceeded,flood wait 74137s exceeds maxWait=3600s
flakdieband,eahrens,1,broken,broken,flood_wait_exceeded,flood wait 73796s exceeds maxWait=3600s
flakdieband,enationalisten,1,broken,broken,flood_wait_exceeded,flood wait 74101s exceeds maxWait=3600s
flakdieband,erblehre,1,broken,broken,flood_wait_exceeded,flood wait 73991s exceeds maxWait=3600s
flakdieband,fortresskyiv,1,broken,broken,flood_wait_exceeded,flood wait 74497s exceeds maxWait=3600s
flakdieband,gespraeche,1,broken,broken,flood_wait_exceeded,flood wait 74027s exceeds maxWait=3600s
flakdieband,heimatgespraeche,1,broken,broken,flood_wait_exceeded,flood wait 74121s exceeds maxWait=3600s
flakdieband,heimatkurier,1,broken,broken,flood_wait_exceeded,flood wait 73902s exceeds maxWait=3600s
flakdieband,hueterderirminsul,1,broken,broken,flood_wait_exceeded,flood wait 74476s exceeds maxWait=3600s
flakdieband,hydracomicsdd,1,broken,broken,flood_wait_exceeded,flood wait 74175s exceeds maxWait=3600s
flakdieband,ibsachsen,1,broken,broken,flood_wait_exceeded,flood wait 74047s exceeds maxWait=3600s
flakdieband,iddle_east_spectator,1,broken,broken,flood_wait_exceeded,flood wait 74334s exceeds maxWait=3600s
flakdieband,irfreischaltbot,1,broken,broken,flood_wait_exceeded,flood wait 73884s exceeds maxWait=3600s
flakdieband,kanal_resolut,1,broken,broken,flood_wait_exceeded,flood wait 74517s exceeds maxWait=3600s
flakdieband,lukreta,1,broken,broken,flood_wait_exceeded,flood wait 74460s exceeds maxWait=3600s
flakdieband,middle_east_spectator,1,broken,broken,flood_wait_exceeded,flood wait 74354s exceeds maxWait=3600s
flakdieband,mundsrechte,1,broken,broken,flood_wait_exceeded,flood wait 74550s exceeds maxWait=3600s
flakdieband,nickjfuentes,1,broken,broken,flood_wait_exceeded,flood wait 74535s exceeds maxWait=3600s
flakdieband,oposrecords,1,broken,broken,flood_wait_exceeded,flood wait 74157s exceeds maxWait=3600s
flakdieband,punikoff,1,broken,broken,flood_wait_exceeded,flood wait 74388s exceeds maxWait=3600s
flakdieband,resum25,1,broken,broken,flood_wait_exceeded,flood wait 73920s exceeds maxWait=3600s
flakdieband,snicklink3000,1,broken,broken,flood_wait_exceeded,flood wait 74065s exceeds maxWait=3600s
flakdieband,swkanal,1,broken,broken,flood_wait_exceeded,flood wait 74439s exceeds maxWait=3600s
flakdieband,teamasgardgermania,1,broken,broken,flood_wait_exceeded,flood wait 73832s exceeds maxWait=3600s
flakdieband,v_isionaer,1,broken,broken,flood_wait_exceeded,flood wait 73936s exceeds maxWait=3600s
flakdieband,whitelads,1,broken,broken,flood_wait_exceeded,flood wait 74319s exceeds maxWait=3600s
flakdieband,whitensw,1,broken,broken,flood_wait_exceeded,flood wait 74193s exceeds maxWait=3600s
freie_mittelsachsen,e_mittelsachsen,1,broken,broken,not_found,"No user has ""e_mittelsachsen"" as username"
freie_mittelsachsen,eie_mittelsachsen,1,broken,broken,not_found,"No user has ""eie_mittelsachsen"" as username"
freie_mittelsachsen,fs_leisnig,1,broken,broken,not_found,"No user has ""fs_leisnig"" as username"
freie_mittelsachsen,fsleisnig,1,broken,broken,not_found,"No user has ""fsleisnig"" as username"
freie_mittelsachsen,reie_mittelsachsen,1,broken,broken,not_found,"No user has ""reie_mittelsachsen"" as username"
freiesachsen_leisnig,fs_leisnig,1,broken,broken,not_found,"No user has ""fs_leisnig"" as username"
freiesachsen_leisnig,fsleisnig,1,broken,broken,not_found,"No user has ""fsleisnig"" as username"
freiesachsen_leisnig,ittelsachsen,1,broken,broken,not_found,"No user has ""ittelsachsen"" as username"
gefangenenhilfe,oposrecords,1,broken,broken,flood_wait_exceeded,flood wait 74157s exceeds maxWait=3600s
gefangenenhilfe,ortmundsrechte,1,broken,broken,not_found,"No user has ""ortmundsrechte"" as username"
harzverteidigen,dieheimat,1,broken,broken,flood_wait_exceeded,flood wait 74137s exceeds maxWait=3600s
harzverteidigen,turmzeichen,1,broken,broken,not_found,"No user has ""turmzeichen"" as username"
heimat2023,imatnrw,1,broken,broken,not_found,"No user has ""imatnrw"" as username"
heimat2023,lauscremernrw,1,broken,broken,not_found,"No user has ""lauscremernrw"" as username"
heimat2023,matnrw,1,broken,broken,not_found,"No user has ""matnrw"" as username"
heimathessen,ortmundsrechte,1,broken,broken,not_found,"No user has ""ortmundsrechte"" as username"
heimatnrw,genationalisten,1,broken,broken,not_found,"No user has ""genationalisten"" as username"
heimatnrw,imatnrw,1,broken,broken,not_found,"No user has ""imatnrw"" as username"
heimatnrw,lauscremernrw,1,broken,broken,not_found,"No user has ""lauscremernrw"" as username"
heimatnrw,mundsrechte,1,broken,broken,flood_wait_exceeded,flood wait 74550s exceeds maxWait=3600s
heimatnrw,n_aktioneuropa,1,broken,broken,not_found,"No user has ""n_aktioneuropa"" as username"
heimatnrw,nationalisten,1,broken,broken,not_found,"No user has ""nationalisten"" as username"
heimatnrw,tmundsrechte,1,broken,broken,not_found,"No user has ""tmundsrechte"" as username"
heimatsachsen,ichaelbrueck90,1,broken,broken,flood_wait_exceeded,flood wait 73868s exceeds maxWait=3600s
heimatsachsen,v_isionaer,1,broken,broken,flood_wait_exceeded,flood wait 73936s exceeds maxWait=3600s
heimatsachsenanhalt,dieheimat,1,broken,broken,flood_wait_exceeded,flood wait 74137s exceeds maxWait=3600s
heimatsachsenanhalt,lauscremernrw,1,broken,broken,not_found,"No user has ""lauscremernrw"" as username"
heimatsachsenanhalt,matnrw,1,broken,broken,not_found,"No user has ""matnrw"" as username"
heimatsachsenanhalt,ortmundsrechte,1,broken,broken,not_found,"No user has ""ortmundsrechte"" as username"
hermanns_heide,genationalisten,1,broken,broken,not_found,"No user has ""genationalisten"" as username"
hermanns_heide,legiohungaria,1,broken,broken,flood_wait_exceeded,flood wait 73690s exceeds maxWait=3600s
hermanns_heide,ungenationalisten,1,broken,broken,not_found,"No user has ""ungenationalisten"" as username"
hermannsland,turmzeichen,1,broken,broken,not_found,"No user has ""turmzeichen"" as username"
homefrontsince2021,oposrecords,1,broken,broken,flood_wait_exceeded,flood wait 74157s exceeds maxWait=3600s
homefrontsince2021,swkanal,1,broken,broken,flood_wait_exceeded,flood wait 74439s exceeds maxWait=3600s
inczebelalegionarius,whitelads,1,broken,broken,flood_wait_exceeded,flood wait 74319s exceeds maxWait=3600s
infodeutschoesterreich,ortmundsrechte,1,broken,broken,not_found,"No user has ""ortmundsrechte"" as username"
irmhild_bossdorf,afd_thl,1,broken,broken,flood_wait_exceeded,flood wait 73974s exceeds maxWait=3600s
jn_aktioneuropa,lauscremernrw,1,broken,broken,not_found,"No user has ""lauscremernrw"" as username"
jn_mup,ungenationalisten,1,broken,broken,not_found,"No user has ""ungenationalisten"" as username"
jn_sachsen_anhalt,dieheimat,1,broken,broken,flood_wait_exceeded,flood wait 74137s exceeds maxWait=3600s
jn_sachsen_anhalt,genationalisten,1,broken,broken,not_found,"No user has ""genationalisten"" as username"
jn_sachsen_anhalt,n_aktioneuropa,1,broken,broken,not_found,"No user has ""n_aktioneuropa"" as username"
jn_sachsen_anhalt,turmzeichen,1,broken,broken,not_found,"No user has ""turmzeichen"" as username"
jn_th,genationalisten,1,broken,broken,not_found,"No user has ""genationalisten"" as username"
jn_th,turmzeichen,1,broken,broken,not_found,"No user has ""turmzeichen"" as username"
jn_th,ungenationalisten,1,broken,broken,not_found,"No user has ""ungenationalisten"" as username"
jn_westverband,genationalsiten,1,broken,broken,not_found,"No user has ""genationalsiten"" as username"
jn_westverband,lauscremernrw,1,broken,broken,not_found,"No user has ""lauscremernrw"" as username"
jn_westverband,matnrw,1,broken,broken,not_found,"No user has ""matnrw"" as username"
jn_westverband,nationalisten,1,broken,broken,not_found,"No user has ""nationalisten"" as username"
jn_westverband,ndsrechte,1,broken,broken,not_found,"No user has ""ndsrechte"" as username"
jndortmund,genationalisten,1,broken,broken,not_found,"No user has ""genationalisten"" as username"
jndortmund,ortmundsrechte,1,broken,broken,not_found,"No user has ""ortmundsrechte"" as username"
jnhessen,genationalisten,1,broken,broken,not_found,"No user has ""genationalisten"" as username"
jnhessen,n_aktioneuropa,1,broken,broken,not_found,"No user has ""n_aktioneuropa"" as username"
jnhessen,tmundsrechte,1,broken,broken,not_found,"No user has ""tmundsrechte"" as username"
jnhessen,ungenationalisten,1,broken,broken,not_found,"No user has ""ungenationalisten"" as username"
jungenationalisten,genationalsiten,1,broken,broken,not_found,"No user has ""genationalsiten"" as username"
jungenationalisten,imatnrw,1,broken,broken,not_found,"No user has ""imatnrw"" as username"
jungenationalisten,lauscremernrw,1,broken,broken,not_found,"No user has ""lauscremernrw"" as username"
jungenationalisten,matnrw,1,broken,broken,not_found,"No user has ""matnrw"" as username"
jungenationalisten,mitedu9mai,1,broken,broken,not_found,"No user has ""mitedu9mai"" as username"
jungenationalisten,n_aktioneuropa,1,broken,broken,not_found,"No user has ""n_aktioneuropa"" as username"
jungenationalisten,nationalisten,1,broken,broken,not_found,"No user has ""nationalisten"" as username"
jungenationalisten,ndsrechte,1,broken,broken,not_found,"No user has ""ndsrechte"" as username"
jungenationalisten,ortmundsrechte,1,broken,broken,not_found,"No user has ""ortmundsrechte"" as username"
jungenationalisten,tmundsrechte,1,broken,broken,not_found,"No user has ""tmundsrechte"" as username"
jungenationalisten,turmzeichen,1,broken,broken,not_found,"No user has ""turmzeichen"" as username"
kavalier_nds,ichaelbrueck90,1,broken,broken,flood_wait_exceeded,flood wait 73868s exceeds maxWait=3600s
kdn2013,dieheimat,1,broken,broken,flood_wait_exceeded,flood wait 74137s exceeds maxWait=3600s
legionbulgaria,mladezhi,1,broken,broken,flood_wait_exceeded,flood wait 74582s exceeds maxWait=3600s
leisnig,ichaelbrueck90,1,broken,broken,flood_wait_exceeded,flood wait 73868s exceeds maxWait=3600s
lukovmarch,avanguardia_torino,1,broken,broken,flood_wait_exceeded,flood wait 73709s exceeds maxWait=3600s
lukovmarch,honoretpatria,1,broken,broken,flood_wait_exceeded,flood wait 73725s exceeds maxWait=3600s
lukovmarch,jeunenationcom,1,broken,broken,flood_wait_exceeded,flood wait 73741s exceeds maxWait=3600s
lukovmarch,legiohungaria,1,broken,broken,flood_wait_exceeded,flood wait 73690s exceeds maxWait=3600s
lukovmarch,nzona3,1,broken,broken,flood_wait_exceeded,flood wait 73759s exceeds maxWait=3600s
miesenews,dn2013,1,broken,broken,invalid_username,username invalid
miesenews,hueterderirminsul,1,broken,broken,flood_wait_exceeded,flood wait 74476s exceeds maxWait=3600s
miesenews,lauscremernrw,1,broken,broken,not_found,"No user has ""lauscremernrw"" as username"
miesenews,rebelrecordscb,1,broken,broken,flood_wait_exceeded,flood wait 74261s exceeds maxWait=3600s
multipolarpress,middle_east_spectator,1,broken,broken,flood_wait_exceeded,flood wait 74354s exceeds maxWait=3600s
natsquads,mladezhi,1,broken,broken,flood_wait_exceeded,flood wait 74582s exceeds maxWait=3600s
niederlausitzinfo,frankrennicke,1,broken,broken,flood_wait_exceeded,flood wait 73955s exceeds maxWait=3600s
oberelbe,freiesschsen,1,broken,broken,not_found,"No user has ""freiesschsen"" as username"
pcrecords,mundsrechte,1,broken,broken,flood_wait_exceeded,flood wait 74550s exceeds maxWait=3600s
penigstehtauf,snicklink3000,1,broken,broken,flood_wait_exceeded,flood wait 74065s exceeds maxWait=3600s
realblaircottrell,intelslava,1,broken,broken,flood_wait_exceeded,flood wait 74407s exceeds maxWait=3600s
rediceuncensored,intelslava,1,broken,broken,flood_wait_exceeded,flood wait 74407s exceeds maxWait=3600s
rockhate,dn2013,1,broken,broken,invalid_username,username invalid
rockhate,frontmusik,1,broken,broken,flood_wait_exceeded,flood wait 74566s exceeds maxWait=3600s
rockhate,lauscremernrw,1,broken,broken,not_found,"No user has ""lauscremernrw"" as username"
rockhate,rebelrecordscb,1,broken,broken,flood_wait_exceeded,flood wait 74261s exceeds maxWait=3600s
rockhate,turmzeichen,1,broken,broken,not_found,"No user has ""turmzeichen"" as username"
rossmueller,turmzeichen,1,broken,broken,not_found,"No user has ""turmzeichen"" as username"
schmidtkeswelt,chaelbrueck90,1,broken,broken,flood_wait_exceeded,flood wait 74422s exceeds maxWait=3600s
schmidtkeswelt,hydracomicsdd,1,broken,broken,flood_wait_exceeded,flood wait 74175s exceeds maxWait=3600s
schmidtkeswelt,oposrecords,1,broken,broken,flood_wait_exceeded,flood wait 74157s exceeds maxWait=3600s
schreiberklagtan,arcus_fuchs,1,broken,broken,not_found,"No user has ""arcus_fuchs"" as username"
schreiberklagtan,espraeche,1,broken,broken,not_found,"No user has ""espraeche"" as username"
schreiberklagtan,freiesschsen,1,broken,broken,not_found,"No user has ""freiesschsen"" as username"
stimme_der_wahrheit,turmzeichen,1,broken,broken,not_found,"No user has ""turmzeichen"" as username"
theresia_brand,dn2013,1,broken,broken,invalid_username,username invalid
theresia_brand,frontmusik,1,broken,broken,flood_wait_exceeded,flood wait 74566s exceeds maxWait=3600s
theresia_brand,kanal_resolut,1,broken,broken,flood_wait_exceeded,flood wait 74517s exceeds maxWait=3600s
waldheimspaziertgegendieampel,dieframinggmbh,1,broken,broken,flood_wait_exceeded,flood wait 73852s exceeds maxWait=3600s
widerstandinaktion,dieheimat,1,broken,broken,flood_wait_exceeded,flood wait 74137s exceeds maxWait=3600s
widerstandinaktion,v_isionaer,1,broken,broken,flood_wait_exceeded,flood wait 73936s exceeds maxWait=3600s
wwbrex,dn2013,1,broken,broken,invalid_username,username invalid
youthfront,avanguardia_torino,1,broken,broken,flood_wait_exceeded,flood wait 73709s exceeds maxWait=3600s
deutschestimmemagazin,aufgewachtonline,183,live,link,,
justinbarrett,clanneireann,158,live,link,,
infuriatiroma,bloccostudentesconazionale,129,live,link,,
jn_mup,jungenationalisten,120,live,link,,
kavalier_nds,prototelegram,115,live,link,,
senderfreiessachsen,asu1kmu,109,live,link,,
freiesachsen_leisnig,freiesachsen,103,live,link,,
jn_th,jungenationalisten,103,live,link,,
oberelbe,schreiberklagtan,90,live,link,,
eurosiberia1,multipolarpress,88,live,link,,
fsnrev,ansgararyan,81,live,link,,
oberelbe,aufgewachtonline,72,live,link,,
bnsiyi,lukovmarch,71,live,link,,
jn_sachsen_anhalt,jungenationalisten,71,live,link,,
fsnrev,wirbleibendeutsch,70,live,link,,
benediktkaiser,robertteske,67,live,link,,
freie_mittelsachsen,stefantrautmanndl,63,live,link,,
hermanns_heide,jungenationalisten,63,live,link,,
freiesachsen_leisnig,leisnig,61,live,link,,
peterschreiber,heimat2023,59,live,link,,
heimatsachsenanhalt,harzverteidigen,57,live,link,,
jnhessen,jungenationalisten,57,live,link,,
qd351,mr_marcus_fuchs,55,live,link,,
jn_westverband,jungenationalisten,54,live,link,,
sturmzeichen,turmzeichen,52,live,link,,
widerstandinaktion,jungenationalisten,52,live,link,,
clauscremernrw,heimat2023,51,live,link,,
realblaircottrell,noticernews,51,live,link,,
elblandrevolte,jungenationalisten,50,live,link,,
freiesachsen_dresden,freiesachsen,50,live,link,,
schreiberklagtan,freiesachsen,49,live,link,,
freie_mittelsachsen,widerstandinaktion,48,live,link,,
peterschreiber,aufgewachtonline,48,live,link,,
heimatsachsen,heimat2023,47,live,link,,
hartungstefan,freie_erzgebirger,45,live,link,,
widerstandinaktion,stefantrautmanndl,44,live,link,,
braunschweigverteidigen,jungenationalisten,43,live,link,,
markacollett,unitynewsnetwork,43,live,link,,
benediktkaiser,obertteske,41,live,link,,
hartungstefan,freiesachsen,41,live,link,,
penigstehtauf,lsauf,40,live,link,,
benediktkaiser,jungeuropa,39,live,link,,
heimatnrw,heimat2023,39,live,link,,
fsnrev,tfr14,38,live,link,,
comitedu9mai,mitedu9mai,37,live,link,,
freie_mittelsachsen,freiesachsen,37,live,link,,
samyorkshire,patrioticalternativeofficial,37,live,link,,
heimat2023,aufgewachtonline,36,live,link,,
penigstehtauf,alexanderputzschke,35,live,link,,
heimatsachsen,freiesachsen,34,live,link,,
heimatsachsen,stefantrautmanndl,34,live,link,,
oberelbe,freiesachsen,34,live,link,,
dortmundsrechte,heimatnrw,33,live,link,,
lauratowler,patrioticalternativeofficial,33,live,link,,
prototelegram,mkdnds,33,live,link,,
youthfront,leagueofpaladins,33,live,link,,
comitedu9mai,itedu9mai,32,live,link,,
heimatsachsen,aufgewachtonline,32,live,link,,
diskussion,fiablee_uhq,31,live,link,,
diskussion,gagnermon_argent,31,live,link,,
fsnrev,wikingerversand,31,live,link,,
heimathessen,heimat2023,31,live,link,,
jungeuropa,benediktkaiser,31,live,link,,
miesenews,sturmzeichen,31,live,link,,
qd351,reitschusterde,31,live,link,,
asu1kmu,senderfreiessachsen,30,live,link,,
freiesachsen_dresden,dresden_spaziert,30,live,link,,
freiesachsenmeissen,peterschreiber,30,live,link,,
peterschreiber,freiesachsen,30,live,link,,
dresden_gedenken,balaclavagraphics,29,live,link,,
flakdieband,jungenationalisten,29,live,link,,
gefangenenhilfe,sturmzeichen,29,live,link,,
miesenews,balaclavagraphics,29,live,link,,
samyorkshire,markacollett,29,live,link,,
youthfront,srbska_akcija,29,live,link,,
freiesachsen_kreisleipzig,freiesachsen,28,live,link,,
freiesachsen_leisnig,freie_mittelsachsen,28,live,link,,
lauratowler,markacollett,28,live,link,,
niederlausitzinfo,jungenationalisten,28,live,link,,
freie_mittelsachsen,freiesachsen_leisnig,27,live,link,,
leisnig,freiesachsen_leisnig,27,live,link,,
rediceuncensored,cig_telegram,27,live,link,,
dieheimatmv,heimat2023,26,live,link,,
heimat2023,jungenationalisten,26,live,link,,
heimatsachsen,jungenationalisten,26,live,link,,
heimatsachsen,widerstandinaktion,26,live,link,,
dortmundsrechte,sturmzeichen,25,live,link,,
freie_mittelsachsen,leisnig,25,live,link,,
prototelegram,kavalier_nds,25,live,link,,
jn_westverband,jn_aktioneuropa,24,live,link,,
activeclubuncensored,ironcityactiveclub,23,live,link,,
activeclubuncensored,whitelads,23,live,link,,
clauscremernrw,heimatnrw,23,live,link,,
comitedu9mai,omitedu9mai,23,live,link,,
infuriatiroma,cproma2003,23,live,link,,
jn_mup,dieheimatmv,23,live,link,,
jn_sachsen_anhalt,jn_aktioneuropa,23,live,link,,
jungenationalisten,widerstandinaktion,23,live,link,,
kavalier_nds,werra_elbflorenz,23,live,link,,
stefantrautmanndl,jungenationalisten,23,live,link,,
derdrittewegvogtland,derdritteweg,22,live,link,,
heimathessen,daniel_lachmann,22,live,link,,
jungenationalisten,jn_mup,22,live,link,,
mr_marcus_fuchs,r_marcus_fuchs,22,live,link,,
rossmueller_dissident,ddgeopolitics,22,live,link,,
dieheimatmv,jn_mup,21,live,link,,
flakdieband,dortmundsrechte,21,live,link,,
miesenews,dortmundsrechte,21,live,link,,
peterschreiber,jungenationalisten,21,live,link,,
qd351,auf1tv,21,live,link,,
activeclubuncensored,paxactiveclub,20,live,link,,
bnsiyi,legionbulgaria,20,live,link,,
clauscremernrw,jn_aktioneuropa,20,live,link,,
eichsfeldrevolte,jungenationalisten,20,live,link,,
heimatsachsen,peterschreiber,20,live,link,,
jungenationalisten,jn_aktioneuropa,20,live,link,,
miesenews,rockhate,20,live,link,,
activeclubuncensored,okactiveclub,19,live,link,,
clauscremernrw,jungenationalisten,19,live,link,,
clauscremernrw,lauscremernrw,19,live,link,,
dortmundsrechte,ortmundsrechte,19,live,link,,
elblandrevolte,widerstandinaktion,19,live,link,,
flakdieband,widerstandinaktion,19,live,link,,
jn_mup,jn_aktioneuropa,19,live,link,,
jn_th,jn_aktioneuropa,19,live,link,,
jungenationalisten,heimatnrw,19,live,link,,
justinbarrett,irelandswoes,19,live,link,,
multipolarpress,expatamericanchannel,19,live,link,,
natsquads,memorianatio,19,live,link,,
qd351,bitteltv,19,live,link,,
rossmueller_dissident,ddgadvertisingbot,19,live,link,,
activeclubuncensored,lonestaractiveclub,18,live,link,,
deutschestimmemagazin,heimat2023,18,live,link,,
fsnrev,balaclavagraphics,18,live,link,,
heimatsachsenanhalt,heimat2023,18,live,link,,
peterschreiber,rossmueller,18,live,link,,
the_woodlander,millenniyule,18,live,link,,
youthfront,xrisiavgi,18,live,link,,
jn_westverband,heimatnrw,17,live,link,,
penigstehtauf,beitragsblocker,17,live,link,,
penigstehtauf,rundfunkalarm,17,live,link,,
prototelegram,runatelegram,17,live,link,,
samyorkshire,lauratowler,17,live,link,,
balaclavagraphics,balaclavamoe,16,live,link,,
balaclavagraphics,dresden_gedenken,16,live,link,,
clauscremernrw,jn_westverband,16,live,link,,
deutschedd,eutschedd,16,live,link,,
jungenationalisten,jn_westverband,16,live,link,,
rossmueller,heimat2023,16,live,link,,
benediktkaiser,freilichmagazin,15,live,link,,
blklgnwear,kdn2013,15,live,link,,
deutschestimmemagazin,freiesachsen,15,live,link,,
elblandrevolte,finleydresden,15,live,link,,
heimatsachsenanhalt,jungenationalisten,15,live,link,,
herrenzimmer,balaclavagraphics,15,live,link,,
jndortmund,jungenationalisten,15,live,link,,
legionbulgaria,bnsiyi,15,live,link,,
multipolarpress,timkirbyhardcore,15,live,link,,
pcrecords,freiesachsen,15,live,link,,
widerstandinaktion,niederlausitzinfo,15,live,link,,
athenscene,prphellas,14,live,link,,
dortmundsrechte,jn_westverband,14,live,link,,
flakdieband,aufgewachtonline,14,live,link,,
freiesachsen_dresden,satellit_de,14,live,link,,
heimat2023,rossmueller,14,live,link,,
heimatsachsenanhalt,jn_sachsen_anhalt,14,live,link,,
justinbarrett,nordicresistancemovement,14,live,link,,
miesenews,harzverteidigen,14,live,link,,
niederlausitzinfo,heimat2023,14,live,link,,
penigstehtauf,freundederdemokratie,14,live,link,,
peterschreiber,freiesachsenmeissen,14,live,link,,
qd351,rosenbusch,14,live,link,,
sturmzeichen,heimat2023,14,live,link,,
the_woodlander,morgothsreview,14,live,link,,
activeclubuncensored,paxac_vet,13,live,link,,
benediktkaiser,bertteske,13,live,link,,
benediktkaiser,martinctkohler,13,live,link,,
deutschestimmemagazin,rossmueller,13,live,link,,
dresden_spaziert,freiesachsen,13,live,link,,
flakdieband,heimat2023,13,live,link,,
harzverteidigen,dortmundsrechte,13,live,link,,
heimatnrw,jungenationalisten,13,live,link,,
heimatsachsen,rossmueller,13,live,link,,
heimatsachsenanhalt,sturmzeichen,13,live,link,,
jungeuropa,martinctkohler,13,live,link,,
schreiberklagtan,oberelbe,13,live,link,,
sturmzeichen,balaclavagraphics,13,live,link,,
sturmzeichen,urmzeichen,13,live,link,,
zukunfthbs,blankenburghoffnung,13,live,link,,
activeclubuncensored,greatlakesactiveclub,12,live,link,,
athenscene,ethnikistesargous,12,live,link,,
ddirekt,afdsachsen,12,live,link,,
dieheimatmv,jungenationalisten,12,live,link,,
dortmundsrechte,jungenationalisten,12,live,link,,
dortmundsrechte,kdn2013,12,live,link,,
flakdieband,jungetat,12,live,link,,
flakdieband,martinsellnerib,12,live,link,,
freiesth,afd_thl,12,live,link,,
freiesth,aktionenerfurt,12,live,link,,
freiesth,diesprachedergoetter,12,live,link,,
frontdienst,jungenationalisten,12,live,link,,
fsnrev,activeclubger,12,live,link,,
harzverteidigen,kdn2013,12,live,link,,
heimat2023,freiesachsen,12,live,link,,
heimat2023,heimathessen,12,live,link,,
heimat2023,peterschreiber,12,live,link,,
jn_mup,heimat2023,12,live,link,,
mr_marcus_fuchs,dresden_spaziert,12,live,link,,
natsquads,derdritteweg,12,live,link,,
penigstehtauf,chemnitzstehtauf,12,live,link,,
penigstehtauf,freiheitskanzlei,12,live,link,,
senderfreiessachsen,freiesachsen,12,live,link,,
theresia_brand,jungenationalisten,12,live,link,,
activeclubuncensored,arkansasactiveclub,11,live,link,,
activeclubuncensored,wyomingac2,11,live,link,,
agjugend,dritterwegnordost,11,live,link,,
aufgewachtonline,freiesachsen,11,live,link,,
flakdieband,freiesachsen,11,live,link,,
freiesachsen_dresden,simonevoss,11,live,link,,
freiesachsen_leisnig,stefantrautmanndl,11,live,link,,
harzverteidigen,grimbart_studio,11,live,link,,
heimatnrw,jn_aktioneuropa,11,live,link,,
jn_mup,dresden_gedenken,11,live,link,,
jn_th,dresden_gedenken,11,live,link,,
jn_th,heimat2023,11,live,link,,
jungenationalisten,dortmundsrechte,11,live,link,,
jungenationalisten,frontdienst,11,live,link,,
miesenews,deutschedd,11,live,link,,
natsquads,hetmanate2,11,live,link,,
niederlausitzinfo,dresden_gedenken,11,live,link,,
rediceuncensored,theconspiracyhole,11,live,link,,
wilhelmkachel,generationsachsen,11,live,link,,
acdevenireuropeo,cdevenireuropeo,10,live,link,,
acdevenireuropeo,natsquads,10,live,link,,
activeclubuncensored,acdevenireuropeo,10,live,link,,
activeclubuncensored,activeclubogotaw2r,10,live,link,,
activeclubuncensored,gymxiv2,10,live,link,,
asu1kmu,sachsenkanal,10,live,link,,
balaclavagraphics,pcrecords,10,live,link,,
benediktkaiser,dominikkaufner,10,live,link,,
dieheimatmv,balaclavagraphics,10,live,link,,
elblandrevolte,hermanns_heide,10,live,link,,
finleydresden,elblandrevolte,10,live,link,,
flakdieband,frontmagazin,10,live,link,,
freiesachsen_dresden,aufgewachtonline,10,live,link,,
freiesachsen_dresden,derpaprazzi,10,live,link,,
freiesachsen_dresden,uncut_news,10,live,link,,
freiesth,afdthueringen,10,live,link,,
heimat2023,heimatnrw,10,live,link,,
hermanns_heide,jn_aktioneuropa,10,live,link,,
hermanns_heide,sturmzeichen,10,live,link,,
irmhild_bossdorf,europeofsovereignnations,10,live,link,,
irmhild_bossdorf,lukreta,10,live,link,,
jn_mup,balaclavagraphics,10,live,link,,
jn_sachsen_anhalt,heimatsachsenanhalt,10,live,link,,
jn_th,heimat_th,10,live,link,,
jn_westverband,forumgermanum,10,live,link,,
jungenationalisten,balaclavagraphics,10,live,link,,
jungenationalisten,heimat2023,10,live,link,,
jungenationalisten,niederlausitzinfo,10,live,link,,
jungenationalisten,pfalz_revolte,10,live,link,,
kavalier_nds,ndsoffiziell,10,live,link,,
leisnig,auf1tv,10,live,link,,
miesenews,casapoundufficiale,10,live,link,,
miesenews,oldschoolrecord,10,live,link,,
natsquads,actiefnnb,10,live,link,,
natsquads,atreiacale,10,live,link,,
niederlausitzinfo,widerstandinaktion,10,live,link,,
oberelbe,derpaprazzi,10,live,link,,
pcrecords,balaclavagraphics,10,live,link,,
peterschreiber,deutschestimmemagazin,10,live,link,,
qd351,antispiegel,10,live,link,,
qd351,freiesachsen,10,live,link,,
realblaircottrell,auspill,10,live,link,,
rossmueller_dissident,markacollett,10,live,link,,
sturmzeichen,freiesachsen,10,live,link,,
widerstandinaktion,freiesachsen,10,live,link,,
wwbrex,kdn2013,10,live,link,,
agjugend,derdrittewegwestsachsen,9,live,link,,
agjugend,stuetzpunkteberlinbrandenburg,9,live,link,,
braunschweigverteidigen,forumgermanum,9,live,link,,
braunschweigverteidigen,jn_aktioneuropa,9,live,link,,
dortmundsrechte,wie_gesagt,9,live,link,,
ein_prozent,castellaurora,9,live,link,,
flakdieband,heimatnrw,9,live,link,,
freie_mittelsachsen,jungenationalisten,9,live,link,,
freiesachsen_dresden,auf1tv,9,live,link,,
fsnrev,fsnpatrick,9,live,link,,
gefangenenhilfe,freiesachsen,9,live,link,,
harzverteidigen,forumgermanum,9,live,link,,
heimat2023,clauscremernrw,9,live,link,,
heimathessen,aufgewachtonline,9,live,link,,
heimatsachsen,dresden_gedenken,9,live,link,,
heimatsachsen,freiesachsenmeissen,9,live,link,,
inczebelalegionarius,legiohungaria,9,live,link,,
jn_th,jn_mup,9,live,link,,
jungenationalisten,dieheimatmv,9,live,link,,
jungenationalisten,dresden_gedenken,9,live,link,,
jungeuropa,dominikkaufner,9,live,link,,
kavalier_nds,freiesachsen,9,live,link,,
kavalier_nds,mkdnds,9,live,link,,
leisnig,freiesachsen,9,live,link,,
mr_marcus_fuchs,freiesachsen,9,live,link,,
multipolarpress,ddgeopolitics,9,live,link,,
natsquads,morianatio,9,live,link,,
peterschreiber,heimatnrw,9,live,link,,
prototelegram,rockhate,9,live,link,,
realblaircottrell,ausvstheagenda,9,live,link,,
rossmueller,aufgewachtonline,9,live,link,,
rossmueller_dissident,unitynewsnetwork,9,live,link,,
schreiberklagtan,dresden_spaziert,9,live,link,,
schreiberklagtan,freiesachsen_dresden,9,live,link,,
senderfreiessachsen,atehsavideos,9,live,link,,
stefantrautmanndl,widerstandinaktion,9,live,link,,
stimme_der_wahrheit,voelkischer_aufklaerer,9,live,link,,
widerstandinaktion,dresden_gedenken,9,live,link,,
widerstandinaktion,forumgermanum,9,live,link,,
wwbrex,harzverteidigen,9,live,link,,
wwbrex,rockhate,9,live,link,,
activeclubuncensored,activeclubedelweiss,8,live,link,,
aufgewachtonline,balaclavagraphics,8,live,link,,
derdritteblickwinkel,sk_versand,8,live,link,,
deutschestimmemagazin,balaclavagraphics,8,live,link,,
diskussion,powerdeal24,8,live,link,,
diskussion,profithubmining_bot,8,live,link,,
eichsfeldrevolte,kdn2013,8,live,link,,
freiesachsen_dresden,tkp_news,8,live,link,,
freiesachsen_dresden,unregierbar,8,live,link,,
frontdienst,widerstandinaktion,8,live,link,,
frontmagazin,frontmusik,8,live,link,,
gefangenenhilfe,sicherheitshinweise,8,live,link,,
geopolitics,opolitics,8,live,link,,
heimat2023,balaclavagraphics,8,live,link,,
heimat2023,deutschestimmemagazin,8,live,link,,
heimatsachsenanhalt,peterschreiber,8,live,link,,
irmhild_bossdorf,matthiashelferich,8,live,link,,
lauratowler,nochanceyt,8,live,link,,
lauratowler,samyorkshire,8,live,link,,
mr_marcus_fuchs,arcus_fuchs,8,live,link,,
mr_marcus_fuchs,infobewegungzwickau,8,live,link,,
mr_marcus_fuchs,marcus_fuchs,8,live,link,,
multipolarpress,europeanmaoism,8,live,link,,
natsquads,oboz1934,8,live,link,,
peterschreiber,dresden_gedenken,8,live,link,,
qd351,ddddoffiziell,8,live,link,,
qd351,infobewegungzwickau,8,live,link,,
rediceuncensored,disclosetv,8,live,link,,
sturmzeichen,dortmundsrechte,8,live,link,,
sturmzeichen,harzverteidigen,8,live,link,,
unvergessenehelden,daskriegstagebuch,8,live,link,,
wilhelmkachel,fiedelmusik,8,live,link,,
activeclubuncensored,activeclubengland2,7,live,link,,
activeclubuncensored,caledoniaclub,7,live,link,,
activeclubuncensored,floridaactiveclubs,7,live,link,,
activeclubuncensored,ironcityacvetting,7,live,link,,
activeclubuncensored,secondsonscanada,7,live,link,,
asu1kmu,freiesachsen,7,live,link,,
athenscene,comitedu9mai,7,live,link,,
aufgewachtonline,benediktkaiser,7,live,link,,
aufgewachtonline,rossmueller,7,live,link,,
balaclavagraphics,sturmzeichen,7,live,link,,
benediktkaiser,info_direkt,7,live,link,,
clauscremernrw,nationalistesfr,7,live,link,,
clauscremernrw,uscremernrw,7,live,link,,
ddirekt,benediktkaiser,7,live,link,,
ddirekt,krah_direkt,7,live,link,,
derdritteblickwinkel,pentallum_ohg,7,live,link,,
deutschestimmemagazin,benediktkaiser,7,live,link,,
diskussion,goldenduck_autotradingbot,7,live,link,,
diskussion,lans_sous9,7,live,link,,
dortmundsrechte,heimat2023,7,live,link,,
dresden_spaziert,dippoldiswalde_geht_spazieren,7,live,link,,
dresden_spaziert,schreiberklagtan,7,live,link,,
finleydresden,jungenationalisten,7,live,link,,
finleydresden,widerstandinaktion,7,live,link,,
flakdieband,hermanns_heide,7,live,link,,
geopolitics,jaraiancenter,7,live,link,,
harzverteidigen,eichsfeldrevolte,7,live,link,,
harzverteidigen,schmidtkeswelt,7,live,link,,
heimat2023,dresden_gedenken,7,live,link,,
heimathessen,jungenationalisten,7,live,link,,
inczebelalegionarius,nzona3,7,live,link,,
jn_mup,sturmzeichen,7,live,link,,
jungenationalisten,jn_th,7,live,link,,
kavalier_nds,casapoundufficiale,7,live,link,,
kdn2013,dn2013,7,live,link,,
markacollett,realwelshnationalist,7,live,link,,
miesenews,dimrecords,7,live,link,,
miesenews,mayrhofer_raphael,7,live,link,,
miesenews,schinkfugium,7,live,link,,
natsquads,comitedu9mai,7,live,link,,
natsquads,patriotfrontupdates,7,live,link,,
natsquads,wbgda,7,live,link,,
realblaircottrell,markacollett,7,live,link,,
rediceuncensored,middle_east_spectator,7,live,link,,
rockhate,wwbrex,7,live,link,,
stefantrautmanndl,freiesachsen,7,live,link,,
sturmzeichen,heimatnrw,7,live,link,,
the_woodlander,fyrgen,7,live,link,,
the_woodlander,rossmueller_dissident,7,live,link,,
widerstandinaktion,frontdienst,7,live,link,,
youthfront,caryafr,7,live,link,,
youthfront,hellasdefenderss,7,live,link,,
activeclubuncensored,activeclubcr,6,live,link,,
activeclubuncensored,activeclublisboa,6,live,link,,
athenscene,reconquistacyprus,6,live,link,,
aufgewachtonline,dortmundsrechte,6,live,link,,
aufgewachtonline,heimat2023,6,live,link,,
braunschweigverteidigen,harzverteidigen,6,live,link,,
braunschweigverteidigen,hermanns_heide,6,live,link,,
clauscremernrw,dortmundsrechte,6,live,link,,
clauscremernrw,peterschreiber,6,live,link,,
ddirekt,ein_prozent,6,live,link,,
deutschestimmemagazin,compactmagazin,6,live,link,,
deutschestimmemagazin,dortmundsrechte,6,live,link,,
deutscheswarenhaus,eichsfeldrevolte,6,live,link,,
diskussion,politische_nachrichten,6,live,link,,
diskussion,virement_op,6,live,link,,
eurosiberia1,expatamericanchannel,6,live,link,,
eurosiberia1,timkirbyhardcore,6,live,link,,
flakdieband,ortmundsrechte,6,live,link,,
freie_mittelsachsen,doebeln,6,live,link,,
freiesachsen_dresden,diestahlfeder,6,live,link,,
freiesachsenmeissen,freiesachsen,6,live,link,,
freiesth,bjoernhoeckeafd,6,live,link,,
freiesth,freiegreizer,6,live,link,,
gefangenenhilfe,miesenews,6,live,link,,
gefangenenhilfe,turmzeichen,6,live,link,,
geopolitics,politics,6,live,link,,
harzverteidigen,braunschweigverteidigen,6,live,link,,
harzverteidigen,dresden_gedenken,6,live,link,,
harzverteidigen,wie_gesagt,6,live,link,,
heimatnrw,eimatnrw,6,live,link,,
heimatnrw,peterschreiber,6,live,link,,
heimatsachsenanhalt,aufgewachtonline,6,live,link,,
heimatsachsenanhalt,dresden_gedenken,6,live,link,,
infodeutschoesterreich,fussballassis,6,live,link,,
infuriatiroma,arcadiapirata,6,live,link,,
jn_sachsen_anhalt,frontdienst,6,live,link,,
jn_th,heimatnrw,6,live,link,,
jn_westverband,heimat2023,6,live,link,,
jungenationalisten,jn_sachsen_anhalt,6,live,link,,
justinbarrett,michaelbrazil,6,live,link,,
kavalier_nds,azatro,6,live,link,,
kavalier_nds,ein_prozent,6,live,link,,
lauratowler,unitynewsnetwork,6,live,link,,
leisnig,dresden_gedenken,6,live,link,,
markacollett,patrioticalternativeofficial,6,live,link,,
miesenews,schmidtkeswelt,6,live,link,,
miesenews,turmzeichen,6,live,link,,
multipolarpress,ddgadvertisingbot,6,live,link,,
natsquads,autonompl,6,live,link,,
natsquads,schweizer_nationalisten,6,live,link,,
pcrecords,schmidtkeswelt,6,live,link,,
penigstehtauf,restartdemocracy,6,live,link,,
qd351,evahermanoffiziell,6,live,link,,
rossmueller,stefanmagnet,6,live,link,,
samyorkshire,grandmatowlers,6,live,link,,
schmidtkeswelt,ein_prozent,6,live,link,,
stimme_der_wahrheit,frankrennicke,6,live,link,,
the_woodlander,danerikssonse,6,live,link,,
waldheimspaziertgegendieampel,freie_mittelsachsen,6,live,link,,
wilhelmkachel,grimbart_studio,6,live,link,,
youthfront,org_1_11,6,live,link,,
activeclubuncensored,legiohungaria,5,live,link,,
activeclubuncensored,northdakotaactiveclub,5,live,link,,
activeclubuncensored,northfloridaac,5,live,link,,
activeclubuncensored,theferrymanstoll,5,live,link,,
agjugend,derdritteweg,5,live,link,,
agjugend,derdrittewegvogtland,5,live,link,,
asu1kmu,mauberichte,5,live,link,,
aufgewachtonline,atehsavideos,5,live,link,,
aufgewachtonline,compactmagazin,5,live,link,,
balaclavagraphics,gefangenenhilfe,5,live,link,,
clauscremernrw,blickpunkttv,5,live,link,,
clauscremernrw,rossmueller_dissident,5,live,link,,
decommunizationbg,legionbulgaria,5,live,link,,
derdritteblickwinkel,jungenationalisten,5,live,link,,
derdritteblickwinkel,stahlgewitter_offiziell,5,live,link,,
deutschedd,utschedd,5,live,link,,
deutschestimmemagazin,atehsavideos,5,live,link,,
diskussion,irement_op,5,live,link,,
diskussion,militarysummary,5,live,link,,
dortmundsrechte,clauscremernrw,5,live,link,,
dortmundsrechte,eichsfeldrevolte,5,live,link,,
dortmundsrechte,mundsrechte,5,live,link,,
dresden_spaziert,afddresden,5,live,link,,
flakdieband,eimat2023,5,live,link,,
freiesachsen_dresden,paulbrandenburg,5,live,link,,
freiesachsen_leisnig,freiesachsen_kreisleipzig,5,live,link,,
freiesth,sondershausen_geht_spazieren,5,live,link,,
frontdienst,dresden_gedenken,5,live,link,,
gefangenenhilfe,prozessbeobachtungen,5,live,link,,
gefangenenhilfe,urmzeichen,5,live,link,,
geopolitics,andishehsarapub,5,live,link,,
heimatsachsen,deutschestimmemagazin,5,live,link,,
heimatsachsen,freie_mittelsachsen,5,live,link,,
hermannsland,dresden_gedenken,5,live,link,,
jn_mup,frontdienst,5,live,link,,
jn_sachsen_anhalt,heimat2023,5,live,link,,
jn_sachsen_anhalt,heimatnrw,5,live,link,,
jn_th,frontdienst,5,live,link,,
jn_westverband,clauscremernrw,5,live,link,,
jungenationalisten,clauscremernrw,5,live,link,,
jungenationalisten,comitedu9mai,5,live,link,,
jungetat,aktivistmanuel,5,live,link,,
jungeuropa,robertteske,5,live,link,,
justinbarrett,nadclanneireann,5,live,link,,
justinbarrett,republicansagainstantifa,5,live,link,,
leisnig,ein_prozent,5,live,link,,
markacollett,traditionalbritaingroup,5,live,link,,
miesenews,sicherheitshinweise,5,live,link,,
mr_marcus_fuchs,cus_fuchs,5,live,link,,
natsquads,acdevenireuropeo,5,live,link,,
natsquads,hosank,5,live,link,,
natsquads,legiohungaria,5,live,link,,
natsquads,lietuvoslnb,5,live,link,,
natsquads,nordicresistancemovement,5,live,link,,
natsquads,sinimustaliike,5,live,link,,
natsquads,ukraineradical,5,live,link,,
natsquads,ultrasnotreds8,5,live,link,,
niederlausitzinfo,frontdienst,5,live,link,,
pcrecords,derschwarze,5,live,link,,
penigstehtauf,freiewaehlerlunzenau,5,live,link,,
penigstehtauf,oho11,5,live,link,,
qd351,arcus_fuchs,5,live,link,,
qd351,dresden_spaziert,5,live,link,,
qd351,kenjebsen_backup,5,live,link,,
qd351,marcus_fuchs,5,live,link,,
qd351,niusde,5,live,link,,
qd351,rcus_fuchs,5,live,link,,
rediceuncensored,dle_east_spectator,5,live,link,,
rockhate,heimatnrw,5,live,link,,
rockhate,homefrontsince2021,5,live,link,,
rockhate,miesenews,5,live,link,,
rockhate,sturmzeichen,5,live,link,,
rossmueller,ddgeopolitics,5,live,link,,
samyorkshire,mpeinovich,5,live,link,,
schreiberklagtan,dresden_gedenken,5,live,link,,
senderfreiessachsen,sachsenkanal,5,live,link,,
stefantrautmanndl,doebeln,5,live,link,,
stefantrautmanndl,freie_mittelsachsen,5,live,link,,
stimme_der_wahrheit,sturmzeichen,5,live,link,,
sturmzeichen,deutschedd,5,live,link,,
sturmzeichen,schmidtkeswelt,5,live,link,,
the_woodlander,markacollett,5,live,link,,
unitynewsnetwork,markacollett,5,live,link,,
waldheimspaziertgegendieampel,freiesachsen,5,live,link,,
widerstandinaktion,freie_mittelsachsen,5,live,link,,
wolfpmsoffiziell,ibsachsen,5,live,link,,
activeclubuncensored,ace_contact,4,live,link,,
activeclubuncensored,activeclubhelvetia,4,live,link,,
activeclubuncensored,aktyvusklubas2,4,live,link,,
activeclubuncensored,centralfloridaactiveclub,4,live,link,,
activeclubuncensored,floridian1776,4,live,link,,
activeclubuncensored,greatplainsactiveclub,4,live,link,,
activeclubuncensored,lastfrontieryouth,4,live,link,,
activeclubuncensored,w2rmusic,4,live,link,,
activeclubuncensored,wovkoryos,4,live,link,,
agjugend,deriiiwegmittelsachsen,4,live,link,,
asu1kmu,aufgewachtonline,4,live,link,,
balaclavagraphics,alaclavamoe,4,live,link,,
benediktkaiser,bruno_wolters,4,live,link,,
benediktkaiser,teich_infokanal,4,live,link,,
blklgnwear,aktivde1,4,live,link,,
blklgnwear,dn2013,4,live,link,,
blklgnwear,dresden_gedenken,4,live,link,,
braunschweigverteidigen,bsgeschichten,4,live,link,,
braunschweigverteidigen,ivmedianational,4,live,link,,
braunschweigverteidigen,widerstandinaktion,4,live,link,,
clauscremernrw,auscremernrw,4,live,link,,
clauscremernrw,cremernrw,4,live,link,,
clauscremernrw,remernrw,4,live,link,,
clauscremernrw,scremernrw,4,live,link,,
ddirekt,afddresden,4,live,link,,
ddirekt,thomasthumm,4,live,link,,
ddirekt,trigger_fm,4,live,link,,
ddirekt,wbost,4,live,link,,
decommunizationbg,lukovmarch,4,live,link,,
decommunizationbg,mlada_gvardiya,4,live,link,,
deutschestimmemagazin,dresden_gedenken,4,live,link,,
diskussion,active_trades_dowhow,4,live,link,,
diskussion,yaroslav_mntr,4,live,link,,
dortmundsrechte,harzverteidigen,4,live,link,,
dortmundsrechte,ndsrechte,4,live,link,,
dresden_spaziert,cus_fuchs,4,live,link,,
dresden_spaziert,dresden_gedenken,4,live,link,,
dresden_spaziert,freiesachsen_dresden,4,live,link,,
dresden_spaziert,marcus_fuchs,4,live,link,,
dresden_spaziert,s_fuchs,4,live,link,,
flakdieband,frankrennicke,4,live,link,,
flakdieband,imbolcslicht,4,live,link,,
freie_mittelsachsen,jahnatal,4,live,link,,
freiesachsen_dresden,infrarot_medien,4,live,link,,
freiesachsen_dresden,krautzone,4,live,link,,
freiesachsen_dresden,mr_marcus_fuchs,4,live,link,,
freiesachsen_dresden,rosenbusch,4,live,link,,
freiesachsen_leisnig,aufgewachtonline,4,live,link,,
freiesachsen_leisnig,dresden_gedenken,4,live,link,,
freiesth,kampf_fuer_unsere_zukunft,4,live,link,,
fsnrev,activeclub_ger,4,live,link,,
fsnrev,whiterebelshop,4,live,link,,
fsnrev,x_phoenixrising_x,4,live,link,,
gefangenenhilfe,balaclavagraphics,4,live,link,,
gefangenenhilfe,infodeutschoesterreich,4,live,link,,
geopolitics,eopolitics,4,live,link,,
hartungstefan,kronprinzsachsentreff,4,live,link,,
harzverteidigen,azatro,4,live,link,,
harzverteidigen,heimatsachsenanhalt,4,live,link,,
harzverteidigen,ortmundsrechte,4,live,link,,
heimat2023,at2023,4,live,link,,
heimat2023,michaelbrueck90,4,live,link,,
heimathessen,deutschestimmemagazin,4,live,link,,
heimatnrw,dortmundsrechte,4,live,link,,
heimatnrw,jn_westverband,4,live,link,,
heimatsachsen,frontdienst,4,live,link,,
heimatsachsen,heimatsachsenanhalt,4,live,link,,
heimatsachsenanhalt,freiesachsen,4,live,link,,
hermanns_heide,widerstandinaktion,4,live,link,,
herrenzimmer,pcrecords,4,live,link,,
irmhild_bossdorf,afdeu,4,live,link,,
irmhild_bossdorf,generationd_nrw,4,live,link,,
jn_sachsen_anhalt,balaclavagraphics,4,live,link,,
jn_sachsen_anhalt,eichsfeldrevolte,4,live,link,,
jn_sachsen_anhalt,widerstandinaktion,4,live,link,,
jnhessen,heimat2023,4,live,link,,
jungenationalisten,eichsfeldrevolte,4,live,link,,
jungenationalisten,stefantrautmanndl,4,live,link,,
jungenationalisten,sturmzeichen,4,live,link,,
jungeuropa,castellaurora,4,live,link,,
jungeuropa,jungealternativesh,4,live,link,,
justinbarrett,americanreform,4,live,link,,
justinbarrett,irishhistoricalarchive,4,live,link,,
kavalier_nds,alva_offiziell_de,4,live,link,,
kavalier_nds,bloody32_official,4,live,link,,
kavalier_nds,deutschestimmemagazin,4,live,link,,
kavalier_nds,runatelegram,4,live,link,,
kdn2013,aktivde1,4,live,link,,
lauratowler,realwelshnationalist,4,live,link,,
leisnig,freie_mittelsachsen,4,live,link,,
markacollett,nochanceyt,4,live,link,,
markacollett,rossmueller_dissident,4,live,link,,
miesenews,frontmagazin,4,live,link,,
miesenews,schlesiger_freiesachsen,4,live,link,,
mr_marcus_fuchs,rcus_fuchs,4,live,link,,
mr_marcus_fuchs,schreiberklagtan,4,live,link,,
multipolarpress,ultraheavybooks,4,live,link,,
natsquads,activeclubhelvetia,4,live,link,,
natsquads,activedietsland,4,live,link,,
natsquads,centuriaua,4,live,link,,
natsquads,prevratnik,4,live,link,,
natsquads,southlandofficial,4,live,link,,
natsquads,ultrasnotreds81,4,live,link,,
niederlausitzinfo,stefantrautmanndl,4,live,link,,
oberelbe,freiesachsen_dresden,4,live,link,,
pcrecords,dorsachse2025,4,live,link,,
penigstehtauf,auf1tv,4,live,link,,
penigstehtauf,querdenken_351_jetzt_erst_recht,4,live,link,,
penigstehtauf,rosenbusch,4,live,link,,
peterschreiber,heimathessen,4,live,link,,
peterschreiber,heimatsachsenanhalt,4,live,link,,
prototelegram,carolinbachmann,4,live,link,,
prototelegram,derdrittewegsauerlandsiegerland,4,live,link,,
prototelegram,ndsoffiziell,4,live,link,,
prototelegram,sub_version_production,4,live,link,,
qd351,freiesachsen_dresden,4,live,link,,
qd351,kenjebsen,4,live,link,,
qd351,klartextbaum,4,live,link,,
qd351,r_marcus_fuchs,4,live,link,,
realblaircottrell,reallanddownunder,4,live,link,,
rediceuncensored,ediceuncensored,4,live,link,,
rediceuncensored,informationliberation,4,live,link,,
rediceuncensored,redicegiant,4,live,link,,
rediceuncensored,tabzlive,4,live,link,,
rockhate,wie_gesagt,4,live,link,,
rossmueller,ddgadvertisingbot,4,live,link,,
rossmueller_dissident,rediceuncensored,4,live,link,,
samyorkshire,countercurrents,4,live,link,,
samyorkshire,realwelshnationalist,4,live,link,,
samyorkshire,theendofeverything1,4,live,link,,
samyorkshire,unitynewsnetwork,4,live,link,,
samyorkshire,warrenbalogh88,4,live,link,,
schmidtkeswelt,auf1tv,4,live,link,,
schmidtkeswelt,derkleinenihilist,4,live,link,,
schmidtkeswelt,jungeuropa,4,live,link,,
stimme_der_wahrheit,miesenews,4,live,link,,
stimme_der_wahrheit,unvergessenehelden,4,live,link,,
sturmzeichen,miesenews,4,live,link,,
sturmzeichen,sicherheitshinweise,4,live,link,,
unitynewsnetwork,aworldofhurt,4,live,link,,
unitynewsnetwork,rossmueller_dissident,4,live,link,,
waldheimspaziertgegendieampel,wirsindvielmehr,4,live,link,,
youthfront,nacjonalizmnop,4,live,link,,
youthfront,varmegye,4,live,link,,
activeclubuncensored,activeclubnorway,3,live,link,,
activeclubuncensored,activedietsland,3,live,link,,
activeclubuncensored,ca_legion_xiv,3,live,link,,
activeclubuncensored,forestfightsusa,3,live,link,,
activeclubuncensored,frontrangeac,3,live,link,,
activeclubuncensored,leftistextremistwatch,3,live,link,,
activeclubuncensored,memorianatio,3,live,link,,
activeclubuncensored,newenglandactiveclubofficial,3,live,link,,
activeclubuncensored,socavet,3,live,link,,
activeclubuncensored,southfloridaactiveclub,3,live,link,,
activeclubuncensored,unitedyouthxiv,3,live,link,,
agjugend,d3wbadenwuerttemberg,3,live,link,,
agjugend,derdritteweganhalt,3,live,link,,
agjugend,materialvertrieb,3,live,link,,
asu1kmu,mr_marcus_fuchs,3,live,link,,
aufgewachtonline,auf1tv,3,live,link,,
aufgewachtonline,aufgewachtonlin,3,live,link,,
aufgewachtonline,heimatnrw,3,live,link,,
balaclavagraphics,freiesachsen,3,live,link,,
balaclavagraphics,schmidtkeswelt,3,live,link,,
benediktkaiser,bjoernhoeckeafd,3,live,link,,
benediktkaiser,demanega_dmn,3,live,link,,
benediktkaiser,dereckart,3,live,link,,
benediktkaiser,fabianjankafd,3,live,link,,
benediktkaiser,matthiashelferich,3,live,link,,
blickpunkttv,lickpunkttv,3,live,link,,
blklgnwear,sub_version_production,3,live,link,,
braunschweigverteidigen,eichsfeldrevolte,3,live,link,,
braunschweigverteidigen,schmidtkeswelt,3,live,link,,
clauscremernrw,at2023,3,live,link,,
clauscremernrw,aufgewachtonline,3,live,link,,
clauscremernrw,dresden_gedenken,3,live,link,,
clauscremernrw,heimatsachsenanhalt,3,live,link,,
comitedu9mai,european_rebels,3,live,link,,
ddirekt,info_direkt,3,live,link,,
decommunizationbg,bnsiyi,3,live,link,,
derdritteblickwinkel,sturmzeichen,3,live,link,,
derdritteblickwinkel,urmzeichen,3,live,link,,
deutschestimmemagazin,auf1tv,3,live,link,,
deutschestimmemagazin,hartungstefan,3,live,link,,
deutschestimmemagazin,heimatnrw,3,live,link,,
deutschestimmemagazin,peterschreiber,3,live,link,,
dieheimatmv,dresden_gedenken,3,live,link,,
diskussion,aan2030,3,live,link,,
diskussion,adriankempf,3,live,link,,
diskussion,businessoftruth,3,live,link,,
diskussion,gegenlink,3,live,link,,
diskussion,lordbebo,3,live,link,,
diskussion,nsch_2021,3,live,link,,
diskussion,or_markus_gabel,3,live,link,,
diskussion,xdaynewsred,3,live,link,,
dortmundsrechte,compactmagazin,3,live,link,,
dortmundsrechte,dn2013,3,live,link,,
dortmundsrechte,forumgermanum,3,live,link,,
dortmundsrechte,oidoxie_offiziell,3,live,link,,
eb_official,pcrecords,3,live,link,,
eichsfeldrevolte,heimatnrw,3,live,link,,
ein_prozent,nach_vorn,3,live,link,,
eurosiberia1,ultraheavybooks,3,live,link,,
flakdieband,deutschestimmemagazin,3,live,link,,
flakdieband,imatnrw,3,live,link,,
flakdieband,michaelbrueck90,3,live,link,,
flakdieband,tommyfrenck,3,live,link,,
flakdieband,wie_gesagt,3,live,link,,
flakdieband,wilhelmkachel,3,live,link,,
frankkraemer,derdritteblickwinkel,3,live,link,,
freiesachsen_dresden,bjoernhoeckeafd,3,live,link,,
freiesachsen_leisnig,schreiberklagtan,3,live,link,,
freiesth,dekurier,3,live,link,,
freiesth,gesundistbesser,3,live,link,,
freiesth,iavyc2srfdy1ogy6,3,live,link,,
freiesth,kinderkreativitaetentwicklu,3,live,link,,
frontdienst,stefantrautmanndl,3,live,link,,
fsnrev,balaclavamoe,3,live,link,,
fsnrev,dresden_gedenken,3,live,link,,
fsnrev,pcrecords,3,live,link,,
gefangenenhilfe,einfaehnlein,3,live,link,,
gefangenenhilfe,sub_version_production,3,live,link,,
geopolitics,itics,3,live,link,,
hartungstefan,martinkohlmann,3,live,link,,
hartungstefan,wind_geist,3,live,link,,
harzverteidigen,balaclavagraphics,3,live,link,,
harzverteidigen,jungenationalisten,3,live,link,,
harzverteidigen,sturmzeichen,3,live,link,,
heimat2023,compactmagazin,3,live,link,,
heimat2023,ichaelbrueck90,3,live,link,,
heimat2023,stefantrautmanndl,3,live,link,,
heimathessen,freiesachsen,3,live,link,,
heimathessen,heimathessenchat,3,live,link,,
heimathessen,rossmueller,3,live,link,,
heimatnrw,at2023,3,live,link,,
heimatnrw,dresden_gedenken,3,live,link,,
heimatsachsen,compactmagazin,3,live,link,,
heimatsachsen,freiesachsen_leisnig,3,live,link,,
heimatsachsenanhalt,jn_mup,3,live,link,,
heimatsachsenanhalt,wie_gesagt,3,live,link,,
hermanns_heide,pfalz_revolte,3,live,link,,
hermanns_heide,stefantrautmanndl,3,live,link,,
hermannsland,gefangenenhilfe,3,live,link,,
hermannsland,sturmzeichen,3,live,link,,
inczebelalegionarius,egiohungaria,3,live,link,,
inczebelalegionarius,iohungaria,3,live,link,,
inczebelalegionarius,magyarjelen,3,live,link,,
inczebelalegionarius,militantconservatism,3,live,link,,
infodeutschoesterreich,dortmundsrechte,3,live,link,,
irmhild_bossdorf,dekurier,3,live,link,,
jn_aktioneuropa,clauscremernrw,3,live,link,,
jn_aktioneuropa,jungenationalisten,3,live,link,,
jn_aktioneuropa,ungenationalisten,3,live,link,,
jn_sachsen_anhalt,dresden_gedenken,3,live,link,,
jn_sachsen_anhalt,jn_mup,3,live,link,,
jn_sachsen_anhalt,kdn2013,3,live,link,,
jn_sachsen_anhalt,pfalz_revolte,3,live,link,,
jn_sachsen_anhalt,schmidtkeswelt,3,live,link,,
jn_sachsen_anhalt,ungenationalisten,3,live,link,,
jn_th,eichsfeldrevolte,3,live,link,,
jn_th,gefangenenhilfe,3,live,link,,
jn_westverband,dortmundsrechte,3,live,link,,
jn_westverband,ungenationalisten,3,live,link,,
jndortmund,dortmundsrechte,3,live,link,,
jungenationalisten,elbjugend,3,live,link,,
jungenationalisten,jnhessen,3,live,link,,
jungenationalisten,wie_gesagt,3,live,link,,
jungetat,solisstorech,3,live,link,,
jungeuropa,fabianjankafd,3,live,link,,
jungeuropa,hydracomicsdd,3,live,link,,
jungeuropa,info_direkt,3,live,link,,
justinbarrett,gaelvictory,3,live,link,,
kavalier_nds,protonds,3,live,link,,
kavalier_nds,sub_version_production,3,live,link,,
kavalier_nds,wie_gesagt,3,live,link,,
kdn2013,n2013,3,live,link,,
lauratowler,acdevenireuropeo,3,live,link,,
lauratowler,countercurrents,3,live,link,,
lauratowler,noticernews,3,live,link,,
lauratowler,offgridiireland,3,live,link,,
lauratowler,saintharrison,3,live,link,,
leisnig,reitschusterde,3,live,link,,
markacollett,noticernews,3,live,link,,
markacollett,presstv,3,live,link,,
markacollett,saintharrison,3,live,link,,
michaelbrueck90,chaelbrueck90,3,live,link,,
michaelbrueck90,ichaelbrueck90,3,live,link,,
miesenews,blutzeugen1894,3,live,link,,
miesenews,dresden_gedenken,3,live,link,,
miesenews,freiesachsen,3,live,link,,
miesenews,mundsrechte,3,live,link,,
miesenews,oposrecords,3,live,link,,
miesenews,swkanal,3,live,link,,
miesenews,taernews,3,live,link,,
miesenews,urmzeichen,3,live,link,,
miesenews,wie_gesagt,3,live,link,,
mr_marcus_fuchs,freiesachsen_dresden,3,live,link,,
mr_marcus_fuchs,iavyc2srfdy1ogy6,3,live,link,,
mr_marcus_fuchs,info_kanal_ol_druckdatein,3,live,link,,
mr_marcus_fuchs,info_kanal_ol_musik,3,live,link,,
mr_marcus_fuchs,info_kanal_ol_veranstaltungen,3,live,link,,
mr_marcus_fuchs,info_kanal_ol_videos,3,live,link,,
mr_marcus_fuchs,info_kanal_ol_zukunftgestalten,3,live,link,,
mr_marcus_fuchs,infokanalol,3,live,link,,
mr_marcus_fuchs,kampf_fuer_unsere_zukunft,3,live,link,,
mr_marcus_fuchs,ra_ludwig,3,live,link,,
mtodaynews,daynews,3,live,link,,
multipolarpress,staswasthereenglish2,3,live,link,,
natsquads,albanianthirdposition,3,live,link,,
natsquads,derdrittewegwestsachsen,3,live,link,,
natsquads,evropean_americans,3,live,link,,
natsquads,folkishvanguard,3,live,link,,
natsquads,newenglandactiveclubofficial,3,live,link,,
natsquads,nordlandpl,3,live,link,,
natsquads,nsfronta,3,live,link,,
natsquads,nzona3,3,live,link,,
natsquads,prphellas,3,live,link,,
natsquads,whitelads,3,live,link,,
niederlausitzinfo,schmidtkeswelt,3,live,link,,
niederlausitzinfo,sturmzeichen,3,live,link,,
oberelbe,dresden_spaziert,3,live,link,,
oberelbe,widerstandinaktion,3,live,link,,
pcrecords,dresden_gedenken,3,live,link,,
pcrecords,schreiberklagtan,3,live,link,,
penigstehtauf,songuelschluerscheid,3,live,link,,
peterschreiber,compactmagazin,3,live,link,,
peterschreiber,freiesachsen_leisnig,3,live,link,,
peterschreiber,frontdienst,3,live,link,,
peterschreiber,stefantrautmanndl,3,live,link,,
prototelegram,bloody32_official,3,live,link,,
prototelegram,freiesachsen,3,live,link,,
prototelegram,goethemusik,3,live,link,,
prototelegram,jugendoberlausitz,3,live,link,,
prototelegram,protonds,3,live,link,,
qd351,martinschwab,3,live,link,,
qd351,pboehringer,3,live,link,,
qd351,ra_ludwig,3,live,link,,
qd351,rabbitresearch,3,live,link,,
realblaircottrell,blaircottrell,3,live,link,,
rediceuncensored,bellumactanews,3,live,link,,
rediceuncensored,murderthemedia,3,live,link,,
rediceuncensored,noticernews,3,live,link,,
rediceuncensored,survivethejive,3,live,link,,
rediceuncensored,telegram,3,live,link,,
rediceuncensored,unitynewsnetwork,3,live,link,,
rockhate,deutscheswarenhaus,3,live,link,,
rockhate,dorsachse2025,3,live,link,,
rockhate,zeughaus,3,live,link,,
rossmueller_dissident,multipolarpress,3,live,link,,
samyorkshire,morgothsreview,3,live,link,,
samyorkshire,patrioticarts,3,live,link,,
schmidtkeswelt,klarekante,3,live,link,,
schreiberklagtan,auf1tv,3,live,link,,
schreiberklagtan,compactmagazin,3,live,link,,
schreiberklagtan,widerstandinaktion,3,live,link,,
senderfreiessachsen,hartungstefan,3,live,link,,
stefantrautmanndl,dresden_gedenken,3,live,link,,
stimme_der_wahrheit,geschichtliche_wahrheiten,3,live,link,,
stimme_der_wahrheit,rheinwiesenlagerbretzenheim,3,live,link,,
sturmzeichen,dieheimatmv,3,live,link,,
sturmzeichen,jn_mup,3,live,link,,
sturmzeichen,rmzeichen,3,live,link,,
the_woodlander,countercurrents,3,live,link,,
the_woodlander,hearthfireradio,3,live,link,,
the_woodlander,unitynewsnetwork,3,live,link,,
tommyfrenck,gasthausgoldenerloewe,3,live,link,,
unitynewsnetwork,nochanceyt,3,live,link,,
weichreitekanal,haintz,3,live,link,,
weichreitekanal,spunktnews,3,live,link,,
youthfront,acdevenireuropeo,3,live,link,,
youthfront,endworldarts,3,live,link,,
youthfront,yvbenedetti,3,live,link,,
acdevenireuropeo,breslau45,2,live,link,,
activeclubuncensored,acswdc,2,live,link,,
activeclubuncensored,active_club_nrw,2,live,link,,
activeclubuncensored,activeclubger,2,live,link,,
activeclubuncensored,activeclubmidlands2,2,live,link,,
activeclubuncensored,activeclubticino,2,live,link,,
activeclubuncensored,activeclubvlaanderen,2,live,link,,
activeclubuncensored,acturku,2,live,link,,
activeclubuncensored,appalachiaac,2,live,link,,
activeclubuncensored,appalachiannationalist,2,live,link,,
activeclubuncensored,eastwhiteboy14,2,live,link,,
activeclubuncensored,gcac_vetting,2,live,link,,
activeclubuncensored,gulfcoast_ac,2,live,link,,
activeclubuncensored,ilac_contact,2,live,link,,
activeclubuncensored,illinoisactiveclub,2,live,link,,
activeclubuncensored,last_frontier_ac,2,live,link,,
activeclubuncensored,lonestarac_contact,2,live,link,,
activeclubuncensored,natsquads,2,live,link,,
activeclubuncensored,north_dakota_active_club_chat,2,live,link,,
activeclubuncensored,patriotfrontnews,2,live,link,,
activeclubuncensored,pnwac,2,live,link,,
activeclubuncensored,whitevanguard1,2,live,link,,
activeclubuncensored,whiteyouthinrevolt,2,live,link,,
activeclubuncensored,will2riseclothing,2,live,link,,
appell_jn,derappell,2,live,link,,
asu1kmu,aerzte_hippokratischer_eid,2,live,link,,
asu1kmu,hartungstefan,2,live,link,,
asu1kmu,kenjebsen_backup,2,live,link,,
asu1kmu,lutherleaks,2,live,link,,
asu1kmu,zentrum_chemnitz,2,live,link,,
athenscene,cheimonasaesthetics,2,live,link,,
aufgewachtonline,hartungstefan,2,live,link,,
aufgewachtonline,hydracomicsdd,2,live,link,,
aufgewachtonline,martinsellnerib,2,live,link,,
balaclavagraphics,fsnrev,2,live,link,,
balaclavagraphics,laclavamoe,2,live,link,,
balaclavagraphics,sleipnir_offiziell,2,live,link,,
benediktkaiser,castellaurora,2,live,link,,
benediktkaiser,drbirghan,2,live,link,,
benediktkaiser,ertteske,2,live,link,,
benediktkaiser,institutiliade,2,live,link,,
benediktkaiser,rtteske,2,live,link,,
benediktkaiser,skototaxis,2,live,link,,
benediktkaiser,tteske,2,live,link,,
benediktkaiser,voxeuropaherald,2,live,link,,
blklgnwear,aktivdex,2,live,link,,
blklgnwear,gefangenenhilfe,2,live,link,,
braunschweigverteidigen,dortmundsrechte,2,live,link,,
braunschweigverteidigen,dresden_gedenken,2,live,link,,
braunschweigverteidigen,mayrhofer_raphael,2,live,link,,
braunschweigverteidigen,wie_gesagt,2,live,link,,
clauscremernrw,auf1tv,2,live,link,,
clauscremernrw,democracia_nacional,2,live,link,,
clauscremernrw,emernrw,2,live,link,,
clauscremernrw,frontdienst,2,live,link,,
clauscremernrw,legiohungaria,2,live,link,,
clauscremernrw,mundsrechte,2,live,link,,
clauscremernrw,pedrochaparro,2,live,link,,
clauscremernrw,ungenationalisten,2,live,link,,
comitedu9mai,acdevenireuropeo,2,live,link,,
ddirekt,bjoernhoeckeafd,2,live,link,,
ddirekt,deutschlandkurier,2,live,link,,
ddirekt,eutschlandkurier,2,live,link,,
decommunizationbg,levskisofiascarves,2,live,link,,
decommunizationbg,ultrasnotreds8,2,live,link,,
dekurier,scharfrechts,2,live,link,,
derdritteblickwinkel,dresden_gedenken,2,live,link,,
derdritteblickwinkel,vagrantstreams,2,live,link,,
derdrittewegvogtland,derdtittewegvogtland,2,live,link,,
deutschedd,schedd,2,live,link,,
deutschestimmemagazin,martinsellnerib,2,live,link,,
deutscheswarenhaus,dresden_gedenken,2,live,link,,
dieheimatmv,frontdienst,2,live,link,,
diskussion,antispiegel,2,live,link,,
diskussion,geopolitics_prime,2,live,link,,
diskussion,handelswellenexpertes,2,live,link,,
diskussion,kathefrua,2,live,link,,
diskussion,mylordbebo,2,live,link,,
diskussion,neuemedizinbibliothek,2,live,link,,
diskussion,philippkruse,2,live,link,,
diskussion,rosenbusch,2,live,link,,
diskussion,trader_reynold,2,live,link,,
dortmundsrechte,apollonews_de,2,live,link,,
dortmundsrechte,heimatdo,2,live,link,,
dortmundsrechte,jndortmund,2,live,link,,
dortmundsrechte,lauscremernrw,2,live,link,,
dortmundsrechte,miesenews,2,live,link,,
dortmundsrechte,rtmundsrechte,2,live,link,,
dortmundsrechte,tmundsrechte,2,live,link,,
dortmundsrechte,undsrechte,2,live,link,,
dortmundsrechte,weichreitekanal,2,live,link,,
dresden_gedenken,freiesachsen,2,live,link,,
dresden_gedenken,freiesachsen_leisnig,2,live,link,,
dresden_gedenken,frontdienst,2,live,link,,
dresden_gedenken,leisnig,2,live,link,,
dresden_gedenken,schreiberklagtan,2,live,link,,
dresden_spaziert,arcus_fuchs,2,live,link,,
dresden_spaziert,mr_marcus_fuchs,2,live,link,,
ein_prozent,alexanderjungbluthafd,2,live,link,,
ein_prozent,fabianjankafd,2,live,link,,
ein_prozent,freiesachsen,2,live,link,,
elblandrevolte,heimat2023,2,live,link,,
eurosiberia1,europeanmaoism,2,live,link,,
finleydresden,ichaelbrueck90,2,live,link,,
finleydresden,kdn2013,2,live,link,,
finleydresden,michaelbrueck90,2,live,link,,
flakdieband,balaclavagraphics,2,live,link,,
flakdieband,blutzeugen1894,2,live,link,,
flakdieband,clauscremernrw,2,live,link,,
flakdieband,compactmagazin,2,live,link,,
flakdieband,deutscheswarenhaus,2,live,link,,
flakdieband,ein_prozent,2,live,link,,
flakdieband,frontdienst,2,live,link,,
flakdieband,frontmusik,2,live,link,,
flakdieband,harzverteidigen,2,live,link,,
flakdieband,ichaelbrueck90,2,live,link,,
flakdieband,infrarotmediensicht,2,live,link,,
flakdieband,intelslava,2,live,link,,
flakdieband,jn_westverband,2,live,link,,
flakdieband,kdn2013,2,live,link,,
flakdieband,prototelegram,2,live,link,,
flakdieband,rebelrecordscb,2,live,link,,
flakdieband,rockhate,2,live,link,,
flakdieband,ungenationalisten,2,live,link,,
frankkraemer,nautikaspeech,2,live,link,,
frankkraemer,sk_versand,2,live,link,,
frankkraemer,stahlgewitter_offiziell,2,live,link,,
frankkraemer,xavier_naidoo,2,live,link,,
freie_mittelsachsen,dresden_gedenken,2,live,link,,
freie_mittelsachsen,penigstehtauf,2,live,link,,
freiesachsen_dresden,anonymousnews_org,2,live,link,,
freiesachsen_dresden,antisozialismus,2,live,link,,
freiesachsen_dresden,anwaelte_fuer_aufklaerung,2,live,link,,
freiesachsen_dresden,aufwachkanal_deine_rote_pille,2,live,link,,
freiesachsen_dresden,compactmagazin,2,live,link,,
freiesachsen_dresden,el_imigrante_show,2,live,link,,
freiesachsen_dresden,freiheitsfunken,2,live,link,,
freiesachsen_dresden,freilichmagazin,2,live,link,,
freiesachsen_dresden,gesundistbesser,2,live,link,,
freiesachsen_dresden,happinessismyway,2,live,link,,
freiesachsen_dresden,hartungstefan,2,live,link,,
freiesachsen_dresden,klagemauertv,2,live,link,,
freiesachsen_dresden,querdenken_351,2,live,link,,
freiesachsen_dresden,reitschusterde,2,live,link,,
freiesachsen_dresden,schreiberklagtan,2,live,link,,
freiesachsen_dresden,snicklink3000,2,live,link,,
freiesachsen_kreisleipzig,muldentalstehtauf,2,live,link,,
freiesachsen_leisnig,auf1tv,2,live,link,,
freiesachsen_leisnig,widerstandinaktion,2,live,link,,
freiesachsenmeissen,aufgewachtonline,2,live,link,,
freiesachsenmeissen,freiesachsen_dresden,2,live,link,,
freiesth,auf1tv,2,live,link,,
freiesth,basagehtspazieren,2,live,link,,
freiesth,danielhaseloffafd,2,live,link,,
freiesth,demotermine,2,live,link,,
freiesth,essbeobachter,2,live,link,,
freiesth,festungthueringen,2,live,link,,
freiesth,floriangeyer2024,2,live,link,,
freiesth,freieenergiedeutschland,2,live,link,,
freiesth,freiheitslauf2026_infokanal,2,live,link,,
freiesth,gerichtsbarkeit,2,live,link,,
freiesth,prozessbeobachter,2,live,link,,
freiesth,qplusplusplus,2,live,link,,
freiesth,rabbitresearch,2,live,link,,
freiesth,robertteske,2,live,link,,
freiesth,terminverteiler_bot,2,live,link,,
freiesth,wiebkemuhsal,2,live,link,,
frontdienst,freiheitsgedanken01,2,live,link,,
frontmagazin,oposrecords,2,live,link,,
fsnrev,metainfoaktiv,2,live,link,,
fsnrev,phoenix_rising_x,2,live,link,,
gefangenenhilfe,deutschedd,2,live,link,,
gefangenenhilfe,deutschedichter,2,live,link,,
gefangenenhilfe,dortmundsrechte,2,live,link,,
gefangenenhilfe,ein_prozent,2,live,link,,
gefangenenhilfe,jimboredux,2,live,link,,
gefangenenhilfe,naturgesetzeewigeeiche,2,live,link,,
gefangenenhilfe,noticernews,2,live,link,,
gefangenenhilfe,pcrecords,2,live,link,,
gegenstrom,rechtskampf,2,live,link,,
geopolitics,britishstudies,2,live,link,,
geopolitics,coiran_webtv,2,live,link,,
geopolitics,ct_check,2,live,link,,
geopolitics,ecoiran_webtv,2,live,link,,
geopolitics,levi_athan,2,live,link,,
geopolitics,vahdat_ut,2,live,link,,
hartungstefan,auf1tv,2,live,link,,
hartungstefan,ichaelbrueck90,2,live,link,,
hartungstefan,michaelbrueck90,2,live,link,,
hartungstefan,reie_erzgebirger,2,live,link,,
harzverteidigen,dn2013,2,live,link,,
harzverteidigen,ein_prozent,2,live,link,,
harzverteidigen,freiesachsen,2,live,link,,
harzverteidigen,frontdienst,2,live,link,,
harzverteidigen,heimat2023,2,live,link,,
harzverteidigen,jn_sachsen_anhalt,2,live,link,,
harzverteidigen,jungeuropa,2,live,link,,
harzverteidigen,mundsrechte,2,live,link,,
harzverteidigen,sicherheitshinweise,2,live,link,,
heimat2023,benediktkaiser,2,live,link,,
heimat2023,dieheimatmv,2,live,link,,
heimat2023,freiesachsen_dresden,2,live,link,,
heimat2023,frontdienst,2,live,link,,
heimat2023,lauscremernrw,2,live,link,,
heimathessen,compactmagazin,2,live,link,,
heimathessen,eimatgespraeche,2,live,link,,
heimathessen,heimatlahndill,2,live,link,,
heimathessen,jnhessen,2,live,link,,
heimathessen,protesthessen,2,live,link,,
heimatnrw,clauscremernrw,2,live,link,,
heimatnrw,frontdienst,2,live,link,,
heimatnrw,matnrw,2,live,link,,
heimatnrw,ungenationalisten,2,live,link,,
heimatsachsen,heimathessen,2,live,link,,
heimatsachsenanhalt,clauscremernrw,2,live,link,,
heimatsachsenanhalt,dortmundsrechte,2,live,link,,
heimatsachsenanhalt,frontdienst,2,live,link,,
heimatsachsenanhalt,rmzeichen,2,live,link,,
heimatsachsenanhalt,rossmueller,2,live,link,,
heimatsachsenanhalt,suedharzaktiv,2,live,link,,
heimatsachsenanhalt,turmzeichen,2,live,link,,
hermanns_heide,eichsfeldrevolte,2,live,link,,
hermanns_heide,jnhessen,2,live,link,,
hermanns_heide,legiohungaria,2,live,link,,
homefrontsince2021,blutzeugen1894,2,live,link,,
homefrontsince2021,gefangenenhilfe,2,live,link,,
homefrontsince2021,rockhate,2,live,link,,
inczebelalegionarius,bhh28,2,live,link,,
inczebelalegionarius,btyrsrg,2,live,link,,
inczebelalegionarius,eletvedok,2,live,link,,
inczebelalegionarius,giohungaria,2,live,link,,
inczebelalegionarius,hungaria,2,live,link,,
inczebelalegionarius,jobbszelso,2,live,link,,
infodeutschoesterreich,deutschoesterreich3,2,live,link,,
infodeutschoesterreich,nation_europa,2,live,link,,
infodeutschoesterreich,nationeu_bot,2,live,link,,
infodeutschoesterreich,ussballassis,2,live,link,,
infuriatiroma,bssardegna,2,live,link,,
irmhild_bossdorf,freilichmagazin,2,live,link,,
irmhild_bossdorf,marykhanafd,2,live,link,,
irmhild_bossdorf,obertteske,2,live,link,,
irmhild_bossdorf,robertteske,2,live,link,,
jn_aktioneuropa,n_aktioneuropa,2,live,link,,
jn_mup,gefangenenhilfe,2,live,link,,
jn_mup,jn_th,2,live,link,,
jn_mup,turmzeichen,2,live,link,,
jn_sachsen_anhalt,forumgermanum,2,live,link,,
jn_sachsen_anhalt,harzverteidigen,2,live,link,,
jn_th,ungenationalisten,2,live,link,,
jn_westverband,genationalisten,2,live,link,,
jn_westverband,mundsrechte,2,live,link,,
jn_westverband,n_aktioneuropa,2,live,link,,
jn_westverband,rossmueller_dissident,2,live,link,,
jndortmund,forumgermanum,2,live,link,,
jndortmund,jn_westverband,2,live,link,,
jnhessen,forumgermanum,2,live,link,,
jnhessen,pfalz_revolte,2,live,link,,
jnhessen,ungenationalisten,2,live,link,,
jungenationalisten,braunschweigverteidigen,2,live,link,,
jungenationalisten,forumgermanum,2,live,link,,
jungenationalisten,genationalisten,2,live,link,,
jungenationalisten,harzverteidigen,2,live,link,,
jungenationalisten,heimatsachsenanhalt,2,live,link,,
jungenationalisten,imatnrw,2,live,link,,
jungenationalisten,matnrw,2,live,link,,
jungenationalisten,ortmundsrechte,2,live,link,,
jungenationalisten,rossmueller_dissident,2,live,link,,
jungenationalisten,turmzeichen,2,live,link,,
jungenationalisten,ungenationalisten,2,live,link,,
jungetat,action_radar_europe,2,live,link,,
jungetat,vorstadtaktivist,2,live,link,,
jungeuropa,marvintneumann,2,live,link,,
jungeuropa,skototaxis,2,live,link,,
justinbarrett,celticeurope,2,live,link,,
justinbarrett,christofascism,2,live,link,,
justinbarrett,europeansocialism,2,live,link,,
justinbarrett,hristofascism,2,live,link,,
justinbarrett,the_new_way_national_socialist,2,live,link,,
justinbarrett,theoffalyoffensive,2,live,link,,
justinbarrett,tomsewelluncensored,2,live,link,,
kavalier_nds,auf1tv,2,live,link,,
kavalier_nds,dresden_gedenken,2,live,link,,
kavalier_nds,rototelegram,2,live,link,,
kavalier_nds,sturmzeichen,2,live,link,,
kdn2013,balaclavagraphics,2,live,link,,
kdn2013,blklgnwear,2,live,link,,
kdn2013,harzverteidigen,2,live,link,,
kdn2013,homefrontsince2021,2,live,link,,
kdn2013,pcrecords,2,live,link,,
kdn2013,sturmzeichen,2,live,link,,
kdn2013,wilhelmkachel,2,live,link,,
kdn2013,wolfpmsoffiziell,2,live,link,,
kgxpr,eisernesgebet,2,live,link,,
kgxpr,frontrecords,2,live,link,,
klanfc,gorillabet_ua,2,live,link,,
lauratowler,modernpolitics,2,live,link,,
lauratowler,pox_populi,2,live,link,,
lauratowler,stevelaws19,2,live,link,,
lauratowler,ukcolumn,2,live,link,,
legionbulgaria,natsquads,2,live,link,,
leisnig,apolut,2,live,link,,
leisnig,balaclavagraphics,2,live,link,,
leisnig,kulturstudio,2,live,link,,
leisnig,schreiberklagtan,2,live,link,,
lukovmarch,lansquenetscontact_bot,2,live,link,,
lukovmarch,les_lansquenets,2,live,link,,
lukovmarch,mladezhi,2,live,link,,
markacollett,disclosetv,2,live,link,,
markacollett,ihypocritical,2,live,link,,
markacollett,judgesmorecult,2,live,link,,
markacollett,megatron_ron,2,live,link,,
markacollett,realblaircottrell,2,live,link,,
markacollett,samyorkshire,2,live,link,,
miesenews,clauscremernrw,2,live,link,,
miesenews,dorsachse2025,2,live,link,,
miesenews,endstufeoffiziell,2,live,link,,
miesenews,frontmusik,2,live,link,,
miesenews,juleshatesfrank,2,live,link,,
miesenews,ortmundsrechte,2,live,link,,
miesenews,rebelrecordscb,2,live,link,,
miesenews,stereotyp_band,2,live,link,,
mr_marcus_fuchs,auf1tv,2,live,link,,
mr_marcus_fuchs,demokratischerwiderstand,2,live,link,,
mr_marcus_fuchs,demoverein,2,live,link,,
mr_marcus_fuchs,dresden_gedenken,2,live,link,,
mr_marcus_fuchs,michael_hauke,2,live,link,,
mr_marcus_fuchs,paulbrandenburg,2,live,link,,
mr_marcus_fuchs,s_fuchs,2,live,link,,
mr_marcus_fuchs,us_fuchs,2,live,link,,
multipolarpress,maindupdates,2,live,link,,
multipolarpress,rossmueller_dissident,2,live,link,,
natsquads,activeclubfinland,2,live,link,,
natsquads,activeclublisboa,2,live,link,,
natsquads,activeclubportoxiv,2,live,link,,
natsquads,antithule,2,live,link,,
natsquads,atlanticyouth,2,live,link,,
natsquads,bnsiyi,2,live,link,,
natsquads,d3wbadenwuerttemberg,2,live,link,,
natsquads,dievryburgerbeweging,2,live,link,,
natsquads,iteyouthinrevolt,2,live,link,,
natsquads,levskisofiascarves,2,live,link,,
natsquads,nationalist13,2,live,link,,
natsquads,northeastaction,2,live,link,,
natsquads,paxactiveclub,2,live,link,,
natsquads,secondsonscanada,2,live,link,,
natsquads,southernsaxon,2,live,link,,
natsquads,tomsewelluncensored,2,live,link,,
natsquads,vlaamsnationaalfront,2,live,link,,
natsquads,whiteyouthinrevolt,2,live,link,,
natsquads,will2riseclothing,2,live,link,,
natsquads,windenland,2,live,link,,
natsquads,wncpoland,2,live,link,,
niederlausitzinfo,compactmagazin,2,live,link,,
niederlausitzinfo,sicherheitshinweise,2,live,link,,
oberelbe,alternativemedien,2,live,link,,
oberelbe,compactmagazin,2,live,link,,
oberelbe,corona_reset,2,live,link,,
oberelbe,dresden_gedenken,2,live,link,,
oberelbe,echtenachrichten,2,live,link,,
oberelbe,gesperrtbrd,2,live,link,,
oberelbe,infrarotmediensicht,2,live,link,,
oberelbe,medienzensur,2,live,link,,
oberelbe,metapedia_deutsch,2,live,link,,
oberelbe,news_world_international,2,live,link,,
oberelbe,niusde,2,live,link,,
oberelbe,protestkoenig,2,live,link,,
oberelbe,prozessbeobachter,2,live,link,,
oberelbe,zeitschrift_sezession,2,live,link,,
pcrecords,diesoehnepotsdams,2,live,link,,
pcrecords,ein_prozent,2,live,link,,
pcrecords,realtwentyfouraces,2,live,link,,
pcrecords,rockhate,2,live,link,,
pcrecords,sicherheitshinweise,2,live,link,,
pcrecords,skumshot,2,live,link,,
pcrecords,sturmzeichen,2,live,link,,
penigstehtauf,bauern_verbraucher_geeint_kanal,2,live,link,,
penigstehtauf,leuchtturmard,2,live,link,,
penigstehtauf,machenstattmeckern,2,live,link,,
penigstehtauf,projektm1llion,2,live,link,,
peterschreiber,freiesachsen_dresden,2,live,link,,
peterschreiber,ichaelbrueck90,2,live,link,,
peterschreiber,martin_sellner,2,live,link,,
peterschreiber,michaelbrueck90,2,live,link,,
peterschreiber,triagedichtung,2,live,link,,
prototelegram,martinsellnerib,2,live,link,,
prototelegram,rototelegram,2,live,link,,
qd351,allesaussermainstream,2,live,link,,
qd351,anettgatzka,2,live,link,,
qd351,antiilluminaten,2,live,link,,
qd351,apollonews_de,2,live,link,,
qd351,brandenburgtvinfo,2,live,link,,
qd351,compactmagazin,2,live,link,,
qd351,cus_fuchs,2,live,link,,
qd351,derbuechershop,2,live,link,,
qd351,lionmedianews,2,live,link,,
qd351,lionmediatv,2,live,link,,
qd351,marcelbarzbackup,2,live,link,,
qd351,markmobil,2,live,link,,
qd351,meinednews,2,live,link,,
qd351,mwgfd_kanal,2,live,link,,
qd351,paulbrandenburg,2,live,link,,
qd351,peterhah_ne,2,live,link,,
qd351,reinerfuellmich,2,live,link,,
qd351,rolf_kron,2,live,link,,
qd351,s_fuchs,2,live,link,,
qd351,stefanmagnet,2,live,link,,
qd351,tkp_news,2,live,link,,
realblaircottrell,britishaustraliancommunity,2,live,link,,
realblaircottrell,disclosetv,2,live,link,,
realblaircottrell,eallanddownunder,2,live,link,,
realblaircottrell,megatron_ron,2,live,link,,
realblaircottrell,middle_east_spectator,2,live,link,,
realblaircottrell,rediceuncensored,2,live,link,,
rediceuncensored,colewolfsson,2,live,link,,
rediceuncensored,insiderpaper,2,live,link,,
rediceuncensored,jeremymackenzieca,2,live,link,,
rediceuncensored,markacollett,2,live,link,,
rediceuncensored,memecannons88,2,live,link,,
rediceuncensored,ravenfolk,2,live,link,,
rediceuncensored,rnintel,2,live,link,,
rediceuncensored,rossmueller_dissident,2,live,link,,
rockhate,ahnenblut,2,live,link,,
rockhate,clauscremernrw,2,live,link,,
rockhate,dortmundsrechte,2,live,link,,
rockhate,frontmagazin,2,live,link,,
rockhate,heimat2023,2,live,link,,
rockhate,jn_westverband,2,live,link,,
rockhate,jungenationalisten,2,live,link,,
rockhate,kdn2013,2,live,link,,
rockhate,mundsrechte,2,live,link,,
rockhate,netzradiogermania,2,live,link,,
rockhate,odessa1995,2,live,link,,
rockhate,oposrecords,2,live,link,,
rockhate,schmidtkeswelt,2,live,link,,
rockhate,sicksocietyband,2,live,link,,
rockhate,sub_version_production,2,live,link,,
rossmueller,freiesachsen,2,live,link,,
rossmueller,sturmzeichen,2,live,link,,
rossmueller,talahon_weg,2,live,link,,
rossmueller_dissident,opolitics,2,live,link,,
samyorkshire,gearoidmurphy,2,live,link,,
samyorkshire,huwhitepapers,2,live,link,,
samyorkshire,nathandamigo,2,live,link,,
samyorkshire,nochanceyt,2,live,link,,
samyorkshire,oldesycamore,2,live,link,,
samyorkshire,revjamescostello,2,live,link,,
samyorkshire,stevelaws19,2,live,link,,
samyorkshire,tolerantfellowgram,2,live,link,,
samyorkshire,traditionalbritaingroup,2,live,link,,
schmidtkeswelt,fabianjankafd,2,live,link,,
schmidtkeswelt,freiesachsen,2,live,link,,
schmidtkeswelt,hannes,2,live,link,,
schmidtkeswelt,lebensart_survival,2,live,link,,
schmidtkeswelt,vollmarcant,2,live,link,,
schmidtkeswelt,weichreite,2,live,link,,
schreiberklagtan,dekurier,2,live,link,,
schreiberklagtan,heimat2023,2,live,link,,
schreiberklagtan,mr_marcus_fuchs,2,live,link,,
schreiberklagtan,protestkoenig,2,live,link,,
senderfreiessachsen,alexanderputzschke,2,live,link,,
senderfreiessachsen,aufgewachtonline,2,live,link,,
senderfreiessachsen,compactmagazin,2,live,link,,
senderfreiessachsen,mr_marcus_fuchs,2,live,link,,
senderfreiessachsen,oho11,2,live,link,,
stefantrautmanndl,frontdienst,2,live,link,,
stefantrautmanndl,jahnatal,2,live,link,,
stefantrautmanndl,schreiberklagtan,2,live,link,,
stimme_der_wahrheit,deutschedd,2,live,link,,
stimme_der_wahrheit,diesprachedergoetter,2,live,link,,
stimme_der_wahrheit,metapedia_deutsch,2,live,link,,
sturmzeichen,derdritteblickwinkel,2,live,link,,
sturmzeichen,ein_prozent,2,live,link,,
sturmzeichen,gefangenenhilfe,2,live,link,,
sturmzeichen,jungenationalisten,2,live,link,,
sturmzeichen,jungeuropa,2,live,link,,
sturmzeichen,liedermacherfylgien,2,live,link,,
sturmzeichen,mundsrechte,2,live,link,,
sturmzeichen,mzeichen,2,live,link,,
sturmzeichen,rockhate,2,live,link,,
sturmzeichen,stahlgewitter_offiziell,2,live,link,,
sturmzeichen,wie_gesagt,2,live,link,,
the_woodlander,bloodypiratepresents,2,live,link,,
the_woodlander,devonstack,2,live,link,,
the_woodlander,mw_superchat_bot,2,live,link,,
the_woodlander,piratesoffgridhomestead,2,live,link,,
the_woodlander,redicetv,2,live,link,,
the_woodlander,the_woodlander_initiative,2,live,link,,
the_woodlander,thewessexnomad,2,live,link,,
the_woodlander,ukcolumn,2,live,link,,
theresia_brand,sturmzeichen,2,live,link,,
tommyfrenck,druck18,2,live,link,,
unitynewsnetwork,deliveringliberty,2,live,link,,
widerstandinaktion,doebeln,2,live,link,,
widerstandinaktion,heimat2023,2,live,link,,
widerstandinaktion,schreiberklagtan,2,live,link,,
wilhelmkachel,rogerbeckamp,2,live,link,,
wolfpmsoffiziell,castellaurora,2,live,link,,
wolfpmsoffiziell,ein_prozent,2,live,link,,
wolfpmsoffiziell,galstarr,2,live,link,,
wolfpmsoffiziell,zentrum_chemnitz,2,live,link,,
wwbrex,blutzeugen1894,2,live,link,,
wwbrex,miesenews,2,live,link,,
wwbrex,pcrecords,2,live,link,,
wwbrex,schmidtkeswelt,2,live,link,,
wwbrex,stahlgewitter_offiziell,2,live,link,,
youthfront,cdevenireuropeo,2,live,link,,
youthfront,comitedu9mai,2,live,link,,
youthfront,forteresseeurope,2,live,link,,
youthfront,nationalistesfr,2,live,link,,
youthfront,zboraska_omladina,2,live,link,,
zukunfthbs,nuoviso,2,live,link,,
acdevenireuropeo,aagendadeloso,1,live,link,,
acdevenireuropeo,comitedu9mai,1,live,link,,
acdevenireuropeo,laagendadeloso,1,live,link,,
acdevenireuropeo,oboz1934,1,live,link,,
acdevenireuropeo,surfing_thekaliyuga,1,live,link,,
acdevenireuropeo,unmundofeliz30,1,live,link,,
acdevenireuropeo,wbgda,1,live,link,,
acdevenireuropeo,youthfront,1,live,link,,
activeclubuncensored,ac_directory2,1,live,link,,
activeclubuncensored,acdcontact,1,live,link,,
activeclubuncensored,acserbia,1,live,link,,
activeclubuncensored,activeclubbulgaria,1,live,link,,
activeclubuncensored,activeclubdk,1,live,link,,
activeclubuncensored,activeclubestonia,1,live,link,,
activeclubuncensored,activeclubfinland,1,live,link,,
activeclubuncensored,activeclubhellas,1,live,link,,
activeclubuncensored,activeclublondon2,1,live,link,,
activeclubuncensored,activeclubportoxiv,1,live,link,,
activeclubuncensored,activeclubromandia,1,live,link,,
activeclubuncensored,activeclubyorkshire2,1,live,link,,
activeclubuncensored,activetampereofficial,1,live,link,,
activeclubuncensored,acwesterz,1,live,link,,
activeclubuncensored,aktivklubb_sverige2,1,live,link,,
activeclubuncensored,aktivklubbskane,1,live,link,,
activeclubuncensored,aktivklubbsmaland,1,live,link,,
activeclubuncensored,alamoyouth,1,live,link,,
activeclubuncensored,albionyouthclub,1,live,link,,
activeclubuncensored,alohayouth,1,live,link,,
activeclubuncensored,atlanticyouth,1,live,link,,
activeclubuncensored,atreiacale,1,live,link,,
activeclubuncensored,aycdirectory,1,live,link,,
activeclubuncensored,azatro,1,live,link,,
activeclubuncensored,bigskyac_uncensor3d,1,live,link,,
activeclubuncensored,caledoniaclubcontact,1,live,link,,
activeclubuncensored,capitalxac,1,live,link,,
activeclubuncensored,capitalxac_contact,1,live,link,,
activeclubuncensored,casusbelli2021,1,live,link,,
activeclubuncensored,cflac_vetting,1,live,link,,
activeclubuncensored,chesapeakeactiveclub,1,live,link,,
activeclubuncensored,chesapeakevetting,1,live,link,,
activeclubuncensored,chesapeakeyouthofficial,1,live,link,,
activeclubuncensored,cig_telegram,1,live,link,,
activeclubuncensored,clubedelweiss,1,live,link,,
activeclubuncensored,comunidadidentitas,1,live,link,,
activeclubuncensored,contact,1,live,link,,
activeclubuncensored,contact_acdk,1,live,link,,
activeclubuncensored,ctiveclubfinland2,1,live,link,,
activeclubuncensored,ctiveclubromandia,1,live,link,,
activeclubuncensored,deeveecee,1,live,link,,
activeclubuncensored,desertdixieac,1,live,link,,
activeclubuncensored,ewenglandactiveclubofficial,1,live,link,,
activeclubuncensored,finland,1,live,link,,
activeclubuncensored,flactiveclubscontact,1,live,link,,
activeclubuncensored,flacvetting,1,live,link,,
activeclubuncensored,foreveralbion,1,live,link,,
activeclubuncensored,frontenacac,1,live,link,,
activeclubuncensored,gatewaypunditofficial,1,live,link,,
activeclubuncensored,germanozchannel,1,live,link,,
activeclubuncensored,great_plains_active_club,1,live,link,,
activeclubuncensored,greatlakesyouthofficial,1,live,link,,
activeclubuncensored,greatplainsyouth,1,live,link,,
activeclubuncensored,hateshop,1,live,link,,
activeclubuncensored,heartlandyouth,1,live,link,,
activeclubuncensored,hweizer_nationalisten,1,live,link,,
activeclubuncensored,iaclubcontact,1,live,link,,
activeclubuncensored,imperaregnvm1888,1,live,link,,
activeclubuncensored,inczebelalegionarius,1,live,link,,
activeclubuncensored,inland,1,live,link,,
activeclubuncensored,iveclubfin,1,live,link,,
activeclubuncensored,kalinatyouth,1,live,link,,
activeclubuncensored,knydirectory,1,live,link,,
activeclubuncensored,komitet212,1,live,link,,
activeclubuncensored,lacagoule85,1,live,link,,
activeclubuncensored,love2fish14,1,live,link,,
activeclubuncensored,macondissidence,1,live,link,,
activeclubuncensored,maineactiveclub,1,live,link,,
activeclubuncensored,media2rise,1,live,link,,
activeclubuncensored,midwesternyouth,1,live,link,,
activeclubuncensored,minnesota_active_club_chat,1,live,link,,
activeclubuncensored,minnesotaactiveclub,1,live,link,,
activeclubuncensored,morianatio,1,live,link,,
activeclubuncensored,natio,1,live,link,,
activeclubuncensored,nationalist_network,1,live,link,,
activeclubuncensored,nationalist13,1,live,link,,
activeclubuncensored,nebraska_active_club,1,live,link,,
activeclubuncensored,newenglandyouth,1,live,link,,
activeclubuncensored,niaclubcontact,1,live,link,,
activeclubuncensored,nordlandpl,1,live,link,,
activeclubuncensored,nouvelle_alliance_qc,1,live,link,,
activeclubuncensored,novanow,1,live,link,,
activeclubuncensored,nsfronta,1,live,link,,
activeclubuncensored,ntact_acdk,1,live,link,,
activeclubuncensored,oboz1934,1,live,link,,
activeclubuncensored,orianatio2,1,live,link,,
activeclubuncensored,pacificnorthwestyouth,1,live,link,,
activeclubuncensored,palmettoactiveclub,1,live,link,,
activeclubuncensored,panzersupporters,1,live,link,,
activeclubuncensored,poleconnect,1,live,link,,
activeclubuncensored,rianatio2,1,live,link,,
activeclubuncensored,rjactiveclub,1,live,link,,
activeclubuncensored,sagebrushyouth,1,live,link,,
activeclubuncensored,serbiadivision,1,live,link,,
activeclubuncensored,serbiandivision,1,live,link,,
activeclubuncensored,slavicblood2024,1,live,link,,
activeclubuncensored,smokymountainac,1,live,link,,
activeclubuncensored,sonscolumbia,1,live,link,,
activeclubuncensored,southdakotaactiveclub,1,live,link,,
activeclubuncensored,southwestyouth,1,live,link,,
activeclubuncensored,sportolohazafi,1,live,link,,
activeclubuncensored,streetsfightclub,1,live,link,,
activeclubuncensored,tac_arizona_3,1,live,link,,
activeclubuncensored,the_new_way_national_socialist,1,live,link,,
activeclubuncensored,tiveclubedelweiss,1,live,link,,
activeclubuncensored,tiveclubfinland2,1,live,link,,
activeclubuncensored,trimalchionationalistedits,1,live,link,,
activeclubuncensored,ulsteryouthclub,1,live,link,,
activeclubuncensored,wasatchactiveclub,1,live,link,,
activeclubuncensored,wbgda,1,live,link,,
activeclubuncensored,weizer_nationalisten,1,live,link,,
activeclubuncensored,wlm_usa_pennsylvania,1,live,link,,
activeclubuncensored,wolvenrad2,1,live,link,,
activeclubuncensored,wzrd_xiv,1,live,link,,
activeclubuncensored,youthfront,1,live,link,,
activeclubuncensored,zoomerwaffenx,1,live,link,,
agjugend,deriiiwegpfalz,1,live,link,,
agjugend,deriiiwegspmuenchenoberbayern,1,live,link,,
agjugend,drittewegburgenlandkreis,1,live,link,,
agjugend,luminisparis,1,live,link,,
agjugend,patriotfrontsightings,1,live,link,,
agjugend,pfalzkanal,1,live,link,,
agjugend,schmierfink_propaganda,1,live,link,,
appell_jn,appel_jn,1,live,link,,
asu1kmu,alexanderputzschke,1,live,link,,
asu1kmu,alexwallasch,1,live,link,,
asu1kmu,auf1tv,1,live,link,,
asu1kmu,beitragsblocker,1,live,link,,
asu1kmu,busfahrerthomas,1,live,link,,
asu1kmu,compactmagazin,1,live,link,,
asu1kmu,erdkundetermine,1,live,link,,
asu1kmu,freie_erzgebirger,1,live,link,,
asu1kmu,freiheitskanzlei,1,live,link,,
asu1kmu,lsauf,1,live,link,,
asu1kmu,michaelmeyen,1,live,link,,
asu1kmu,oberelbe,1,live,link,,
asu1kmu,oho11,1,live,link,,
asu1kmu,penigstehtauf,1,live,link,,
asu1kmu,peterschreiber,1,live,link,,
asu1kmu,prochemnitz,1,live,link,,
asu1kmu,rundfunkalarm,1,live,link,,
asu1kmu,soldaten_reservisten,1,live,link,,
asu1kmu,striegistalerwiesenei,1,live,link,,
asu1kmu,timmkellner,1,live,link,,
asu1kmu,xaviers_telegramx,1,live,link,,
asu1kmu,zentrumautomobil,1,live,link,,
athenscene,athens131,1,live,link,,
athenscene,athenseditionbot,1,live,link,,
athenscene,canalnatio,1,live,link,,
athenscene,club451,1,live,link,,
athenscene,henseditionbot,1,live,link,,
athenscene,ioaautonomous88,1,live,link,,
athenscene,mitedu9mai,1,live,link,,
athenscene,notreds_bot,1,live,link,,
athenscene,oml451_bot,1,live,link,,
athenscene,opatriafightclub,1,live,link,,
athenscene,redangers,1,live,link,,
athenscene,ultrasnotreds8,1,live,link,,
athenscene,ultrasnotreds81,1,live,link,,
athenscene,wbsthlm,1,live,link,,
auf1tv,jahnteam,1,live,link,,
aufgewachtonline,antifaaufklaerung,1,live,link,,
aufgewachtonline,apollonews_de,1,live,link,,
aufgewachtonline,clauscremernrw,1,live,link,,
aufgewachtonline,danijelsheran,1,live,link,,
aufgewachtonline,demokratischerwiderstand,1,live,link,,
aufgewachtonline,ericdaughertychannel,1,live,link,,
aufgewachtonline,ignazbearth,1,live,link,,
aufgewachtonline,invictuslex,1,live,link,,
aufgewachtonline,jungenationalisten,1,live,link,,
aufgewachtonline,kommunalfin,1,live,link,,
aufgewachtonline,maeklegutelaune,1,live,link,,
aufgewachtonline,martinlichtmesz,1,live,link,,
aufgewachtonline,martinsellnervideos,1,live,link,,
aufgewachtonline,neuesausrussland,1,live,link,,
aufgewachtonline,newresistance,1,live,link,,
aufgewachtonline,qlobalchange,1,live,link,,
aufgewachtonline,rechtskampf,1,live,link,,
aufgewachtonline,reimondhoffmannafd,1,live,link,,
aufgewachtonline,schmidtkeswelt,1,live,link,,
aufgewachtonline,stahlgewitter_offiziell,1,live,link,,
aufgewachtonline,stefanhomburgoffiziel,1,live,link,,
ausvstheagenda,noticernews,1,live,link,,
balaclavagraphics,activeclub_ger,1,live,link,,
balaclavagraphics,activeclubger,1,live,link,,
balaclavagraphics,diesoehnepotsdams,1,live,link,,
balaclavagraphics,eichsfeldrevolte,1,live,link,,
balaclavagraphics,freie_mittelsachsen,1,live,link,,
balaclavagraphics,freiesachsen_leisnig,1,live,link,,
balaclavagraphics,hartungstefan,1,live,link,,
balaclavagraphics,herrenzimmer,1,live,link,,
balaclavagraphics,litaernews,1,live,link,,
balaclavagraphics,prochemnitz,1,live,link,,
balaclavagraphics,rmzeichen,1,live,link,,
balaclavagraphics,schreiberklagtan,1,live,link,,
balaclavagraphics,sicherheitshinweise,1,live,link,,
balaclavagraphics,taernews,1,live,link,,
balaclavagraphics,tfr14,1,live,link,,
balaclavagraphics,urmzeichen,1,live,link,,
balaclavagraphics,whiterebelshop,1,live,link,,
balaclavagraphics,wie_gesagt,1,live,link,,
benediktkaiser,afd_thl,1,live,link,,
benediktkaiser,afdeu,1,live,link,,
benediktkaiser,afdthueringen,1,live,link,,
benediktkaiser,auf1tv,1,live,link,,
benediktkaiser,christian_zaum_afd,1,live,link,,
benediktkaiser,christopherdroesslerafd,1,live,link,,
benediktkaiser,compactmagazin,1,live,link,,
benediktkaiser,danielhaseloffafd,1,live,link,,
benediktkaiser,dekurier,1,live,link,,
benediktkaiser,franzschmidafd,1,live,link,,
benediktkaiser,generationsachsen,1,live,link,,
benediktkaiser,hristopherdroesslerafd,1,live,link,,
benediktkaiser,iliarchande,1,live,link,,
benediktkaiser,irmhild_bossdorf,1,live,link,,
benediktkaiser,joernhoeckeafd,1,live,link,,
benediktkaiser,melaniebergerafd,1,live,link,,
benediktkaiser,moellerth,1,live,link,,
benediktkaiser,nach_vorn,1,live,link,,
benediktkaiser,tomaszfroelich,1,live,link,,
benediktkaiser,wahlen_de,1,live,link,,
benediktkaiser,wolfpmsoffiziell,1,live,link,,
blickpunkttv,ckpunkttv,1,live,link,,
blickpunkttv,punkttv,1,live,link,,
blklgnwear,aktivkleber,1,live,link,,
blklgnwear,alexkdn,1,live,link,,
blklgnwear,b_version_production,1,live,link,,
blklgnwear,blacklegion,1,live,link,,
blklgnwear,blkignwear,1,live,link,,
blklgnwear,defranceoff,1,live,link,,
blklgnwear,efranceoff,1,live,link,,
blklgnwear,franceoff,1,live,link,,
blklgnwear,gnwear,1,live,link,,
blklgnwear,idefranc,1,live,link,,
blklgnwear,kdn2103,1,live,link,,
blklgnwear,kzshs,1,live,link,,
blklgnwear,legiohungaria,1,live,link,,
blklgnwear,lgnwear,1,live,link,,
blklgnwear,lklgnwear,1,live,link,,
blklgnwear,mpfgemei,1,live,link,,
blklgnwear,ombaat_nonkonformist_rap,1,live,link,,
blklgnwear,pridefranceoff,1,live,link,,
blklgnwear,resistend,1,live,link,,
blklgnwear,schaft,1,live,link,,
blklgnwear,ub_version_production,1,live,link,,
blklgnwear,ugendblockbautzen,1,live,link,,
bnsiyi,decommunizationbg,1,live,link,,
bnsiyi,inczebelalegionarius,1,live,link,,
bnsiyi,jungenationalisten,1,live,link,,
bnsiyi,mladezhi,1,live,link,,
bnsiyi,n_reporter,1,live,link,,
bnsiyi,natsquads,1,live,link,,
braunschweigverteidigen,aunschweigverteidigen,1,live,link,,
braunschweigverteidigen,azatro,1,live,link,,
braunschweigverteidigen,clownswelt,1,live,link,,
braunschweigverteidigen,deutschedd,1,live,link,,
braunschweigverteidigen,dieheimat,1,live,link,,
braunschweigverteidigen,dn2013,1,live,link,,
braunschweigverteidigen,frontdienst,1,live,link,,
braunschweigverteidigen,fussballassis,1,live,link,,
braunschweigverteidigen,gefangenenhilfe,1,live,link,,
braunschweigverteidigen,germaniaversand,1,live,link,,
braunschweigverteidigen,grimbart_studio,1,live,link,,
braunschweigverteidigen,heimatnds,1,live,link,,
braunschweigverteidigen,heimatsachsenanhalt,1,live,link,,
braunschweigverteidigen,jn_sachsen_anhalt,1,live,link,,
braunschweigverteidigen,jn_th,1,live,link,,
braunschweigverteidigen,jn_voran,1,live,link,,
braunschweigverteidigen,kdn2013,1,live,link,,
braunschweigverteidigen,meinungsverbrechen,1,live,link,,
braunschweigverteidigen,mkdnds,1,live,link,,
braunschweigverteidigen,mundsrechte,1,live,link,,
braunschweigverteidigen,ndsmusikvideos,1,live,link,,
braunschweigverteidigen,ortmundsrechte,1,live,link,,
braunschweigverteidigen,peterschreiber,1,live,link,,
braunschweigverteidigen,prphellas,1,live,link,,
braunschweigverteidigen,sturmzeichen,1,live,link,,
braunschweigverteidigen,urmzeichen,1,live,link,,
clauscremernrw,eimatsachsenanhalt,1,live,link,,
clauscremernrw,ernrw,1,live,link,,
clauscremernrw,forteresseeurope,1,live,link,,
clauscremernrw,forumgermanum,1,live,link,,
clauscremernrw,genationalisten,1,live,link,,
clauscremernrw,imat2023,1,live,link,,
clauscremernrw,imatnrw,1,live,link,,
clauscremernrw,iriran_military,1,live,link,,
clauscremernrw,leagueofpaladins,1,live,link,,
clauscremernrw,mernrw,1,live,link,,
clauscremernrw,n_aktioneuropa,1,live,link,,
clauscremernrw,nationalisten,1,live,link,,
clauscremernrw,nczebelalegionarius,1,live,link,,
clauscremernrw,ndsrechte,1,live,link,,
clauscremernrw,nickgriffin,1,live,link,,
clauscremernrw,nouadreapta,1,live,link,,
clauscremernrw,ortmundsrechte,1,live,link,,
clauscremernrw,punkttv,1,live,link,,
clauscremernrw,rheinlandverteidigen,1,live,link,,
clauscremernrw,rockhate,1,live,link,,
clauscremernrw,undsrechte,1,live,link,,
comitedu9mai,c9m_admin,1,live,link,,
comitedu9mai,comite_du_9_mai,1,live,link,,
comitedu9mai,infuriatiroma,1,live,link,,
comitedu9mai,stcasual3e,1,live,link,,
comitedu9mai,tedu9mai,1,live,link,,
ddirekt,auf1tv,1,live,link,,
ddirekt,carolinbachmann,1,live,link,,
ddirekt,dekurier,1,live,link,,
ddirekt,ernhoeckeafd,1,live,link,,
ddirekt,generationsachsen,1,live,link,,
ddirekt,horst_und_berta,1,live,link,,
ddirekt,joinchat,1,live,link,,
ddirekt,juergenpohlafd,1,live,link,,
ddirekt,klausessernrw,1,live,link,,
ddirekt,obertteske,1,live,link,,
ddirekt,phoenixfunk,1,live,link,,
ddirekt,robertteske,1,live,link,,
ddirekt,studentenstehenauf_dresden,1,live,link,,
decommunizationbg,azacombat,1,live,link,,
decommunizationbg,estcasual3,1,live,link,,
decommunizationbg,estcasual4,1,live,link,,
decommunizationbg,ltrasnotreds2,1,live,link,,
decommunizationbg,mladezhi,1,live,link,,
decommunizationbg,n_reporter,1,live,link,,
decommunizationbg,ouestcasual3e,1,live,link,,
decommunizationbg,ratnik_bulgaria,1,live,link,,
decommunizationbg,treds_bot,1,live,link,,
decommunizationbg,ultrasnotreds81,1,live,link,,
derappell,appell_jn,1,live,link,,
derappell,erappell,1,live,link,,
derappell,erblehre,1,live,link,,
derappell,rappell,1,live,link,,
derdritteblickwinkel,aernews,1,live,link,,
derdritteblickwinkel,aktiv_stil,1,live,link,,
derdritteblickwinkel,antifaaufklaerung,1,live,link,,
derdritteblickwinkel,antizeitgeist,1,live,link,,
derdritteblickwinkel,auf1tv,1,live,link,,
derdritteblickwinkel,avalongemeinschaft,1,live,link,,
derdritteblickwinkel,barbarossa_smgi,1,live,link,,
derdritteblickwinkel,conspiracyfactsdeutsch,1,live,link,,
derdritteblickwinkel,diestahlfeder,1,live,link,,
derdritteblickwinkel,dorissaynwittgenstein,1,live,link,,
derdritteblickwinkel,drspitzbart,1,live,link,,
derdritteblickwinkel,eahrens,1,live,link,,
derdritteblickwinkel,frankfranz,1,live,link,,
derdritteblickwinkel,gefangenenhilfe,1,live,link,,
derdritteblickwinkel,iamandrewahrens,1,live,link,,
derdritteblickwinkel,impfen_nicht_mit_uns,1,live,link,,
derdritteblickwinkel,kanal_resolut,1,live,link,,
derdritteblickwinkel,langeriii,1,live,link,,
derdritteblickwinkel,lebensglut,1,live,link,,
derdritteblickwinkel,maraswelt,1,live,link,,
derdritteblickwinkel,martinsellnerib,1,live,link,,
derdritteblickwinkel,mdurweiblichkeit,1,live,link,,
derdritteblickwinkel,mwgfd_kanal,1,live,link,,
derdritteblickwinkel,nach_vorn,1,live,link,,
derdritteblickwinkel,nautikaspeechoriginal,1,live,link,,
derdritteblickwinkel,ostseekrabbe_mv,1,live,link,,
derdritteblickwinkel,protectchildhood,1,live,link,,
derdritteblickwinkel,rechtskampf,1,live,link,,
derdritteblickwinkel,rossmueller_dissident,1,live,link,,
derdritteblickwinkel,schreiberklagtan,1,live,link,,
derdritteblickwinkel,traukeinempromioffiziell,1,live,link,,
derdritteblickwinkel,un_agenda_2030,1,live,link,,
derdritteblickwinkel,vgkev,1,live,link,,
derdritteblickwinkel,vigilantfox,1,live,link,,
derdritteblickwinkel,weden_asatru_brauchtumsladen,1,live,link,,
derdritteblickwinkel,weden_asatru_kanal,1,live,link,,
derdritteblickwinkel,weimaroffiziell,1,live,link,,
derdritteblickwinkel,wirbleibendeutsch,1,live,link,,
derdrittewegvogtland,agkoerperundgeist,1,live,link,,
derdrittewegvogtland,arbeiterkampftag,1,live,link,,
derdrittewegvogtland,der_weltanschauungspodcast,1,live,link,,
derdrittewegvogtland,derdrittewegvogtand,1,live,link,,
derdrittewegvogtland,derdrittewegwesterwaldtaunus,1,live,link,,
derdrittewegvogtland,derdrittewegwestsachsen,1,live,link,,
derdrittewegvogtland,diiiw_mittelland,1,live,link,,
derdrittewegvogtland,erdeundzukunft,1,live,link,,
derdrittewegvogtland,jugendoberlausitz,1,live,link,,
derdrittewegvogtland,jugendoberlausitzkontakt,1,live,link,,
derdrittewegvogtland,stuetzpunkteberlinbrandenburg,1,live,link,,
deutschedd,deustchedd,1,live,link,,
deutschestimmemagazin,antifaaufklaerung,1,live,link,,
deutschestimmemagazin,antizeitgeist,1,live,link,,
deutschestimmemagazin,apollonews_de,1,live,link,,
deutschestimmemagazin,bruno_wolters,1,live,link,,
deutschestimmemagazin,clauscremernrw,1,live,link,,
deutschestimmemagazin,demokratischerwiderstand,1,live,link,,
deutschestimmemagazin,deutsche_tageschroniken,1,live,link,,
deutschestimmemagazin,docbrandenburg,1,live,link,,
deutschestimmemagazin,ericdaughertychannel,1,live,link,,
deutschestimmemagazin,europeeditor,1,live,link,,
deutschestimmemagazin,fmachl,1,live,link,,
deutschestimmemagazin,freiegreizer,1,live,link,,
deutschestimmemagazin,freiesachsen_dresden,1,live,link,,
deutschestimmemagazin,freiesachsen_leisnig,1,live,link,,
deutschestimmemagazin,haintz_medialaw,1,live,link,,
deutschestimmemagazin,hydracomicsdd,1,live,link,,
deutschestimmemagazin,ignazbearth,1,live,link,,
deutschestimmemagazin,info_direkt,1,live,link,,
deutschestimmemagazin,kommunalfin,1,live,link,,
deutschestimmemagazin,krautzone,1,live,link,,
deutschestimmemagazin,magnetstefan,1,live,link,,
deutschestimmemagazin,mayrhofer_raphael,1,live,link,,
deutschestimmemagazin,niusde,1,live,link,,
deutschestimmemagazin,nuoviso,1,live,link,,
deutschestimmemagazin,oliverjanich,1,live,link,,
deutschestimmemagazin,qlobalchange,1,live,link,,
deutschestimmemagazin,rechtskampf,1,live,link,,
deutschestimmemagazin,report24news,1,live,link,,
deutschestimmemagazin,rotundreal,1,live,link,,
deutschestimmemagazin,rtvooe,1,live,link,,
deutschestimmemagazin,schreiberklagtan,1,live,link,,
deutschestimmemagazin,sinetz,1,live,link,,
deutschestimmemagazin,soufisticated_official,1,live,link,,
deutschestimmemagazin,stahlgewitter_offiziell,1,live,link,,
deutschestimmemagazin,stefanhomburgoffiziel,1,live,link,,
deutschestimmemagazin,ungetruebtmedia,1,live,link,,
deutscheswarenhaus,atbrandenburg,1,live,link,,
deutscheswarenhaus,balaclava_graphics,1,live,link,,
deutscheswarenhaus,dieheimat,1,live,link,,
deutscheswarenhaus,disziplin2013,1,live,link,,
deutscheswarenhaus,flakdieband,1,live,link,,
deutscheswarenhaus,heimat2023,1,live,link,,
deutscheswarenhaus,heimatbrandenburg,1,live,link,,
deutscheswarenhaus,heimatsachsenanhalt,1,live,link,,
deutscheswarenhaus,jn_sachsen_anhalt,1,live,link,,
deutscheswarenhaus,jn_th,1,live,link,,
deutscheswarenhaus,jn_voran,1,live,link,,
deutscheswarenhaus,jungenationalisten,1,live,link,,
deutscheswarenhaus,npdbundesverband,1,live,link,,
deutscheswarenhaus,philvnflk,1,live,link,,
deutscheswarenhaus,sondershausen_geht_spazieren,1,live,link,,
dieheimatmv,atgespraeche,1,live,link,,
dieheimatmv,eheimatgespraeche,1,live,link,,
dieheimatmv,eimatgespraeche,1,live,link,,
dieheimatmv,heimar2023,1,live,link,,
dieheimatmv,heimatundidentitaet,1,live,link,,
dieheimatmv,imatgespraeche,1,live,link,,
dieheimatmv,leisnig,1,live,link,,
diskussion,adrianerossler,1,live,link,,
diskussion,aufstieg5doffiziell,1,live,link,,
diskussion,aufwachkanal_deine_rote_pille,1,live,link,,
diskussion,aussiecossack,1,live,link,,
diskussion,barucker,1,live,link,,
diskussion,bertha_schafferfx,1,live,link,,
diskussion,bitteltv,1,live,link,,
diskussion,corona_reset,1,live,link,,
diskussion,denk_futter,1,live,link,,
diskussion,der17stammtisch,1,live,link,,
diskussion,ellenhoelzer,1,live,link,,
diskussion,ennepe_ruhr_denkt_frei,1,live,link,,
diskussion,erbschaftssteuer,1,live,link,,
diskussion,european_dissident,1,live,link,,
diskussion,feuerwehrgemeinschaft,1,live,link,,
diskussion,frank_thelenf,1,live,link,,
diskussion,frank_thelenfx,1,live,link,,
diskussion,impfen_doku,1,live,link,,
diskussion,impfen_nein_danke,1,live,link,,
diskussion,impfschaede,1,live,link,,
diskussion,infowarslive,1,live,link,,
diskussion,kaiorak,1,live,link,,
diskussion,klarafxpro,1,live,link,,
diskussion,litics_prime,1,live,link,,
diskussion,martinschwab,1,live,link,,
diskussion,maximilian_trader,1,live,link,,
diskussion,mentor_markus_gabel,1,live,link,,
diskussion,mpowertranslations,1,live,link,,
diskussion,neuesausrussland,1,live,link,,
diskussion,nextleveloriginal,1,live,link,,
diskussion,node_of_time_en,1,live,link,,
diskussion,nordpol_2020,1,live,link,,
diskussion,olas_thomas,1,live,link,,
diskussion,patriotischestimmedeutschlands,1,live,link,,
diskussion,phantomschweiz,1,live,link,,
diskussion,politics_prime,1,live,link,,
diskussion,politischebilder,1,live,link,,
diskussion,profhockertz,1,live,link,,
diskussion,putingers_cat,1,live,link,,
diskussion,q_faktor_germany,1,live,link,,
diskussion,qlobalchange,1,live,link,,
diskussion,qplusplusplus,1,live,link,,
diskussion,qplusplusplus_news,1,live,link,,
diskussion,querd3nker49,1,live,link,,
diskussion,ra_funk,1,live,link,,
diskussion,ra_roehrig,1,live,link,,
diskussion,rechtsanwaeltin_beate_bahner,1,live,link,,
diskussion,rowland_holeman_official,1,live,link,,
diskussion,rowlandholeman_official,1,live,link,,
diskussion,russlandsdeutsche,1,live,link,,
diskussion,slavyangrad,1,live,link,,
diskussion,stefanlanka,1,live,link,,
diskussion,stfn_news,1,live,link,,
diskussion,thedurancom,1,live,link,,
diskussion,tomlausen,1,live,link,,
diskussion,trading_live1,1,live,link,,
diskussion,uncut_news,1,live,link,,
diskussion,unfrei_ohnemich,1,live,link,,
diskussion,welt_der_buecher,1,live,link,,
diskussion,welt_der_lustigen_videos,1,live,link,,
diskussion,welt_der_videos,1,live,link,,
dortmundsrechte,at2023,1,live,link,,
dortmundsrechte,balaclavamoe,1,live,link,,
dortmundsrechte,blickpunkttv,1,live,link,,
dortmundsrechte,blklgnwear,1,live,link,,
dortmundsrechte,cremernrw,1,live,link,,
dortmundsrechte,eimat2023,1,live,link,,
dortmundsrechte,eimatnrw,1,live,link,,
dortmundsrechte,ein_prozent,1,live,link,,
dortmundsrechte,estverband,1,live,link,,
dortmundsrechte,freiesachsen,1,live,link,,
dortmundsrechte,freilichmagazin,1,live,link,,
dortmundsrechte,genationalisten,1,live,link,,
dortmundsrechte,ichaelbrueck90,1,live,link,,
dortmundsrechte,imatnrw,1,live,link,,
dortmundsrechte,klebergegenlinks,1,live,link,,
dortmundsrechte,lickpunkttv,1,live,link,,
dortmundsrechte,michaelbrueck90,1,live,link,,
dortmundsrechte,mjoellnir_soehnegermaniens,1,live,link,,
dortmundsrechte,nationalisten,1,live,link,,
dortmundsrechte,niusde,1,live,link,,
dortmundsrechte,ortmundecho,1,live,link,,
dortmundsrechte,rheinlandverteidigen,1,live,link,,
dortmundsrechte,rmzeichen,1,live,link,,
dortmundsrechte,rockhate,1,live,link,,
dortmundsrechte,scremernrw,1,live,link,,
dortmundsrechte,srechte,1,live,link,,
dortmundsrechte,turmzeichen,1,live,link,,
dortmundsrechte,westverband,1,live,link,,
dortmundsrechte,wwbrex,1,live,link,,
dresden_gedenken,auf1tv,1,live,link,,
dresden_gedenken,aufgewachtonline,1,live,link,,
dresden_gedenken,balaclavamoe,1,live,link,,
dresden_gedenken,dresden2020,1,live,link,,
dresden_gedenken,fkproduktion,1,live,link,,
dresden_gedenken,freiesachsen_dresden,1,live,link,,
dresden_gedenken,heimatdo,1,live,link,,
dresden_gedenken,lutzig,1,live,link,,
dresden_gedenken,pcrecords,1,live,link,,
dresden_gedenken,stimme_der_wahrheit,1,live,link,,
dresden_gedenken,widerstandinaktion,1,live,link,,
dresden_spaziert,afdsachsen,1,live,link,,
dresden_spaziert,afdsaxlt,1,live,link,,
dresden_spaziert,berlin_245_infokanal,1,live,link,,
dresden_spaziert,destehtauf,1,live,link,,
dresden_spaziert,esreichtsachsen,1,live,link,,
dresden_spaziert,freedrbiancawitzschel,1,live,link,,
dresden_spaziert,fuchs,1,live,link,,
dresden_spaziert,larshuenich,1,live,link,,
dresden_spaziert,leuchtturmard,1,live,link,,
dresden_spaziert,lukreta,1,live,link,,
dresden_spaziert,lutherleaks,1,live,link,,
dresden_spaziert,querdenken_351,1,live,link,,
dresden_spaziert,r_marcus_fuchs,1,live,link,,
dresden_spaziert,rainerrothfuss,1,live,link,,
dresden_spaziert,resden_spaziert,1,live,link,,
dresden_spaziert,us_fuchs,1,live,link,,
dresden_spaziert,widerstandinaktion,1,live,link,,
dresden_spaziert,zaavv2021,1,live,link,,
eb_official,confindent_of_victory,1,live,link,,
eb_official,european_brotherhood,1,live,link,,
eb_official,europeanbrotherhoodhungary,1,live,link,,
eb_official,katastrof_a_r,1,live,link,,
eb_official,ouestcasual2,1,live,link,,
eb_official,pugilato14,1,live,link,,
eb_official,revalers,1,live,link,,
eb_official,ritornoacamelot,1,live,link,,
eb_official,verszerzodes,1,live,link,,
eb_official,whitelads,1,live,link,,
eb_official,zeta_phoenicis,1,live,link,,
eb_official,zeughaus,1,live,link,,
eichsfeldrevolte,dn2013,1,live,link,,
ein_prozent,bertteske,1,live,link,,
ein_prozent,einprozentvideos,1,live,link,,
ein_prozent,hcberndt,1,live,link,,
ein_prozent,ibsachsen,1,live,link,,
ein_prozent,identitaeredeutschland,1,live,link,,
ein_prozent,robertteske,1,live,link,,
ein_prozent,zachariasschalley,1,live,link,,
ein_prozent,zurlage,1,live,link,,
elblandrevolte,auf1tv,1,live,link,,
elblandrevolte,balaclavagraphics,1,live,link,,
elblandrevolte,braunschweigverteidigen,1,live,link,,
elblandrevolte,deutschestimmemagazin,1,live,link,,
elblandrevolte,dresden_gedenken,1,live,link,,
elblandrevolte,frontdienst,1,live,link,,
elblandrevolte,heimatsachsenanhalt,1,live,link,,
elblandrevolte,jn_voran,1,live,link,,
elblandrevolte,kdn2013,1,live,link,,
elblandrevolte,lblandrevolte,1,live,link,,
elblandrevolte,michaelbrueck90,1,live,link,,
elblandrevolte,pcrecords,1,live,link,,
elblandrevolte,stefantrautmanndl,1,live,link,,
elblandrevolte,sturmzeichen,1,live,link,,
european_rebels,nordlandpl,1,live,link,,
european_rebels,xurious,1,live,link,,
eurosiberia1,guillaumefaye,1,live,link,,
eurosiberia1,maindupdates,1,live,link,,
eurosiberia1,metametrica,1,live,link,,
eurosiberia1,moscowphotog,1,live,link,,
eurosiberia1,mtnews_deutsch,1,live,link,,
eurosiberia1,mtodaynews,1,live,link,,
eurosiberia1,nightclubronin,1,live,link,,
eurosiberia1,workingbrother,1,live,link,,
finleydresden,balaclavagraphics,1,live,link,,
finleydresden,dresden_gedenken,1,live,link,,
finleydresden,finleypgr,1,live,link,,
finleydresden,freie_ostsachsen,1,live,link,,
finleydresden,frontdienst,1,live,link,,
finleydresden,kavalier_nds,1,live,link,,
finleydresden,pcrecords,1,live,link,,
finleydresden,prototelegram,1,live,link,,
finleydresden,schreiberklagtan,1,live,link,,
finleydresden,stefantrautmanndl,1,live,link,,
finleydresden,sturmzeichen,1,live,link,,
flakdieband,aetzendmitbiss,1,live,link,,
flakdieband,afd_thl,1,live,link,,
flakdieband,amuncensored2,1,live,link,,
flakdieband,atnrw,1,live,link,,
flakdieband,auf1tv,1,live,link,,
flakdieband,blickpunkttv,1,live,link,,
flakdieband,carstenjahn_teamheimat,1,live,link,,
flakdieband,chaelbrueck90,1,live,link,,
flakdieband,dailyjwaller,1,live,link,,
flakdieband,dieband,1,live,link,,
flakdieband,dieframinggmbh,1,live,link,,
flakdieband,dieheimat,1,live,link,,
flakdieband,dresden_gedenken,1,live,link,,
flakdieband,eahrens,1,live,link,,
flakdieband,elblandrevolte,1,live,link,,
flakdieband,enationalisten,1,live,link,,
flakdieband,erblehre,1,live,link,,
flakdieband,fortresskyiv,1,live,link,,
flakdieband,freiesth,1,live,link,,
flakdieband,fsnrev,1,live,link,,
flakdieband,gespraeche,1,live,link,,
flakdieband,heimatgespraeche,1,live,link,,
flakdieband,heimatkurier,1,live,link,,
flakdieband,hueterderirminsul,1,live,link,,
flakdieband,hydracomicsdd,1,live,link,,
flakdieband,ibsachsen,1,live,link,,
flakdieband,iddle_east_spectator,1,live,link,,
flakdieband,irfreischaltbot,1,live,link,,
flakdieband,kanal_resolut,1,live,link,,
flakdieband,kgxpr,1,live,link,,
flakdieband,lukreta,1,live,link,,
flakdieband,middle_east_spectator,1,live,link,,
flakdieband,mundsrechte,1,live,link,,
flakdieband,nickjfuentes,1,live,link,,
flakdieband,oposrecords,1,live,link,,
flakdieband,peterschreiber,1,live,link,,
flakdieband,pfalz_revolte,1,live,link,,
flakdieband,punikoff,1,live,link,,
flakdieband,resum25,1,live,link,,
flakdieband,rossmueller,1,live,link,,
flakdieband,schreiberklagtan,1,live,link,,
flakdieband,snicklink3000,1,live,link,,
flakdieband,stefantrautmanndl,1,live,link,,
flakdieband,swkanal,1,live,link,,
flakdieband,teamasgardgermania,1,live,link,,
flakdieband,v_isionaer,1,live,link,,
flakdieband,weichreitekanal,1,live,link,,
flakdieband,whitelads,1,live,link,,
flakdieband,whitensw,1,live,link,,
frankkraemer,athek_nautikaspeech,1,live,link,,
frankkraemer,autikaspeech,1,live,link,,
frankkraemer,autikaspeechoriginal,1,live,link,,
frankkraemer,diathek_nautikaspeech,1,live,link,,
frankkraemer,dorissaynwittgenstein,1,live,link,,
frankkraemer,dresden_gedenken,1,live,link,,
frankkraemer,ediathek_nautikaspeech,1,live,link,,
frankkraemer,erdritteblickwinkel,1,live,link,,
frankkraemer,frankfranz,1,live,link,,
frankkraemer,freierinfokanal,1,live,link,,
frankkraemer,ignazbearth,1,live,link,,
frankkraemer,lichtstifter,1,live,link,,
frankkraemer,nautikaspeechoriginal,1,live,link,,
frankkraemer,punkt_104,1,live,link,,
frankkraemer,septemson,1,live,link,,
frankkraemer,stefanraven,1,live,link,,
frankkraemer,tommyrobinsonnews,1,live,link,,
frankkraemer,utikaspeech,1,live,link,,
freie_mittelsachsen,asu1kmu,1,live,link,,
freie_mittelsachsen,e_mittelsachsen,1,live,link,,
freie_mittelsachsen,eie_mittelsachsen,1,live,link,,
freie_mittelsachsen,frontdienst,1,live,link,,
freie_mittelsachsen,fs_leisnig,1,live,link,,
freie_mittelsachsen,fsleisnig,1,live,link,,
freie_mittelsachsen,imkerkunst,1,live,link,,
freie_mittelsachsen,lsauf,1,live,link,,
freie_mittelsachsen,niusde,1,live,link,,
freie_mittelsachsen,reie_mittelsachsen,1,live,link,,
freiesachsen,freiesachsen_dresden,1,live,link,,
freiesachsen,freiesachsen_kreisleipzig,1,live,link,,
freiesachsen,mr_marcus_fuchs,1,live,link,,
freiesachsen,prochemnitz,1,live,link,,
freiesachsen,rcus_fuchs,1,live,link,,
freiesachsen,reiesachsen,1,live,link,,
freiesachsen,zentrum_chemnitz,1,live,link,,
freiesachsen_dresden,aerzte_hippokratischer_eid,1,live,link,,
freiesachsen_dresden,afdfraktionimbundestag,1,live,link,,
freiesachsen_dresden,aktenzurwahrheitsfindung,1,live,link,,
freiesachsen_dresden,anettgatzka,1,live,link,,
freiesachsen_dresden,apollonews_de,1,live,link,,
freiesachsen_dresden,arminius_erben,1,live,link,,
freiesachsen_dresden,asu1kmu,1,live,link,,
freiesachsen_dresden,benediktkaiser,1,live,link,,
freiesachsen_dresden,bitteltv,1,live,link,,
freiesachsen_dresden,carolinbachmann,1,live,link,,
freiesachsen_dresden,chnopflochkanal,1,live,link,,
freiesachsen_dresden,co_mixxx,1,live,link,,
freiesachsen_dresden,davebrych_public,1,live,link,,
freiesachsen_dresden,ddddoffiziell,1,live,link,,
freiesachsen_dresden,dermilchwirtspricht,1,live,link,,
freiesachsen_dresden,digitalchronist,1,live,link,,
freiesachsen_dresden,doktordementi,1,live,link,,
freiesachsen_dresden,ehrenfrautv,1,live,link,,
freiesachsen_dresden,ein_prozent,1,live,link,,
freiesachsen_dresden,evahermanoffiziell,1,live,link,,
freiesachsen_dresden,expresszeitung,1,live,link,,
freiesachsen_dresden,faktenzurwahrheitsfindung,1,live,link,,
freiesachsen_dresden,fdwoeff,1,live,link,,
freiesachsen_dresden,freiheitskanzlei,1,live,link,,
freiesachsen_dresden,freiheizfackel,1,live,link,,
freiesachsen_dresden,gutmenschenkeule,1,live,link,,
freiesachsen_dresden,haintz,1,live,link,,
freiesachsen_dresden,heimat2023,1,live,link,,
freiesachsen_dresden,homeschoolingwagen,1,live,link,,
freiesachsen_dresden,klartextbaum,1,live,link,,
freiesachsen_dresden,klatv_infotakt,1,live,link,,
freiesachsen_dresden,kommunalfin,1,live,link,,
freiesachsen_dresden,liberalismus_freiheitdieichmeine,1,live,link,,
freiesachsen_dresden,manovamagazin,1,live,link,,
freiesachsen_dresden,martinkohlmann,1,live,link,,
freiesachsen_dresden,matthiashelferich,1,live,link,,
freiesachsen_dresden,matthiaslangwasser,1,live,link,,
freiesachsen_dresden,metanoiamagazin,1,live,link,,
freiesachsen_dresden,nachrichtenpresse,1,live,link,,
freiesachsen_dresden,oho11,1,live,link,,
freiesachsen_dresden,oliverjanich,1,live,link,,
freiesachsen_dresden,politik_mit_kopf,1,live,link,,
freiesachsen_dresden,profhockertz,1,live,link,,
freiesachsen_dresden,querdenken_711,1,live,link,,
freiesachsen_dresden,ra_ludwig,1,live,link,,
freiesachsen_dresden,rainerrothfuss,1,live,link,,
freiesachsen_dresden,rechtsanwaeltin_beate_bahner,1,live,link,,
freiesachsen_dresden,reinerfuellmich,1,live,link,,
freiesachsen_dresden,report24news,1,live,link,,
freiesachsen_dresden,rossmueller,1,live,link,,
freiesachsen_dresden,schmidtkeswelt,1,live,link,,
freiesachsen_dresden,sicherheitshinweise,1,live,link,,
freiesachsen_dresden,sonnebergzeigtgesicht,1,live,link,,
freiesachsen_dresden,stefanmagnet,1,live,link,,
freiesachsen_dresden,tomdabassman,1,live,link,,
freiesachsen_dresden,traukeinempromioffiziel,1,live,link,,
freiesachsen_dresden,wirsindvielmehr,1,live,link,,
freiesachsen_dresden,yannsongking,1,live,link,,
freiesachsen_kreisleipzig,freiesachsen_leisnig,1,live,link,,
freiesachsen_kreisleipzig,joergdornau,1,live,link,,
freiesachsen_kreisleipzig,michaelbrueck90,1,live,link,,
freiesachsen_leisnig,compactmagazin,1,live,link,,
freiesachsen_leisnig,ddirekt,1,live,link,,
freiesachsen_leisnig,freiesachsen_dresden,1,live,link,,
freiesachsen_leisnig,fs_leisnig,1,live,link,,
freiesachsen_leisnig,fsleisnig,1,live,link,,
freiesachsen_leisnig,gefangenenhilfe,1,live,link,,
freiesachsen_leisnig,hartungstefan,1,live,link,,
freiesachsen_leisnig,heimatsachsen,1,live,link,,
freiesachsen_leisnig,ittelsachsen,1,live,link,,
freiesachsen_leisnig,kavalier_nds,1,live,link,,
freiesachsen_leisnig,mr_marcus_fuchs,1,live,link,,
freiesachsen_leisnig,niusde,1,live,link,,
freiesachsen_leisnig,peterschreiber,1,live,link,,
freiesachsen_leisnig,prototelegram,1,live,link,,
freiesachsen_leisnig,schmidtkeswelt,1,live,link,,
freiesachsen_leisnig,schwarzekreuze,1,live,link,,
freiesachsen_leisnig,senderfreiessachsen,1,live,link,,
freiesachsen_leisnig,waldheimspaziertgegendieampel,1,live,link,,
freiesachsenmeissen,dresden_gedenken,1,live,link,,
freiesachsenmeissen,heimat2023,1,live,link,,
freiesachsenmeissen,jungenationalisten,1,live,link,,
freiesachsenmeissen,schreiberklagtan,1,live,link,,
freiesachsenmeissen,widerstandinaktion,1,live,link,,
freiesth,akademie_lebensberatung,1,live,link,,
freiesth,antizeitgeist,1,live,link,,
freiesth,beatrixvstorch,1,live,link,,
freiesth,bertteske,1,live,link,,
freiesth,blaupausetv_mv,1,live,link,,
freiesth,davidickedeutsch,1,live,link,,
freiesth,defreundschaftru_forever,1,live,link,,
freiesth,drluetke,1,live,link,,
freiesth,ehrlichegeschichte,1,live,link,,
freiesth,einmal_hin_alles_drin,1,live,link,,
freiesth,elenakolbasnikovamaxschlund,1,live,link,,
freiesth,en_gut,1,live,link,,
freiesth,falschegeschichte,1,live,link,,
freiesth,findefehler,1,live,link,,
freiesth,freiesachsen,1,live,link,,
freiesth,freiheitslauf2026_anfragen,1,live,link,,
freiesth,gedankenzuender,1,live,link,,
freiesth,hebammekerstinpatzig,1,live,link,,
freiesth,infrarot_medien,1,live,link,,
freiesth,joernhoeckeafd,1,live,link,,
freiesth,kativersum,1,live,link,,
freiesth,klagemauertv,1,live,link,,
freiesth,kostbarenatur,1,live,link,,
freiesth,markmobil,1,live,link,,
freiesth,martinsichertinfo,1,live,link,,
freiesth,mediathek_nautikaspeech,1,live,link,,
freiesth,meinednews,1,live,link,,
freiesth,michel_michael_wittwer,1,live,link,,
freiesth,newspool_geo,1,live,link,,
freiesth,obertteske,1,live,link,,
freiesth,patriotischestimmedeutschlands,1,live,link,,
freiesth,paulbrandenburg,1,live,link,,
freiesth,perlendestages,1,live,link,,
freiesth,politische_bildersprueche,1,live,link,,
freiesth,querdenken_711,1,live,link,,
freiesth,ra_ludwig,1,live,link,,
freiesth,radio_berliner_morgenroete_de,1,live,link,,
freiesth,reitschusterde,1,live,link,,
freiesth,rnstkt,1,live,link,,
freiesth,schulzhieroglyphik,1,live,link,,
freiesth,schwurblerhumor,1,live,link,,
freiesth,seelen_gut,1,live,link,,
freiesth,shop_system_telegram,1,live,link,,
freiesth,silkeleo,1,live,link,,
freiesth,technikus_news,1,live,link,,
freiesth,timmkellner,1,live,link,,
freiesth,tkp_news,1,live,link,,
freiesth,triotischestimmedeutschlands,1,live,link,,
freiesth,uncut_news,1,live,link,,
freiesth,unzensiert,1,live,link,,
freiesth,unzensiertv2,1,live,link,,
freiesth,us_news,1,live,link,,
freiesth,verbotene_historie,1,live,link,,
freiesth,vivoterra,1,live,link,,
freiesth,volkswohl_initiative,1,live,link,,
freiesth,wiemanmacht,1,live,link,,
freilichmagazin,benediktkaiser,1,live,link,,
frontdienst,aufklebergegenlinks,1,live,link,,
frontdienst,frontdiens,1,live,link,,
frontdienst,heimatkurier,1,live,link,,
frontdienst,iheitsgedanken01,1,live,link,,
frontdienst,niewiederaltpartei,1,live,link,,
frontdienst,paxactiveclu,1,live,link,,
frontdienst,paxactiveclub,1,live,link,,
frontdienst,schwarzekreuze,1,live,link,,
frontmagazin,askaniaprod,1,live,link,,
frontmagazin,blutzeugen1894,1,live,link,,
frontmagazin,kte_offiziell,1,live,link,,
frontmagazin,productofsociety77,1,live,link,,
frontmagazin,symphonie_des_blutes,1,live,link,,
frontmagazin,ueberzeugungstaetervogtland,1,live,link,,
fsnrev,acnordgau,1,live,link,,
fsnrev,alaclavamoe,1,live,link,,
fsnrev,antizeitgeist,1,live,link,,
fsnrev,benediktkaiser,1,live,link,,
fsnrev,burznag,1,live,link,,
fsnrev,coll_nemesis,1,live,link,,
fsnrev,kampfgeist_clothing,1,live,link,,
fsnrev,laclavamoe,1,live,link,,
fsnrev,martinsellnerib,1,live,link,,
fsnrev,michaeldangel8123,1,live,link,,
fsnrev,npatrick,1,live,link,,
fsnrev,parzivalblclvart,1,live,link,,
fsnrev,patriotischerbuchflohmarkt,1,live,link,,
fsnrev,patriotischesweinviertel,1,live,link,,
fsnrev,rontrecords,1,live,link,,
fsnrev,schmidtkeswelt,1,live,link,,
fsnrev,snpatrick,1,live,link,,
fsnrev,trf14,1,live,link,,
fsnrev,unregierbar,1,live,link,,
fsnrev,vdbmedia,1,live,link,,
gefangenenhilfe,ahnenblut,1,live,link,,
gefangenenhilfe,ahnenblutstudio,1,live,link,,
gefangenenhilfe,aufgewachtonline,1,live,link,,
gefangenenhilfe,balaclavamoe,1,live,link,,
gefangenenhilfe,derdritteweg,1,live,link,,
gefangenenhilfe,derdrittewegwestsachsen,1,live,link,,
gefangenenhilfe,diesoehnepotsdams,1,live,link,,
gefangenenhilfe,egiohungaria,1,live,link,,
gefangenenhilfe,hordeabsurd,1,live,link,,
gefangenenhilfe,ichen,1,live,link,,
gefangenenhilfe,kgxpr,1,live,link,,
gefangenenhilfe,marlasvenjaliebich,1,live,link,,
gefangenenhilfe,martinkohlmann,1,live,link,,
gefangenenhilfe,mayrhofer_raphael,1,live,link,,
gefangenenhilfe,militaernews,1,live,link,,
gefangenenhilfe,nationalrevolutionaer,1,live,link,,
gefangenenhilfe,nzona3,1,live,link,,
gefangenenhilfe,oposrecords,1,live,link,,
gefangenenhilfe,ortmundsrechte,1,live,link,,
gefangenenhilfe,pugilatodifusion,1,live,link,,
gefangenenhilfe,ra_ludwig,1,live,link,,
gefangenenhilfe,rasnotreds8,1,live,link,,
gefangenenhilfe,rmzeichen,1,live,link,,
gefangenenhilfe,rockhate,1,live,link,,
gefangenenhilfe,schmidtkeswelt,1,live,link,,
gefangenenhilfe,stimme_der_wahrheit,1,live,link,,
gefangenenhilfe,stuetzpunkteberlinbrandenburg,1,live,link,,
gefangenenhilfe,uw_online,1,live,link,,
gegenstrom,d3bpodcast,1,live,link,,
gegenstrom,kiesdries,1,live,link,,
gegenstrom,martinsel,1,live,link,,
gegenstrom,triagedichtung,1,live,link,,
geopolitics,ancenter,1,live,link,,
geopolitics,bookcitycc,1,live,link,,
geopolitics,clubhouse_olumesiasi,1,live,link,,
geopolitics,cstabriz,1,live,link,,
geopolitics,eco_voice,1,live,link,,
geopolitics,esrigram,1,live,link,,
geopolitics,europeanstudies,1,live,link,,
geopolitics,eurpa,1,live,link,,
geopolitics,evi_athan,1,live,link,,
geopolitics,faratab,1,live,link,,
geopolitics,i_athan,1,live,link,,
geopolitics,iag2002,1,live,link,,
geopolitics,imessiran,1,live,link,,
geopolitics,irandachgesellschaft,1,live,link,,
geopolitics,iraneurica,1,live,link,,
geopolitics,jaraiancenterdiscussion,1,live,link,,
geopolitics,ndishehsarapub,1,live,link,,
geopolitics,politicstabriz,1,live,link,,
geopolitics,regionalstudies,1,live,link,,
geopolitics,t_check,1,live,link,,
geopolitics,usips_ir,1,live,link,,
geopolitics,utregionalstudies,1,live,link,,
hartungstefan,eie_erzgebirger,1,live,link,,
hartungstefan,ibchemnitz,1,live,link,,
hartungstefan,mr_marcus_fuchs,1,live,link,,
hartungstefan,peterschreiber,1,live,link,,
hartungstefan,r_marcus_fuchs,1,live,link,,
hartungstefan,schlesiger_freiesachsen,1,live,link,,
hartungstefan,thomasdietz,1,live,link,,
harzverteidigen,clauscremernrw,1,live,link,,
harzverteidigen,dekurier,1,live,link,,
harzverteidigen,dieheimat,1,live,link,,
harzverteidigen,diestahlfeder,1,live,link,,
harzverteidigen,dorsachse2025,1,live,link,,
harzverteidigen,eimatsachsenanhalt,1,live,link,,
harzverteidigen,eingollanoffiziell,1,live,link,,
harzverteidigen,gefangenenhilfe,1,live,link,,
harzverteidigen,harzverteidige,1,live,link,,
harzverteidigen,hatzverteidigen,1,live,link,,
harzverteidigen,heimatnrw,1,live,link,,
harzverteidigen,itaernews,1,live,link,,
harzverteidigen,jn_mup,1,live,link,,
harzverteidigen,jn_voran,1,live,link,,
harzverteidigen,jn_westverband,1,live,link,,
harzverteidigen,newslive,1,live,link,,
harzverteidigen,oposrecords,1,live,link,,
harzverteidigen,rockhate,1,live,link,,
harzverteidigen,sleipnir_offiziell,1,live,link,,
harzverteidigen,stnewslive,1,live,link,,
harzverteidigen,taernews,1,live,link,,
harzverteidigen,turmzeichen,1,live,link,,
harzverteidigen,urmzeichen,1,live,link,,
harzverteidigen,uscremernrw,1,live,link,,
harzverteidigen,v_isionaer,1,live,link,,
heimat2023,auf1tv,1,live,link,,
heimat2023,blickpunkttv,1,live,link,,
heimat2023,demokratischerwiderstand,1,live,link,,
heimat2023,deutschedd,1,live,link,,
heimat2023,dresden_spaziert,1,live,link,,
heimat2023,ein_prozent,1,live,link,,
heimat2023,forumgermanum,1,live,link,,
heimat2023,freiesachsen_leisnig,1,live,link,,
heimat2023,freiesachsenmeissen,1,live,link,,
heimat2023,freiesth,1,live,link,,
heimat2023,heimatbrandenburg,1,live,link,,
heimat2023,heimatsachsen,1,live,link,,
heimat2023,imatnrw,1,live,link,,
heimat2023,jn_mup,1,live,link,,
heimat2023,jn_westverband,1,live,link,,
heimat2023,joergdornau,1,live,link,,
heimat2023,kommunalfin,1,live,link,,
heimat2023,martinsellnerib,1,live,link,,
heimat2023,matnrw,1,live,link,,
heimat2023,mernrw,1,live,link,,
heimat2023,schreiberklagtan,1,live,link,,
heimathessen,antizeitgeist,1,live,link,,
heimathessen,atgespraeche,1,live,link,,
heimathessen,bnsiyi,1,live,link,,
heimathessen,compactmagazintv,1,live,link,,
heimathessen,dauerwelledemoreport,1,live,link,,
heimathessen,doebeln,1,live,link,,
heimathessen,dortmundsrechte,1,live,link,,
heimathessen,eimatnrw,1,live,link,,
heimathessen,frontdienst,1,live,link,,
heimathessen,hartungstefan,1,live,link,,
heimathessen,heimat_bayern,1,live,link,,
heimathessen,heimatnrw,1,live,link,,
heimathessen,ivestreamsfuerdich,1,live,link,,
heimathessen,ompactmagazintv,1,live,link,,
heimathessen,ortmundsrechte,1,live,link,,
heimathessen,rheinmainstehtaufkanal,1,live,link,,
heimatlichter,aufgewachtonline,1,live,link,,
heimatlichter,freiesachsen,1,live,link,,
heimatnrw,auf1tv,1,live,link,,
heimatnrw,forumgermanum,1,live,link,,
heimatnrw,genationalisten,1,live,link,,
heimatnrw,gutmenschenkeule,1,live,link,,
heimatnrw,heimatgespraeche,1,live,link,,
heimatnrw,imatnrw,1,live,link,,
heimatnrw,jndortmund,1,live,link,,
heimatnrw,junge_freiheit_official,1,live,link,,
heimatnrw,lauscremernrw,1,live,link,,
heimatnrw,lickpunkttv,1,live,link,,
heimatnrw,matgespraeche,1,live,link,,
heimatnrw,mundsrechte,1,live,link,,
heimatnrw,n_aktioneuropa,1,live,link,,
heimatnrw,nationalisten,1,live,link,,
heimatnrw,praeche,1,live,link,,
heimatnrw,remernrw,1,live,link,,
heimatnrw,rheinlandverteidigen,1,live,link,,
heimatnrw,rockhate,1,live,link,,
heimatnrw,rossmueller_dissident,1,live,link,,
heimatnrw,scremernrw,1,live,link,,
heimatnrw,spraeche,1,live,link,,
heimatnrw,tmundsrechte,1,live,link,,
heimatnrw,undsrechte,1,live,link,,
heimatsachsen,demokratischerwiderstand,1,live,link,,
heimatsachsen,dieheimatmv,1,live,link,,
heimatsachsen,doebeln,1,live,link,,
heimatsachsen,dortmundsrechte,1,live,link,,
heimatsachsen,eimatsachsenanhalt,1,live,link,,
heimatsachsen,freiesachsen_dresden,1,live,link,,
heimatsachsen,gemeindepolitik_buedingen,1,live,link,,
heimatsachsen,heimatbrandenburg,1,live,link,,
heimatsachsen,ichaelbrueck90,1,live,link,,
heimatsachsen,jahnatal,1,live,link,,
heimatsachsen,michaelbrueck90,1,live,link,,
heimatsachsen,schreiberklagtan,1,live,link,,
heimatsachsen,v_isionaer,1,live,link,,
heimatsachsenanhalt,auf1tv,1,live,link,,
heimatsachsenanhalt,benediktkaiser,1,live,link,,
heimatsachsenanhalt,braunschweigverteidigen,1,live,link,,
heimatsachsenanhalt,dieheimat,1,live,link,,
heimatsachsenanhalt,diestahlfeder,1,live,link,,
heimatsachsenanhalt,eimatsachsenanhalt,1,live,link,,
heimatsachsenanhalt,forumgermanum,1,live,link,,
heimatsachsenanhalt,freiesachsenmeissen,1,live,link,,
heimatsachsenanhalt,gespraeche,1,live,link,,
heimatsachsenanhalt,heimatnrw,1,live,link,,
heimatsachsenanhalt,j_f457,1,live,link,,
heimatsachsenanhalt,jn_voran,1,live,link,,
heimatsachsenanhalt,kavalier_nds,1,live,link,,
heimatsachsenanhalt,lauscremernrw,1,live,link,,
heimatsachsenanhalt,matnrw,1,live,link,,
heimatsachsenanhalt,ortmundsrechte,1,live,link,,
heimatsachsenanhalt,schmidtkeswelt,1,live,link,,
heimatsachsenanhalt,sicherheitshinweise,1,live,link,,
heimatsachsenanhalt,tgespraeche,1,live,link,,
heimatsachsenanhalt,tsachsenanhalt,1,live,link,,
heimatsachsenanhalt,uf1tv,1,live,link,,
heimatsachsenanhalt,ussionsgrup,1,live,link,,
heimatsachsenanhalt,zukunfthbs,1,live,link,,
hermanns_heide,aufbauholstein,1,live,link,,
hermanns_heide,balaclavagraphics,1,live,link,,
hermanns_heide,comitedu9mai,1,live,link,,
hermanns_heide,frontdienst,1,live,link,,
hermanns_heide,genationalisten,1,live,link,,
hermanns_heide,heimat2023,1,live,link,,
hermanns_heide,heimatnds,1,live,link,,
hermanns_heide,hessen,1,live,link,,
hermanns_heide,iskursnds,1,live,link,,
hermanns_heide,ja_deutschland,1,live,link,,
hermanns_heide,jn_westverband,1,live,link,,
hermanns_heide,jndeutschland,1,live,link,,
hermanns_heide,lblandrevolte,1,live,link,,
hermanns_heide,lukovmarch,1,live,link,,
hermanns_heide,mitedu9mai,1,live,link,,
hermanns_heide,ngenationalisten,1,live,link,,
hermanns_heide,nhessen,1,live,link,,
hermanns_heide,rmzeichen,1,live,link,,
hermanns_heide,rockhate,1,live,link,,
hermanns_heide,taernews,1,live,link,,
hermanns_heide,ungenationalisten,1,live,link,,
hermanns_heide,weseremsaktion,1,live,link,,
hermannsland,derfrenck,1,live,link,,
hermannsland,eichsfeldrevolte,1,live,link,,
hermannsland,einzelkaempfer1,1,live,link,,
hermannsland,exzesskanal,1,live,link,,
hermannsland,freienordrheinwestfalen,1,live,link,,
hermannsland,freiesachsenle,1,live,link,,
hermannsland,grimbart_studio,1,live,link,,
hermannsland,heimatnrw,1,live,link,,
hermannsland,heureka_musik,1,live,link,,
hermannsland,hilfe14,1,live,link,,
hermannsland,kategoriec_support,1,live,link,,
hermannsland,miesenews,1,live,link,,
hermannsland,netzradiogermania,1,live,link,,
hermannsland,nordrheinwestfalenchat,1,live,link,,
hermannsland,odessa1995,1,live,link,,
hermannsland,rmzeichen,1,live,link,,
hermannsland,tommyf,1,live,link,,
hermannsland,tommyfrenck,1,live,link,,
hermannsland,tommyhbn,1,live,link,,
hermannsland,turmzeichen,1,live,link,,
hermannsland,wikingerwerkstatt,1,live,link,,
herrenzimmer,freie_nordsachsen,1,live,link,,
herrenzimmer,freie_ostsachsen,1,live,link,,
herrenzimmer,freiesachsen_vogtl,1,live,link,,
herrenzimmer,freiesachsenzwickau,1,live,link,,
herrenzimmer,martinkohlmann,1,live,link,,
herrenzimmer,oberelbe,1,live,link,,
herrenzimmer,saexit,1,live,link,,
herrenzimmer,schlesiger_freiesachsen,1,live,link,,
herrenzimmer,thecradlemedia,1,live,link,,
homefrontsince2021,greenarrowshc,1,live,link,,
homefrontsince2021,oposrecords,1,live,link,,
homefrontsince2021,renitenzballaden,1,live,link,,
homefrontsince2021,schmidtkeswelt,1,live,link,,
homefrontsince2021,skumshot,1,live,link,,
homefrontsince2021,swkanal,1,live,link,,
homefrontsince2021,unvergessenehelden,1,live,link,,
ijzerwake,etnostra,1,live,link,,
ijzerwake,frontnacht,1,live,link,,
ijzerwake,leeuwenland,1,live,link,,
ijzerwake,reactnieuws,1,live,link,,
ijzerwake,voorpost,1,live,link,,
inczebelalegionarius,acelzivatar,1,live,link,,
inczebelalegionarius,achungaria,1,live,link,,
inczebelalegionarius,agyarjelen,1,live,link,,
inczebelalegionarius,autonompl,1,live,link,,
inczebelalegionarius,belalegionarius,1,live,link,,
inczebelalegionarius,csunrecordsbudapest,1,live,link,,
inczebelalegionarius,difusion,1,live,link,,
inczebelalegionarius,diukraine,1,live,link,,
inczebelalegionarius,ebelalegionarius,1,live,link,,
inczebelalegionarius,ectlegionary,1,live,link,,
inczebelalegionarius,elalegionarius,1,live,link,,
inczebelalegionarius,garia,1,live,link,,
inczebelalegionarius,hazafi,1,live,link,,
inczebelalegionarius,horvath_tamas,1,live,link,,
inczebelalegionarius,lantosjanos,1,live,link,,
inczebelalegionarius,magyareletvedok,1,live,link,,
inczebelalegionarius,nordicresistancemovement,1,live,link,,
inczebelalegionarius,nrecordsbudapest,1,live,link,,
inczebelalegionarius,ohungaria,1,live,link,,
inczebelalegionarius,portolohazafi,1,live,link,,
inczebelalegionarius,theywantyoursoulband,1,live,link,,
inczebelalegionarius,tlegionary,1,live,link,,
inczebelalegionarius,tolohazafi,1,live,link,,
inczebelalegionarius,tunderdombi,1,live,link,,
inczebelalegionarius,tyrsrg,1,live,link,,
inczebelalegionarius,ungaria,1,live,link,,
inczebelalegionarius,w5gch0d7ehq3yza0,1,live,link,,
inczebelalegionarius,whitelads,1,live,link,,
inczebelalegionarius,will2riseclothing,1,live,link,,
inczebelalegionarius,zebelalegionarius,1,live,link,,
infodeutschoesterreich,derdritteweg,1,live,link,,
infodeutschoesterreich,derdrittewegwestsachsen,1,live,link,,
infodeutschoesterreich,ecodelnord,1,live,link,,
infodeutschoesterreich,lansquenetscontact_bot,1,live,link,,
infodeutschoesterreich,les_lansquenets,1,live,link,,
infodeutschoesterreich,naturgesetzeewigeeiche,1,live,link,,
infodeutschoesterreich,ortmundsrechte,1,live,link,,
infodeutschoesterreich,reds_bot,1,live,link,,
infuriatiroma,barabittmilano,1,live,link,,
infuriatiroma,bsvarese,1,live,link,,
infuriatiroma,casapoundufficiale,1,live,link,,
infuriatiroma,crimini_dem,1,live,link,,
infuriatiroma,museromalasapienza,1,live,link,,
infuriatiroma,rianatio2,1,live,link,,
irmhild_bossdorf,afd_thl,1,live,link,,
irmhild_bossdorf,bjoernhoeckeafd,1,live,link,,
irmhild_bossdorf,blaugustin,1,live,link,,
irmhild_bossdorf,deutschlandkuriervideo,1,live,link,,
irmhild_bossdorf,dominikkaufner,1,live,link,,
irmhild_bossdorf,grimbart_studio,1,live,link,,
irmhild_bossdorf,jungealternativenrw,1,live,link,,
irmhild_bossdorf,klarundmutig,1,live,link,,
irmhild_bossdorf,reinweiblich,1,live,link,,
irmhild_bossdorf,sventritschler,1,live,link,,
irmhild_bossdorf,tomaszfroelich,1,live,link,,
jn_aktioneuropa,comitedu9mai,1,live,link,,
jn_aktioneuropa,lauscremernrw,1,live,link,,
jn_mup,eichsfeldrevolte,1,live,link,,
jn_mup,freiesachsen_leisnig,1,live,link,,
jn_mup,heimar2023,1,live,link,,
jn_mup,schmidtkeswelt,1,live,link,,
jn_mup,schreiberklagtan,1,live,link,,
jn_mup,sicherheitshinweise,1,live,link,,
jn_mup,ungenationalisten,1,live,link,,
jn_mup,urmzeichen,1,live,link,,
jn_sachsen_anhalt,ausvstheagenda,1,live,link,,
jn_sachsen_anhalt,braunschweigverteidigen,1,live,link,,
jn_sachsen_anhalt,comitedu9mai,1,live,link,,
jn_sachsen_anhalt,deutschedd,1,live,link,,
jn_sachsen_anhalt,dieband,1,live,link,,
jn_sachsen_anhalt,dieheimat,1,live,link,,
jn_sachsen_anhalt,diskussion,1,live,link,,
jn_sachsen_anhalt,dresden_spaziert,1,live,link,,
jn_sachsen_anhalt,eimatsachsenanhalt,1,live,link,,
jn_sachsen_anhalt,elbjugend,1,live,link,,
jn_sachsen_anhalt,elblandrevolte,1,live,link,,
jn_sachsen_anhalt,enationalisten,1,live,link,,
jn_sachsen_anhalt,genationalisten,1,live,link,,
jn_sachsen_anhalt,ijzerwake,1,live,link,,
jn_sachsen_anhalt,irmhild_bossdorf,1,live,link,,
jn_sachsen_anhalt,jn_voran,1,live,link,,
jn_sachsen_anhalt,jn_westverband,1,live,link,,
jn_sachsen_anhalt,jungetat,1,live,link,,
jn_sachsen_anhalt,kgxpr,1,live,link,,
jn_sachsen_anhalt,lukovmarch,1,live,link,,
jn_sachsen_anhalt,n_aktioneuropa,1,live,link,,
jn_sachsen_anhalt,nvoran,1,live,link,,
jn_sachsen_anhalt,schwarzekreuze,1,live,link,,
jn_sachsen_anhalt,stefantrautmanndl,1,live,link,,
jn_sachsen_anhalt,stimme_der_wahrheit,1,live,link,,
jn_sachsen_anhalt,sturmzeichen,1,live,link,,
jn_sachsen_anhalt,tanzfilmvorhaben,1,live,link,,
jn_sachsen_anhalt,turmzeichen,1,live,link,,
jn_sachsen_anhalt,wie_gesagt,1,live,link,,
jn_th,aufgewachtonline,1,live,link,,
jn_th,balaclavagraphics,1,live,link,,
jn_th,derappell,1,live,link,,
jn_th,deutscheswarenhaus,1,live,link,,
jn_th,dieheimatmv,1,live,link,,
jn_th,espraeche,1,live,link,,
jn_th,freiesachsen_leisnig,1,live,link,,
jn_th,genationalisten,1,live,link,,
jn_th,jn_voran,1,live,link,,
jn_th,jn_westverband,1,live,link,,
jn_th,raeche,1,live,link,,
jn_th,schmidtkeswelt,1,live,link,,
jn_th,schreiberklagtan,1,live,link,,
jn_th,sicherheitshinweise,1,live,link,,
jn_th,skussionsgr,1,live,link,,
jn_th,sturmzeichen,1,live,link,,
jn_th,tommyfrenck,1,live,link,,
jn_th,turmzeichen,1,live,link,,
jn_th,widerstandinaktion,1,live,link,,
jn_westverband,appell_jn,1,live,link,,
jn_westverband,atnrw,1,live,link,,
jn_westverband,aufgewachtonline,1,live,link,,
jn_westverband,comitedu9mai,1,live,link,,
jn_westverband,derappell,1,live,link,,
jn_westverband,dresden_gedenken,1,live,link,,
jn_westverband,eimatnrw,1,live,link,,
jn_westverband,emernrw,1,live,link,,
jn_westverband,frontdienst,1,live,link,,
jn_westverband,genationalsiten,1,live,link,,
jn_westverband,harzverteidigen,1,live,link,,
jn_westverband,lauscremernrw,1,live,link,,
jn_westverband,matnrw,1,live,link,,
jn_westverband,nationalisten,1,live,link,,
jn_westverband,ndsrechte,1,live,link,,
jn_westverband,scremernrw,1,live,link,,
jn_westverband,widerstandinaktion,1,live,link,,
jndortmund,bnsiyi,1,live,link,,
jndortmund,finleydresden,1,live,link,,
jndortmund,frontdienst,1,live,link,,
jndortmund,genationalisten,1,live,link,,
jndortmund,heimatjugendrl,1,live,link,,
jndortmund,heimatnrw,1,live,link,,
jndortmund,jn_herne,1,live,link,,
jndortmund,loiswagnerjn,1,live,link,,
jndortmund,ortmundsrechte,1,live,link,,
jndortmund,tionalisten,1,live,link,,
jndortmund,undsrechte,1,live,link,,
jnhessen,dortmundsrechte,1,live,link,,
jnhessen,dresden_gedenken,1,live,link,,
jnhessen,frontdienst,1,live,link,,
jnhessen,genationalisten,1,live,link,,
jnhessen,heimatnrw,1,live,link,,
jnhessen,jn_aktioneuropa,1,live,link,,
jnhessen,jn_westverband,1,live,link,,
jnhessen,n_aktioneuropa,1,live,link,,
jnhessen,tmundsrechte,1,live,link,,
jnhessen,widerstandinaktion,1,live,link,,
jnhessen,wuerttemberg_verteidigen,1,live,link,,
joergdornau,afdsaxlt,1,live,link,,
joergdornau,wiedeburg,1,live,link,,
jungenationalisten,appell_jn,1,live,link,,
jungenationalisten,athenscene,1,live,link,,
jungenationalisten,aufgewachtonline,1,live,link,,
jungenationalisten,blickpunkttv,1,live,link,,
jungenationalisten,bnsiyi,1,live,link,,
jungenationalisten,derappell,1,live,link,,
jungenationalisten,deutschestimmemagazin,1,live,link,,
jungenationalisten,deutscheswarenhaus,1,live,link,,
jungenationalisten,dieheimat,1,live,link,,
jungenationalisten,eb_official,1,live,link,,
jungenationalisten,elblandrevolte,1,live,link,,
jungenationalisten,flakdieband,1,live,link,,
jungenationalisten,freie_mittelsachsen,1,live,link,,
jungenationalisten,freiesachsen,1,live,link,,
jungenationalisten,freiesachsen_leisnig,1,live,link,,
jungenationalisten,freiheitsgedanken01,1,live,link,,
jungenationalisten,fsnrev,1,live,link,,
jungenationalisten,gefangenenhilfe,1,live,link,,
jungenationalisten,gegenstrom,1,live,link,,
jungenationalisten,genationalsiten,1,live,link,,
jungenationalisten,heimat_th,1,live,link,,
jungenationalisten,heimatdo,1,live,link,,
jungenationalisten,heimatlichter,1,live,link,,
jungenationalisten,hermanns_heide,1,live,link,,
jungenationalisten,jn_voran,1,live,link,,
jungenationalisten,jungenationlisten,1,live,link,,
jungenationalisten,kdn2013,1,live,link,,
jungenationalisten,lauscremernrw,1,live,link,,
jungenationalisten,lukovmarch,1,live,link,,
jungenationalisten,mitedu9mai,1,live,link,,
jungenationalisten,mundsrechte,1,live,link,,
jungenationalisten,n_aktioneuropa,1,live,link,,
jungenationalisten,n_westverband,1,live,link,,
jungenationalisten,nationalisten,1,live,link,,
jungenationalisten,ndsrechte,1,live,link,,
jungenationalisten,pcrecords,1,live,link,,
jungenationalisten,rossmueller,1,live,link,,
jungenationalisten,schmidtkeswelt,1,live,link,,
jungenationalisten,schreiberklagtan,1,live,link,,
jungenationalisten,sicherheitshinweise,1,live,link,,
jungenationalisten,theresia_brand,1,live,link,,
jungenationalisten,tmundsrechte,1,live,link,,
jungenationalisten,unetenucleonacional,1,live,link,,
jungetat,evavlaardingerbroek,1,live,link,,
jungetat,identitaereoesterreich,1,live,link,,
jungetat,nemesisparis,1,live,link,,
jungetat,ountercvt,1,live,link,,
jungetat,rechtsbuendig,1,live,link,,
jungetat,reconquista21,1,live,link,,
jungetat,reconquistaespana,1,live,link,,
jungetat,resum25,1,live,link,,
jungetat,selina_sunnetanz,1,live,link,,
jungetat,visionremigrationch,1,live,link,,
jungeuropa,afdschleswigholstein,1,live,link,,
jungeuropa,casapoundufficiale,1,live,link,,
jungeuropa,compactmagazin,1,live,link,,
jungeuropa,dekurier,1,live,link,,
jungeuropa,freilichmagazin,1,live,link,,
jungeuropa,institutiliade,1,live,link,,
jungeuropa,lenakotre,1,live,link,,
jungeuropa,mayrhofer_raphael,1,live,link,,
jungeuropa,ministryofpropaganda,1,live,link,,
jungeuropa,nach_vorn,1,live,link,,
jungeuropa,obertteske,1,live,link,,
jungeuropa,schmidtkeswelt,1,live,link,,
jungeuropa,voxeuropaherald,1,live,link,,
jungeuropa,zeitenstrom,1,live,link,,
jungeuropa,zentropa451,1,live,link,,
justinbarrett,barrettnatsocp,1,live,link,,
justinbarrett,catholicarena,1,live,link,,
justinbarrett,cavanvanguard,1,live,link,,
justinbarrett,g_l_rockwell,1,live,link,,
justinbarrett,hbmw88,1,live,link,,
justinbarrett,hersantite,1,live,link,,
justinbarrett,internationalblackshirts2,1,live,link,,
justinbarrett,justinbarrettspeecharchive,1,live,link,,
justinbarrett,noticernews,1,live,link,,
justinbarrett,offgridiireland,1,live,link,,
justinbarrett,paxtube,1,live,link,,
justinbarrett,pohlhaushammer,1,live,link,,
justinbarrett,realheybuddy,1,live,link,,
justinbarrett,realpetercsere,1,live,link,,
justinbarrett,thewesternchauvinist1,1,live,link,,
justinbarrett,thewesternchauvinist11,1,live,link,,
justinbarrett,tlutze,1,live,link,,
justinbarrett,ttervid_bot,1,live,link,,
justinbarrett,unitynewsnetwork,1,live,link,,
justinbarrett,wittervid_bot,1,live,link,,
kavalier_nds,agjugend,1,live,link,,
kavalier_nds,aktivdex,1,live,link,,
kavalier_nds,alva_nds,1,live,link,,
kavalier_nds,avaliernds,1,live,link,,
kavalier_nds,dekurier,1,live,link,,
kavalier_nds,derdrittewegsauerlandsiegerland,1,live,link,,
kavalier_nds,faktenfriedenfreiheit,1,live,link,,
kavalier_nds,ichaelbrueck90,1,live,link,,
kavalier_nds,iernds,1,live,link,,
kavalier_nds,kavaliernds,1,live,link,,
kavalier_nds,lebensart_survival,1,live,link,,
kavalier_nds,martinsellnerib,1,live,link,,
kavalier_nds,michaelbrueck90,1,live,link,,
kavalier_nds,nationalrevolutionaer,1,live,link,,
kavalier_nds,ngeuropa,1,live,link,,
kavalier_nds,otonds,1,live,link,,
kavalier_nds,pforzheimrevolte,1,live,link,,
kavalier_nds,protestkarte,1,live,link,,
kavalier_nds,redangers,1,live,link,,
kavalier_nds,rockhate,1,live,link,,
kavalier_nds,schreiberklagtan,1,live,link,,
kavalier_nds,tommyfrenck,1,live,link,,
kdn2013,actclubengland,1,live,link,,
kdn2013,activeclubengland,1,live,link,,
kdn2013,activeclubuncensored,1,live,link,,
kdn2013,activeengland,1,live,link,,
kdn2013,agjugend,1,live,link,,
kdn2013,b_version_production,1,live,link,,
kdn2013,balaclavamoe,1,live,link,,
kdn2013,batavica,1,live,link,,
kdn2013,czebelalegionarius,1,live,link,,
kdn2013,derdrittewegvogtland,1,live,link,,
kdn2013,dieheimat,1,live,link,,
kdn2013,dn2012,1,live,link,,
kdn2013,dresden_gedenken,1,live,link,,
kdn2013,eb_official,1,live,link,,
kdn2013,eichsfeldrevolte,1,live,link,,
kdn2013,frankkraemer,1,live,link,,
kdn2013,freiesachsen,1,live,link,,
kdn2013,frontdienst,1,live,link,,
kdn2013,frontmagazin,1,live,link,,
kdn2013,fsnrev,1,live,link,,
kdn2013,grimbart_studio,1,live,link,,
kdn2013,gutmenschenkeule,1,live,link,,
kdn2013,heimatsachsenanhalt,1,live,link,,
kdn2013,hexogenoutdoor,1,live,link,,
kdn2013,inczebelalegionarius,1,live,link,,
kdn2013,infodeutschoesterreich,1,live,link,,
kdn2013,jn_sachsen_anhalt,1,live,link,,
kdn2013,jn_voran,1,live,link,,
kdn2013,jokartsarea,1,live,link,,
kdn2013,jungenationalisten,1,live,link,,
kdn2013,jungeuropa,1,live,link,,
kdn2013,king_of_the_streets,1,live,link,,
kdn2013,klanfc,1,live,link,,
kdn2013,lebensart_survival,1,live,link,,
kdn2013,militaernews,1,live,link,,
kdn2013,nce2021,1,live,link,,
kdn2013,nsfronta,1,live,link,,
kdn2013,nzona3,1,live,link,,
kdn2013,of_the_streets,1,live,link,,
kdn2013,pcrecords2,1,live,link,,
kdn2013,pridefranceoff,1,live,link,,
kdn2013,prototelegram,1,live,link,,
kdn2013,rallenation,1,live,link,,
kdn2013,realblaircottrell,1,live,link,,
kdn2013,rockhate,1,live,link,,
kdn2013,schmierfink_streetart,1,live,link,,
kdn2013,sturmzei,1,live,link,,
kdn2013,sub_version_production,1,live,link,,
kdn2013,theresia_brand,1,live,link,,
kdn2013,unvergessenehelden,1,live,link,,
kdn2013,urmzeich,1,live,link,,
kgxpr,balaclavagraphics,1,live,link,,
kgxpr,heureka_musik,1,live,link,,
kgxpr,mat2023,1,live,link,,
kgxpr,oposrecords,1,live,link,,
kgxpr,rockhate,1,live,link,,
kgxpr,sturmrebellenoffiziell,1,live,link,,
kgxpr,sturmzeichen,1,live,link,,
kgxpr,x_phoenixrising_x,1,live,link,,
king_of_the_streets,kots_fight_signups,1,live,link,,
king_of_the_streets,kots_fightapplication,1,live,link,,
king_of_the_streets,vegtaz,1,live,link,,
klanfc,itaristua,1,live,link,,
klanfc,klan_casting,1,live,link,,
klanfc,militaristua,1,live,link,,
klanfc,ticketsbox,1,live,link,,
lauratowler,arktosmedia,1,live,link,,
lauratowler,bonnielads,1,live,link,,
lauratowler,deliveringliberty,1,live,link,,
lauratowler,devonstack,1,live,link,,
lauratowler,disclosetv,1,live,link,,
lauratowler,galileos_tongue,1,live,link,,
lauratowler,grandmatowlers,1,live,link,,
lauratowler,hiraethmusic,1,live,link,,
lauratowler,jamesgoddardnews2,1,live,link,,
lauratowler,keith_woods,1,live,link,,
lauratowler,nathandamigo,1,live,link,,
lauratowler,nativistconcern,1,live,link,,
lauratowler,poleconnect,1,live,link,,
lauratowler,rcr_nz,1,live,link,,
lauratowler,rediceuncensored,1,live,link,,
lauratowler,rossmueller_dissident,1,live,link,,
lauratowler,stevelawsrn,1,live,link,,
lauratowler,theayatollah,1,live,link,,
lauratowler,thegoldenone,1,live,link,,
lauratowler,theoriginalcleanandpure,1,live,link,,
lauratowler,traditionalbritaingroup,1,live,link,,
lauratowler,ukcolumnextracts,1,live,link,,
lauratowler,unboundtoday,1,live,link,,
lauratowler,warrenbalogh88,1,live,link,,
lebensart_survival,balaclavagrqphics,1,live,link,,
lebensart_survival,sebastianschmidtke,1,live,link,,
legionbulgaria,azacombat,1,live,link,,
legionbulgaria,lukovmarch,1,live,link,,
legionbulgaria,mladezhi,1,live,link,,
legionbulgaria,unetenucleonacional,1,live,link,,
leisnig,compactmagazin,1,live,link,,
leisnig,deutschedd,1,live,link,,
leisnig,doebeln,1,live,link,,
leisnig,eltern_stehen_auf,1,live,link,,
leisnig,freiesachsen_kreisleipzig,1,live,link,,
leisnig,hannigrecht,1,live,link,,
leisnig,ichaelbrueck90,1,live,link,,
leisnig,imkerkunst,1,live,link,,
leisnig,junge_freiheit_official,1,live,link,,
leisnig,kaischwarzenberg,1,live,link,,
leisnig,kavalier_nds,1,live,link,,
leisnig,lsauf,1,live,link,,
leisnig,michaelbrueck90,1,live,link,,
leisnig,niusde,1,live,link,,
leisnig,prototelegram,1,live,link,,
leisnig,schmidtkeswelt,1,live,link,,
leisnig,sturmzeichen,1,live,link,,
leisnig,uf1tv,1,live,link,,
leisnig,widerstandinaktion,1,live,link,,
lukovmarch,avanguardia_torino,1,live,link,,
lukovmarch,bnsiyi,1,live,link,,
lukovmarch,honoretpatria,1,live,link,,
lukovmarch,inczebelalegionarius,1,live,link,,
lukovmarch,jeunenationcom,1,live,link,,
lukovmarch,jungenationalisten,1,live,link,,
lukovmarch,legiohungaria,1,live,link,,
lukovmarch,nsfronta,1,live,link,,
lukovmarch,nzona3,1,live,link,,
markacollett,atron_ron,1,live,link,,
markacollett,cig_telegram,1,live,link,,
markacollett,devonstack,1,live,link,,
markacollett,englishnationalist1066,1,live,link,,
markacollett,geopolitics_prime,1,live,link,,
markacollett,geopoliticsandempire,1,live,link,,
markacollett,informationliberation,1,live,link,,
markacollett,itics_prime,1,live,link,,
markacollett,lauratowler,1,live,link,,
markacollett,martinsellner_english,1,live,link,,
markacollett,qudsnen,1,live,link,,
markacollett,tgofthevalleys,1,live,link,,
markacollett,theaureuspress,1,live,link,,
martinsellnerib,afdinfokanalstade,1,live,link,,
martinsellnerib,aloisendlfotografie,1,live,link,,
martinsellnerib,emba_afd,1,live,link,,
martinsellnerib,fairdenkenoriginal,1,live,link,,
martinsellnerib,halemba_afd,1,live,link,,
martinsellnerib,pinews1,1,live,link,,
mayrhofer_raphael,achseostwest,1,live,link,,
mayrhofer_raphael,jungeaktion,1,live,link,,
michaelbrueck90,haelbrueck90,1,live,link,,
michaelbrueck90,haintz,1,live,link,,
michaelbrueck90,martinlejeune,1,live,link,,
miesenews,aufbruch1996,1,live,link,,
miesenews,blklgnwear,1,live,link,,
miesenews,dn2013,1,live,link,,
miesenews,ein_prozent,1,live,link,,
miesenews,ernews,1,live,link,,
miesenews,fenceshitterrecords,1,live,link,,
miesenews,fkproduktion,1,live,link,,
miesenews,fuerstenbund,1,live,link,,
miesenews,gefangenenhilfe,1,live,link,,
miesenews,heimatnrw,1,live,link,,
miesenews,heureka_musik,1,live,link,,
miesenews,hueterderirminsul,1,live,link,,
miesenews,jungenationalisten,1,live,link,,
miesenews,kdn2013,1,live,link,,
miesenews,kuestenkind_80,1,live,link,,
miesenews,lauscremernrw,1,live,link,,
miesenews,leisnig,1,live,link,,
miesenews,midgaardinvite,1,live,link,,
miesenews,nikgerassimow,1,live,link,,
miesenews,nordicsunrecordsbudapest,1,live,link,,
miesenews,skumshot,1,live,link,,
miesenews,sleipnir_offiziell,1,live,link,,
miesenews,stimme_der_wahrheit,1,live,link,,
miesenews,sub_version_production,1,live,link,,
miesenews,unbeliebtejungsband,1,live,link,,
miesenews,vinyl4u,1,live,link,,
miesenews,vivasaxonia,1,live,link,,
miesenews,wahlen_de,1,live,link,,
miesenews,waldfriedhof_halbe,1,live,link,,
miesenews,whiterebelshop,1,live,link,,
mjoellnir_soehnegermaniens,punikoff_fm,1,live,link,,
mjoellnir_soehnegermaniens,rheinwiesenlagerbretzenheim,1,live,link,,
mr_marcus_fuchs,afddresden,1,live,link,,
mr_marcus_fuchs,anjaskanal,1,live,link,,
mr_marcus_fuchs,brandenburger_freiheit,1,live,link,,
mr_marcus_fuchs,ddr_kinder,1,live,link,,
mr_marcus_fuchs,demokratischerwiderstandtelegram,1,live,link,,
mr_marcus_fuchs,dippoldiswalde_geht_spazieren,1,live,link,,
mr_marcus_fuchs,freedrbiancawitzschel,1,live,link,,
mr_marcus_fuchs,freibergerforum,1,live,link,,
mr_marcus_fuchs,freiesth,1,live,link,,
mr_marcus_fuchs,fuchs,1,live,link,,
mr_marcus_fuchs,happinessismyway,1,live,link,,
mr_marcus_fuchs,ich_will_leben,1,live,link,,
mr_marcus_fuchs,ignazbearth,1,live,link,,
mr_marcus_fuchs,initiativefreiundselbstbestimmt,1,live,link,,
mr_marcus_fuchs,kanzlerdaddyde,1,live,link,,
mr_marcus_fuchs,krieg_nicht_in_meinem_namen,1,live,link,,
mr_marcus_fuchs,marcsturmprivat,1,live,link,,
mr_marcus_fuchs,martinrutter,1,live,link,,
mr_marcus_fuchs,mauberichte,1,live,link,,
mr_marcus_fuchs,mr_macus_fuchs,1,live,link,,
mr_marcus_fuchs,muetterfuerfrieden,1,live,link,,
mr_marcus_fuchs,mutaerzte,1,live,link,,
mr_marcus_fuchs,nichtohneuns,1,live,link,,
mr_marcus_fuchs,niusde,1,live,link,,
mr_marcus_fuchs,querdenken_711,1,live,link,,
mr_marcus_fuchs,rainerrothfuss,1,live,link,,
mr_marcus_fuchs,sicherheitshinweise,1,live,link,,
mr_marcus_fuchs,stimmefuerdenfrieden,1,live,link,,
mr_marcus_fuchs,tkp_news,1,live,link,,
mr_marcus_fuchs,wissensgeist,1,live,link,,
mr_marcus_fuchs,wissensgeisttvarchiv,1,live,link,,
mr_marcus_fuchs,zentrum_chemnitz,1,live,link,,
mtodaynews,addlist,1,live,link,,
mtodaynews,x0sint,1,live,link,,
multipolarpress,alexandermarkovics,1,live,link,,
multipolarpress,bazafromolga,1,live,link,,
multipolarpress,cig_telegram,1,live,link,,
multipolarpress,dugin_aleksandr,1,live,link,,
multipolarpress,duginjp,1,live,link,,
multipolarpress,eurosiberia1,1,live,link,,
multipolarpress,geopolitics,1,live,link,,
multipolarpress,geopolitics_prime,1,live,link,,
multipolarpress,lanceslegion,1,live,link,,
multipolarpress,medmannews,1,live,link,,
multipolarpress,middle_east_spectator,1,live,link,,
multipolarpress,mtnews_deutsch,1,live,link,,
multipolarpress,nezsoc,1,live,link,,
multipolarpress,nicholasreedwriter1,1,live,link,,
multipolarpress,pierreantoineplaquevent,1,live,link,,
multipolarpress,pmctchkvsky,1,live,link,,
multipolarpress,politics_prime,1,live,link,,
multipolarpress,rezistancetrench,1,live,link,,
multipolarpress,rnintel,1,live,link,,
multipolarpress,rossia_3,1,live,link,,
multipolarpress,tabzlive,1,live,link,,
multipolarpress,thedurancom,1,live,link,,
multipolarpress,thenorthfolk,1,live,link,,
multipolarpress,ubersoy1,1,live,link,,
multipolarpress,visionetv,1,live,link,,
multipolarpress,workingbrother,1,live,link,,
natsquads,ac_directory2,1,live,link,,
natsquads,activeclubcr,1,live,link,,
natsquads,activeclubdk,1,live,link,,
natsquads,activeclubestonia,1,live,link,,
natsquads,activeclubpodcast,1,live,link,,
natsquads,aktivde1,1,live,link,,
natsquads,alpinesaxon,1,live,link,,
natsquads,athenscene,1,live,link,,
natsquads,becfreedommfa,1,live,link,,
natsquads,casapoundufficiale,1,live,link,,
natsquads,chchlegion,1,live,link,,
natsquads,d_admin,1,live,link,,
natsquads,defend_europa,1,live,link,,
natsquads,dietslandnrm,1,live,link,,
natsquads,emorianatio2,1,live,link,,
natsquads,fedelasjons,1,live,link,,
natsquads,frontenazionaleelvetico,1,live,link,,
natsquads,garrisonhetmans,1,live,link,,
natsquads,geuzenbond,1,live,link,,
natsquads,granskogsfolket,1,live,link,,
natsquads,greatlakesactiveclub,1,live,link,,
natsquads,greatplainsactiveclub,1,live,link,,
natsquads,gymxiv2,1,live,link,,
natsquads,heartlandyouth,1,live,link,,
natsquads,hetmanate2recrutbot,1,live,link,,
natsquads,imperaregnvm1888,1,live,link,,
natsquads,intolerantart,1,live,link,,
natsquads,ironcityactiveclub,1,live,link,,
natsquads,kcontact,1,live,link,,
natsquads,landskamp,1,live,link,,
natsquads,lonestaractiveclub,1,live,link,,
natsquads,love2fish14,1,live,link,,
natsquads,midwesternyouth,1,live,link,,
natsquads,mitedu9mai,1,live,link,,
natsquads,mladezhi,1,live,link,,
natsquads,morianatio2,1,live,link,,
natsquads,nasjonaltnettverk,1,live,link,,
natsquads,naste1motstandsrorelsen,1,live,link,,
natsquads,nation_europa,1,live,link,,
natsquads,nation_europa_bot,1,live,link,,
natsquads,neopatriadifusio,1,live,link,,
natsquads,nkcontact,1,live,link,,
natsquads,nnb_aanmeldbot,1,live,link,,
natsquads,northdakotaactiveclub,1,live,link,,
natsquads,northfloridaac,1,live,link,,
natsquads,nradio14,1,live,link,,
natsquads,onrmalopolska,1,live,link,,
natsquads,orianatio2,1,live,link,,
natsquads,patriagloria,1,live,link,,
natsquads,patriotfrontnews,1,live,link,,
natsquads,pnwac,1,live,link,,
natsquads,redangers,1,live,link,,
natsquads,rianatio,1,live,link,,
natsquads,rvdacc,1,live,link,,
natsquads,saxondawn,1,live,link,,
natsquads,slavicblood2024,1,live,link,,
natsquads,sonsofhengist,1,live,link,,
natsquads,suttercity,1,live,link,,
natsquads,tac_arizona_3,1,live,link,,
natsquads,thegoldenone,1,live,link,,
natsquads,unetenucleonacional,1,live,link,,
natsquads,w2rmusic,1,live,link,,
natsquads,wbsthlm,1,live,link,,
natsquads,white_powder2020,1,live,link,,
natsquads,whitecanada1,1,live,link,,
natsquads,wlm_eu_czech_republic,1,live,link,,
natsquads,wlm_eu_slovakia,1,live,link,,
natsquads,wolvenrad2,1,live,link,,
natsquads,youthfront,1,live,link,,
niederlausitzinfo,aufgewachtonline,1,live,link,,
niederlausitzinfo,balaclavagraphics,1,live,link,,
niederlausitzinfo,balaclavamoe,1,live,link,,
niederlausitzinfo,dortmundsrechte,1,live,link,,
niederlausitzinfo,frankrennicke,1,live,link,,
niederlausitzinfo,grimbart_studio,1,live,link,,
niederlausitzinfo,koronakarlo,1,live,link,,
niederlausitzinfo,meinednews,1,live,link,,
niederlausitzinfo,politische_nachrichten,1,live,link,,
niederlausitzinfo,rmzeichen,1,live,link,,
niederlausitzinfo,schreiberklagtan,1,live,link,,
niederlausitzinfo,stimme_der_wahrheit,1,live,link,,
niusde,kissler_kompakt,1,live,link,,
nordglanz_1488,druck18,1,live,link,,
nordglanz_1488,netzradiogermania,1,live,link,,
nsfronta,dannykollar,1,live,link,,
nsfronta,eurnet,1,live,link,,
nsfronta,marianmagat,1,live,link,,
nsfronta,p_104,1,live,link,,
nsfronta,pavelkamas,1,live,link,,
nsfronta,pidrozdil4308,1,live,link,,
nsfronta,proskinsnews,1,live,link,,
nsfronta,syehq25,1,live,link,,
nsfronta,windenland,1,live,link,,
oberelbe,auf1tv,1,live,link,,
oberelbe,balaclavagraphics,1,live,link,,
oberelbe,bismarcksalptraume,1,live,link,,
oberelbe,deutschestimmemagazin,1,live,link,,
oberelbe,dokukiste,1,live,link,,
oberelbe,dokukistebot,1,live,link,,
oberelbe,evahermanoffiziell,1,live,link,,
oberelbe,freiesschsen,1,live,link,,
oberelbe,infrarot_medien,1,live,link,,
oberelbe,junges_blut,1,live,link,,
oberelbe,kiesdries,1,live,link,,
oberelbe,kinderhandelstoppen,1,live,link,,
oberelbe,michaelbrueck90,1,live,link,,
oberelbe,mr_marcus_fuchs,1,live,link,,
oberelbe,oliverflesch,1,live,link,,
oberelbe,uncut_news,1,live,link,,
oberelbe,urbsturrium,1,live,link,,
pcrecords,compactmagazin,1,live,link,,
pcrecords,derdritteweg,1,live,link,,
pcrecords,derdrittewegsauerlandsiegerland,1,live,link,,
pcrecords,dortmundsrechte,1,live,link,,
pcrecords,eie_erzgebirger,1,live,link,,
pcrecords,freie_erzgebirger,1,live,link,,
pcrecords,freiesachsen_kreisleipzig,1,live,link,,
pcrecords,freiesachsen_leisnig,1,live,link,,
pcrecords,fsnrev,1,live,link,,
pcrecords,hannigrecht,1,live,link,,
pcrecords,heimat2023,1,live,link,,
pcrecords,heimatnrw,1,live,link,,
pcrecords,miesenews,1,live,link,,
pcrecords,mundsrechte,1,live,link,,
pcrecords,oneeightversand,1,live,link,,
pcrecords,pcrec_auktion,1,live,link,,
pcrecords,punikoff,1,live,link,,
pcrecords,tfr14,1,live,link,,
pcrecords,urmzeichen,1,live,link,,
pcrecords,wilhelmkachel,1,live,link,,
penigstehtauf,anwaelte_fuer_aufklaerung,1,live,link,,
penigstehtauf,bundesstrassen,1,live,link,,
penigstehtauf,dasgrossetreffenderbundesstaaten,1,live,link,,
penigstehtauf,die_basis_funktsn,1,live,link,,
penigstehtauf,dracolignea,1,live,link,,
penigstehtauf,einemillionstimmenfrieden,1,live,link,,
penigstehtauf,esreichtsachsen,1,live,link,,
penigstehtauf,faktenfriedenfreiheit,1,live,link,,
penigstehtauf,freiesachsen,1,live,link,,
penigstehtauf,freiheitderfinanzen,1,live,link,,
penigstehtauf,friedentotal_official,1,live,link,,
penigstehtauf,herzgebirge,1,live,link,,
penigstehtauf,lionmedianews,1,live,link,,
penigstehtauf,lionmediatv,1,live,link,,
penigstehtauf,markmobil,1,live,link,,
penigstehtauf,matthiaslangwasser,1,live,link,,
penigstehtauf,mr_marcus_fuchs,1,live,link,,
penigstehtauf,mwgfd_kanal,1,live,link,,
penigstehtauf,rechtfueralle,1,live,link,,
penigstehtauf,reitschusterde,1,live,link,,
penigstehtauf,rowenbusch,1,live,link,,
penigstehtauf,snicklink3000,1,live,link,,
penigstehtauf,tagesschau,1,live,link,,
penigstehtauf,tomlausen,1,live,link,,
penigstehtauf,transcripted4you,1,live,link,,
penigstehtauf,wirsindviele_demo,1,live,link,,
peterschreiber,antizeitgeist,1,live,link,,
peterschreiber,benediktkaiser,1,live,link,,
peterschreiber,demokratischerwiderstand,1,live,link,,
peterschreiber,dieheimatmv,1,live,link,,
peterschreiber,doebeln,1,live,link,,
peterschreiber,dortmundsrechte,1,live,link,,
peterschreiber,dresden_spaziert,1,live,link,,
peterschreiber,eimatsachsenanhalt,1,live,link,,
peterschreiber,gemeindepolitik_buedingen,1,live,link,,
peterschreiber,hartungstefan,1,live,link,,
peterschreiber,heimatbrandenburg,1,live,link,,
peterschreiber,kommunalfin,1,live,link,,
peterschreiber,schreiberklagtan,1,live,link,,
peterschreiber,zeitschrift_sezession,1,live,link,,
prototelegram,auf1tv,1,live,link,,
prototelegram,dekurier,1,live,link,,
prototelegram,der_skeptika,1,live,link,,
prototelegram,ein_prozent,1,live,link,,
prototelegram,faktenfriedenfreiheit,1,live,link,,
prototelegram,iernds,1,live,link,,
prototelegram,jungenationalisten,1,live,link,,
prototelegram,litaernews,1,live,link,,
prototelegram,nationalrevolutionaer,1,live,link,,
prototelegram,ndsmusikvideos,1,live,link,,
prototelegram,ngeuropa,1,live,link,,
prototelegram,ostsachsen,1,live,link,,
prototelegram,schmidtkeswelt,1,live,link,,
prototelegram,stsachsen,1,live,link,,
prototelegram,tannwaldmedia,1,live,link,,
prototelegram,urbsturrium,1,live,link,,
qd351,alexandertodorkostic,1,live,link,,
qd351,anonymousnews_org,1,live,link,,
qd351,anwaelte_fuer_aufklaerung,1,live,link,,
qd351,auf_merker,1,live,link,,
qd351,aufgewachtonline,1,live,link,,
qd351,bbarucker,1,live,link,,
qd351,buendnisgegenlinks,1,live,link,,
qd351,covidimpf,1,live,link,,
qd351,datenpool,1,live,link,,
qd351,ddr_kinder,1,live,link,,
qd351,defreundschaftru_forever,1,live,link,,
qd351,dekurier,1,live,link,,
qd351,demokratischerwiderstand,1,live,link,,
qd351,dermilchwirtspricht,1,live,link,,
qd351,derpaprazzi,1,live,link,,
qd351,dorissaynwittgenstein,1,live,link,,
qd351,echte_geschichte,1,live,link,,
qd351,expresszeitung,1,live,link,,
qd351,freedrbiancawitzschel,1,live,link,,
qd351,freiemedientv,1,live,link,,
qd351,freiheitskan,1,live,link,,
qd351,frmawa,1,live,link,,
qd351,geraldgroszofficial,1,live,link,,
qd351,gesundohnemedikament,1,live,link,,
qd351,gwisnewski,1,live,link,,
qd351,hartungstefan,1,live,link,,
qd351,haunebu7,1,live,link,,
qd351,impfen_nicht_mit_uns,1,live,link,,
qd351,initiativefreiundselbstbestimmt,1,live,link,,
qd351,klagemauertv,1,live,link,,
qd351,klatv_infotakt,1,live,link,,
qd351,krautzone,1,live,link,,
qd351,kuelken,1,live,link,,
qd351,kus_news,1,live,link,,
qd351,metanoiamagazin,1,live,link,,
qd351,michael_hauke,1,live,link,,
qd351,molekularevirologiekanal,1,live,link,,
qd351,ostnews_faktencheck,1,live,link,,
qd351,perlendestages,1,live,link,,
qd351,pestizidfrei,1,live,link,,
qd351,phantomschweiz,1,live,link,,
qd351,querdenken_351,1,live,link,,
qd351,rechtsanwaeltin_beate_bahner,1,live,link,,
qd351,saraslightfight,1,live,link,,
qd351,satellit_de,1,live,link,,
qd351,seibtnaomi,1,live,link,,
qd351,shomburg,1,live,link,,
qd351,simonevoss,1,live,link,,
qd351,sir_schnee,1,live,link,,
qd351,susa7170,1,live,link,,
qd351,tazgezwitscher,1,live,link,,
qd351,teambystron,1,live,link,,
qd351,technikus_news,1,live,link,,
qd351,tichyseinblick_dasorginal,1,live,link,,
qd351,translatedpressde,1,live,link,,
qd351,uf1tv,1,live,link,,
qd351,uncut_news,1,live,link,,
qd351,ungeimpftreisen,1,live,link,,
qd351,unzensiert,1,live,link,,
qd351,unzensiert_infoseite,1,live,link,,
qd351,unzensiertv2,1,live,link,,
qd351,uo5yrpoyesmdqlvd,1,live,link,,
qd351,waldgangalbdruck,1,live,link,,
qd351,yannsongking,1,live,link,,
realblaircottrell,altright_memes,1,live,link,,
realblaircottrell,atron_ron,1,live,link,,
realblaircottrell,bellumactanews,1,live,link,,
realblaircottrell,casdorff,1,live,link,,
realblaircottrell,clemsprkchpexp,1,live,link,,
realblaircottrell,comfykorner,1,live,link,,
realblaircottrell,demacre,1,live,link,,
realblaircottrell,fightbackpodcast,1,live,link,,
realblaircottrell,gabeseymour,1,live,link,,
realblaircottrell,intelslava,1,live,link,,
realblaircottrell,jackeltis,1,live,link,,
realblaircottrell,jeremymackenzieca,1,live,link,,
realblaircottrell,joeldavis_x,1,live,link,,
realblaircottrell,memecannons88,1,live,link,,
realblaircottrell,memes_mf,1,live,link,,
realblaircottrell,nationalist13,1,live,link,,
realblaircottrell,nativistconcern,1,live,link,,
realblaircottrell,realwelshnationalist,1,live,link,,
realblaircottrell,rnintel,1,live,link,,
realblaircottrell,rtnews,1,live,link,,
realblaircottrell,samyorkshire,1,live,link,,
realblaircottrell,slightlyoffensive,1,live,link,,
realblaircottrell,theconspiracyhole,1,live,link,,
realblaircottrell,thenorthfolk,1,live,link,,
realblaircottrell,theoffalyoffensive,1,live,link,,
realblaircottrell,thewesternchauvinist12,1,live,link,,
realblaircottrell,thuletide,1,live,link,,
realblaircottrell,tlutze,1,live,link,,
realblaircottrell,tomsewelluncensored,1,live,link,,
realblaircottrell,traditionalbritaingroup,1,live,link,,
realblaircottrell,triggereveryone,1,live,link,,
realblaircottrell,wewinthese,1,live,link,,
realblaircottrell,whiteausmedia,1,live,link,,
realblaircottrell,whiteaustralia,1,live,link,,
realblaircottrell,whiteaustralians,1,live,link,,
rediceuncensored,actanews,1,live,link,,
rediceuncensored,ancreport,1,live,link,,
rediceuncensored,baldissident,1,live,link,,
rediceuncensored,ceuncensored,1,live,link,,
rediceuncensored,derekrants,1,live,link,,
rediceuncensored,diceuncensored,1,live,link,,
rediceuncensored,e_east_spectator,1,live,link,,
rediceuncensored,flashpointhq,1,live,link,,
rediceuncensored,foxxden14,1,live,link,,
rediceuncensored,fyrgen,1,live,link,,
rediceuncensored,globaldissident,1,live,link,,
rediceuncensored,gramscianradio,1,live,link,,
rediceuncensored,ig_telegram,1,live,link,,
rediceuncensored,ihypocritical,1,live,link,,
rediceuncensored,intelslava,1,live,link,,
rediceuncensored,mannews,1,live,link,,
rediceuncensored,medmannews,1,live,link,,
rediceuncensored,missilesnukes,1,live,link,,
rediceuncensored,mylordbebo,1,live,link,,
rediceuncensored,nativescandinavia,1,live,link,,
rediceuncensored,nvdkult,1,live,link,,
rediceuncensored,racerealismchannel,1,live,link,,
rediceuncensored,rdiceuncensored,1,live,link,,
rediceuncensored,shallmain2,1,live,link,,
rediceuncensored,traditionalbritaingroup,1,live,link,,
rediceuncensored,underwaterlair,1,live,link,,
rediceuncensored,wehrwolfinitiative,1,live,link,,
rediceuncensored,whiterabbitradio,1,live,link,,
rockhate,at2023,1,live,link,,
rockhate,balaclavagraphics,1,live,link,,
rockhate,derdritteweganhalt,1,live,link,,
rockhate,derhoffn,1,live,link,,
rockhate,dimrecords,1,live,link,,
rockhate,dn2013,1,live,link,,
rockhate,dresden_gedenken,1,live,link,,
rockhate,eichsfeldrevolte,1,live,link,,
rockhate,freilichfrei,1,live,link,,
rockhate,frontmusik,1,live,link,,
rockhate,fuerstenbund,1,live,link,,
rockhate,heureka_musik,1,live,link,,
rockhate,kampfgeist_clothing,1,live,link,,
rockhate,lauscremernrw,1,live,link,,
rockhate,mortuary_de,1,live,link,,
rockhate,notwehr_die_band,1,live,link,,
rockhate,oidoxie_offiziell,1,live,link,,
rockhate,pcrecords,1,live,link,,
rockhate,rebelrecordscb,1,live,link,,
rockhate,sicherheitshinweise,1,live,link,,
rockhate,sleipnir_offiziell,1,live,link,,
rockhate,spreegeschwader,1,live,link,,
rockhate,turmzeichen,1,live,link,,
rockhate,weichreitekanal,1,live,link,,
rockhate,x_phoenixrising_x,1,live,link,,
rossmueller,antizeitgeist,1,live,link,,
rossmueller,cig_telegram,1,live,link,,
rossmueller,danerikssonse,1,live,link,,
rossmueller,daniel_lachmann,1,live,link,,
rossmueller,der_nordmann_kanal,1,live,link,,
rossmueller,deutschestimmemagazin,1,live,link,,
rossmueller,evahermanoffiziell,1,live,link,,
rossmueller,evavlaardingerbroek,1,live,link,,
rossmueller,geopolitics,1,live,link,,
rossmueller,hartungstefan,1,live,link,,
rossmueller,interaktionsforum_vorarlberg,1,live,link,,
rossmueller,isclosetv,1,live,link,,
rossmueller,kartenaufdeckung,1,live,link,,
rossmueller,kommunalfin,1,live,link,,
rossmueller,martinsellnerib,1,live,link,,
rossmueller,offensiv_info,1,live,link,,
rossmueller,peterschreiber,1,live,link,,
rossmueller,rediceuncensored,1,live,link,,
rossmueller,rian_de,1,live,link,,
rossmueller,rian_ru,1,live,link,,
rossmueller,turmzeichen,1,live,link,,
rossmueller,unitynewsnetwork,1,live,link,,
rossmueller,unzensiert,1,live,link,,
rossmueller,unzensiert_infoseite,1,live,link,,
rossmueller,unzensiertv2,1,live,link,,
rossmueller_dissident,cig_telegram,1,live,link,,
rossmueller_dissident,eurosiberia1,1,live,link,,
rossmueller_dissident,geopolitics,1,live,link,,
rossmueller_dissident,informationliberation,1,live,link,,
rossmueller_dissident,justinbarrett,1,live,link,,
rossmueller_dissident,lauratowler,1,live,link,,
rossmueller_dissident,mtodaynews,1,live,link,,
rossmueller_dissident,realblaircottrell,1,live,link,,
rossmueller_dissident,rossmueller,1,live,link,,
rossmueller_dissident,samyorkshire,1,live,link,,
rossmueller_dissident,the_woodlander,1,live,link,,
rossmueller_dissident,worthfightingfor_telegram,1,live,link,,
rossmueller_dissident,youthfront,1,live,link,,
rossmueller_dissident,zeeemedia,1,live,link,,
samyorkshire,cultures_of_resistance,1,live,link,,
samyorkshire,ddgeopolitics,1,live,link,,
samyorkshire,es_of_resistance,1,live,link,,
samyorkshire,galileos_tongue,1,live,link,,
samyorkshire,inf0link,1,live,link,,
samyorkshire,joeldavisx,1,live,link,,
samyorkshire,justicereport,1,live,link,,
samyorkshire,levigodman,1,live,link,,
samyorkshire,memecannons88,1,live,link,,
samyorkshire,modernpolitics,1,live,link,,
samyorkshire,nationaljusticeparty,1,live,link,,
samyorkshire,nativistconcern,1,live,link,,
samyorkshire,nattylightnat,1,live,link,,
samyorkshire,noticernews,1,live,link,,
samyorkshire,offgridiireland,1,live,link,,
samyorkshire,opolitics,1,live,link,,
samyorkshire,poleconnect,1,live,link,,
samyorkshire,pox_populi,1,live,link,,
samyorkshire,realsammelia,1,live,link,,
samyorkshire,rediceuncensored,1,live,link,,
samyorkshire,saintharrison,1,live,link,,
samyorkshire,the_national_times,1,live,link,,
samyorkshire,the_woodlander_initiative,1,live,link,,
samyorkshire,thewhite_butterfly,1,live,link,,
samyorkshire,triggereveryone,1,live,link,,
samyorkshire,warstrike1,1,live,link,,
samyorkshire,whiterabbitradio,1,live,link,,
samyorkshire,wolfshieldfilms,1,live,link,,
schmidtkeswelt,benediktkaiser,1,live,link,,
schmidtkeswelt,chaelbrueck90,1,live,link,,
schmidtkeswelt,clownswelt,1,live,link,,
schmidtkeswelt,compactmagazin,1,live,link,,
schmidtkeswelt,dekurier,1,live,link,,
schmidtkeswelt,derdritteblickwinkel,1,live,link,,
schmidtkeswelt,dertagesspiegel,1,live,link,,
schmidtkeswelt,dresden_gedenken,1,live,link,,
schmidtkeswelt,eingollan,1,live,link,,
schmidtkeswelt,freilichmagazin,1,live,link,,
schmidtkeswelt,hakong,1,live,link,,
schmidtkeswelt,hermannsland,1,live,link,,
schmidtkeswelt,herrenzimmer,1,live,link,,
schmidtkeswelt,hydracomicsdd,1,live,link,,
schmidtkeswelt,irfan_peci,1,live,link,,
schmidtkeswelt,keinjournalist,1,live,link,,
schmidtkeswelt,maik_bunzel,1,live,link,,
schmidtkeswelt,mayrhofer_raphael,1,live,link,,
schmidtkeswelt,michaelbrueck90,1,live,link,,
schmidtkeswelt,nach_vorn,1,live,link,,
schmidtkeswelt,oposrecords,1,live,link,,
schmidtkeswelt,politikmitkopf,1,live,link,,
schmidtkeswelt,schwarz,1,live,link,,
schmidtkeswelt,sebastianschmidtke,1,live,link,,
schmidtkeswelt,seitenwechsel,1,live,link,,
schmidtkeswelt,sturmzeichen,1,live,link,,
schmidtkeswelt,urmzeichen,1,live,link,,
schmierfink_streetart,derdrittewegerfurtgotha,1,live,link,,
schmierfink_streetart,deriiiwegmittelsachsen,1,live,link,,
schmierfink_streetart,materialvertrieb,1,live,link,,
schreiberklagtan,arcus_fuchs,1,live,link,,
schreiberklagtan,aufgewachtonline,1,live,link,,
schreiberklagtan,balaclavagraphics,1,live,link,,
schreiberklagtan,deutschestimmemagazin,1,live,link,,
schreiberklagtan,espraeche,1,live,link,,
schreiberklagtan,freiesschsen,1,live,link,,
schreiberklagtan,qd351,1,live,link,,
schreiberklagtan,raeche,1,live,link,,
schreiberklagtan,sicherheitshinweise,1,live,link,,
schwarzekreuze,aktionschwarzekreuze,1,live,link,,
schwarzekreuze,joinchat,1,live,link,,
schwarzekreuze,rechtundwahrheit,1,live,link,,
schwarzekreuze,warzekreuze,1,live,link,,
senderfreiessachsen,alexwallasch,1,live,link,,
senderfreiessachsen,beitragsblocker,1,live,link,,
senderfreiessachsen,chemnitz_er,1,live,link,,
senderfreiessachsen,chemnitzstehtauf,1,live,link,,
senderfreiessachsen,dracolignea,1,live,link,,
senderfreiessachsen,freie_erzgebirger,1,live,link,,
senderfreiessachsen,freie_mittelsachsen,1,live,link,,
senderfreiessachsen,freiheitskanzlei,1,live,link,,
senderfreiessachsen,handballverein_gruena,1,live,link,,
senderfreiessachsen,iavyc2srfdy1ogy6,1,live,link,,
senderfreiessachsen,kampf_fuer_unsere_zukunft,1,live,link,,
senderfreiessachsen,kenjebsen_backup,1,live,link,,
senderfreiessachsen,klartextbaum,1,live,link,,
senderfreiessachsen,ktvvuh,1,live,link,,
senderfreiessachsen,lsauf,1,live,link,,
senderfreiessachsen,lutherleaks,1,live,link,,
senderfreiessachsen,martinkohlmann,1,live,link,,
senderfreiessachsen,naive_malerei,1,live,link,,
senderfreiessachsen,oberelbe,1,live,link,,
senderfreiessachsen,penigstehtauf,1,live,link,,
senderfreiessachsen,peterschreiber,1,live,link,,
senderfreiessachsen,rundfunkalarm,1,live,link,,
senderfreiessachsen,soldaten_reservisten,1,live,link,,
senderfreiessachsen,striegistalerwiesenei,1,live,link,,
senderfreiessachsen,zentrum_chemnitz,1,live,link,,
sicherheitshinweise,artgemeinschaft,1,live,link,,
sicherheitshinweise,artikel5,1,live,link,,
sicherheitshinweise,aufbruch1996,1,live,link,,
sicherheitshinweise,balaclavagraphics,1,live,link,,
sicherheitshinweise,basiertekunst,1,live,link,,
sicherheitshinweise,derdritteweg,1,live,link,,
sicherheitshinweise,derdrittewegfranken,1,live,link,,
sicherheitshinweise,eutschedd,1,live,link,,
sicherheitshinweise,freemarlasvenja,1,live,link,,
sicherheitshinweise,grapheneos,1,live,link,,
sicherheitshinweise,icherheitshinweise,1,live,link,,
sicherheitshinweise,inbewegung2020,1,live,link,,
sicherheitshinweise,infrarotsichtinsdunkel,1,live,link,,
sicherheitshinweise,insvenswelt,1,live,link,,
sicherheitshinweise,leben_ist_kampf,1,live,link,,
sicherheitshinweise,makssdamage,1,live,link,,
sicherheitshinweise,militaernews,1,live,link,,
sicherheitshinweise,odessa1995,1,live,link,,
sicherheitshinweise,romangeorgeorwell1984,1,live,link,,
sicherheitshinweise,sfndiskussion,1,live,link,,
sicherheitshinweise,sfnorg,1,live,link,,
sicherheitshinweise,systemfic_ersupport,1,live,link,,
stefantrautmanndl,imatsachsen,1,live,link,,
stefantrautmanndl,ittelsachsen,1,live,link,,
stefantrautmanndl,leisnig,1,live,link,,
stefantrautmanndl,wirpackenan,1,live,link,,
stimme_der_wahrheit,ah_8911,1,live,link,,
stimme_der_wahrheit,barbarossa_smgi,1,live,link,,
stimme_der_wahrheit,brdsklave,1,live,link,,
stimme_der_wahrheit,cbwschat,1,live,link,,
stimme_der_wahrheit,coronaquerfront,1,live,link,,
stimme_der_wahrheit,das_erbe_der_ahnen,1,live,link,,
stimme_der_wahrheit,derschelm_neu,1,live,link,,
stimme_der_wahrheit,deutsche_edits,1,live,link,,
stimme_der_wahrheit,deutschoesterreich3,1,live,link,,
stimme_der_wahrheit,dresden_gedenken,1,live,link,,
stimme_der_wahrheit,ein_prozent,1,live,link,,
stimme_der_wahrheit,einfaehnlein,1,live,link,,
stimme_der_wahrheit,elixbaumhaus,1,live,link,,
stimme_der_wahrheit,ema_offiziell,1,live,link,,
stimme_der_wahrheit,erwachen8814,1,live,link,,
stimme_der_wahrheit,feuerderwahrheitt,1,live,link,,
stimme_der_wahrheit,fgnews07,1,live,link,,
stimme_der_wahrheit,forbiddenhistory18,1,live,link,,
stimme_der_wahrheit,frankkoestler,1,live,link,,
stimme_der_wahrheit,freienationalistennord,1,live,link,,
stimme_der_wahrheit,ftaol1,1,live,link,,
stimme_der_wahrheit,haensel_und_braetel,1,live,link,,
stimme_der_wahrheit,hdk_telegram,1,live,link,,
stimme_der_wahrheit,henryhafenmayer,1,live,link,,
stimme_der_wahrheit,isabelperaltaoficial,1,live,link,,
stimme_der_wahrheit,ivmedianational,1,live,link,,
stimme_der_wahrheit,joachimpeiper0,1,live,link,,
stimme_der_wahrheit,katzenkitten,1,live,link,,
stimme_der_wahrheit,mjoelnir14blog,1,live,link,,
stimme_der_wahrheit,mzwnews,1,live,link,,
stimme_der_wahrheit,nachrichtenportal,1,live,link,,
stimme_der_wahrheit,penzberger_traumnacht,1,live,link,,
stimme_der_wahrheit,pockenaffen,1,live,link,,
stimme_der_wahrheit,ringodomingo,1,live,link,,
stimme_der_wahrheit,rothschildbankingfamily,1,live,link,,
stimme_der_wahrheit,rstilzchen,1,live,link,,
stimme_der_wahrheit,stimme_der_freiheit,1,live,link,,
stimme_der_wahrheit,turmzeichen,1,live,link,,
stimme_der_wahrheit,unsichtbarelegion,1,live,link,,
stimme_der_wahrheit,urmzeichen,1,live,link,,
stimme_der_wahrheit,verbotene_historie,1,live,link,,
stimme_der_wahrheit,walendy,1,live,link,,
stimme_der_wahrheit,werkannsehen,1,live,link,,
stimme_der_wahrheit,zensiert111,1,live,link,,
sturmzeichen,appell_jn,1,live,link,,
sturmzeichen,at2023,1,live,link,,
sturmzeichen,auf1tv,1,live,link,,
sturmzeichen,aufgewachtonline,1,live,link,,
sturmzeichen,braunschweigverteidigen,1,live,link,,
sturmzeichen,derappell,1,live,link,,
sturmzeichen,deutscheswarenhaus,1,live,link,,
sturmzeichen,dimrecords,1,live,link,,
sturmzeichen,dresden_gedenken,1,live,link,,
sturmzeichen,eichen,1,live,link,,
sturmzeichen,eichsfeldrevolte,1,live,link,,
sturmzeichen,eutschedd,1,live,link,,
sturmzeichen,generationd_nrw,1,live,link,,
sturmzeichen,genticus,1,live,link,,
sturmzeichen,horizont_telegram,1,live,link,,
sturmzeichen,leisnig,1,live,link,,
sturmzeichen,martinsellnerib,1,live,link,,
sturmzeichen,mayrhofer_raphael,1,live,link,,
sturmzeichen,solpatpodcasts,1,live,link,,
sturmzeichen,sub_version_production,1,live,link,,
sturmzeichen,weichreitekanal,1,live,link,,
tanzfilmvorhaben,gavagai0,1,live,link,,
tanzfilmvorhaben,reigenfroh,1,live,link,,
the_woodlander,distributist,1,live,link,,
the_woodlander,galileos_tongue,1,live,link,,
the_woodlander,grandtorinox,1,live,link,,
the_woodlander,jeremymackenziex,1,live,link,,
the_woodlander,jfgariepy,1,live,link,,
the_woodlander,lauratowler,1,live,link,,
the_woodlander,lawyersoflight,1,live,link,,
the_woodlander,millennialwoes,1,live,link,,
the_woodlander,oldstirlingchannel,1,live,link,,
the_woodlander,pox_populi,1,live,link,,
the_woodlander,radicaldose,1,live,link,,
the_woodlander,realdavereilly,1,live,link,,
the_woodlander,realwelshnationalist,1,live,link,,
the_woodlander,redcrimsonart,1,live,link,,
the_woodlander,rediceuncensored,1,live,link,,
the_woodlander,returntothelandozarks,1,live,link,,
the_woodlander,royal_endeavour,1,live,link,,
the_woodlander,southafricareports,1,live,link,,
the_woodlander,strangerfield,1,live,link,,
the_woodlander,the_course_of_empire,1,live,link,,
the_woodlander,theaureuspress,1,live,link,,
the_woodlander,theendofeverything1,1,live,link,,
the_woodlander,theivorssondilemma,1,live,link,,
the_woodlander,theoutlawsrest,1,live,link,,
the_woodlander,therealbjornandreasbullhansen,1,live,link,,
the_woodlander,thewoodlanderchat,1,live,link,,
the_woodlander,traditionalbritaingroup,1,live,link,,
the_woodlander,tweedsupreme,1,live,link,,
the_woodlander,zrchwv3d,1,live,link,,
theresia_brand,balaclavagraphics,1,live,link,,
theresia_brand,dn2013,1,live,link,,
theresia_brand,dresden_gedenken,1,live,link,,
theresia_brand,frontmusik,1,live,link,,
theresia_brand,gefangenenhilfe,1,live,link,,
theresia_brand,heresia_brand,1,live,link,,
theresia_brand,kanal_resolut,1,live,link,,
theresia_brand,nordglanz_1488,1,live,link,,
theresia_brand,rechtskampf,1,live,link,,
theresia_brand,schmidtkeswelt,1,live,link,,
theresia_brand,sicherheitshinweise,1,live,link,,
unetenucleonacional,ivanlarana,1,live,link,,
unitynewsnetwork,danhitch0,1,live,link,,
unvergessenehelden,dresden_gedenken,1,live,link,,
unvergessenehelden,einfaehnlein,1,live,link,,
unvergessenehelden,frmawa,1,live,link,,
waldheimspaziertgegendieampel,carolinbachmann,1,live,link,,
waldheimspaziertgegendieampel,dieframinggmbh,1,live,link,,
waldheimspaziertgegendieampel,freiesachsen_leisnig,1,live,link,,
waldheimspaziertgegendieampel,kenjebsen,1,live,link,,
waldheimspaziertgegendieampel,kenjebsen_backup,1,live,link,,
waldheimspaziertgegendieampel,kulturstudio,1,live,link,,
waldheimspaziertgegendieampel,leisnig,1,live,link,,
waldheimspaziertgegendieampel,marc_friedrich,1,live,link,,
waldheimspaziertgegendieampel,tghelpdesk,1,live,link,,
waldheimspaziertgegendieampel,tomlausen,1,live,link,,
weichreitekanal,bewegunghalle,1,live,link,,
weichreitekanal,dannys,1,live,link,,
weichreitekanal,wasdiemediennichtzeigen,1,live,link,,
widerstandinaktion,appell_jn,1,live,link,,
widerstandinaktion,derappell,1,live,link,,
widerstandinaktion,dieheimat,1,live,link,,
widerstandinaktion,eie_mittelsachsen,1,live,link,,
widerstandinaktion,elblandrevolte,1,live,link,,
widerstandinaktion,gefangenenhilfe,1,live,link,,
widerstandinaktion,heimatsachsenanhalt,1,live,link,,
widerstandinaktion,hueterderirminsul,1,live,link,,
widerstandinaktion,jahnatal,1,live,link,,
widerstandinaktion,jn_sachsen_anhalt,1,live,link,,
widerstandinaktion,jn_voran,1,live,link,,
widerstandinaktion,leisnig,1,live,link,,
widerstandinaktion,lukreta,1,live,link,,
widerstandinaktion,schmidtkeswelt,1,live,link,,
widerstandinaktion,sicherheitshinweise,1,live,link,,
widerstandinaktion,v_isionaer,1,live,link,,
widerstandinaktion,waldfriedhof_halbe,1,live,link,,
wie_gesagt,ie_gesagt,1,live,link,,
wilhelmkachel,aktion451,1,live,link,,
wilhelmkachel,alex_malenki,1,live,link,,
wilhelmkachel,krautzone,1,live,link,,
wilhelmkachel,netteaufklebereinsendungenbot,1,live,link,,
wilhelmkachel,tannwaldmedia,1,live,link,,
wolfpmsoffiziell,activeclubfrance,1,live,link,,
wolfpmsoffiziell,afd_brandenburg,1,live,link,,
wolfpmsoffiziell,benediktkaiser,1,live,link,,
wolfpmsoffiziell,idearium_debattennetzwerk,1,live,link,,
wolfpmsoffiziell,imbolcslicht,1,live,link,,
wolfpmsoffiziell,info_direkt,1,live,link,,
wolfpmsoffiziell,joinhomeland,1,live,link,,
wolfpmsoffiziell,juergenpohlafd,1,live,link,,
wolfpmsoffiziell,jungeuropa,1,live,link,,
wolfpmsoffiziell,lacagoule1938,1,live,link,,
wolfpmsoffiziell,lacagoule85,1,live,link,,
wolfpmsoffiziell,phalanxeuropa,1,live,link,,
wolfpmsoffiziell,tagesstimme,1,live,link,,
wolfpmsoffiziell,zittaumitzukunft,1,live,link,,
wwbrex,ac_b_w,1,live,link,,
wwbrex,batavica,1,live,link,,
wwbrex,blklgnwear,1,live,link,,
wwbrex,dn2013,1,live,link,,
wwbrex,dorsachse2025,1,live,link,,
wwbrex,dresden_gedenken,1,live,link,,
wwbrex,ein_prozent,1,live,link,,
wwbrex,freiesachsen,1,live,link,,
wwbrex,funfunfunbyich,1,live,link,,
wwbrex,goactiveclubsuedharz,1,live,link,,
wwbrex,immerundewig,1,live,link,,
wwbrex,jacobwhit3,1,live,link,,
wwbrex,jokartsarea,1,live,link,,
wwbrex,kevingiuliani,1,live,link,,
wwbrex,kombaat_nonkonformist_rap,1,live,link,,
wwbrex,lacklegionw,1,live,link,,
wwbrex,nekogramx,1,live,link,,
wwbrex,odessa1995,1,live,link,,
wwbrex,politischsarkastischlustig,1,live,link,,
wwbrex,sicherheitshinweise,1,live,link,,
wwbrex,stereotyp_band,1,live,link,,
wwbrex,sub_version_production,1,live,link,,
wwbrex,tagderarbeit,1,live,link,,
wwbrex,tinnitus_records,1,live,link,,
wwbrex,tommyfrenck,1,live,link,,
wwbrex,trasnotreds2,1,live,link,,
wwbrex,troiestiefelz,1,live,link,,
wwbrex,ubermensch_offiziell,1,live,link,,
youthfront,activeclubhellas,1,live,link,,
youthfront,avanguardia_torino,1,live,link,,
youthfront,bourgognenationaliste,1,live,link,,
youthfront,brotherhood_of_academists,1,live,link,,
youthfront,club451,1,live,link,,
youthfront,endartish,1,live,link,,
youthfront,jeunenation2,1,live,link,,
youthfront,komitet212,1,live,link,,
youthfront,mouvementnation,1,live,link,,
youthfront,narodnapatrola,1,live,link,,
youthfront,nrwav3,1,live,link,,
youthfront,we_are_fbr,1,live,link,,
zukunfthbs,aufdecker1230,1,live,link,,
zukunfthbs,cortezity,1,live,link,,
zukunfthbs,schmidtkeswelt,1,live,link,,